partido_id,temporada,jornada_num,local,visitante,h_win_rate_global,h_win_rate_last5,h_win_rate_home,h_win_rate_away,h_pts_fav_exp,h_pts_con_exp,h_set_win_rate,h_set_diff_exp,h_forma_home,h_forma_away,h_ultimo_set_diff,h_racha,h_n_partidos_hist,h_h2h_set_diff_exp,h_h2h_win_rate,a_win_rate_global,a_win_rate_last5,a_win_rate_home,a_win_rate_away,a_pts_fav_exp,a_pts_con_exp,a_set_win_rate,a_set_diff_exp,a_forma_home,a_forma_away,a_ultimo_set_diff,a_racha,a_n_partidos_hist,a_h2h_set_diff_exp,a_h2h_win_rate,diff_win_rate_global,diff_win_rate_last5,diff_set_win_rate,diff_set_diff_exp,diff_pts_fav_exp,diff_pts_con_exp,diff_racha,diff_ultimo_set_diff,diff_rank_season,diff_forma_efectiva,h_descanso,a_descanso,diff_descanso,h_rank_season,a_rank_season,gana_local
2016/2017_Centr_Pool _1Round,2016/2017,1.0,Brescia,Cantù,0.5,0.5,0.5,0.5,3.4986,3.4986,0.5,0.0,0.5,0.5,0,0,0,0.0,0.5,0.5,0.5,0.5,0.5,3.4986,3.4986,0.5,0.0,0.5,0.5,0,0,0,0.0,0.5,0.0,0.0,0.0,0.0,0.0,0.0,0,0,0,0.0,7.0,7.0,0.0,1,1,1
2016/2017_Gi Gr_Lube_1Round,2016/2017,1.0,Monza,Lube,0.5,0.5,0.5,0.5,3.4986,3.4986,0.5,0.0,0.5,0.5,0,0,0,-2.055,0.3889,0.5,0.5,0.5,0.5,3.4986,3.4986,0.5,0.0,0.5,0.5,0,0,0,1.157,0.6111,0.0,0.0,0.0,0.0,0.0,0.0,0,0,0,0.0,7.0,7.0,0.0,2,2,0
2016/2017_Azimu_Milan_2Round,2016/2017,2.0,",,",Milano,0.5,0.5,0.5,0.5,3.4986,3.4986,0.5,0.0,0.5,0.5,0,0,0,0.0,0.5,0.5,0.5,0.5,0.5,3.4986,3.4986,0.5,0.0,0.5,0.5,0,0,0,0.0,0.5,0.0,0.0,0.0,0.0,0.0,0.0,0,0,0,0.0,7.0,7.0,0.0,3,3,0
2016/2017_Basi _Emma _2Round,2016/2017,2.0,Lagonegro,Siena,0.5,0.5,0.5,0.5,3.4986,3.4986,0.5,0.0,0.5,0.5,0,0,0,0.0,0.5,0.5,0.5,0.5,0.5,3.4986,3.4986,0.5,0.0,0.5,0.5,0,0,0,0.0,0.5,0.0,0.0,0.0,0.0,0.0,0.0,0,0,0,0.0,7.0,7.0,0.0,4,4,0
2016/2017_Kioen_Sir S_2Round,2016/2017,2.0,Padova,Perugia,0.5,0.5,0.5,0.5,3.4986,3.4986,0.5,0.0,0.5,0.5,0,0,0,-2.853,0.2778,0.5,0.5,0.5,0.5,3.4986,3.4986,0.5,0.0,0.5,0.5,0,0,0,2.7,0.7222,0.0,0.0,0.0,0.0,0.0,0.0,0,0,0,0.0,7.0,7.0,0.0,5,5,0
2016/2017_Diate_Kioen_3Round,2016/2017,3.0,Trento,Padova,0.5,0.5,0.5,0.5,3.4986,3.4986,0.5,0.0,0.5,0.5,0,0,0,3.0,0.7222,0.4545,0.4545,0.4545,0.5,3.5442,3.5442,0.5,0.0,0.4545,0.5,0,-1,1,-3.0,0.2778,0.045499999999999985,0.045499999999999985,0.0,0.0,-0.04559999999999986,-0.04559999999999986,1,0,0,0.0,7.0,1.0,6.0,6,6,1
2016/2017_Gi Gr_Milan_3Round,2016/2017,3.0,Monza,Milano,0.4545,0.4545,0.4545,0.5,3.4533,3.4533,0.5,0.0,0.4545,0.5,0,-1,1,-0.782,0.5,0.5455,0.5455,0.5,0.5455,3.6351,3.5442,0.5051,0.0909,0.5,0.5455,1,1,1,-0.229,0.5,-0.09099999999999997,-0.09099999999999997,-0.005099999999999993,-0.0909,-0.18179999999999996,-0.09089999999999998,-2,-1,-6,-0.09099999999999997,2.0,1.0,1.0,7,1,0
2016/2017_Azimu_Kioen_4Round,2016/2017,4.0,Modena,Padova,0.5,0.5,0.5,0.5,3.4986,3.4986,0.5,0.0,0.5,0.5,0,0,0,2.49,0.7222,0.4167,0.4167,0.4545,0.4545,3.5822,3.6322,0.4951,-0.05,0.4545,0.4545,-1,-2,2,-2.51,0.2778,0.08329999999999999,0.08329999999999999,0.0049000000000000155,0.05,-0.08359999999999967,-0.13359999999999994,2,1,0,0.045499999999999985,7.0,1.0,6.0,7,7,0
2016/2017_Basi _Pool _4Round,2016/2017,4.0,Lagonegro,Cantù,0.4545,0.4545,0.4545,0.5,3.4533,3.4533,0.5,0.0,0.4545,0.5,0,-1,1,0.0,0.5,0.4545,0.4545,0.5,0.4545,3.4533,3.726,0.4848,-0.2727,0.5,0.4545,-3,-1,1,0.0,0.5,0.0,0.0,0.015199999999999991,0.2727,0.0,-0.27269999999999994,0,3,0,0.0,2.0,3.0,-1.0,8,8,0
2016/2017_Basi _Sigma_4Round,2016/2017,4.0,Lagonegro,Aversa,0.4167,0.4167,0.4167,0.5,3.4655,3.4655,0.5,0.0,0.4167,0.5,0,-2,2,0.0,0.5,0.5,0.5,0.5,0.5,3.4986,3.4986,0.5,0.0,0.5,0.5,0,0,0,0.0,0.5,-0.08329999999999999,-0.08329999999999999,0.0,0.0,-0.03310000000000013,-0.03310000000000013,-2,0,0,-0.08329999999999999,0.0,7.0,-7.0,9,9,0
2016/2017_Gi Gr_Veron_4Round,2016/2017,4.0,Monza,Verona,0.4167,0.4167,0.4167,0.5,3.4155,3.4155,0.5,0.0,0.4167,0.5,0,-2,2,-0.732,0.3889,0.5,0.5,0.5,0.5,3.4986,3.4986,0.5,0.0,0.5,0.5,0,0,0,1.397,0.6111,-0.08329999999999999,-0.08329999999999999,0.0,0.0,-0.08309999999999995,-0.08309999999999995,-2,0,0,-0.08329999999999999,1.0,7.0,-6.0,10,10,0
2016/2017_Basi _Centr_5Round,2016/2017,5.0,Lagonegro,Brescia,0.3846,0.3846,0.3846,0.5,3.432,3.6397,0.4849,-0.2077,0.3846,0.5,-3,-3,3,0.0,0.5,0.5455,0.5455,0.5455,0.5,3.726,3.4533,0.5152,0.2727,0.5455,0.5,3,1,1,0.0,0.5,-0.1609,-0.1609,-0.030299999999999994,-0.4804,-0.29400000000000004,0.1863999999999999,-4,-6,-9,-0.1154,1.0,4.0,-3.0,11,2,1
2016/2017_Lube_Milan_5Round,2016/2017,5.0,Lube,Milano,0.5455,0.5455,0.5,0.5455,3.4533,3.4533,0.5,0.0,0.5,0.5455,0,1,1,0.786,0.6111,0.5833,0.5833,0.5,0.5833,3.6488,3.5322,0.5056,0.1167,0.5,0.5833,0,2,2,-0.979,0.3889,-0.037800000000000056,-0.037800000000000056,-0.005600000000000049,-0.1167,-0.1955,-0.07889999999999997,-1,0,-1,-0.08330000000000004,4.0,2.0,2.0,2,1,0
2016/2017_Diate_Sir S_6Round,2016/2017,6.0,Trento,Perugia,0.5455,0.5455,0.5455,0.5,3.6351,3.5442,0.5051,0.0909,0.5455,0.5,1,1,1,-0.572,0.5,0.5455,0.5455,0.5,0.5455,3.5442,3.5442,0.5,0.0,0.5,0.5455,0,1,1,-0.572,0.5,0.0,0.0,0.005099999999999993,0.0909,0.09089999999999998,0.0,0,1,0,0.0,3.0,4.0,-1.0,2,2,1
2016/2017_Kioen_Lube_6Round,2016/2017,6.0,Padova,Lube,0.4615,0.4615,0.4545,0.5,3.5451,3.5935,0.495,-0.0485,0.4545,0.5,0,1,3,-2.412,0.3889,0.5,0.5,0.4545,0.5455,3.4155,3.4155,0.5,0.0,0.4545,0.5455,0,-1,2,1.8,0.6111,-0.03849999999999998,-0.03849999999999998,-0.0050000000000000044,-0.0485,0.12959999999999994,0.17799999999999994,2,0,0,-0.09099999999999997,2.0,1.0,1.0,3,3,0
2016/2017_Azimu_Sir S_7Round,2016/2017,7.0,Modena,Perugia,0.4545,0.4545,0.4545,0.5,3.4533,3.4533,0.5,0.0,0.4545,0.5,0,-1,1,-2.21,0.2778,0.5,0.5,0.5,0.5,3.4322,3.6822,0.4722,-0.25,0.5,0.5,-5,-1,2,2.343,0.7222,-0.045499999999999985,-0.045499999999999985,0.02779999999999999,0.25,0.02110000000000012,-0.22889999999999988,0,5,-8,-0.045499999999999985,3.0,1.0,2.0,12,4,0
2016/2017_Gi Gr_Kioen_7Round,2016/2017,7.0,Monza,Padova,0.3846,0.3846,0.3846,0.5,3.3835,3.522,0.4885,-0.1385,0.3846,0.5,-2,-3,3,1.594,0.7222,0.4286,0.4286,0.4167,0.5,3.5819,3.7096,0.4911,-0.1277,0.4167,0.5,-1,-1,4,-1.747,0.2778,-0.043999999999999984,-0.043999999999999984,-0.002599999999999991,-0.010800000000000004,-0.1983999999999999,-0.1876000000000002,-2,-1,-7,-0.1154,3.0,1.0,2.0,12,5,1
2016/2017_Milan_Veron_7Round,2016/2017,7.0,Milano,Verona,0.6154,0.6154,0.5,0.6154,3.6097,3.4966,0.5055,0.1131,0.5,0.6154,0,3,3,-1.075,0.3889,0.5455,0.5455,0.5,0.5455,3.6351,3.4533,0.5114,0.1818,0.5,0.5455,2,1,1,1.607,0.6111,0.06989999999999996,0.06989999999999996,-0.005900000000000016,-0.06869999999999998,-0.025399999999999867,0.043299999999999894,2,-2,4,-0.045499999999999985,2.0,3.0,-1.0,1,5,0
2016/2017_Azimu_Veron_8Round,2016/2017,8.0,Modena,Verona,0.4167,0.4167,0.4167,0.5,3.4655,3.5155,0.4944,-0.05,0.4167,0.5,-1,-2,2,2.0,0.7222,0.5833,0.5833,0.5,0.5833,3.6988,3.4155,0.5167,0.2833,0.5,0.5833,1,2,2,-2.0,0.2778,-0.16660000000000003,-0.16660000000000003,-0.022300000000000042,-0.3333,-0.23329999999999984,0.09999999999999964,-4,-2,-11,-0.16660000000000003,1.0,1.0,0.0,13,2,1
2016/2017_Diate_Milan_8Round,2016/2017,8.0,Trento,Milano,0.5833,0.5833,0.5833,0.5,3.7988,3.4322,0.5312,0.3667,0.5833,0.5,5,2,2,1.74,0.6111,0.5714,0.5714,0.4545,0.6154,3.5521,3.5399,0.5,0.0123,0.4545,0.6154,-1,-1,4,-0.942,0.3889,0.011900000000000022,0.011900000000000022,0.031200000000000006,0.35440000000000005,0.24670000000000014,-0.1076999999999999,3,6,-1,-0.032099999999999906,2.0,1.0,1.0,2,1,0
2016/2017_Lube_Sir S_8Round,2016/2017,8.0,Lube,Perugia,0.5385,0.5385,0.4545,0.5833,3.522,3.4528,0.5055,0.0692,0.4545,0.5833,1,1,3,-0.727,0.3889,0.5385,0.5385,0.5,0.5385,3.5382,3.7112,0.4808,-0.1731,0.5,0.5385,1,1,3,0.614,0.6111,0.0,0.0,0.024699999999999944,0.24230000000000002,-0.016199999999999992,-0.25839999999999996,0,0,0,-0.08399999999999996,2.0,1.0,1.0,2,2,0
2016/2017_Azimu_Gi Gr_9Round,2016/2017,9.0,Modena,Monza,0.4615,0.4615,0.4615,0.5,3.6397,3.2728,0.5275,0.3669,0.4615,0.5,6,1,3,-1.565,0.3889,0.4286,0.4286,0.4286,0.5,3.6133,3.3047,0.5159,0.3086,0.4286,0.5,5,1,4,0.647,0.6111,0.03290000000000004,0.03290000000000004,0.011599999999999944,0.05830000000000002,0.026399999999999757,-0.03189999999999982,0,1,0,-0.03849999999999998,1.0,2.0,-1.0,6,6,0
2016/2017_Diate_Veron_9Round,2016/2017,9.0,Trento,Verona,0.5385,0.5385,0.5385,0.5,3.7551,3.3997,0.5315,0.3554,0.5385,0.5,0,-1,3,-1.566,0.3889,0.5385,0.5385,0.5,0.5385,3.4505,3.5912,0.4835,-0.1408,0.5,0.5385,-6,-1,3,0.881,0.6111,0.0,0.0,0.04799999999999999,0.4962,0.3046000000000002,-0.1915,0,6,0,0.0,1.0,1.0,0.0,3,3,0
2016/2017_Emma _Sigma_9Round,2016/2017,9.0,Siena,Aversa,0.5455,0.5455,0.5,0.5455,3.4533,3.4533,0.5,0.0,0.5,0.5455,0,1,1,0.0,0.5,0.5455,0.5455,0.5,0.5455,3.726,3.4533,0.5152,0.2727,0.5,0.5455,3,1,1,0.0,0.5,0.0,0.0,-0.015199999999999991,-0.2727,-0.27269999999999994,0.0,0,-3,0,-0.045499999999999985,7.0,5.0,2.0,7,7,0
2016/2017_Kioen_Milan_9Round,2016/2017,9.0,Padova,Milano,0.4,0.4,0.4167,0.4615,3.3167,3.921,0.4701,-0.6043,0.4167,0.4615,-5,-2,5,-1.51,0.2778,0.6,0.6,0.4545,0.6429,3.4925,3.4824,0.5,0.01,0.4545,0.6429,0,1,5,1.49,0.7222,-0.19999999999999996,-0.19999999999999996,-0.029899999999999982,-0.6143,-0.17580000000000018,0.43859999999999966,-3,-5,-7,-0.2262,2.0,1.0,1.0,8,1,1
2016/2017_Diate_Lube_10Round,2016/2017,10.0,Trento,Lube,0.5,0.5,0.5,0.5,3.6781,3.3701,0.5306,0.308,0.5,0.5,0,-2,4,0.093,0.5,0.5,0.5,0.4167,0.5833,3.5619,3.5876,0.5,-0.0257,0.4167,0.5833,-1,-1,4,0.093,0.5,0.0,0.0,0.03059999999999996,0.3337,0.11620000000000008,-0.21750000000000025,-1,1,0,-0.08330000000000004,1.0,2.0,-1.0,4,4,1
2016/2017_Gi Gr_Sir S_10Round,2016/2017,10.0,Monza,Perugia,0.4667,0.4667,0.4286,0.5455,3.8424,3.2904,0.5278,0.552,0.4286,0.5455,3,2,5,0.765,0.5,0.5714,0.5714,0.5,0.5714,3.6616,3.7259,0.487,-0.0643,0.5,0.5714,1,2,4,-0.765,0.5,-0.10470000000000002,-0.10470000000000002,0.04080000000000006,0.6163000000000001,0.18080000000000007,-0.4355000000000002,0,2,-3,-0.14280000000000004,1.0,2.0,-1.0,5,2,0
2016/2017_Azimu_Diate_11Round,2016/2017,11.0,Modena,Trento,0.4286,0.4286,0.4286,0.5,3.5781,3.5173,0.5095,0.0609,0.4286,0.5,-3,-1,4,-1.922,0.3889,0.5333,0.5333,0.5333,0.5,3.8954,3.1438,0.5524,0.7515,0.5333,0.5,5,1,5,1.29,0.6111,-0.10470000000000002,-0.10470000000000002,-0.04290000000000005,-0.6906,-0.3172999999999999,0.37349999999999994,-2,-8,-6,-0.07140000000000002,2.0,1.0,1.0,9,3,1
2016/2017_Lube_Veron_11Round,2016/2017,11.0,Lube,Verona,0.4667,0.4667,0.4167,0.5385,3.3004,3.8214,0.4775,-0.521,0.4167,0.5385,-5,-2,5,2.657,0.7222,0.5714,0.5714,0.5,0.5714,3.4141,3.5361,0.4841,-0.122,0.5,0.5714,0,1,4,-2.79,0.2778,-0.10470000000000002,-0.10470000000000002,-0.006599999999999995,-0.399,-0.11370000000000013,0.28530000000000033,-3,-5,-2,-0.1547,1.0,2.0,-1.0,5,3,1
2016/2017_Diate_Gi Gr_12Round,2016/2017,12.0,Trento,Monza,0.5,0.4667,0.5333,0.4545,3.6425,3.5006,0.5305,0.1418,0.5333,0.4545,-4,-1,6,1.474,0.6111,0.4375,0.4667,0.4,0.5455,3.7133,3.391,0.5218,0.3222,0.4,0.5455,-1,-1,6,-1.208,0.3889,0.0625,0.0,0.00869999999999993,-0.18039999999999998,-0.07079999999999975,0.10959999999999992,0,-3,3,-0.012199999999999989,1.0,2.0,-1.0,3,6,0
2016/2017_Sir S_Veron_12Round,2016/2017,12.0,Perugia,Verona,0.6,0.6,0.5,0.6,3.6818,3.6343,0.4917,0.0475,0.5,0.6,1,3,5,2.069,0.6111,0.5333,0.5333,0.5,0.5333,3.3798,3.6794,0.4762,-0.2996,0.5,0.5333,-2,-1,5,-1.59,0.3889,0.06669999999999998,0.06669999999999998,0.015500000000000014,0.34709999999999996,0.30200000000000005,-0.045099999999999696,4,3,2,-0.033299999999999996,2.0,1.0,1.0,1,3,0
2016/2017_Azimu_Lube_13Round,2016/2017,13.0,Modena,Lube,0.4667,0.4667,0.4667,0.5,3.8137,3.364,0.5263,0.4497,0.4667,0.5,4,1,5,-0.645,0.5,0.5,0.4667,0.4615,0.5385,3.5114,3.6967,0.4875,-0.1853,0.4615,0.5385,2,1,6,0.226,0.5,-0.033299999999999996,0.0,0.0388,0.635,0.3022999999999998,-0.3327,0,2,-3,-0.07179999999999997,2.0,2.0,0.0,7,4,1
2016/2017_Kioen_Veron_13Round,2016/2017,13.0,Padova,Verona,0.4375,0.4667,0.4615,0.4615,3.6368,3.6627,0.488,-0.0259,0.4615,0.4615,4,1,6,-0.431,0.5,0.5625,0.5333,0.5,0.5625,3.3489,3.5849,0.4771,-0.236,0.5,0.5333,0,1,6,0.145,0.5,-0.125,-0.06659999999999999,0.010899999999999965,0.21009999999999998,0.28790000000000004,0.07779999999999987,0,4,-7,-0.07179999999999997,4.0,1.0,3.0,8,1,0
2016/2017_Milan_Sir S_13Round,2016/2017,13.0,Milano,Perugia,0.5625,0.5333,0.4545,0.6,3.3252,3.7673,0.4821,-0.4421,0.4545,0.6,-4,-1,6,-2.147,0.2778,0.5625,0.5333,0.4545,0.6,3.5868,3.5494,0.4918,0.0374,0.4545,0.6,0,-1,6,2.3,0.7222,0.0,0.0,-0.009700000000000042,-0.4795,-0.26160000000000005,0.2179000000000002,0,-4,0,-0.14549999999999996,4.0,1.0,3.0,2,2,0
2017/2018_Diate_Milan_1Round,2017/2018,1.0,Trento,Milano,0.4706,0.4,0.5,0.4545,3.5476,3.6856,0.5202,-0.138,0.4667,0.4545,-2,-2,7,1.74,0.6111,0.5294,0.4667,0.4167,0.6,3.3037,3.6435,0.4828,-0.3398,0.4167,0.6,0,-2,7,-0.942,0.3889,-0.05879999999999996,-0.06669999999999998,0.03739999999999999,0.20179999999999998,0.2439,0.042100000000000026,0,-2,0,-0.13329999999999997,0.0,0.0,0.0,1,1,0
2017/2018_Kioen_Sir S_1Round,2017/2018,1.0,Padova,Perugia,0.4118,0.4667,0.4286,0.4615,3.5432,3.5631,0.4883,-0.0199,0.4286,0.4615,0,-1,7,-2.853,0.2778,0.5882,0.6,0.4545,0.625,3.5048,3.4761,0.4921,0.0288,0.4545,0.6,0,1,7,2.7,0.7222,-0.17639999999999995,-0.13329999999999997,-0.00379999999999997,-0.0487,0.03840000000000021,0.08699999999999974,-2,0,0,-0.1714,0.0,0.0,0.0,2,2,1
2017/2018_Diate_Kioen_2Round,2017/2018,2.0,Trento,Padova,0.4444,0.4,0.4706,0.4545,3.6025,3.9734,0.5109,-0.371,0.4,0.4545,-2,-3,8,3.0,0.7222,0.4444,0.4667,0.4667,0.4615,3.5992,3.4809,0.4926,0.1183,0.4667,0.4615,1,1,8,-3.0,0.2778,0.0,-0.06669999999999998,0.01830000000000004,-0.4893,0.0032999999999998586,0.4924999999999997,-4,-3,-2,-0.0615,1.0,1.0,0.0,3,1,1
2017/2018_Gi Gr_Milan_2Round,2017/2018,2.0,Monza,Milano,0.4706,0.5333,0.4,0.5833,3.8491,3.3543,0.5283,0.4947,0.4,0.5833,2,1,7,-0.782,0.5,0.5556,0.4667,0.4167,0.625,3.6849,3.6749,0.4923,0.0099,0.4167,0.6,2,1,8,-0.229,0.5,-0.08499999999999996,0.06659999999999999,0.035999999999999976,0.48479999999999995,0.16420000000000012,-0.3206000000000002,0,0,-3,-0.19999999999999996,0.0,1.0,-1.0,4,1,0
2017/2018_Sir S_Veron_2Round,2017/2018,2.0,Perugia,Verona,0.5556,0.5333,0.4545,0.5882,3.4368,3.5484,0.4887,-0.1116,0.4545,0.6,-1,-1,8,2.069,0.6111,0.5882,0.5333,0.5,0.5882,3.322,3.5033,0.4781,-0.1814,0.5,0.5333,0,2,7,-1.59,0.3889,-0.03259999999999996,0.0,0.010599999999999998,0.0698,0.11479999999999979,0.04510000000000014,-3,-1,0,-0.07879999999999998,1.0,0.0,1.0,4,4,0
2017/2018_Azimu_Gi Gr_3Round,2017/2018,3.0,Modena,Monza,0.5,0.5333,0.5,0.5,4.0281,3.3365,0.5359,0.6916,0.5333,0.5,3,2,6,-1.565,0.3889,0.4444,0.5333,0.375,0.5833,3.8302,3.4565,0.5264,0.3738,0.4,0.5833,0,-1,8,0.647,0.6111,0.05559999999999998,0.0,0.009500000000000064,0.31779999999999997,0.1979000000000002,-0.1200000000000001,3,3,0,-0.050000000000000044,0.0,1.0,-1.0,5,5,1
2017/2018_Lube_Milan_3Round,2017/2018,3.0,Lube,Milano,0.4706,0.4667,0.4615,0.5,3.4469,3.9599,0.4771,-0.513,0.4615,0.5,-3,-1,7,0.786,0.6111,0.5789,0.5333,0.4167,0.6471,3.7088,3.7014,0.4928,0.0074,0.4167,0.6,0,2,9,-0.979,0.3889,-0.10829999999999995,-0.06659999999999999,-0.015699999999999992,-0.5204,-0.26190000000000024,0.2585000000000002,-3,-3,-5,-0.13849999999999996,0.0,1.0,-1.0,6,1,0
2017/2018_Centr_Emma _4Round,2017/2018,4.0,Brescia,Siena,0.5,0.5,0.5455,0.4545,3.7655,3.4655,0.5104,0.3,0.5455,0.4545,-1,-1,2,0.0,0.5,0.5,0.5,0.4545,0.5455,3.4155,3.5155,0.4881,-0.1,0.4545,0.5455,-2,-1,2,0.0,0.5,0.0,0.0,0.022299999999999986,0.4,0.34999999999999964,-0.04999999999999982,0,1,0,0.0,0.0,0.0,0.0,6,6,0
2017/2018_Kioen_Veron_4Round,2017/2018,4.0,Padova,Verona,0.4211,0.4667,0.4667,0.4286,3.5028,3.5566,0.4894,-0.0538,0.4667,0.4286,-1,-1,9,-0.431,0.5,0.6111,0.6,0.5,0.6111,3.432,3.4357,0.4835,-0.0037,0.5,0.6,1,3,8,0.145,0.5,-0.19,-0.13329999999999997,0.005900000000000016,-0.0501,0.0708000000000002,0.12089999999999979,-4,-2,0,-0.13329999999999997,2.0,2.0,0.0,2,2,1
2017/2018_Milan_Sir S_4Round,2017/2018,4.0,Milano,Perugia,0.6,0.5333,0.4167,0.6667,3.7291,3.7237,0.4932,0.0055,0.4167,0.6,0,3,10,-2.147,0.2778,0.5263,0.4667,0.4167,0.5882,3.3816,3.607,0.4856,-0.2254,0.4167,0.6,-1,-2,9,2.3,0.7222,0.07369999999999999,0.06659999999999999,0.007600000000000051,0.2309,0.3474999999999997,0.1166999999999998,5,1,6,-0.18329999999999996,1.0,2.0,-1.0,1,7,1
2017/2018_Pool _Sigma_4Round,2017/2018,4.0,Cantù,Aversa,0.5,0.5,0.5,0.5,3.4655,3.8155,0.4853,-0.35,0.5,0.5,0,1,2,0.0,0.5,0.5833,0.5833,0.5,0.5833,3.8655,3.4155,0.5245,0.45,0.5,0.5833,2,2,2,0.0,0.5,-0.08330000000000004,-0.08330000000000004,-0.03919999999999996,-0.8,-0.3999999999999999,0.3999999999999999,-1,-2,0,-0.08330000000000004,0.0,0.0,0.0,7,7,0
2017/2018_Azimu_Veron_5Round,2017/2018,5.0,Modena,Verona,0.5294,0.6,0.5294,0.5,4.0911,3.3124,0.5412,0.7787,0.6,0.5,2,3,7,2.0,0.7222,0.5789,0.5333,0.5,0.5789,3.3781,3.665,0.4771,-0.287,0.5,0.5333,-2,-1,9,-2.0,0.2778,-0.04949999999999999,0.06669999999999998,0.06409999999999999,1.0656999999999999,0.7130000000000001,-0.35260000000000025,4,4,0,0.06669999999999998,2.0,1.0,1.0,3,3,1
2017/2018_Centr_Pool _5Round,2017/2018,5.0,Brescia,Cantù,0.4615,0.4615,0.5,0.4545,3.7228,3.432,0.5105,0.2908,0.5,0.4545,0,-2,3,0.0,0.5,0.4615,0.4615,0.4545,0.5,3.2935,3.9789,0.4615,-0.6854,0.4545,0.5,-5,-1,3,0.0,0.5,0.0,0.0,0.04899999999999993,0.9762,0.4293,-0.5468999999999999,-1,5,0,0.0,1.0,1.0,0.0,8,8,1
2017/2018_Diate_Lube_5Round,2017/2018,5.0,Trento,Lube,0.4737,0.4667,0.5,0.4545,3.6473,3.782,0.5139,-0.1347,0.4667,0.4545,1,1,9,0.093,0.5,0.4444,0.4,0.4286,0.5,3.5264,3.914,0.4785,-0.3876,0.4286,0.5,0,-2,8,0.093,0.5,0.029299999999999993,0.06669999999999998,0.03540000000000004,0.2529,0.12089999999999979,-0.13200000000000012,3,1,5,-0.033299999999999996,3.0,2.0,1.0,4,9,1
2017/2018_Gi Gr_Sir S_5Round,2017/2018,5.0,Monza,Perugia,0.4211,0.4667,0.375,0.5385,3.6752,3.6805,0.5177,-0.0053,0.4,0.5385,-2,-2,9,0.765,0.5,0.5,0.4,0.4167,0.5556,3.3374,3.6539,0.4829,-0.3165,0.4167,0.5333,-1,-3,10,-0.765,0.5,-0.07890000000000003,0.06669999999999998,0.03480000000000005,0.3112,0.33779999999999966,0.026599999999999735,1,-1,0,-0.13329999999999997,2.0,1.0,1.0,9,9,0
2017/2018_Azimu_Lube_6Round,2017/2018,6.0,Modena,Lube,0.5556,0.6,0.5556,0.5,4.0131,3.2915,0.543,0.7217,0.6,0.5,1,4,8,-0.645,0.5,0.4211,0.4,0.4286,0.4667,3.4485,3.8797,0.476,-0.4313,0.4286,0.4667,-1,-3,9,0.226,0.5,0.1345,0.19999999999999996,0.06700000000000006,1.153,0.5645999999999995,-0.5882000000000001,7,2,8,0.13329999999999997,1.0,1.0,0.0,2,10,0
2017/2018_Diate_Veron_6Round,2017/2018,6.0,Trento,Verona,0.5,0.4667,0.5263,0.4545,3.6837,3.6332,0.5167,0.0505,0.5333,0.4545,1,2,10,-1.566,0.3889,0.55,0.5333,0.5,0.55,3.3347,3.6968,0.4746,-0.362,0.5,0.5333,-1,-2,10,0.881,0.6111,-0.050000000000000044,-0.06659999999999999,0.042100000000000026,0.4125,0.34899999999999975,-0.0636000000000001,4,2,3,0.0,1.0,1.0,0.0,2,5,0
2017/2018_Diate_Sir S_7Round,2017/2018,7.0,Trento,Perugia,0.4762,0.4667,0.5,0.4545,3.3989,3.9904,0.5032,-0.5915,0.4667,0.4545,-4,-1,11,-0.572,0.5,0.5238,0.4667,0.4167,0.5789,3.302,3.5341,0.4834,-0.2321,0.4167,0.5333,0,1,11,-0.572,0.5,-0.04760000000000003,0.0,0.019799999999999984,-0.35940000000000005,0.09689999999999976,0.45630000000000015,-2,-4,4,-0.06659999999999999,1.0,2.0,-1.0,2,6,0
2017/2018_Emma _Sigma_7Round,2017/2018,7.0,Siena,Aversa,0.5385,0.5385,0.4545,0.5833,3.3835,3.4805,0.4885,-0.0969,0.4545,0.5833,0,1,3,0.0,0.5,0.6154,0.6154,0.5,0.6154,4.0274,3.2451,0.5481,0.7823,0.5,0.6154,5,3,3,0.0,0.5,-0.07689999999999997,-0.07689999999999997,-0.05960000000000004,-0.8792,-0.6438999999999999,0.23540000000000028,-2,-5,0,-0.16089999999999993,3.0,3.0,0.0,7,7,1
2017/2018_Gi Gr_Kioen_7Round,2017/2018,7.0,Monza,Padova,0.4,0.4,0.3529,0.5385,3.5543,3.5582,0.5171,-0.004,0.4,0.5385,0,-3,10,1.594,0.7222,0.45,0.5333,0.5,0.4286,3.7269,3.4667,0.4967,0.2602,0.5333,0.4286,2,1,10,-1.747,0.2778,-0.04999999999999999,-0.13329999999999997,0.02040000000000003,-0.2642,-0.1726000000000001,0.09149999999999991,-4,-2,-9,-0.02859999999999996,2.0,3.0,-1.0,11,2,1
2017/2018_Azimu_Milan_8Round,2017/2018,8.0,Modena,Milano,0.5263,0.6,0.5263,0.5,3.5274,3.6995,0.524,-0.1721,0.6,0.5,-5,-1,9,-0.755,0.3889,0.619,0.6,0.4615,0.6667,3.7465,3.5853,0.4968,0.1612,0.4615,0.6,1,4,11,0.01,0.6111,-0.0927,0.0,0.027200000000000002,-0.33330000000000004,-0.21910000000000007,0.11419999999999986,-5,-6,-1,0.0,2.0,4.0,-2.0,2,1,1
2017/2018_Gi Gr_Lube_8Round,2017/2018,8.0,Monza,Lube,0.4286,0.4667,0.3889,0.5385,3.9325,3.3068,0.5291,0.6257,0.4667,0.5385,4,1,11,-2.055,0.3889,0.45,0.4667,0.4286,0.5,3.8368,3.4054,0.4934,0.4313,0.4286,0.4667,5,1,10,1.157,0.6111,-0.02140000000000003,0.0,0.03570000000000001,0.19440000000000002,0.0956999999999999,-0.09860000000000024,0,-1,0,0.0,1.0,2.0,-1.0,8,8,1
2017/2018_Centr_Geosa_9Round,2017/2018,9.0,Brescia,Lagonegro,0.5,0.5,0.5385,0.4545,3.7359,3.3981,0.5148,0.3377,0.5385,0.4545,1,1,4,0.0,0.5,0.4286,0.4286,0.4286,0.5,3.4839,3.5781,0.4905,-0.0943,0.4286,0.5,1,1,4,0.0,0.5,0.07140000000000002,0.07140000000000002,0.024300000000000044,0.432,0.2519999999999998,-0.18000000000000016,0,0,3,0.03849999999999998,4.0,4.0,0.0,9,12,1
2017/2018_Gi Gr_Veron_9Round,2017/2018,9.0,Monza,Verona,0.4545,0.4667,0.4211,0.5385,3.8969,3.2772,0.531,0.6197,0.4667,0.5385,1,2,12,-0.732,0.3889,0.5714,0.5333,0.5,0.5714,3.7715,3.4084,0.4898,0.3631,0.5,0.5333,4,1,11,1.397,0.6111,-0.1169,-0.06659999999999999,0.041200000000000014,0.25660000000000005,0.12539999999999996,-0.13119999999999976,1,-3,0,-0.06659999999999999,1.0,3.0,-2.0,3,3,0
2017/2018_Lube_Sir S_9Round,2017/2018,9.0,Lube,Perugia,0.4286,0.4,0.4286,0.4706,3.6682,3.5091,0.4905,0.1592,0.4286,0.4,-1,-1,11,-0.727,0.3889,0.5455,0.4667,0.4167,0.6,3.2737,3.4429,0.484,-0.1692,0.4167,0.5333,0,2,12,0.614,0.6111,-0.1169,-0.06669999999999998,0.006500000000000006,0.3284,0.3945000000000003,0.06620000000000026,-3,-1,-6,-0.10470000000000002,1.0,2.0,-1.0,10,4,1
2017/2018_Azimu_Diate_10Round,2017/2018,10.0,Modena,Trento,0.55,0.6,0.55,0.5,3.8951,3.7223,0.5285,0.1728,0.6,0.5,2,1,10,-1.922,0.3889,0.4545,0.4667,0.4762,0.4545,3.3443,3.7755,0.5031,-0.4312,0.4667,0.4545,0,-2,12,1.29,0.6111,0.09550000000000003,0.13329999999999997,0.025399999999999978,0.6040000000000001,0.5507999999999997,-0.053199999999999914,3,2,2,0.14549999999999996,2.0,3.0,-1.0,2,4,0
2017/2018_Geosa_Pool _10Round,2017/2018,10.0,Lagonegro,Cantù,0.4,0.4,0.4286,0.4545,3.5367,3.7137,0.4872,-0.177,0.4286,0.4545,-1,-1,5,0.0,0.5,0.4286,0.4286,0.4545,0.4615,3.2781,3.9579,0.4585,-0.6797,0.4545,0.4615,-1,-2,4,0.0,0.5,-0.02859999999999996,-0.02859999999999996,0.028700000000000003,0.5026999999999999,0.2586000000000004,-0.2442000000000002,1,0,0,-0.03290000000000004,1.0,5.0,-4.0,12,12,0
2017/2018_Kioen_Milan_10Round,2017/2018,10.0,Padova,Milano,0.4286,0.4667,0.5,0.4,3.4305,3.8683,0.4842,-0.4377,0.5333,0.4,-4,-1,11,-1.51,0.2778,0.5909,0.6,0.4615,0.6316,3.7613,3.9711,0.491,-0.2098,0.4615,0.5333,-2,-1,12,1.49,0.7222,-0.1623,-0.13329999999999997,-0.006799999999999973,-0.2279,-0.3308,-0.10279999999999978,0,-2,-4,0.0,3.0,2.0,1.0,5,1,0
2017/2018_Lube_Veron_10Round,2017/2018,10.0,Lube,Verona,0.4545,0.4667,0.4667,0.4706,4.0316,3.0974,0.5061,0.9342,0.4667,0.4,5,1,12,2.657,0.7222,0.5909,0.5333,0.5,0.5909,3.7796,3.5149,0.4904,0.2647,0.5,0.5333,0,2,12,-2.79,0.2778,-0.13639999999999997,-0.06659999999999999,0.015699999999999992,0.6695,0.2520000000000002,-0.4175,-1,5,-3,-0.06659999999999999,1.0,1.0,0.0,5,2,0
2017/2018_Kioen_Lube_11Round,2017/2018,11.0,Padova,Lube,0.4091,0.4667,0.4706,0.4,3.3674,3.8501,0.4818,-0.4827,0.5333,0.4,-1,-2,12,-2.412,0.3889,0.4348,0.4667,0.4375,0.4706,3.8007,3.123,0.5059,0.6776,0.4667,0.4,0,-1,13,1.8,0.6111,-0.0257,0.0,-0.02410000000000001,-1.1602999999999999,-0.4333,0.7270999999999996,-1,-1,0,0.13329999999999997,1.0,1.0,0.0,5,5,0
2017/2018_Milan_Veron_11Round,2017/2018,11.0,Milano,Verona,0.6087,0.6,0.4615,0.65,3.7742,3.7568,0.4942,0.0174,0.4615,0.6,1,1,13,-1.075,0.3889,0.6087,0.5333,0.5,0.6087,3.6179,3.4259,0.4907,0.192,0.5,0.5333,0,3,13,1.607,0.6111,0.0,0.06669999999999998,0.0034999999999999476,-0.1746,0.15629999999999988,0.3309000000000002,-2,1,1,-0.07179999999999997,1.0,1.0,0.0,1,2,0
2017/2018_Azimu_Sir S_12Round,2017/2018,12.0,Modena,Perugia,0.5238,0.5333,0.5238,0.5,4.0253,3.8986,0.5265,0.1267,0.5333,0.5,0,-1,11,-2.21,0.2778,0.5217,0.4667,0.4167,0.5714,2.9118,3.8824,0.4693,-0.9706,0.4167,0.4667,-5,-1,13,2.343,0.7222,0.0020999999999999908,0.06659999999999999,0.05719999999999997,1.0973,1.1134999999999997,0.016199999999999992,0,5,3,0.06659999999999999,2.0,3.0,-1.0,3,6,0
2017/2018_Azimu_Kioen_13Round,2017/2018,13.0,Modena,Padova,0.5,0.4667,0.5,0.5,3.8009,4.0358,0.5197,-0.2349,0.4667,0.5,-2,-2,12,2.49,0.7222,0.3913,0.4,0.4444,0.4,3.3189,4.0082,0.4769,-0.6893,0.4667,0.4,-2,-3,13,-2.51,0.2778,0.10870000000000002,0.06669999999999998,0.04280000000000006,0.4544,0.48199999999999976,0.027599999999999625,1,0,4,0.06669999999999998,1.0,2.0,-1.0,3,7,0
2017/2018_Diate_Gi Gr_13Round,2017/2018,13.0,Trento,Monza,0.4783,0.5333,0.4762,0.5,3.6413,3.954,0.5029,-0.3128,0.4667,0.5,0,1,13,1.474,0.6111,0.4348,0.4667,0.4,0.5385,3.8726,3.423,0.5294,0.4495,0.4667,0.5385,0,-1,13,-1.208,0.3889,0.04349999999999998,0.06659999999999999,-0.026499999999999968,-0.7623,-0.23129999999999962,0.5310000000000001,2,0,5,-0.07179999999999997,3.0,4.0,-1.0,3,8,1
2018/2019_Kioen_Lube_1Round,2018/2019,1.0,Padova,Lube,0.4167,0.4667,0.4444,0.4375,3.8065,3.6045,0.489,0.202,0.4667,0.4667,4,1,14,-2.412,0.3889,0.4583,0.5333,0.4375,0.5,3.9796,3.14,0.5112,0.8395,0.4667,0.4667,2,1,14,1.8,0.6111,-0.04159999999999997,-0.06659999999999999,-0.022199999999999998,-0.6375,-0.1730999999999998,0.4644999999999997,0,2,0,0.0,0.0,0.0,0.0,1,1,0
2018/2019_Monza_Veron_1Round,2018/2019,1.0,Monza,Verona,0.4167,0.4667,0.4,0.5,3.6815,3.8818,0.5194,-0.2003,0.4667,0.5,-3,-2,14,-0.732,0.3889,0.625,0.6,0.5,0.625,3.6725,3.3588,0.494,0.3137,0.5,0.6,1,4,14,1.397,0.6111,-0.20829999999999999,-0.13329999999999997,0.025399999999999978,-0.514,0.009000000000000341,0.5230000000000001,-6,-4,0,-0.13329999999999997,0.0,0.0,0.0,2,2,1
2018/2019_Centr_Geosa_2Round,2018/2019,2.0,Brescia,Lagonegro,0.5333,0.5333,0.5714,0.4545,3.8425,3.4667,0.5175,0.3758,0.5714,0.4545,1,2,5,0.0,0.5,0.375,0.4,0.4,0.4545,3.2475,3.9494,0.4674,-0.7019,0.4,0.4545,-5,-2,6,0.0,0.5,0.1583,0.13329999999999997,0.05009999999999998,1.0777,0.5949999999999998,-0.4826999999999999,4,6,0,0.1169,0.0,0.0,0.0,3,3,1
2018/2019_Kioen_Milan_2Round,2018/2019,2.0,Padova,Milano,0.4,0.4,0.4211,0.4375,3.6305,3.4851,0.4893,0.1455,0.4667,0.4667,0,-1,15,-1.51,0.2778,0.5833,0.5333,0.4286,0.65,3.6104,3.7729,0.4917,-0.1624,0.4286,0.6,-1,-1,14,1.49,0.7222,-0.18330000000000002,-0.13329999999999997,-0.0024000000000000132,0.30789999999999995,0.02010000000000023,-0.28779999999999983,0,1,0,-0.13329999999999997,1.0,0.0,1.0,4,4,0
2018/2019_Sir S_Veron_2Round,2018/2019,2.0,Perugia,Verona,0.5417,0.5333,0.4167,0.5909,3.3374,3.6886,0.4767,-0.3512,0.4167,0.5333,2,1,14,2.069,0.6111,0.6,0.6,0.5,0.6,3.5341,3.4882,0.4914,0.0459,0.5,0.6,-1,-1,15,-1.59,0.3889,-0.05830000000000002,-0.06669999999999998,-0.01469999999999999,-0.3971,-0.19669999999999987,0.20040000000000013,2,3,0,-0.18329999999999996,0.0,1.0,-1.0,5,5,0
2018/2019_Lube_Veron_3Round,2018/2019,3.0,Lube,Verona,0.48,0.5333,0.4375,0.5263,3.7551,3.1507,0.5109,0.6045,0.4667,0.5333,0,2,15,2.657,0.7222,0.6154,0.6,0.5,0.6154,3.8012,3.3991,0.4973,0.4022,0.5,0.6,2,1,16,-2.79,0.2778,-0.13539999999999996,-0.06669999999999998,0.013600000000000001,0.20230000000000004,-0.04610000000000003,-0.24839999999999973,1,-2,0,-0.13329999999999997,2.0,1.0,1.0,1,1,0
2018/2019_Piace_Videx_3Round,2018/2019,3.0,Piacenza,Grottazzolina,0.5,0.5,0.5,0.5,3.4986,3.4986,0.5,0.0,0.5,0.5,0,0,0,3.0,0.6429,0.5,0.5,0.5,0.5,3.4986,3.4986,0.5,0.0,0.5,0.5,0,0,0,-3.0,0.3571,0.0,0.0,0.0,0.0,0.0,0.0,0,0,0,0.0,7.0,7.0,0.0,6,6,1
2018/2019_Sir S_Trent_3Round,2018/2019,3.0,Perugia,Trento,0.52,0.5333,0.3846,0.5909,3.2928,3.9056,0.4722,-0.6128,0.3846,0.5333,-2,-1,15,-0.572,0.5,0.5,0.5333,0.5,0.5,4.0394,3.7404,0.5108,0.299,0.5333,0.5,3,2,14,-0.572,0.5,0.020000000000000018,0.0,-0.03860000000000002,-0.9117999999999999,-0.7465999999999995,0.1652,-3,-5,0,-0.1154,1.0,0.0,1.0,7,7,1
2018/2019_Azimu_Milan_4Round,2018/2019,4.0,Modena,Milano,0.4783,0.4,0.4783,0.5,3.4638,4.3124,0.5081,-0.8486,0.4,0.5,-4,-3,13,-0.755,0.3889,0.6,0.5333,0.4286,0.6667,3.6694,3.7863,0.492,-0.117,0.4286,0.6,0,1,15,0.01,0.6111,-0.12169999999999997,-0.13329999999999997,0.016100000000000003,-0.7316,-0.2056,0.5261,-4,-4,-6,-0.19999999999999996,0.0,2.0,-2.0,8,2,1
2018/2019_BAM A_Videx_4Round,2018/2019,4.0,Cuneo,Grottazzolina,0.5,0.5,0.5,0.5,3.4986,3.4986,0.5,0.0,0.5,0.5,0,0,0,0.0,0.5,0.4545,0.4545,0.5,0.4545,3.5442,3.6351,0.4949,-0.0909,0.5,0.4545,-1,-1,1,0.0,0.5,0.045499999999999985,0.045499999999999985,0.005099999999999993,0.0909,-0.04559999999999986,-0.13649999999999984,1,1,0,0.045499999999999985,7.0,1.0,6.0,9,9,0
2018/2019_Lube_Sir S_4Round,2018/2019,4.0,Lube,Perugia,0.4615,0.5333,0.4118,0.5263,3.7754,3.526,0.5078,0.2494,0.4667,0.5333,-1,-1,16,-0.727,0.3889,0.5385,0.5333,0.4286,0.5909,3.8126,3.3296,0.4866,0.4831,0.4286,0.5333,5,1,16,0.614,0.6111,-0.07699999999999996,0.0,0.021200000000000052,-0.23369999999999996,-0.037200000000000344,0.19639999999999969,-2,-6,0,-0.06659999999999999,1.0,1.0,0.0,2,2,0
2018/2019_Kioen_Monza_5Round,2018/2019,5.0,Padova,Monza,0.3846,0.4,0.4,0.4375,3.6859,3.5815,0.4897,0.1044,0.4,0.4667,0,-2,16,-1.747,0.2778,0.44,0.5333,0.4286,0.5,3.7205,3.6847,0.5214,0.0358,0.5333,0.5,1,1,15,1.594,0.7222,-0.055400000000000005,-0.13329999999999997,-0.03169999999999995,0.06860000000000001,-0.03459999999999974,-0.10319999999999974,-3,-1,-7,-0.09999999999999998,3.0,4.0,-1.0,10,3,0
2018/2019_Lube_Trent_5Round,2018/2019,5.0,Lube,Trento,0.4444,0.4667,0.3889,0.5263,3.6026,3.6129,0.505,-0.0103,0.4,0.5333,-1,-2,17,0.093,0.5,0.48,0.4667,0.5,0.4615,3.4382,4.1229,0.4974,-0.6847,0.5333,0.4615,-5,-1,15,0.093,0.5,-0.035599999999999965,0.0,0.007599999999999996,0.6744,0.16439999999999966,-0.5099999999999998,-1,4,6,-0.0615,1.0,2.0,-1.0,4,10,0
2018/2019_Azimu_Kioen_6Round,2018/2019,6.0,Modena,Padova,0.5,0.4667,0.5,0.5,3.9112,3.4743,0.5236,0.4369,0.4667,0.5,6,1,14,2.49,0.7222,0.3704,0.4,0.381,0.4375,3.7275,3.6527,0.4902,0.0748,0.3333,0.4667,0,-3,17,-2.51,0.2778,0.1296,0.06669999999999998,0.03339999999999993,0.3621,0.18369999999999997,-0.1783999999999999,4,6,7,0.0,2.0,1.0,1.0,4,11,1
2018/2019_Geosa_Mengh_6Round,2018/2019,6.0,Lagonegro,Macerata,0.3529,0.4,0.4,0.4167,2.8734,4.1541,0.4446,-1.2807,0.4,0.4167,-6,-3,7,0.0,0.5,0.5,0.5,0.5,0.5,3.4986,3.4986,0.5,0.0,0.5,0.5,0,0,0,0.0,0.5,-0.1471,-0.09999999999999998,-0.055400000000000005,-1.2807,-0.6252,0.6554999999999995,-3,-6,0,-0.09999999999999998,4.0,7.0,-3.0,11,11,1
2018/2019_Lube_Monza_6Round,2018/2019,6.0,Lube,Monza,0.4286,0.4667,0.3684,0.5263,3.6696,3.8699,0.5024,-0.2002,0.4,0.5333,-1,-3,18,1.157,0.6111,0.4615,0.5333,0.4286,0.5333,3.7505,3.7248,0.5205,0.0257,0.5333,0.5333,0,2,16,-2.055,0.3889,-0.03290000000000004,-0.06659999999999999,-0.018100000000000005,-0.2259,-0.0809000000000002,0.14509999999999978,-5,-1,-4,-0.13329999999999997,1.0,1.0,0.0,5,1,1
2018/2019_Azimu_Sir S_7Round,2018/2019,7.0,Modena,Perugia,0.52,0.4667,0.52,0.5,4.0659,3.3913,0.5277,0.6746,0.4667,0.5,2,2,15,-2.21,0.2778,0.5556,0.5333,0.4286,0.6087,3.8182,3.2834,0.4897,0.5349,0.4286,0.6,1,2,17,2.343,0.7222,-0.035599999999999965,-0.06659999999999999,0.03799999999999992,0.13969999999999994,0.24770000000000003,0.10790000000000033,0,1,0,-0.13329999999999997,1.0,3.0,-2.0,1,1,0
2018/2019_Milan_Monza_7Round,2018/2019,7.0,Milano,Monza,0.5769,0.4667,0.4286,0.6364,2.9753,4.167,0.4767,-1.1917,0.4286,0.5333,-6,-1,16,-0.229,0.5,0.4444,0.4667,0.4286,0.5,3.5848,3.9442,0.5148,-0.3594,0.5333,0.4667,-2,-1,17,-0.782,0.5,0.13249999999999995,0.0,-0.03810000000000002,-0.8323,-0.6095000000000002,0.2227999999999999,0,-4,-4,-0.03810000000000002,3.0,1.0,2.0,6,2,0
2018/2019_Azimu_Lube_8Round,2018/2019,8.0,Modena,Lube,0.5,0.4667,0.5,0.5,3.9985,3.5142,0.5267,0.4843,0.4667,0.5,0,-1,16,-0.645,0.5,0.4483,0.4667,0.4,0.5263,3.9157,3.6655,0.5069,0.2503,0.4,0.5333,2,1,19,0.226,0.5,0.051700000000000024,0.0,0.01979999999999993,0.23399999999999999,0.08279999999999976,-0.1513,-2,-2,0,-0.06659999999999999,1.0,2.0,-1.0,3,3,1
2018/2019_Trent_Veron_8Round,2018/2019,8.0,Trento,Verona,0.5,0.5333,0.5,0.5,3.7324,4.0394,0.5,-0.307,0.5333,0.5,1,1,16,-1.566,0.3889,0.6296,0.6,0.5,0.6296,3.999,3.522,0.5,0.4769,0.5,0.6,1,2,17,0.881,0.6111,-0.12960000000000005,-0.06669999999999998,0.0,-0.7839,-0.26659999999999995,0.5173999999999999,-1,0,-2,-0.06669999999999998,3.0,5.0,-2.0,6,4,1
2018/2019_Kioen_Trent_9Round,2018/2019,9.0,Padova,Trento,0.3571,0.4,0.381,0.4118,3.566,3.8983,0.4858,-0.3323,0.3333,0.4,-2,-4,18,-3.0,0.2778,0.5185,0.6,0.5217,0.5,4.1386,3.6029,0.5095,0.5357,0.5333,0.5,4,2,17,3.0,0.7222,-0.1614,-0.19999999999999996,-0.023699999999999943,-0.8679999999999999,-0.5726000000000004,0.2953999999999999,-6,-6,-8,-0.16670000000000001,3.0,1.0,2.0,12,4,1
2018/2019_Milan_Veron_9Round,2018/2019,9.0,Milano,Verona,0.5556,0.4667,0.4,0.6364,2.8407,4.4498,0.4678,-1.609,0.4,0.5333,-4,-2,17,-1.075,0.3889,0.6071,0.5333,0.5,0.6071,3.5672,3.9978,0.4901,-0.4306,0.5,0.5333,-4,-1,18,1.607,0.6111,-0.05149999999999999,-0.06659999999999999,-0.022299999999999986,-1.1784,-0.7265000000000001,0.45199999999999996,-1,0,-3,-0.13329999999999997,2.0,1.0,1.0,7,4,0
2018/2019_Monza_Sir S_9Round,2018/2019,9.0,Monza,Perugia,0.4643,0.5333,0.4286,0.5294,4.0426,3.5281,0.5236,0.5146,0.5333,0.4667,4,1,18,0.765,0.5,0.5714,0.6,0.4286,0.625,3.8237,3.4415,0.4901,0.3823,0.4286,0.6,0,3,18,-0.765,0.5,-0.10710000000000003,-0.06669999999999998,0.033499999999999974,0.13229999999999997,0.2189000000000001,0.08659999999999979,-2,4,0,-0.06669999999999998,2.0,2.0,0.0,1,1,0
2018/2019_Azimu_Monza_10Round,2018/2019,10.0,Modena,Monza,0.5185,0.5333,0.5185,0.5,4.1402,3.4156,0.5303,0.7246,0.5333,0.5,2,1,17,-1.565,0.3889,0.4483,0.5333,0.4091,0.5294,3.5922,4.0113,0.5136,-0.4191,0.5333,0.4667,-4,-1,19,0.647,0.6111,0.07019999999999998,0.0,0.016700000000000048,1.1437,0.548,-0.5957000000000003,2,6,0,0.06659999999999999,2.0,1.0,1.0,2,2,0
2018/2019_Centr_Mengh_10Round,2018/2019,10.0,Brescia,Macerata,0.5625,0.5333,0.6,0.4545,4.0508,3.0799,0.5426,0.9709,0.6,0.4545,6,3,6,0.0,0.5,0.4545,0.4545,0.5,0.4545,3.4533,3.726,0.4848,-0.2727,0.5,0.4545,-3,-1,1,0.0,0.5,0.10799999999999998,0.07879999999999998,0.05779999999999996,1.2436,0.5974999999999997,-0.6461000000000001,4,9,6,0.14549999999999996,7.0,4.0,3.0,7,13,0
2018/2019_Kioen_Veron_10Round,2018/2019,10.0,Padova,Verona,0.3793,0.4,0.4091,0.4118,3.6452,3.6857,0.4885,-0.0405,0.4,0.4,1,1,19,-0.431,0.5,0.6207,0.5333,0.5,0.6207,3.6461,3.7567,0.4928,-0.1106,0.5,0.5333,1,1,19,0.145,0.5,-0.2414,-0.13329999999999997,-0.004300000000000026,0.0701,-0.0009000000000001229,-0.07099999999999973,0,0,-4,-0.13329999999999997,1.0,1.0,0.0,7,3,1
2018/2019_Milan_Trent_10Round,2018/2019,10.0,Milano,Trento,0.5357,0.4,0.375,0.6364,2.9323,4.2751,0.4664,-1.3428,0.4,0.5333,-1,-3,18,-0.942,0.3889,0.5,0.5333,0.5217,0.4667,3.8598,3.6698,0.5069,0.19,0.5333,0.4667,-1,-1,18,1.74,0.6111,0.035699999999999954,-0.13329999999999997,-0.040500000000000036,-1.5328,-0.9274999999999998,0.6053000000000002,-2,0,-3,-0.06669999999999998,1.0,1.0,0.0,8,5,1
2018/2019_Kioen_Sir S_11Round,2018/2019,11.0,Padova,Perugia,0.4,0.4667,0.4348,0.4118,3.7033,3.5322,0.4911,0.1712,0.4667,0.4,1,2,20,-2.853,0.2778,0.5862,0.6,0.4286,0.64,4.2222,3.1633,0.5,1.0589,0.4286,0.6,4,4,19,2.7,0.7222,-0.18620000000000003,-0.13329999999999997,-0.008900000000000019,-0.8876999999999999,-0.5188999999999999,0.3689,-2,-3,-4,-0.13329999999999997,1.0,2.0,-1.0,5,1,1
2018/2019_Lube_Milan_11Round,2018/2019,11.0,Lube,Milano,0.4333,0.4,0.4,0.5,3.696,3.9177,0.5022,-0.2217,0.4,0.5333,-2,-1,20,0.786,0.6111,0.5517,0.4667,0.4118,0.6364,3.1931,3.9546,0.4698,-0.7614,0.4667,0.5333,1,1,19,-0.979,0.3889,-0.11839999999999995,-0.06669999999999998,0.032399999999999984,0.5397,0.5029000000000003,-0.036900000000000155,-2,-3,0,-0.13329999999999997,3.0,1.0,2.0,6,6,1
2018/2019_Azimu_Trent_12Round,2018/2019,12.0,Modena,Trento,0.5,0.5333,0.5,0.5,3.4753,3.9217,0.5181,-0.4464,0.5333,0.5,-5,-1,18,-1.922,0.3889,0.4828,0.4667,0.5217,0.4375,3.6583,3.7193,0.5045,-0.061,0.5333,0.4667,-1,-2,19,1.29,0.6111,0.017199999999999993,0.06659999999999999,0.013600000000000056,-0.3854,-0.18300000000000027,0.2023999999999999,1,-4,4,0.06659999999999999,2.0,2.0,0.0,3,7,0
2018/2019_Azimu_Veron_13Round,2018/2019,13.0,Modena,Verona,0.4828,0.4667,0.4828,0.5,3.384,3.899,0.5154,-0.515,0.4667,0.5,-1,-2,19,2.0,0.7222,0.6,0.5333,0.5,0.6,3.5039,3.7827,0.4907,-0.2788,0.5,0.5333,-1,-1,20,-2.0,0.2778,-0.11719999999999997,-0.06659999999999999,0.024699999999999944,-0.23620000000000002,-0.1198999999999999,0.11629999999999985,-1,0,0,-0.06659999999999999,1.0,3.0,-2.0,3,3,1
2018/2019_BAM A_Piace_13Round,2018/2019,13.0,Cuneo,Piacenza,0.4545,0.4545,0.4545,0.5,3.4533,3.4533,0.5,0.0,0.4545,0.5,0,-1,1,0.0,0.5,0.5455,0.5455,0.5455,0.5,3.6351,3.5442,0.5051,0.0909,0.5455,0.5,1,1,1,0.0,0.5,-0.09099999999999997,-0.09099999999999997,-0.005099999999999993,-0.0909,-0.18179999999999996,-0.09089999999999998,-2,-1,-5,-0.045499999999999985,7.0,7.0,0.0,14,9,1
2018/2019_Emma _Raven_13Round,2018/2019,13.0,Siena,Ravenna,0.5714,0.5714,0.5,0.5833,3.6133,3.2687,0.5159,0.3446,0.5,0.5833,5,2,4,0.0,0.5,0.5,0.5,0.5,0.5,3.4986,3.4986,0.5,0.0,0.5,0.5,0,0,0,0.0,0.5,0.07140000000000002,0.07140000000000002,0.015900000000000025,0.3446,0.11470000000000002,-0.22990000000000022,2,5,0,0.0,6.0,7.0,-1.0,15,15,1
2018/2019_Milan_Sir S_13Round,2018/2019,13.0,Milano,Perugia,0.5333,0.4,0.4118,0.6087,2.7813,4.3237,0.4595,-1.5424,0.4667,0.4667,-5,-1,20,-2.147,0.2778,0.5667,0.6,0.4286,0.6154,3.5143,3.76,0.4885,-0.2457,0.4286,0.6,-5,-1,20,2.3,0.7222,-0.033399999999999985,-0.19999999999999996,-0.02899999999999997,-1.2967,-0.7330000000000001,0.5636999999999999,0,0,-7,-0.13329999999999997,2.0,2.0,0.0,8,1,1
2018/2019_Monza_Trent_13Round,2018/2019,13.0,Monza,Trento,0.4667,0.5333,0.4091,0.5556,4.0655,3.364,0.5243,0.7015,0.5333,0.5333,5,1,20,-1.208,0.3889,0.5,0.5333,0.5217,0.4706,3.7126,3.5561,0.5065,0.1566,0.5333,0.4667,1,1,20,1.474,0.6111,-0.033299999999999996,0.0,0.017800000000000038,0.5449,0.3529,-0.19209999999999994,0,4,3,0.06659999999999999,3.0,1.0,2.0,1,4,1
2018/2019_Pool _Tinet_13Round,2018/2019,13.0,Cantù,Prata di Pordenone,0.4667,0.4667,0.4545,0.5,3.5687,3.6238,0.4825,-0.0551,0.4545,0.5,5,1,5,0.0,0.5,0.5,0.5,0.5,0.5,3.4986,3.4986,0.5,0.0,0.5,0.5,0,0,0,0.0,0.5,-0.033299999999999996,-0.033299999999999996,-0.017500000000000016,-0.0551,0.07010000000000005,0.12519999999999998,1,5,0,-0.045499999999999985,3.0,7.0,-4.0,16,16,0
2019/2020_Kioen_Moden_1Round,2019/2020,1.0,Padova,Modena,0.4194,0.5333,0.4583,0.4118,4.1526,3.0147,0.5022,1.1379,0.5333,0.4,5,3,21,-2.51,0.2778,0.5,0.4667,0.5,0.5,3.7172,3.8841,0.5169,-0.1668,0.4667,0.5,1,1,20,2.49,0.7222,-0.0806,0.06659999999999999,-0.014700000000000046,1.3047,0.43539999999999957,-0.8694000000000002,2,4,0,0.033299999999999996,0.0,0.0,0.0,1,1,1
2019/2020_Lube_Piace_1Round,2019/2020,1.0,Lube,Piacenza,0.4516,0.4667,0.4286,0.5,4.1474,3.2889,0.5129,0.8584,0.4667,0.5333,5,1,21,0.5,0.6111,0.5,0.5,0.5455,0.4545,3.4988,3.6822,0.4722,-0.1833,0.5455,0.4545,-6,-1,2,-1.265,0.3889,-0.0484,-0.033299999999999996,0.040700000000000014,1.0417,0.6486000000000001,-0.3933,2,11,0,0.012199999999999989,0.0,0.0,0.0,2,2,0
2019/2020_Milan_Monza_1Round,2019/2020,1.0,Milano,Monza,0.5484,0.4667,0.4444,0.6087,3.4967,3.7809,0.4696,-0.2842,0.4667,0.4667,4,1,21,-0.229,0.5,0.4839,0.5333,0.4348,0.5556,4.207,3.5048,0.5254,0.7022,0.5333,0.5333,1,2,21,-0.782,0.5,0.0645,-0.06659999999999999,-0.05579999999999996,-0.9864,-0.7102999999999997,0.2761,-1,3,0,-0.06659999999999999,0.0,0.0,0.0,3,3,0
2019/2020_Emma _Sarca_2Round,2019/2020,2.0,Siena,Brescia,0.6,0.6,0.5385,0.5833,3.8424,3.361,0.5225,0.4814,0.5385,0.5833,2,3,5,0.0,0.5,0.5294,0.5333,0.5625,0.4545,4.1085,3.3622,0.5381,0.7463,0.5333,0.4545,0,-1,7,0.0,0.5,0.0706,0.06669999999999998,-0.015600000000000058,-0.26489999999999997,-0.2661000000000002,-0.0011999999999998678,4,2,0,0.08399999999999996,0.0,0.0,0.0,4,4,1
2019/2020_Lube_Milan_2Round,2019/2020,2.0,Lube,Milano,0.4375,0.4667,0.4091,0.5,3.8566,3.2468,0.5126,0.6098,0.4667,0.5333,0,-1,22,0.786,0.6111,0.5312,0.4667,0.4211,0.6087,3.3944,3.5963,0.4703,-0.2019,0.4667,0.4667,0,-1,22,-0.979,0.3889,-0.0937,0.0,0.04229999999999995,0.8117,0.4621999999999997,-0.3494999999999999,0,0,0,0.0,1.0,1.0,0.0,5,5,0
2019/2020_Moden_Piace_2Round,2019/2020,2.0,Modena,Piacenza,0.4839,0.4667,0.5,0.4545,3.1463,4.2811,0.5062,-1.1348,0.4667,0.4545,-5,-1,21,2.406,0.7222,0.5385,0.5385,0.5455,0.5,3.4643,3.642,0.4725,-0.1777,0.5455,0.5,0,1,3,-2.253,0.2778,-0.05459999999999998,-0.07179999999999997,0.03370000000000001,-0.9571000000000001,-0.31800000000000006,0.6391000000000004,-2,-5,-5,-0.033299999999999996,1.0,1.0,0.0,6,1,0
2019/2020_Monza_Trent_2Round,2019/2020,2.0,Monza,Trento,0.5,0.6,0.4348,0.5789,3.899,3.4002,0.5248,0.4988,0.5333,0.6,0,3,22,-1.208,0.3889,0.4839,0.4667,0.5217,0.4444,3.7527,3.8446,0.5042,-0.0919,0.5333,0.4667,-1,-1,21,1.474,0.6111,0.016100000000000003,0.13329999999999997,0.020600000000000063,0.5907,0.1463000000000001,-0.4443999999999999,4,1,4,0.06659999999999999,1.0,0.0,1.0,2,6,0
2019/2020_Sir S_Veron_2Round,2019/2020,2.0,Perugia,Verona,0.5484,0.5333,0.4286,0.5926,3.2052,4.1929,0.4801,-0.9877,0.4286,0.5333,-4,-2,21,2.069,0.6111,0.5806,0.4667,0.5,0.5806,3.6043,4.0058,0.4889,-0.4015,0.5,0.4667,-1,-2,21,-1.59,0.3889,-0.032200000000000006,0.06659999999999999,-0.008799999999999975,-0.5862,-0.3990999999999998,0.18710000000000004,0,-3,0,-0.03810000000000002,0.0,0.0,0.0,7,7,1
2019/2020_Monza_Sir S_3Round,2019/2020,3.0,Monza,Perugia,0.4848,0.5333,0.4167,0.5789,3.6785,3.3245,0.5243,0.354,0.4667,0.6,0,-1,23,0.765,0.5,0.5625,0.5333,0.4667,0.5926,3.5998,3.889,0.4851,-0.2892,0.4667,0.5333,2,1,22,-0.765,0.5,-0.07769999999999999,0.0,0.03920000000000001,0.6432,0.07869999999999999,-0.5644999999999998,-2,-2,0,-0.06659999999999999,1.0,1.0,0.0,2,2,1
2019/2020_Piace_Veron_3Round,2019/2020,3.0,Piacenza,Verona,0.5714,0.5714,0.5455,0.5385,3.4261,3.5801,0.4735,-0.154,0.5455,0.5385,0,2,4,0.359,0.5,0.5625,0.4,0.5,0.5625,3.4708,4.1686,0.4851,-0.6978,0.5,0.4,-2,-3,22,-0.512,0.5,0.008900000000000019,0.1714,-0.0116,0.5438,-0.044700000000000184,-0.5884999999999998,5,2,7,0.14549999999999996,1.0,1.0,0.0,1,8,1
2019/2020_Bisco_Gibam_4Round,2019/2020,4.0,Porto Viro,Fano,0.5,0.5,0.5,0.5,3.4986,3.4986,0.5,0.0,0.5,0.5,0,0,0,0.0,0.5,0.5,0.5,0.5,0.5,3.4986,3.4986,0.5,0.0,0.5,0.5,0,0,0,0.0,0.5,0.0,0.0,0.0,0.0,0.0,0.0,0,0,0,0.0,7.0,7.0,0.0,8,8,0
2019/2020_Geove_Sarca_4Round,2019/2020,4.0,Lagonegro,Brescia,0.3889,0.4667,0.4375,0.4167,3.3598,3.9274,0.4599,-0.5676,0.4667,0.4167,3,1,8,0.0,0.5,0.5,0.5333,0.5625,0.4167,3.7596,3.7291,0.5215,0.0305,0.5333,0.4167,-4,-2,8,0.0,0.5,-0.11109999999999998,-0.06659999999999999,-0.06159999999999999,-0.5981,-0.39979999999999993,0.19830000000000014,3,7,0,0.04999999999999999,0.0,2.0,-2.0,9,9,0
2019/2020_Milan_Sir S_4Round,2019/2020,4.0,Milano,Perugia,0.5455,0.5333,0.4211,0.625,3.9477,3.2546,0.4795,0.6931,0.4667,0.5333,4,1,23,-2.147,0.2778,0.5455,0.4667,0.4667,0.5714,3.4662,4.0896,0.4814,-0.6234,0.4667,0.4667,-2,-1,23,2.3,0.7222,0.0,0.06659999999999999,-0.0019000000000000128,1.3165,0.48150000000000004,-0.835,2,6,0,0.0,2.0,1.0,1.0,3,3,0
2019/2020_Trent_Veron_4Round,2019/2020,4.0,Trento,Verona,0.5,0.4667,0.5217,0.4737,3.5763,3.6416,0.5041,-0.0653,0.5333,0.4667,0,1,22,-1.566,0.3889,0.5455,0.4,0.5,0.5455,3.3747,4.4971,0.4795,-1.1224,0.5,0.4,-3,-4,23,0.881,0.6111,-0.045499999999999985,0.06669999999999998,0.02460000000000001,1.0571000000000002,0.2016,-0.8554999999999997,5,3,6,0.13329999999999997,2.0,1.0,1.0,4,10,1
2019/2020_Emma _Pool _5Round,2019/2020,5.0,Siena,Cantù,0.625,0.6,0.5714,0.5833,4.0508,3.2216,0.5375,0.8291,0.5714,0.5833,4,4,6,0.0,0.5,0.4375,0.4667,0.4167,0.5,3.4977,3.5411,0.483,-0.0434,0.4167,0.5,0,-1,6,0.0,0.5,0.1875,0.13329999999999997,0.05449999999999999,0.8724999999999999,0.5530999999999997,-0.3195000000000001,5,4,5,0.07140000000000002,3.0,0.0,3.0,5,10,0
2019/2020_Kioen_Sir S_5Round,2019/2020,5.0,Padova,Perugia,0.4375,0.6,0.48,0.4118,4.4791,2.6395,0.5126,1.8396,0.6,0.4,5,4,22,-2.853,0.2778,0.5588,0.4667,0.4667,0.5862,4.0053,3.1767,0.4939,0.8286,0.4667,0.4667,6,1,24,2.7,0.7222,-0.12129999999999996,0.13329999999999997,0.01869999999999994,1.011,0.4737999999999998,-0.5371999999999999,3,-1,-3,0.13329999999999997,4.0,1.0,3.0,5,2,0
2019/2020_Lube_Veron_5Round,2019/2020,5.0,Lube,Verona,0.4242,0.4667,0.3913,0.5,3.4393,3.8429,0.5041,-0.4036,0.4667,0.5333,-4,-2,23,2.657,0.7222,0.5294,0.3333,0.5,0.5294,3.0934,4.1009,0.4778,-1.0075,0.5,0.3333,-1,-5,24,-2.79,0.2778,-0.10519999999999996,0.13340000000000002,0.02629999999999999,0.6039000000000001,0.3458999999999999,-0.258,3,-3,0,0.13340000000000002,3.0,1.0,2.0,11,11,0
2019/2020_Piace_Trent_5Round,2019/2020,5.0,Piacenza,Trento,0.6,0.6,0.5833,0.5385,3.6896,3.5153,0.4907,0.1742,0.5833,0.5385,3,3,5,-1.665,0.3889,0.5152,0.5333,0.5417,0.4737,3.4495,3.2867,0.506,0.1628,0.5333,0.4667,1,2,23,1.206,0.6111,0.08479999999999999,0.06669999999999998,-0.01529999999999998,0.011399999999999993,0.24009999999999998,0.2285999999999997,1,2,2,0.11660000000000004,2.0,1.0,1.0,1,3,0
2019/2020_Gibam_Tinet_6Round,2019/2020,6.0,Fano,Prata di Pordenone,0.5455,0.5455,0.5,0.5455,3.6351,3.5442,0.5051,0.0909,0.5,0.5455,1,1,1,0.0,0.5,0.5455,0.5455,0.5,0.5455,3.4533,3.4533,0.5,0.0,0.5,0.5455,0,1,1,0.0,0.5,0.0,0.0,0.005099999999999993,0.0909,0.18179999999999996,0.09089999999999998,0,1,7,-0.045499999999999985,2.0,0.0,2.0,5,12,0
2019/2020_Kioen_Veron_6Round,2019/2020,6.0,Padova,Verona,0.4242,0.6,0.4615,0.4118,4.2992,2.9938,0.5122,1.3055,0.6,0.4,0,-1,23,-0.431,0.5,0.5429,0.4,0.5,0.5429,3.1047,3.8184,0.4783,-0.7137,0.5,0.4,0,1,25,0.145,0.5,-0.11870000000000003,0.19999999999999996,0.033899999999999986,2.0192,1.1945000000000001,-0.8246000000000002,-2,0,0,0.19999999999999996,1.0,1.0,0.0,5,5,0
2019/2020_Lube_Moden_6Round,2019/2020,6.0,Lube,Modena,0.4118,0.4,0.375,0.5,3.351,3.6371,0.504,-0.2861,0.4667,0.5333,0,-3,24,0.226,0.5,0.4688,0.4,0.4839,0.4545,3.1455,3.9517,0.506,-0.8062,0.4667,0.4545,0,-2,22,-0.645,0.5,-0.056999999999999995,0.0,-0.0020000000000000018,0.5201,0.2054999999999998,-0.3146,-1,0,0,0.012199999999999989,1.0,4.0,-3.0,13,13,1
2019/2020_Milan_Trent_6Round,2019/2020,6.0,Milano,Trento,0.5294,0.4667,0.4,0.625,3.0761,3.8553,0.4679,-0.7792,0.4667,0.5333,-6,-1,24,-0.942,0.3889,0.5294,0.6,0.5417,0.5,3.57,3.4546,0.5058,0.1154,0.5333,0.5333,0,3,24,1.74,0.6111,0.0,-0.13329999999999997,-0.037900000000000045,-0.8946000000000001,-0.4939,0.40070000000000006,-4,-6,-5,-0.06659999999999999,2.0,1.0,1.0,6,1,0
2019/2020_Monza_Piace_6Round,2019/2020,6.0,Monza,Piacenza,0.5,0.6,0.44,0.5789,3.9441,3.2696,0.5275,0.6745,0.5333,0.6,2,1,24,-1.95,0.3889,0.5625,0.5333,0.5385,0.5385,3.7054,3.5682,0.4915,0.1372,0.5385,0.5385,0,-1,6,1.285,0.6111,-0.0625,0.06669999999999998,0.035999999999999976,0.5373,0.23870000000000013,-0.2986,2,2,-2,-0.005199999999999982,3.0,1.0,2.0,4,2,1
2019/2020_Kioen_Trent_7Round,2019/2020,7.0,Padova,Trento,0.4118,0.5333,0.4444,0.4118,3.3253,3.6704,0.5,-0.3451,0.5333,0.4,-6,-2,24,-3.0,0.2778,0.5429,0.6,0.5417,0.5238,3.6566,3.5748,0.5057,0.0817,0.5333,0.6,0,4,25,3.0,0.7222,-0.13110000000000005,-0.06669999999999998,-0.005700000000000038,-0.4268,-0.33130000000000015,0.09559999999999969,-6,-6,-5,-0.06669999999999998,1.0,1.0,0.0,6,1,0
2019/2020_Milan_Moden_7Round,2019/2020,7.0,Milano,Modena,0.5143,0.4667,0.381,0.625,3.3068,3.8587,0.4689,-0.5519,0.4667,0.5333,0,-2,25,0.01,0.6111,0.4545,0.4,0.4839,0.4167,2.7256,4.3431,0.4961,-1.6175,0.4667,0.4167,-5,-3,23,-0.755,0.3889,0.059799999999999964,0.06669999999999998,-0.027200000000000002,1.0655999999999999,0.5811999999999999,-0.48439999999999994,1,5,8,0.04999999999999999,1.0,1.0,0.0,6,14,0
2019/2020_Piace_Sir S_7Round,2019/2020,7.0,Piacenza,Perugia,0.5294,0.5333,0.5385,0.5,3.596,3.8611,0.4806,-0.2651,0.5385,0.5,-3,-2,7,-1.763,0.2778,0.5714,0.5333,0.4667,0.6,3.965,3.378,0.4941,0.5869,0.4667,0.4667,0,2,25,1.896,0.7222,-0.04200000000000004,0.0,-0.013499999999999956,-0.852,-0.3689999999999998,0.48309999999999986,-4,-3,0,0.07179999999999997,1.0,2.0,-1.0,2,2,0
2019/2020_Geove_Pool _8Round,2019/2020,8.0,Cantù,Lagonegro,0.4706,0.4667,0.4167,0.5333,3.4363,3.4697,0.4835,-0.0334,0.4167,0.5333,0,1,7,0.0,0.5,0.3684,0.4,0.4118,0.4167,3.3242,3.7476,0.4611,-0.4235,0.4667,0.4167,0,-1,9,0.0,0.5,0.10220000000000001,0.06669999999999998,0.022399999999999975,0.3901,0.11210000000000031,-0.2778999999999998,2,0,9,0.0,3.0,4.0,-1.0,6,15,0
2019/2020_Moden_Trent_8Round,2019/2020,8.0,Modena,Trento,0.4706,0.4667,0.4839,0.4615,2.845,3.9918,0.4962,-1.1468,0.4667,0.4615,0,1,24,-1.922,0.3889,0.5556,0.6667,0.5417,0.5455,4.1524,3.6612,0.5091,0.4912,0.5333,0.6,2,5,26,1.29,0.6111,-0.08499999999999996,-0.19999999999999996,-0.012900000000000023,-1.6380000000000001,-1.3074,0.3306,-4,-2,-5,-0.13329999999999997,1.0,1.0,0.0,6,1,0
2019/2020_Monza_Veron_8Round,2019/2020,8.0,Monza,Verona,0.5143,0.6,0.4615,0.5789,4.3502,3.2295,0.5321,1.1206,0.5333,0.6,3,2,25,-0.732,0.3889,0.5556,0.4667,0.5,0.5556,3.7618,2.9669,0.4903,0.7949,0.5,0.4667,6,2,26,1.397,0.6111,-0.0413,0.13329999999999997,0.041800000000000004,0.3257,0.5884,0.26259999999999994,0,-3,2,0.06659999999999999,2.0,2.0,0.0,3,5,0
2019/2020_Bisco_Tinet_9Round,2019/2020,9.0,Porto Viro,Prata di Pordenone,0.4545,0.4545,0.4545,0.5,3.5442,3.6351,0.4949,-0.0909,0.4545,0.5,-1,-1,1,0.0,0.5,0.5833,0.5833,0.5,0.5833,3.5655,3.4155,0.5167,0.15,0.5,0.5833,3,2,2,0.0,0.5,-0.12880000000000003,-0.12880000000000003,-0.02180000000000004,-0.2409,-0.021300000000000097,0.2195999999999998,-3,-4,-10,-0.12880000000000003,5.0,3.0,2.0,16,6,1
2019/2020_Kioen_Piace_9Round,2019/2020,9.0,Piacenza,Padova,0.5,0.4667,0.5,0.5,3.5057,3.8393,0.4778,-0.3337,0.5,0.5,-1,-3,8,1.037,0.6111,0.4,0.4667,0.4286,0.4118,3.4833,4.1563,0.4962,-0.673,0.4667,0.4,-2,-3,25,-1.516,0.3889,0.09999999999999998,0.0,-0.018399999999999972,0.33930000000000005,0.022400000000000198,-0.3169999999999997,0,1,3,0.09999999999999998,2.0,2.0,0.0,3,6,1
2019/2020_Lube_Monza_9Round,2019/2020,9.0,Lube,Monza,0.4286,0.4667,0.4,0.5,3.9301,3.0613,0.5135,0.8687,0.4667,0.5333,5,1,25,1.157,0.6111,0.5,0.5333,0.4444,0.5789,3.9933,3.6335,0.5275,0.3598,0.5333,0.6,-2,-1,26,-2.055,0.3889,-0.07140000000000002,-0.06659999999999999,-0.014000000000000012,0.5089,-0.06320000000000014,-0.5722,2,7,-2,-0.13329999999999997,3.0,1.0,2.0,6,4,1
2019/2020_Emma _Geove_10Round,2019/2020,10.0,Lagonegro,Siena,0.4,0.4667,0.4118,0.4615,3.2949,3.4578,0.4653,-0.1629,0.4667,0.4615,1,1,10,0.0,0.5,0.5882,0.6,0.5333,0.5833,3.8614,3.2241,0.5363,0.6373,0.5333,0.5833,0,-1,7,0.0,0.5,-0.18819999999999992,-0.13329999999999997,-0.07100000000000001,-0.8002,-0.5665,0.23370000000000024,2,1,0,-0.11660000000000004,2.0,5.0,-3.0,7,7,0
2019/2020_Kioen_Milan_10Round,2019/2020,10.0,Padova,Milano,0.3889,0.4,0.4286,0.3889,3.1631,3.8561,0.4944,-0.693,0.4667,0.4,-1,-4,26,-1.51,0.2778,0.5,0.4,0.3636,0.625,3.2548,3.6455,0.4696,-0.3907,0.4,0.5333,0,-3,26,1.49,0.7222,-0.11109999999999998,0.0,0.02479999999999999,-0.30229999999999996,-0.09169999999999989,0.2105999999999999,-1,-1,0,-0.06659999999999999,1.0,3.0,-2.0,8,8,1
2019/2020_Lube_Trent_10Round,2019/2020,10.0,Lube,Trento,0.4444,0.4667,0.4231,0.5,3.696,2.6477,0.5172,1.0482,0.4667,0.5333,2,2,26,0.093,0.5,0.5676,0.6667,0.5417,0.5652,4.0708,3.7234,0.5088,0.3474,0.5333,0.6667,0,6,27,0.093,0.5,-0.12319999999999998,-0.19999999999999996,0.008399999999999963,0.7008000000000001,-0.3748,-1.0756999999999999,-4,2,-5,-0.19999999999999996,1.0,2.0,-1.0,6,1,0
2019/2020_Moden_Monza_10Round,2019/2020,10.0,Modena,Monza,0.4571,0.4,0.4688,0.4615,3.1431,3.9554,0.4963,-0.8123,0.4,0.4615,0,-1,25,-1.565,0.3889,0.4865,0.4667,0.4444,0.55,3.3015,3.4848,0.5236,-0.1833,0.5333,0.5333,-2,-2,27,0.647,0.6111,-0.02939999999999998,-0.06669999999999998,-0.027299999999999935,-0.629,-0.15839999999999987,0.47060000000000013,1,2,-5,-0.13329999999999997,2.0,1.0,1.0,9,4,0
2019/2020_Pool _Sarca_10Round,2019/2020,10.0,Brescia,Cantù,0.5263,0.5333,0.5625,0.4615,3.6225,3.5997,0.5209,0.0228,0.5333,0.4615,0,1,9,0.0,0.5,0.4444,0.4667,0.3846,0.5333,3.2517,3.4103,0.4798,-0.1585,0.3846,0.5333,-1,-1,8,0.0,0.5,0.08189999999999997,0.06659999999999999,0.041100000000000025,0.18130000000000002,0.3708,0.1894,2,1,0,0.0,6.0,2.0,4.0,9,9,0
2019/2020_Lube_Sir S_11Round,2019/2020,11.0,Lube,Perugia,0.4324,0.4667,0.4074,0.5,3.7479,3.2255,0.5147,0.5225,0.4667,0.5333,-1,-1,27,-0.727,0.3889,0.5833,0.6,0.4667,0.6129,3.9373,3.3052,0.4962,0.6321,0.4667,0.5333,1,3,26,0.614,0.6111,-0.15090000000000003,-0.13329999999999997,0.018500000000000072,-0.10960000000000003,-0.1894,-0.07970000000000033,-4,-2,-4,-0.06659999999999999,1.0,4.0,-3.0,6,2,1
2019/2020_Milan_Piace_11Round,2019/2020,11.0,Milano,Piacenza,0.4865,0.4,0.3636,0.6,2.9981,3.4933,0.4682,-0.4952,0.4,0.4667,-1,-4,27,-1.937,0.2778,0.5263,0.4667,0.5333,0.5,3.433,3.5398,0.4818,-0.1068,0.5333,0.5,1,1,9,1.957,0.7222,-0.0398,-0.06669999999999998,-0.013600000000000001,-0.38839999999999997,-0.43489999999999984,-0.046499999999999986,-5,-2,-8,-0.09999999999999998,1.0,2.0,-1.0,10,2,1
2019/2020_Moden_Veron_11Round,2019/2020,11.0,Modena,Verona,0.4444,0.4,0.4545,0.4615,3.3556,3.9305,0.4964,-0.5749,0.4,0.4615,0,-2,26,2.0,0.7222,0.5676,0.5333,0.5,0.5676,4.0134,3.0134,0.4944,1.0,0.5,0.5333,2,3,27,-2.0,0.2778,-0.12319999999999998,-0.13329999999999997,0.0020000000000000018,-1.5749,-0.6577999999999999,0.9171,-5,-2,-6,-0.13329999999999997,1.0,3.0,-2.0,11,5,0
2019/2020_Kioen_Lube_12Round,2019/2020,12.0,Padova,Lube,0.4054,0.4,0.4483,0.3889,3.1521,3.4234,0.4963,-0.2712,0.4667,0.4,1,1,27,-2.412,0.3889,0.4474,0.5333,0.4286,0.5,3.5646,2.7532,0.5182,0.8114,0.5333,0.5333,2,1,28,1.8,0.6111,-0.04200000000000004,-0.13329999999999997,-0.021899999999999975,-1.0826,-0.4125000000000001,0.6701999999999999,0,-1,-1,-0.06659999999999999,2.0,1.0,1.0,7,6,0
2019/2020_Moden_Sir S_12Round,2019/2020,12.0,Perugia,Modena,0.5676,0.5333,0.4667,0.5938,3.2619,3.2527,0.4925,0.0092,0.4667,0.5333,-2,-1,27,2.343,0.7222,0.4324,0.4,0.4412,0.4615,3.0694,3.6949,0.4947,-0.6255,0.4,0.4615,-1,-3,27,-2.21,0.2778,0.1352,0.13329999999999997,-0.0021999999999999797,0.6346999999999999,0.1924999999999999,-0.44220000000000015,2,-1,9,0.005199999999999982,1.0,1.0,0.0,2,11,1
2019/2020_Kioen_Monza_13Round,2019/2020,13.0,Monza,Padova,0.5,0.5333,0.4444,0.5714,3.4701,3.5997,0.5229,-0.1296,0.5333,0.6,0,1,28,1.594,0.7222,0.3947,0.4,0.4333,0.3889,2.4803,3.3352,0.4908,-0.8549,0.4,0.4,-3,-1,28,-1.747,0.2778,0.1053,0.13329999999999997,0.03210000000000002,0.7253000000000001,0.9897999999999998,0.26449999999999996,2,3,4,0.13329999999999997,3.0,1.0,2.0,3,7,1
2019/2020_Milan_Veron_13Round,2019/2020,13.0,Verona,Milano,0.5789,0.6,0.5,0.5789,3.7523,2.8244,0.4963,0.9279,0.5,0.6,1,4,28,1.607,0.6111,0.5,0.4,0.3913,0.6,3.0346,2.9425,0.4722,0.0921,0.4,0.4667,2,1,28,-1.075,0.3889,0.07889999999999997,0.19999999999999996,0.02410000000000001,0.8358,0.7176999999999998,-0.1181000000000001,3,-1,3,0.033299999999999996,2.0,2.0,0.0,4,7,0
2019/2020_Sir S_Trent_13Round,2019/2020,13.0,Trento,Perugia,0.5789,0.6667,0.5417,0.5833,4.2349,3.7683,0.5102,0.4666,0.5333,0.6667,1,7,28,-0.572,0.5,0.5789,0.6,0.5,0.5938,3.2211,2.7725,0.4963,0.4486,0.5333,0.5333,2,1,28,-0.572,0.5,0.0,0.06669999999999998,0.013899999999999968,0.018000000000000016,1.0137999999999998,0.9958,6,-1,1,0.0,3.0,1.0,2.0,1,2,0
2020/2021_Emma _Pool _1Round,2020/2021,1.0,Siena,Cantù,0.6111,0.6,0.5333,0.6154,3.7062,2.9581,0.5444,0.7482,0.5333,0.6154,2,1,8,0.0,0.5,0.4737,0.5333,0.3846,0.5625,3.2436,3.0776,0.488,0.1659,0.3846,0.6,2,1,9,0.0,0.5,0.13739999999999997,0.06669999999999998,0.056400000000000006,0.5823,0.4626000000000001,-0.11949999999999994,0,0,0,-0.06669999999999998,0.0,0.0,0.0,1,1,0
2020/2021_Grupp_Prism_1Round,2020/2021,1.0,Brescia,Taranto,0.5,0.4667,0.5294,0.4615,3.2153,3.4985,0.5139,-0.2832,0.5333,0.4615,-2,-1,10,0.0,0.5,0.5,0.5,0.5,0.5,3.4986,3.4986,0.5,0.0,0.5,0.5,0,0,0,0.0,0.5,0.0,-0.033299999999999996,0.013900000000000023,-0.2832,-0.2833000000000001,-0.00010000000000021103,-1,-2,0,0.033299999999999996,0.0,7.0,-7.0,2,2,1
2020/2021_Kioen_Trent_1Round,2020/2021,1.0,Padova,Trento,0.3846,0.4,0.4333,0.3684,2.445,3.272,0.4892,-0.827,0.4,0.4,-1,-2,29,-3.0,0.2778,0.5641,0.6,0.52,0.5833,3.4614,3.5779,0.5068,-0.1165,0.5333,0.6667,-2,-1,29,3.0,0.7222,-0.17950000000000005,-0.19999999999999996,-0.017600000000000005,-0.7104999999999999,-1.0164,-0.3059000000000003,-1,1,0,-0.26669999999999994,0.0,0.0,0.0,3,3,0
2020/2021_Lube_Veron_1Round,2020/2021,1.0,Lube,Verona,0.4615,0.6,0.4286,0.5238,3.434,2.1916,0.5236,1.2424,0.5333,0.5333,3,2,29,2.657,0.7222,0.5641,0.6,0.4545,0.5789,3.1204,2.9111,0.4927,0.2093,0.4545,0.6,-2,-1,29,-2.79,0.2778,-0.10260000000000002,0.0,0.030899999999999928,1.0331,0.3136000000000001,-0.7194999999999996,3,5,0,-0.06669999999999998,0.0,0.0,0.0,4,4,0
2020/2021_Moden_Monza_1Round,2020/2021,1.0,Modena,Monza,0.4211,0.4,0.4412,0.4286,2.6429,3.5272,0.4912,-0.8843,0.4,0.4286,-2,-4,28,-1.565,0.3889,0.5128,0.5333,0.4643,0.5714,3.3673,3.2357,0.5243,0.1315,0.5333,0.6,1,2,29,0.647,0.6111,-0.09170000000000006,-0.13329999999999997,-0.03309999999999996,-1.0158,-0.7244000000000002,0.2915000000000001,-6,-3,0,-0.19999999999999996,0.0,0.0,0.0,5,5,0
2020/2021_Cave _Grupp_2Round,2020/2021,2.0,Lagonegro,Brescia,0.381,0.4667,0.3889,0.4615,2.9566,3.3903,0.4586,-0.4337,0.4667,0.4615,-2,-1,11,0.0,0.5,0.5238,0.4667,0.5556,0.4615,3.684,3.263,0.5262,0.4209,0.5333,0.4615,4,1,11,0.0,0.5,-0.14280000000000004,0.0,-0.0676,-0.8546,-0.7274000000000003,0.12729999999999997,-2,-6,-5,0.005199999999999982,0.0,1.0,-1.0,6,1,1
2020/2021_Delta_Vigil_2Round,2020/2021,2.0,Porto Viro,Fano,0.5,0.5,0.5,0.5,3.6322,3.6988,0.5,-0.0667,0.5,0.5,1,1,2,0.0,0.5,0.5,0.5,0.4545,0.5455,3.6488,3.6822,0.4907,-0.0333,0.4545,0.5455,-3,-1,2,0.0,0.5,0.0,0.0,0.009299999999999975,-0.03339999999999999,-0.016599999999999948,0.016599999999999948,2,4,0,-0.045499999999999985,0.0,0.0,0.0,7,7,1
2020/2021_Milan_Monza_2Round,2020/2021,2.0,Milano,Monza,0.5128,0.4667,0.3913,0.6154,3.0596,2.5484,0.4762,0.5112,0.4,0.4667,2,2,29,-0.229,0.5,0.525,0.5333,0.4643,0.5909,3.5187,3.4258,0.5236,0.0929,0.5333,0.6,0,3,30,-0.782,0.5,-0.012199999999999989,-0.06659999999999999,-0.04739999999999994,0.4183,-0.45909999999999984,-0.8774000000000002,-1,2,-7,-0.19999999999999996,0.0,1.0,-1.0,8,1,0
2020/2021_Piace_Sir S_2Round,2020/2021,2.0,Piacenza,Perugia,0.5,0.4,0.5333,0.4667,3.0754,3.4543,0.4746,-0.3789,0.5333,0.4667,-2,-1,10,-1.763,0.2778,0.5897,0.6,0.5,0.6061,3.1913,2.4283,0.5,0.7631,0.5333,0.6,2,2,29,1.896,0.7222,-0.0897,-0.19999999999999996,-0.025399999999999978,-1.142,-0.11589999999999989,1.0259999999999998,-3,-4,0,-0.06669999999999998,0.0,0.0,0.0,8,8,1
2020/2021_Pool _Prism_2Round,2020/2021,2.0,Cantù,Taranto,0.5,0.5333,0.3846,0.5882,3.6854,2.9628,0.5037,0.7226,0.3846,0.6,4,2,10,0.0,0.5,0.4545,0.4545,0.5,0.4545,3.3624,3.726,0.4773,-0.3636,0.5,0.4545,-4,-1,1,0.0,0.5,0.045499999999999985,0.07879999999999998,0.026400000000000035,1.0862,0.32299999999999995,-0.7631999999999999,3,8,7,-0.06990000000000002,1.0,1.0,0.0,2,9,1
2020/2021_Trent_Veron_2Round,2020/2021,2.0,Trento,Verona,0.575,0.6,0.52,0.6,3.3601,3.4424,0.5066,-0.0823,0.5333,0.6667,0,1,30,-1.566,0.3889,0.575,0.6,0.4545,0.5897,3.3444,2.9716,0.4947,0.3728,0.4545,0.6667,1,1,30,0.881,0.6111,0.0,0.0,0.011900000000000077,-0.4551,0.01570000000000027,0.4708000000000001,0,-1,0,-0.13339999999999996,1.0,1.0,0.0,3,3,0
2020/2021_Cave _Emma _3Round,2020/2021,3.0,Lagonegro,Siena,0.4091,0.5333,0.4211,0.4615,3.5128,3.0108,0.477,0.502,0.4667,0.4615,5,1,12,0.0,0.5,0.5789,0.5333,0.5,0.6154,3.4406,3.4508,0.5263,-0.0103,0.5333,0.6154,-4,-1,9,0.0,0.5,-0.16979999999999995,0.0,-0.04930000000000001,0.5123,0.07220000000000004,-0.43999999999999995,2,9,5,-0.14869999999999994,1.0,2.0,-1.0,4,9,0
2020/2021_Kioen_Sir S_3Round,2020/2021,3.0,Padova,Perugia,0.375,0.4,0.4194,0.3684,2.6425,3.2264,0.4894,-0.5839,0.4,0.4,0,-3,30,-2.853,0.2778,0.575,0.5333,0.5,0.5882,3.1695,2.8557,0.4982,0.3138,0.5333,0.5333,-1,-1,30,2.7,0.7222,-0.19999999999999996,-0.13329999999999997,-0.008799999999999975,-0.8976999999999999,-0.5270000000000001,0.3706999999999998,-2,1,0,-0.13329999999999997,2.0,1.0,1.0,10,10,0
2020/2021_Lube_Trent_3Round,2020/2021,3.0,Lube,Trento,0.45,0.5333,0.4138,0.5238,3.3408,2.6886,0.5212,0.6522,0.5333,0.5333,-1,-1,30,0.093,0.5,0.561,0.5333,0.5,0.6,3.061,4.0263,0.5,-0.9654,0.5333,0.6667,-4,-1,31,0.093,0.5,-0.11100000000000004,0.0,0.021199999999999997,1.6176,0.27980000000000027,-1.3377,0,3,-7,-0.13339999999999996,2.0,1.0,1.0,11,4,1
2020/2021_Monza_Veron_3Round,2020/2021,3.0,Monza,Verona,0.5366,0.6,0.4643,0.6087,4.0802,3.3341,0.5278,0.746,0.5333,0.6,3,4,31,-0.732,0.3889,0.5854,0.6,0.4545,0.6,3.9572,2.7868,0.5017,1.1704,0.4545,0.6667,4,2,31,1.397,0.6111,-0.048800000000000066,0.0,0.026100000000000012,-0.4244000000000001,0.12299999999999978,0.5472999999999999,2,-1,0,-0.13339999999999996,1.0,1.0,0.0,1,1,1
2020/2021_Cave _Pool _4Round,2020/2021,4.0,Lagonegro,Cantù,0.3913,0.4667,0.4,0.4615,3.4244,3.2298,0.4749,0.1946,0.4667,0.4615,-1,-1,13,0.0,0.5,0.5238,0.6,0.4286,0.5882,3.7144,3.0273,0.5071,0.6871,0.4286,0.6,1,3,11,0.0,0.5,-0.13250000000000006,-0.13329999999999997,-0.032200000000000006,-0.49250000000000005,-0.29000000000000004,0.20250000000000012,-4,-2,-2,-0.13329999999999997,1.0,2.0,-1.0,4,2,0
2020/2021_Lube_Monza_4Round,2020/2021,4.0,Lube,Monza,0.4634,0.5333,0.4333,0.5238,3.9546,2.1334,0.5312,1.8212,0.5333,0.5333,6,1,31,1.157,0.6111,0.5476,0.6667,0.4828,0.6087,4.4806,2.8115,0.5352,1.6691,0.6,0.6,5,5,32,-2.055,0.3889,-0.0842,-0.13339999999999996,-0.0040000000000000036,0.1520999999999999,-0.5259999999999998,-0.6781000000000001,-4,1,-3,-0.06669999999999998,1.0,1.0,0.0,4,1,0
2020/2021_Milan_Moden_4Round,2020/2021,4.0,Milano,Modena,0.5,0.4667,0.375,0.6154,3.0765,3.3906,0.4717,-0.3141,0.4,0.4667,-3,-1,30,0.01,0.6111,0.4103,0.3333,0.4286,0.4286,3.006,3.6306,0.4914,-0.6246,0.3333,0.4286,0,-5,29,-0.755,0.3889,0.0897,0.13340000000000002,-0.019699999999999995,0.31050000000000005,0.07050000000000001,-0.23999999999999977,4,-3,0,-0.02859999999999996,2.0,3.0,-1.0,12,12,0
2020/2021_Piace_Trent_4Round,2020/2021,4.0,Piacenza,Trento,0.5238,0.4667,0.5625,0.4667,3.267,3.3877,0.4793,-0.1207,0.5333,0.4667,1,1,11,-1.665,0.3889,0.5476,0.4667,0.5,0.5769,2.3902,4.4426,0.4905,-2.0524,0.5333,0.6,-6,-2,32,1.206,0.6111,-0.023799999999999932,0.0,-0.011199999999999988,1.9317,0.8767999999999998,-1.0548999999999995,3,7,0,-0.06669999999999998,2.0,1.0,1.0,4,4,0
2020/2021_Sir S_Veron_4Round,2020/2021,4.0,Perugia,Verona,0.5854,0.5333,0.5,0.6,3.1532,2.9318,0.4982,0.2214,0.5333,0.5333,0,1,31,2.069,0.6111,0.5714,0.5333,0.4545,0.5854,3.251,3.5683,0.4933,-0.3173,0.4545,0.6,-5,-1,32,-1.59,0.3889,0.014000000000000012,0.0,0.00489999999999996,0.5387000000000001,-0.09779999999999989,-0.6364999999999998,2,5,-2,-0.06669999999999998,1.0,1.0,0.0,5,3,0
2020/2021_Delta_Prata_5Round,2020/2021,5.0,Porto Viro,Prata di Pordenone,0.5385,0.5385,0.5385,0.5,3.8012,3.5889,0.5178,0.2123,0.5385,0.5,4,2,3,0.0,0.5,0.5385,0.5385,0.5,0.5385,3.5982,3.522,0.5096,0.0762,0.5,0.5385,-1,-1,3,0.0,0.5,0.0,0.0,0.008199999999999985,0.1361,0.2030000000000003,0.0669000000000004,3,5,8,0.0,3.0,0.0,3.0,5,13,1
2020/2021_Emma _Grupp_5Round,2020/2021,5.0,Siena,Brescia,0.6,0.5333,0.5,0.6429,3.5309,3.3885,0.5286,0.1424,0.5333,0.6429,1,1,10,0.0,0.5,0.5,0.4667,0.5556,0.4286,3.2248,3.7362,0.5094,-0.5114,0.5333,0.4286,-5,-1,12,0.0,0.5,0.09999999999999998,0.06659999999999999,0.019199999999999995,0.6537999999999999,0.3060999999999998,-0.3477000000000001,2,6,0,0.10470000000000002,2.0,3.0,-1.0,6,6,0
2020/2021_Kioen_Monza_5Round,2020/2021,5.0,Padova,Monza,0.3659,0.4,0.4062,0.3684,2.7814,3.1934,0.4896,-0.412,0.4,0.4,0,-4,31,-1.747,0.2778,0.5581,0.6667,0.4828,0.625,4.3064,2.8993,0.536,1.4071,0.6,0.6,1,6,33,1.594,0.7222,-0.19220000000000004,-0.26669999999999994,-0.04640000000000005,-1.8191,-1.525,0.2940999999999998,-10,-1,-12,-0.19999999999999996,2.0,1.0,1.0,13,1,0
2020/2021_Lube_Piace_5Round,2020/2021,5.0,Lube,Piacenza,0.4524,0.5333,0.4194,0.5238,3.7063,2.6502,0.5288,1.0561,0.4667,0.5333,-1,-1,32,0.5,0.6111,0.5,0.4667,0.5294,0.4667,3.2482,3.3362,0.48,-0.088,0.4667,0.4667,0,-1,12,-1.265,0.3889,-0.047599999999999976,0.06659999999999999,0.048800000000000066,1.1441000000000001,0.45809999999999995,-0.6859999999999999,0,-1,0,0.0,1.0,1.0,0.0,7,7,0
2020/2021_Moden_Trent_5Round,2020/2021,5.0,Modena,Trento,0.425,0.4,0.4286,0.4667,3.4886,3.7046,0.4934,-0.216,0.3333,0.4667,1,1,30,-1.922,0.3889,0.5581,0.4667,0.5,0.5926,2.6023,4.0494,0.4906,-1.4471,0.5333,0.6,0,1,33,1.29,0.6111,-0.13310000000000005,-0.06669999999999998,0.0028000000000000247,1.2311,0.8862999999999999,-0.3448000000000002,0,1,-4,-0.2667,1.0,1.0,0.0,8,4,1
2020/2021_Norma_Siste_5Round,2020/2021,5.0,Aversa,Acicastello,0.5714,0.5714,0.5,0.5714,3.7427,3.4933,0.523,0.2494,0.5,0.5714,-5,-1,4,0.0,0.5,0.5,0.5,0.5,0.5,3.4986,3.4986,0.5,0.0,0.5,0.5,0,0,0,0.0,0.5,0.07140000000000002,0.07140000000000002,0.02300000000000002,0.2494,0.24409999999999998,-0.005300000000000082,-1,-5,0,0.0,0.0,7.0,-7.0,13,13,0
2020/2021_Kioen_Lube_6Round,2020/2021,6.0,Padova,Lube,0.3571,0.3333,0.3939,0.3684,3.3359,3.6265,0.49,-0.2906,0.4,0.4,0,-5,32,-2.412,0.3889,0.4419,0.4667,0.4062,0.5238,3.7605,3.0159,0.528,0.7446,0.4667,0.5333,0,-2,33,1.8,0.6111,-0.08480000000000004,-0.13340000000000002,-0.038000000000000034,-1.0352000000000001,-0.42459999999999987,0.6106000000000003,-3,0,-5,-0.13329999999999997,1.0,1.0,0.0,14,9,0
2020/2021_Milan_Veron_6Round,2020/2021,6.0,Milano,Verona,0.4878,0.4667,0.36,0.6154,3.3144,3.7629,0.4709,-0.4485,0.4,0.4667,-1,-2,31,-1.075,0.3889,0.5814,0.5333,0.4545,0.5952,3.4394,3.4329,0.4951,0.0065,0.4545,0.6,1,1,33,1.607,0.6111,-0.09360000000000002,-0.06659999999999999,-0.0242,-0.455,-0.125,0.33000000000000007,-3,-2,-12,-0.19999999999999996,2.0,2.0,0.0,14,2,1
2020/2021_Moden_Piace_6Round,2020/2021,6.0,Modena,Piacenza,0.439,0.4667,0.4444,0.4667,3.6053,3.5309,0.4951,0.0744,0.4,0.4667,1,2,31,2.406,0.7222,0.5217,0.5333,0.5294,0.5,3.402,3.4658,0.4812,-0.0638,0.4667,0.5333,0,1,13,-2.253,0.2778,-0.08270000000000005,-0.06659999999999999,0.013899999999999968,0.1382,0.20330000000000004,0.06509999999999971,1,1,0,-0.13329999999999997,1.0,1.0,0.0,4,4,0
2020/2021_Norma_Pinet_6Round,2020/2021,6.0,Aversa,Pineto,0.5333,0.5333,0.4545,0.5714,3.6481,3.5444,0.5175,0.1037,0.4545,0.5714,-1,-2,5,0.0,0.5,0.5,0.5,0.5,0.5,3.4986,3.4986,0.5,0.0,0.5,0.5,0,0,0,0.0,0.5,0.033299999999999996,0.033299999999999996,0.01749999999999996,0.1037,0.14949999999999974,0.04579999999999984,-2,-1,0,-0.045499999999999985,1.0,7.0,-6.0,15,15,1
2020/2021_Sir S_Trent_6Round,2020/2021,6.0,Perugia,Trento,0.5714,0.5333,0.4706,0.6,3.141,3.2134,0.4966,-0.0724,0.5333,0.5333,-1,-1,32,-0.572,0.5,0.5455,0.4667,0.5,0.5714,2.7513,4.0031,0.4893,-1.2518,0.5333,0.5333,-1,-1,34,-0.572,0.5,0.025900000000000034,0.06659999999999999,0.007299999999999973,1.1794,0.38969999999999994,-0.7896999999999998,0,0,-5,0.0,2.0,1.0,1.0,10,5,0
2020/2021_Emma _Prism_7Round,2020/2021,7.0,Siena,Taranto,0.5714,0.4667,0.4706,0.6429,3.4439,3.8109,0.5166,-0.367,0.4667,0.6429,-3,-1,11,0.0,0.5,0.4167,0.4167,0.5,0.4167,3.2988,3.8155,0.4722,-0.5167,0.5,0.4167,-1,-2,2,0.0,0.5,0.1547,0.04999999999999999,0.04439999999999994,0.14970000000000006,0.14510000000000023,-0.0045999999999999375,1,-2,6,0.04999999999999999,2.0,5.0,-3.0,10,16,0
2020/2021_Kioen_Moden_7Round,2020/2021,7.0,Padova,Modena,0.3488,0.3333,0.3824,0.3684,3.2691,3.474,0.4902,-0.2049,0.3333,0.4,0,-6,33,-2.51,0.2778,0.4286,0.4667,0.4324,0.4667,3.4599,3.4074,0.4952,0.0525,0.4,0.4667,0,-1,32,2.49,0.7222,-0.07979999999999998,-0.13340000000000002,-0.004999999999999949,-0.2574,-0.1908000000000003,0.06660000000000021,-5,0,-11,-0.13340000000000002,1.0,1.0,0.0,17,6,1
2020/2021_Lube_Milan_7Round,2020/2021,7.0,Lube,Milano,0.4545,0.4667,0.4062,0.5455,3.5676,3.0428,0.5275,0.5248,0.4667,0.6,0,1,34,0.786,0.6111,0.5,0.5333,0.3846,0.6154,3.9404,3.3425,0.4784,0.5979,0.4667,0.4667,4,1,32,-0.979,0.3889,-0.045499999999999985,-0.06659999999999999,0.04909999999999998,-0.07309999999999994,-0.3727999999999998,-0.29969999999999963,0,-4,4,0.0,1.0,1.0,0.0,6,10,1
2020/2021_Monza_Trent_7Round,2020/2021,7.0,Monza,Trento,0.5682,0.6667,0.4828,0.64,4.416,3.4243,0.5348,0.9917,0.6,0.6667,0,7,34,-1.208,0.3889,0.5556,0.4667,0.5,0.5862,3.5557,3.5044,0.4955,0.0514,0.5333,0.5333,4,1,35,1.474,0.6111,0.012600000000000056,0.19999999999999996,0.03930000000000006,0.9403,0.8603000000000005,-0.08009999999999984,6,-4,1,0.06669999999999998,2.0,1.0,1.0,1,2,1
2020/2021_Delta_Med S_8Round,2020/2021,8.0,Porto Viro,Macerata,0.5714,0.5714,0.5714,0.5,3.8039,3.5341,0.5216,0.2697,0.5714,0.5,1,3,4,0.0,0.5,0.5,0.5,0.5,0.5,3.5155,3.8655,0.4868,-0.35,0.5,0.5,0,1,2,0.0,0.5,0.07140000000000002,0.07140000000000002,0.03479999999999994,0.6196999999999999,0.2884000000000002,-0.3313999999999999,2,1,11,0.07140000000000002,3.0,0.0,3.0,7,18,0
2020/2021_Kioen_Piace_8Round,2020/2021,8.0,Padova,Piacenza,0.3636,0.4,0.4,0.3684,3.4531,3.3657,0.492,0.0874,0.4,0.4,1,1,34,-1.516,0.3889,0.5417,0.5333,0.5294,0.5294,3.3416,3.3877,0.4818,-0.0461,0.4667,0.5333,0,2,14,1.037,0.6111,-0.17809999999999998,-0.13329999999999997,0.010199999999999987,0.1335,0.11149999999999993,-0.02200000000000024,-1,1,-8,-0.13329999999999997,1.0,2.0,-1.0,10,2,1
2020/2021_Lube_Moden_8Round,2020/2021,8.0,Lube,Modena,0.4667,0.5333,0.4242,0.5455,3.8975,3.0611,0.5299,0.8364,0.4667,0.6,2,2,35,0.226,0.5,0.4186,0.4667,0.4324,0.4375,3.3565,3.5497,0.4938,-0.1932,0.4,0.4667,-1,-2,33,-0.645,0.5,0.048099999999999976,0.06659999999999999,0.03610000000000002,1.0296,0.5409999999999999,-0.4885999999999999,4,3,5,0.0,1.0,1.0,0.0,2,7,0
2020/2021_Milan_Sir S_8Round,2020/2021,8.0,Milano,Perugia,0.4884,0.4667,0.3846,0.5926,3.6953,3.7342,0.4757,-0.0389,0.4667,0.4667,-2,-1,33,-2.147,0.2778,0.5581,0.4667,0.4444,0.6,2.9015,3.8734,0.49,-0.972,0.5333,0.5333,-4,-2,33,2.3,0.7222,-0.06970000000000004,0.0,-0.01429999999999998,0.9330999999999999,0.7938000000000001,-0.1392000000000002,1,2,0,-0.06659999999999999,1.0,2.0,-1.0,11,11,0
2020/2021_Prata_Vigil_8Round,2020/2021,8.0,Prata di Pordenone,Fano,0.5,0.5,0.5,0.5,3.5421,3.5619,0.5046,-0.0197,0.5,0.5,-1,-2,4,0.0,0.5,0.4615,0.4615,0.4545,0.5,3.5405,3.8497,0.4734,-0.3092,0.4545,0.5,-4,-2,3,0.0,0.5,0.03849999999999998,0.03849999999999998,0.03120000000000006,0.2895,0.0015999999999998238,-0.28779999999999983,0,3,0,0.0,3.0,6.0,-3.0,19,19,0
2020/2021_Kioen_Milan_9Round,2020/2021,9.0,Padova,Milano,0.3778,0.4667,0.4167,0.3684,3.8168,3.5219,0.4938,0.2949,0.4667,0.4,1,2,35,-1.51,0.2778,0.4773,0.4,0.3704,0.5926,3.7535,3.7809,0.4763,-0.0274,0.4667,0.4667,0,-2,34,1.49,0.7222,-0.09949999999999998,0.06669999999999998,0.017500000000000016,0.3223,0.06330000000000036,-0.2589999999999999,4,1,4,0.0,1.0,1.0,0.0,8,12,1
2020/2021_Moden_Sir S_9Round,2020/2021,9.0,Modena,Perugia,0.4318,0.5333,0.4324,0.4706,3.7465,3.4191,0.497,0.3274,0.4,0.5333,2,1,34,-2.21,0.2778,0.5682,0.4667,0.4444,0.6111,3.194,3.879,0.4903,-0.6851,0.5333,0.5333,0,1,34,2.343,0.7222,-0.13640000000000002,0.06659999999999999,0.006699999999999984,1.0125000000000002,0.5525000000000002,-0.4599000000000002,0,2,7,-0.13329999999999997,1.0,1.0,0.0,2,9,1
2020/2021_Piace_Veron_9Round,2020/2021,9.0,Piacenza,Verona,0.52,0.5333,0.5294,0.5,3.4758,3.689,0.48,-0.2132,0.4667,0.4667,-1,-1,15,0.359,0.5,0.5682,0.5333,0.4545,0.5814,3.1095,4.0322,0.4888,-0.9227,0.4545,0.5333,-4,-1,34,-0.512,0.5,-0.04820000000000002,0.0,-0.00880000000000003,0.7095,0.36629999999999985,-0.3431999999999995,0,3,0,-0.06659999999999999,1.0,3.0,-2.0,3,3,0
2020/2021_Lube_Sir S_10Round,2020/2021,10.0,Lube,Perugia,0.4565,0.4667,0.4118,0.5455,3.6625,3.543,0.5261,0.1196,0.4667,0.6,-2,-1,36,-0.727,0.3889,0.5556,0.4667,0.4444,0.5946,3.1676,3.8836,0.4889,-0.716,0.5333,0.5333,-1,-1,35,0.614,0.6111,-0.09909999999999997,0.0,0.03720000000000001,0.8356,0.4948999999999999,-0.3405999999999998,0,-1,5,-0.06659999999999999,2.0,1.0,1.0,4,9,0
2020/2021_Med S_Prata_10Round,2020/2021,10.0,Macerata,Prata di Pordenone,0.5385,0.5385,0.5,0.5385,3.6882,3.7505,0.5043,-0.0623,0.5,0.5385,4,2,3,0.0,0.5,0.4667,0.4667,0.4545,0.5,3.3843,3.8004,0.4872,-0.4161,0.4545,0.5,-4,-3,5,0.0,0.5,0.07179999999999997,0.07179999999999997,0.01709999999999995,0.3538,0.30390000000000006,-0.04989999999999961,5,8,8,0.0,2.0,2.0,0.0,12,20,0
2020/2021_Milan_Trent_10Round,2020/2021,10.0,Milano,Trento,0.4667,0.4,0.3704,0.5714,3.7952,4.0478,0.4755,-0.2526,0.4667,0.4667,-1,-3,35,-0.942,0.3889,0.5435,0.4667,0.5,0.5667,3.6566,4.0899,0.4928,-0.4334,0.5333,0.4667,-2,-1,36,1.74,0.6111,-0.07679999999999998,-0.06669999999999998,-0.017300000000000038,0.18080000000000002,0.13859999999999983,-0.04210000000000047,-2,1,-8,0.0,1.0,3.0,-2.0,12,4,1
2020/2021_Moden_Veron_10Round,2020/2021,10.0,Modena,Verona,0.4444,0.5333,0.4474,0.4706,3.7903,3.3262,0.4985,0.464,0.4667,0.5333,1,2,35,2.0,0.7222,0.5778,0.5333,0.4545,0.5909,3.3414,3.9915,0.4891,-0.6501,0.4545,0.5333,0,1,35,-2.0,0.2778,-0.13339999999999996,0.0,0.00940000000000002,1.1141,0.44889999999999963,-0.6652999999999998,1,1,0,-0.06659999999999999,1.0,1.0,0.0,2,2,0
2020/2021_Monza_Piace_10Round,2020/2021,10.0,Monza,Piacenza,0.5778,0.6667,0.5,0.64,4.7286,3.5632,0.5367,1.1654,0.6,0.6667,2,8,35,-1.95,0.3889,0.5,0.4667,0.5,0.5,3.5748,3.7279,0.4809,-0.1531,0.4667,0.4667,0,-2,16,1.285,0.6111,0.07779999999999998,0.19999999999999996,0.05579999999999996,1.3185,1.1538,-0.16469999999999985,10,2,3,0.13329999999999997,3.0,1.0,2.0,1,4,0
2020/2021_Pinet_Siste_10Round,2020/2021,10.0,Pineto,Acicastello,0.4545,0.4545,0.5,0.4545,3.1805,3.726,0.4545,-0.5455,0.5,0.4545,-6,-1,1,0.0,0.5,0.5455,0.5455,0.5,0.5455,3.5442,3.4533,0.5065,0.0909,0.5,0.5455,1,1,1,0.0,0.5,-0.09099999999999997,-0.09099999999999997,-0.051999999999999935,-0.6364,-0.36370000000000013,0.27269999999999994,-2,-7,-8,-0.045499999999999985,4.0,5.0,-1.0,21,13,1
2020/2021_Cave _Prism_11Round,2020/2021,11.0,Lagonegro,Taranto,0.375,0.4667,0.381,0.4615,3.3577,3.3922,0.4729,-0.0344,0.4,0.4615,-1,-2,14,0.0,0.5,0.4615,0.4615,0.5,0.4615,3.4782,3.6328,0.5,-0.1546,0.5,0.4615,5,1,3,0.0,0.5,-0.08650000000000002,0.005199999999999982,-0.027100000000000013,0.12019999999999999,-0.12050000000000027,-0.24060000000000015,-3,-6,0,-0.0615,7.0,4.0,3.0,13,13,0
2020/2021_Grupp_Pool _11Round,2020/2021,11.0,Brescia,Cantù,0.5217,0.5333,0.5556,0.4667,3.7242,3.5864,0.5177,0.1378,0.5333,0.4667,3,1,13,0.0,0.5,0.5455,0.6,0.4286,0.6111,3.7379,3.0735,0.5101,0.6644,0.4286,0.6667,1,4,12,0.0,0.5,-0.023799999999999932,-0.06669999999999998,0.007600000000000051,-0.5266,-0.013699999999999601,0.5128999999999997,-3,2,-5,-0.13339999999999996,6.0,7.0,-1.0,10,5,0
2020/2021_Kioen_Veron_11Round,2020/2021,11.0,Padova,Verona,0.3913,0.5333,0.4324,0.3684,4.0753,3.6328,0.4955,0.4425,0.5333,0.4,1,3,36,-0.431,0.5,0.587,0.5333,0.4545,0.6,3.5056,3.9635,0.4893,-0.4579,0.4545,0.5333,0,2,36,0.145,0.5,-0.19569999999999999,0.0,0.006199999999999983,0.9004,0.5697000000000005,-0.33069999999999977,1,1,-4,0.0,2.0,1.0,1.0,6,2,0
2020/2021_Med S_Vigil_11Round,2020/2021,11.0,Macerata,Fano,0.5,0.5,0.4545,0.5385,3.4487,3.9313,0.4832,-0.4826,0.4545,0.5385,-5,-1,4,0.0,0.5,0.5,0.5,0.4545,0.5385,3.7493,3.6744,0.4916,0.0749,0.4545,0.5385,4,1,4,0.0,0.5,0.0,0.0,-0.008399999999999963,-0.5575,-0.30059999999999976,0.2568999999999999,-2,-9,0,-0.08399999999999996,1.0,3.0,-2.0,14,14,0
2020/2021_Milan_Piace_11Round,2020/2021,11.0,Milano,Piacenza,0.4783,0.4667,0.3929,0.5714,4.2948,3.064,0.4849,1.2308,0.4667,0.4667,6,1,36,-1.937,0.2778,0.5185,0.5333,0.5,0.5263,4.0256,3.1908,0.4948,0.8348,0.4667,0.5333,5,1,17,1.957,0.7222,-0.04019999999999996,-0.06659999999999999,-0.00990000000000002,0.3959999999999999,0.26920000000000055,-0.1267999999999998,0,1,-7,-0.06659999999999999,1.0,1.0,0.0,10,3,0
2020/2021_Monza_Sir S_11Round,2020/2021,11.0,Monza,Perugia,0.5652,0.6,0.4839,0.64,3.7784,4.1314,0.5288,-0.3531,0.5333,0.6667,-5,-1,36,0.765,0.5,0.5652,0.4667,0.4444,0.6053,3.8528,3.8875,0.4923,-0.0348,0.5333,0.5333,2,1,36,-0.765,0.5,0.0,0.13329999999999997,0.03650000000000003,-0.3183,-0.0743999999999998,0.2439,-2,-7,5,0.0,1.0,1.0,0.0,1,6,0
2021/2022_Cave _Delta_1Round,2021/2022,1.0,Lagonegro,Porto Viro,0.36,0.4,0.3636,0.4615,3.4874,3.5122,0.4743,-0.0248,0.4,0.4615,0,-3,15,0.0,0.5,0.5333,0.5333,0.5333,0.5,3.598,3.7778,0.5041,-0.1797,0.5333,0.5,-4,-1,5,0.0,0.5,-0.1733,-0.13329999999999997,-0.029799999999999993,0.1549,-0.11059999999999981,-0.26560000000000006,-2,4,0,-0.09999999999999998,0.0,0.0,0.0,1,1,0
2021/2022_Kioen_Lube_1Round,2021/2022,1.0,Padova,Lube,0.383,0.5333,0.4211,0.3684,4.0231,3.9476,0.4941,0.0754,0.5333,0.4,-1,-1,37,-2.412,0.3889,0.4468,0.4667,0.4,0.5455,3.7324,4.1206,0.5223,-0.3881,0.4,0.6,-2,-2,37,1.8,0.6111,-0.06379999999999997,0.06659999999999999,-0.028200000000000003,0.4635,0.2907000000000002,-0.1729999999999996,1,1,0,-0.06669999999999998,0.0,0.0,0.0,2,2,0
2021/2022_Leo S_Monza_1Round,2021/2022,1.0,Modena,Monza,0.4348,0.4667,0.4359,0.4706,3.8217,3.4949,0.4985,0.3268,0.4667,0.5333,0,-1,36,-1.565,0.3889,0.5532,0.5333,0.4688,0.64,3.5778,3.8264,0.5283,-0.2486,0.5333,0.6667,0,-2,37,0.647,0.6111,-0.1184,-0.06659999999999999,-0.029799999999999993,0.5753999999999999,0.2439,-0.33150000000000013,1,0,0,-0.19999999999999996,0.0,0.0,0.0,3,3,1
2021/2022_Med S_Prata_1Round,2021/2022,1.0,Macerata,Prata di Pordenone,0.4667,0.4667,0.4167,0.5385,3.608,4.0021,0.4848,-0.3941,0.4167,0.5385,0,-2,5,0.0,0.5,0.5,0.4667,0.4545,0.5333,3.69,3.4552,0.5082,0.2348,0.4545,0.5333,5,1,6,0.0,0.5,-0.033299999999999996,0.0,-0.023399999999999976,-0.6289,-0.08199999999999985,0.5469000000000004,-3,-5,0,-0.11659999999999998,0.0,0.0,0.0,4,4,1
2021/2022_Shedi_Wow G_1Round,2021/2022,1.0,Sorrento,Aversa,0.5,0.5,0.5,0.5,3.4986,3.4986,0.5,0.0,0.5,0.5,0,0,0,0.0,0.5,0.5625,0.5333,0.5,0.5714,3.8977,3.1411,0.5426,0.7567,0.5,0.5714,6,1,6,0.0,0.5,-0.0625,-0.033299999999999996,-0.04259999999999997,-0.7567,-0.3990999999999998,0.3575000000000004,-1,-6,0,-0.07140000000000002,7.0,0.0,7.0,5,5,0
2021/2022_Trent_Veron_1Round,2021/2022,1.0,Trento,Verona,0.5319,0.4667,0.5,0.5484,2.7836,4.5057,0.4844,-1.7222,0.5333,0.4667,-6,-2,37,-1.566,0.3889,0.5957,0.6,0.4545,0.6087,3.8581,3.9444,0.4911,-0.0863,0.4545,0.6,1,3,37,0.881,0.6111,-0.06379999999999997,-0.13329999999999997,-0.006699999999999984,-1.6359,-1.0745,0.5613000000000001,-5,-7,0,-0.06669999999999998,0.0,0.0,0.0,6,6,1
2021/2022_Consa_Gioie_2Round,2021/2022,2.0,Ravenna,Taranto,0.4545,0.4545,0.5,0.4545,3.5442,3.726,0.4909,-0.1818,0.5,0.4545,-2,-1,1,0.0,0.5,0.5,0.5,0.5,0.5,3.5239,3.6579,0.5,-0.134,0.5,0.5,0,2,4,0.0,0.5,-0.045499999999999985,-0.045499999999999985,-0.009099999999999997,-0.04779999999999998,0.020300000000000207,0.06809999999999983,-3,-2,0,0.0,0.0,0.0,0.0,7,7,0
2021/2022_Lube_Piace_2Round,2021/2022,2.0,Lube,Piacenza,0.4583,0.5333,0.4,0.5652,3.5448,3.818,0.5219,-0.2732,0.4,0.6,0,1,38,0.5,0.6111,0.5357,0.5333,0.5,0.55,4.1648,3.3753,0.4975,0.7895,0.4667,0.6,1,2,18,-1.265,0.3889,-0.07739999999999997,0.0,0.024400000000000033,-1.0627,-0.6199999999999997,0.44269999999999987,-1,-1,7,-0.19999999999999996,1.0,0.0,1.0,1,8,0
2021/2022_Milan_Monza_2Round,2021/2022,2.0,Milano,Monza,0.4681,0.4,0.3793,0.5714,4.1776,3.5472,0.4839,0.6304,0.4667,0.4667,-1,-1,37,-0.229,0.5,0.5417,0.4667,0.4688,0.6154,2.961,4.3235,0.5208,-1.3625,0.5333,0.6,-5,-3,38,-0.782,0.5,-0.07359999999999994,-0.06669999999999998,-0.036900000000000044,1.9929000000000001,1.2166000000000001,-0.7763,2,4,0,-0.13329999999999997,0.0,1.0,-1.0,9,9,0
2021/2022_Pinet_Prata_2Round,2021/2022,2.0,Pineto,Prata di Pordenone,0.5,0.5,0.5455,0.4545,3.1155,3.7655,0.4679,-0.65,0.5455,0.4545,1,1,2,0.0,0.5,0.4706,0.4,0.4545,0.5,3.7077,3.6507,0.5037,0.057,0.4545,0.4667,-1,-1,7,0.0,0.5,0.02939999999999998,0.09999999999999998,-0.035800000000000054,-0.7070000000000001,-0.5922000000000001,0.11479999999999979,2,2,0,0.07879999999999998,0.0,1.0,-1.0,10,10,1
2021/2022_Sir S_Veron_2Round,2021/2022,2.0,Perugia,Verona,0.5745,0.5333,0.4444,0.6154,3.6302,3.6547,0.4925,-0.0245,0.5333,0.6,0,2,37,2.069,0.6111,0.5833,0.5333,0.4545,0.5957,3.3958,4.4065,0.4856,-1.0107,0.4545,0.5333,-4,-1,38,-1.59,0.3889,-0.00880000000000003,0.0,0.006900000000000017,0.9862,0.23439999999999994,-0.7518000000000002,3,4,0,0.0,0.0,1.0,-1.0,11,11,1
2021/2022_Cave _Pool _3Round,2021/2022,3.0,Lagonegro,Cantù,0.3462,0.4,0.3478,0.4615,3.5831,3.7856,0.473,-0.2024,0.4,0.4615,-1,-4,16,0.0,0.5,0.5652,0.6667,0.4286,0.6316,3.7572,3.2752,0.5095,0.482,0.4286,0.6667,0,5,13,0.0,0.5,-0.21900000000000003,-0.26669999999999994,-0.03649999999999998,-0.6844,-0.17410000000000014,0.5104000000000002,-9,-1,0,-0.26669999999999994,2.0,0.0,2.0,12,12,1
2021/2022_Lube_Trent_3Round,2021/2022,3.0,Lube,Trento,0.449,0.4667,0.3889,0.5652,3.1733,4.3207,0.5157,-1.1474,0.4,0.6,-4,-1,39,0.093,0.5,0.5417,0.4667,0.5185,0.5484,3.5893,3.8516,0.4903,-0.2623,0.5333,0.4667,4,1,38,0.093,0.5,-0.09269999999999995,0.0,0.025400000000000034,-0.8851,-0.41600000000000037,0.4691000000000005,-2,-8,0,-0.06669999999999998,1.0,2.0,-1.0,1,1,1
2021/2022_Milan_Piace_3Round,2021/2022,3.0,Milano,Piacenza,0.4583,0.4,0.3667,0.5714,3.8582,3.8894,0.4814,-0.0312,0.4667,0.4667,-2,-2,38,-1.937,0.2778,0.5517,0.5333,0.5,0.5714,4.4656,3.1161,0.5072,1.3494,0.4667,0.6,4,3,19,1.957,0.7222,-0.09339999999999998,-0.13329999999999997,-0.02579999999999999,-1.3805999999999998,-0.6074000000000002,0.7733000000000003,-5,-6,-11,-0.13329999999999997,1.0,1.0,0.0,13,2,1
2021/2022_Kioen_Trent_4Round,2021/2022,4.0,Padova,Trento,0.375,0.5333,0.4103,0.3684,3.7494,3.6963,0.4942,0.0531,0.5333,0.4,0,-2,38,-3.0,0.2778,0.5306,0.4667,0.5185,0.5312,3.4434,4.3443,0.4865,-0.9009,0.5333,0.4,-3,-1,39,3.0,0.7222,-0.15559999999999996,0.06659999999999999,0.007699999999999985,0.9540000000000001,0.30600000000000005,-0.6479999999999997,-1,3,-12,0.13329999999999997,3.0,1.0,2.0,14,2,0
2021/2022_Leo S_Piace_4Round,2021/2022,4.0,Modena,Piacenza,0.4468,0.5333,0.45,0.4706,4.3169,2.9059,0.5057,1.411,0.5333,0.5333,5,1,37,2.406,0.7222,0.5333,0.5333,0.5,0.5455,4.0876,3.7264,0.5,0.3612,0.4667,0.5333,-3,-1,20,-2.253,0.2778,-0.08650000000000002,0.0,0.005700000000000038,1.0498,0.22930000000000028,-0.8205,2,8,0,0.0,3.0,1.0,2.0,3,3,0
2021/2022_Lube_Veron_4Round,2021/2022,4.0,Lube,Verona,0.46,0.4667,0.4054,0.5652,3.87,3.9573,0.5194,-0.0873,0.4667,0.6,3,1,40,2.657,0.7222,0.5714,0.5333,0.4545,0.5833,3.3072,4.2573,0.4844,-0.9501,0.4545,0.5333,-1,-2,39,-2.79,0.2778,-0.1114,-0.06659999999999999,0.034999999999999976,0.8627999999999999,0.5628000000000002,-0.2999999999999998,3,4,13,-0.06659999999999999,1.0,2.0,-1.0,1,14,1
2021/2022_Cave _Emma _5Round,2021/2022,5.0,Lagonegro,Siena,0.3704,0.4,0.375,0.4615,4.0316,3.2322,0.487,0.7995,0.4,0.4615,5,1,17,0.0,0.5,0.5455,0.4667,0.4444,0.6429,3.0499,4.1356,0.5,-1.0857,0.4,0.6429,-5,-2,12,0.0,0.5,-0.17509999999999998,-0.06669999999999998,-0.013000000000000012,1.8852000000000002,0.9817,-0.9034,3,10,10,-0.2429,2.0,0.0,2.0,4,14,1
2021/2022_Lube_Milan_5Round,2021/2022,5.0,Lube,Milano,0.4706,0.5333,0.4211,0.5652,3.8808,3.701,0.5204,0.1798,0.4667,0.6,1,2,41,0.786,0.6111,0.4694,0.4667,0.3871,0.5714,4.3489,3.6546,0.4861,0.6944,0.4667,0.4667,3,1,39,-0.979,0.3889,0.0012000000000000344,0.06659999999999999,0.0343,-0.5146000000000001,-0.4681000000000006,0.04640000000000022,1,-2,4,0.0,1.0,2.0,-1.0,1,5,0
2021/2022_Monza_Piace_5Round,2021/2022,5.0,Monza,Piacenza,0.551,0.4667,0.4688,0.6296,3.4787,3.96,0.5231,-0.4813,0.5333,0.6,2,1,39,-1.95,0.3889,0.5484,0.6,0.5,0.5652,4.4259,3.5593,0.5066,0.8666,0.4667,0.6,3,1,21,1.285,0.6111,0.0026000000000000467,-0.13329999999999997,0.01649999999999996,-1.3479,-0.9472000000000005,0.40070000000000006,0,-1,-4,-0.06669999999999998,3.0,1.0,2.0,6,2,1
2021/2022_Prata_Vigil_5Round,2021/2022,5.0,Prata di Pordenone,Fano,0.4444,0.4,0.4545,0.4706,3.3234,3.947,0.4857,-0.6236,0.4545,0.4,-5,-2,8,0.0,0.5,0.5333,0.5333,0.4545,0.5714,3.8535,3.7923,0.4924,0.0611,0.4545,0.5714,0,2,5,0.0,0.5,-0.08889999999999998,-0.13329999999999997,-0.006699999999999984,-0.6847000000000001,-0.5301,0.15470000000000006,-4,-5,0,-0.1169,3.0,0.0,3.0,14,14,0
2021/2022_Sir S_Trent_5Round,2021/2022,5.0,Perugia,Trento,0.5833,0.6,0.4737,0.6154,3.7103,3.4901,0.4941,0.2203,0.5333,0.6,1,3,38,-0.572,0.5,0.54,0.4667,0.5185,0.5455,4.0601,3.974,0.4908,0.0861,0.5333,0.4667,3,1,40,-0.572,0.5,0.043300000000000005,0.13329999999999997,0.0032999999999999696,0.13419999999999999,-0.3498000000000001,-0.4839000000000002,2,-2,-5,0.06659999999999999,3.0,1.0,2.0,7,2,1
2021/2022_Delta_Pool _6Round,2021/2022,6.0,Porto Viro,Cantù,0.5625,0.6,0.5333,0.5455,3.7458,3.7749,0.5075,-0.029,0.5333,0.5455,1,1,6,0.0,0.5,0.5417,0.6,0.4286,0.6,3.2482,3.775,0.4939,-0.5268,0.4286,0.6,-5,-1,14,0.0,0.5,0.02080000000000004,0.0,0.013599999999999945,0.4978,0.4975999999999998,-9.999999999976694e-05,2,6,7,-0.06669999999999998,5.0,3.0,2.0,8,15,0
2021/2022_Leo S_Lube_6Round,2021/2022,6.0,Modena,Lube,0.4375,0.5333,0.439,0.4706,3.9562,3.6755,0.5014,0.2808,0.4667,0.5333,-3,-1,38,-0.645,0.5,0.4615,0.5333,0.4103,0.5652,3.6466,3.5202,0.5201,0.1264,0.4667,0.6,0,-1,42,0.226,0.5,-0.02400000000000002,0.0,-0.01870000000000005,0.15439999999999998,0.3096000000000001,0.1553,0,-3,-7,-0.13329999999999997,2.0,1.0,1.0,8,1,1
2021/2022_Milan_Sir S_6Round,2021/2022,6.0,Milano,Perugia,0.48,0.5333,0.3871,0.5862,3.9772,3.4887,0.4863,0.4886,0.4667,0.4667,0,2,40,-2.147,0.2778,0.5918,0.6,0.5,0.6154,4.2449,3.1348,0.5,1.1101,0.5333,0.6,4,4,39,2.3,0.7222,-0.11180000000000001,-0.06669999999999998,-0.01369999999999999,-0.6215000000000002,-0.2677000000000005,0.3539000000000003,-2,-4,0,-0.13329999999999997,1.0,1.0,0.0,2,2,1
2021/2022_Monza_Trent_6Round,2021/2022,6.0,Monza,Trento,0.56,0.4667,0.4848,0.6296,4.085,2.9836,0.5308,1.1013,0.5333,0.6,6,2,40,-1.208,0.3889,0.5294,0.4667,0.5185,0.5294,3.5321,4.4363,0.4858,-0.9041,0.5333,0.4,-4,-1,41,1.474,0.6111,0.03060000000000007,0.0,0.04500000000000004,2.0054,0.5529000000000002,-1.4527,3,10,0,0.13329999999999997,1.0,1.0,0.0,3,3,0
2021/2022_Emma _Grupp_7Round,2021/2022,7.0,Siena,Brescia,0.5217,0.4,0.4444,0.6,3.0886,4.3848,0.4911,-1.2962,0.4,0.6,-3,-3,13,0.0,0.5,0.5,0.4667,0.5263,0.4667,3.7493,3.6498,0.5168,0.0995,0.4667,0.4667,0,-1,14,0.0,0.5,0.021700000000000053,-0.06669999999999998,-0.025700000000000056,-1.3957,-0.6606999999999998,0.7350000000000003,-2,-3,0,-0.06669999999999998,2.0,0.0,2.0,16,16,0
2021/2022_Kioen_Piace_7Round,2021/2022,7.0,Padova,Piacenza,0.3673,0.4667,0.4,0.3684,3.556,4.235,0.4902,-0.679,0.4667,0.4,-3,-3,39,-1.516,0.3889,0.5312,0.5333,0.5,0.5417,3.4358,4.0577,0.4936,-0.6219,0.4667,0.5333,-6,-1,22,1.037,0.6111,-0.1639,-0.06659999999999999,-0.0033999999999999586,-0.05710000000000004,0.12020000000000008,0.17730000000000068,-2,3,-13,-0.06659999999999999,3.0,2.0,1.0,17,4,1
2021/2022_Leo S_Trent_7Round,2021/2022,7.0,Modena,Trento,0.449,0.5333,0.4524,0.4706,4.4179,3.2652,0.5068,1.1527,0.5333,0.5333,4,1,39,-1.922,0.3889,0.5385,0.5333,0.5185,0.5429,3.6437,4.2795,0.4861,-0.6359,0.5333,0.4667,0,1,42,1.29,0.6111,-0.08949999999999997,0.0,0.02070000000000005,1.7886000000000002,0.7742000000000004,-1.0142999999999995,0,4,-3,0.06659999999999999,1.0,1.0,0.0,4,1,1
2021/2022_Milan_Veron_7Round,2021/2022,7.0,Milano,Verona,0.4902,0.5333,0.4062,0.5862,3.9562,3.3714,0.4879,0.5848,0.5333,0.4667,1,3,41,-1.075,0.3889,0.56,0.4667,0.4545,0.5714,3.2443,4.1527,0.4833,-0.9085,0.4545,0.4667,-1,-3,40,1.607,0.6111,-0.06980000000000003,0.06659999999999999,0.004599999999999993,1.4933,0.7119,-0.7813000000000003,6,2,17,0.06659999999999999,1.0,3.0,-2.0,1,18,1
2021/2022_Delta_Emma _8Round,2021/2022,8.0,Porto Viro,Siena,0.5294,0.5333,0.5,0.5455,3.627,3.7729,0.5036,-0.1459,0.5333,0.5455,-1,-1,7,0.0,0.5,0.5,0.4,0.4211,0.6,3.1151,4.2266,0.4886,-1.1114,0.3333,0.6,-1,-4,14,0.0,0.5,0.02939999999999998,0.13329999999999997,0.015000000000000069,0.9654999999999999,0.5118999999999998,-0.45370000000000044,3,0,9,-0.06669999999999998,2.0,1.0,1.0,9,18,1
2021/2022_Kioen_Monza_8Round,2021/2022,8.0,Padova,Monza,0.38,0.4667,0.4146,0.3684,4.1393,3.6571,0.4959,0.4823,0.4667,0.4,4,1,40,-1.747,0.2778,0.549,0.4667,0.4706,0.6296,4.032,3.2573,0.5301,0.7747,0.4667,0.6,0,-1,41,1.594,0.7222,-0.16900000000000004,0.0,-0.03420000000000001,-0.29240000000000005,0.1073000000000004,0.39979999999999993,2,4,-5,-0.13329999999999997,1.0,2.0,-1.0,10,5,0
2021/2022_Leo S_Sir S_8Round,2021/2022,8.0,Modena,Perugia,0.46,0.5333,0.4651,0.4706,4.5058,3.2147,0.5093,1.291,0.5333,0.5333,2,2,40,-2.21,0.2778,0.58,0.6,0.5,0.6,3.904,3.3629,0.4986,0.5411,0.5333,0.5333,-1,-1,40,2.343,0.7222,-0.11999999999999994,-0.06669999999999998,0.010699999999999987,0.7498999999999999,0.6017999999999999,-0.14819999999999967,3,3,4,0.0,1.0,2.0,-1.0,2,6,0
2021/2022_Cave _Grupp_9Round,2021/2022,9.0,Lagonegro,Brescia,0.3929,0.4667,0.4,0.4615,4.362,3.212,0.4951,1.15,0.4667,0.4615,3,2,18,0.0,0.5,0.52,0.5333,0.5263,0.5,3.7694,3.5177,0.5189,0.2517,0.4667,0.5333,1,1,15,0.0,0.5,-0.1271,-0.06659999999999999,-0.023800000000000043,0.8982999999999999,0.5926,-0.30569999999999986,1,2,3,-0.06659999999999999,4.0,2.0,2.0,7,10,1
2021/2022_Kioen_Sir S_9Round,2021/2022,9.0,Padova,Perugia,0.3725,0.4,0.4048,0.3684,3.5879,4.2133,0.4906,-0.6255,0.4,0.4,-4,-1,41,-2.853,0.2778,0.5882,0.6,0.5,0.6098,4.3871,3.5241,0.5014,0.863,0.5333,0.5333,2,1,41,2.7,0.7222,-0.21569999999999995,-0.19999999999999996,-0.010799999999999976,-1.4885,-0.7992000000000004,0.6892000000000005,-2,-6,-8,-0.13329999999999997,1.0,1.0,0.0,10,2,0
2021/2022_Leo S_Veron_9Round,2021/2022,9.0,Modena,Verona,0.451,0.5333,0.4545,0.4706,4.328,3.9022,0.5065,0.4258,0.5333,0.5333,-2,-1,41,2.0,0.7222,0.549,0.4,0.4545,0.56,3.1994,4.562,0.4797,-1.3626,0.4545,0.4,-3,-4,41,-2.0,0.2778,-0.09800000000000003,0.13329999999999997,0.026799999999999935,1.7884,1.1286000000000005,-0.6598000000000002,3,1,15,0.13329999999999997,1.0,2.0,-1.0,3,18,1
2021/2022_Med S_Pinet_9Round,2021/2022,9.0,Macerata,Pineto,0.5,0.5333,0.4615,0.5385,3.7537,3.9515,0.4894,-0.1979,0.4615,0.5385,1,1,6,0.0,0.5,0.5385,0.5385,0.5833,0.4545,3.3005,3.5843,0.5,-0.2838,0.5833,0.4545,5,2,3,0.0,0.5,-0.03849999999999998,-0.005199999999999982,-0.010599999999999998,0.0859,0.4531999999999998,0.36719999999999997,-1,-4,0,0.007000000000000006,7.0,7.0,0.0,10,10,1
2021/2022_Siste_Wow G_9Round,2021/2022,9.0,Acicastello,Aversa,0.5,0.5,0.5,0.5,3.5322,3.4655,0.5,0.0667,0.5,0.5,-1,-1,2,0.0,0.5,0.5882,0.5333,0.5,0.6,3.7438,3.1622,0.5412,0.5816,0.5,0.6,0,2,7,0.0,0.5,-0.08819999999999995,-0.033299999999999996,-0.041200000000000014,-0.5149,-0.2115999999999998,0.3033000000000001,-3,-1,-7,-0.09999999999999998,0.0,7.0,-7.0,18,11,1
2021/2022_Delta_Grupp_10Round,2021/2022,10.0,Porto Viro,Brescia,0.5556,0.5333,0.5294,0.5455,3.9291,3.2393,0.5247,0.6898,0.5333,0.5455,6,1,8,0.0,0.5,0.5,0.4667,0.5263,0.4706,3.4163,3.9741,0.5078,-0.5578,0.4667,0.5333,-4,-1,16,0.0,0.5,0.05559999999999998,0.06659999999999999,0.016900000000000026,1.2475999999999998,0.5127999999999999,-0.7347999999999999,2,10,3,0.0,2.0,1.0,1.0,8,11,0
2021/2022_Kioen_Milan_10Round,2021/2022,10.0,Padova,Milano,0.3654,0.4,0.3953,0.3684,3.6829,4.1228,0.4908,-0.4399,0.4,0.4,0,-2,42,-1.51,0.2778,0.5,0.6,0.4242,0.5862,4.4265,3.2883,0.4921,1.1382,0.5333,0.4667,3,4,42,1.49,0.7222,-0.1346,-0.19999999999999996,-0.0012999999999999678,-1.5781,-0.7435999999999998,0.8344999999999998,-6,-3,-11,-0.06669999999999998,1.0,3.0,-2.0,12,1,0
2021/2022_Piace_Trent_10Round,2021/2022,10.0,Piacenza,Trento,0.5152,0.4667,0.5,0.52,3.1407,4.4184,0.4856,-1.2777,0.4667,0.4667,-4,-2,23,-1.665,0.3889,0.5283,0.4667,0.5185,0.5278,3.4793,4.4132,0.4839,-0.9339,0.5333,0.4667,-2,-1,43,1.206,0.6111,-0.0131,0.0,0.0016999999999999793,-0.3438000000000001,-0.3386,0.0052000000000003155,-1,-2,-4,0.0,3.0,3.0,0.0,8,4,0
2021/2022_Kioen_Veron_11Round,2021/2022,11.0,Padova,Verona,0.3585,0.4,0.3864,0.3684,3.5068,4.0595,0.4897,-0.5527,0.4,0.4,-1,-3,43,-0.431,0.5,0.5385,0.3333,0.4545,0.549,3.1674,4.368,0.4787,-1.2006,0.4545,0.3333,-1,-5,42,0.145,0.5,-0.18,0.06670000000000004,0.01100000000000001,0.6478999999999999,0.3393999999999999,-0.30850000000000044,2,0,7,0.06670000000000004,1.0,2.0,-1.0,12,19,1
2021/2022_Leo S_Milan_11Round,2021/2022,11.0,Modena,Milano,0.4615,0.5333,0.4667,0.4706,4.2034,3.6616,0.5076,0.5418,0.5333,0.5333,1,1,42,-0.755,0.3889,0.5094,0.6667,0.4242,0.6,4.2731,3.2294,0.4936,1.0437,0.5333,0.5333,1,5,43,0.01,0.6111,-0.04789999999999994,-0.13339999999999996,0.014000000000000068,-0.5019000000000001,-0.0697000000000001,0.4321999999999999,-4,0,-1,0.0,2.0,1.0,1.0,2,1,1
2021/2022_Lube_Monza_11Round,2021/2022,11.0,Lube,Monza,0.4528,0.4667,0.4103,0.5417,3.2379,4.1226,0.5144,-0.8847,0.4667,0.5333,-4,-2,43,1.157,0.6111,0.5577,0.5333,0.4706,0.6429,4.4798,2.9657,0.5346,1.5141,0.4667,0.6,4,1,42,-2.055,0.3889,-0.1049,-0.06659999999999999,-0.020199999999999996,-2.3988,-1.2419000000000002,1.1569000000000003,-3,-8,0,-0.13329999999999997,5.0,3.0,2.0,5,5,0
2021/2022_Piace_Sir S_11Round,2021/2022,11.0,Piacenza,Perugia,0.5,0.4,0.4737,0.52,3.351,4.2568,0.486,-0.9058,0.4667,0.4667,0,-3,24,-1.763,0.2778,0.5962,0.6,0.5,0.619,4.2449,3.638,0.5013,0.6069,0.5333,0.6,0,2,42,1.896,0.7222,-0.09619999999999995,-0.19999999999999996,-0.01529999999999998,-1.5127000000000002,-0.8939000000000004,0.6188000000000002,-5,0,-5,-0.13329999999999997,1.0,2.0,-1.0,8,3,0
2021/2022_Shedi_Siste_11Round,2021/2022,11.0,Sorrento,Acicastello,0.4545,0.4545,0.4545,0.5,3.4533,3.4533,0.5,0.0,0.4545,0.5,0,-1,1,0.0,0.5,0.5385,0.5385,0.5455,0.5,3.6351,3.5012,0.505,0.1338,0.5455,0.5,1,1,3,0.0,0.5,-0.08399999999999996,-0.08399999999999996,-0.0050000000000000044,-0.1338,-0.18179999999999996,-0.04789999999999983,-2,-1,-6,-0.045499999999999985,7.0,2.0,5.0,19,13,0
2021/2022_Emma _Pool _12Round,2021/2022,12.0,Siena,Cantù,0.48,0.3333,0.4211,0.5625,2.5928,4.473,0.4722,-1.8802,0.3333,0.5333,-6,-5,15,0.0,0.5,0.56,0.6,0.4286,0.619,3.4085,3.6079,0.4971,-0.1993,0.4286,0.6,1,1,15,0.0,0.5,-0.08000000000000007,-0.2667,-0.024899999999999978,-1.6809,-0.8157000000000001,0.8651,-6,-7,-5,-0.2667,4.0,6.0,-2.0,19,14,0
2021/2022_Milan_Trent_12Round,2021/2022,12.0,Milano,Trento,0.5,0.6,0.4242,0.5806,3.9212,3.6763,0.4912,0.2449,0.5333,0.4667,-2,-1,44,-0.942,0.3889,0.537,0.5333,0.5185,0.5405,3.6076,4.2641,0.4842,-0.6565,0.5333,0.5333,0,1,44,1.74,0.6111,-0.03700000000000003,0.06669999999999998,0.007000000000000006,0.9014,0.31359999999999966,-0.5878000000000001,-2,-2,3,0.0,1.0,2.0,-1.0,1,4,0
2021/2022_Monza_Sir S_12Round,2021/2022,12.0,Monza,Perugia,0.566,0.6,0.4706,0.6552,4.0672,3.0026,0.5341,1.0646,0.4667,0.6,0,2,43,0.765,0.5,0.6038,0.6,0.5,0.6279,4.1454,3.4753,0.5026,0.6701,0.5333,0.6,1,3,43,-0.765,0.5,-0.037800000000000056,0.0,0.03149999999999997,0.39449999999999996,-0.07820000000000071,-0.4726999999999997,-1,-1,-4,-0.13329999999999997,1.0,1.0,0.0,5,1,0
2021/2022_Piace_Veron_12Round,2021/2022,12.0,Piacenza,Verona,0.4857,0.4,0.45,0.52,3.2872,4.1431,0.4845,-0.8559,0.4,0.4667,-1,-4,25,0.359,0.5,0.5283,0.3333,0.4545,0.5385,2.6576,4.7187,0.4726,-2.0612,0.4545,0.3333,-5,-6,43,-0.512,0.5,-0.04259999999999997,0.06670000000000004,0.011899999999999966,1.2052999999999998,0.6295999999999999,-0.5756000000000006,2,4,11,0.06670000000000004,1.0,1.0,0.0,8,19,1
2021/2022_Pinet_Vigil_12Round,2021/2022,12.0,Pineto,Fano,0.5,0.5,0.5833,0.4167,3.1984,3.7873,0.4796,-0.5889,0.5833,0.4167,-4,-1,4,0.0,0.5,0.5625,0.5333,0.4545,0.6,3.8345,3.7863,0.4928,0.0481,0.4545,0.6,0,3,6,0.0,0.5,-0.0625,-0.033299999999999996,-0.01319999999999999,-0.637,-0.6360999999999999,0.0009999999999998899,-4,-4,0,-0.016699999999999937,3.0,7.0,-4.0,15,15,1
2021/2022_Grupp_Pool _13Round,2021/2022,13.0,Brescia,Cantù,0.5185,0.5333,0.5263,0.5,3.7233,4.1228,0.5073,-0.3995,0.4667,0.5333,0,1,17,0.0,0.5,0.5769,0.6,0.4286,0.6364,3.8957,3.3004,0.5083,0.5954,0.4286,0.6,4,2,16,0.0,0.5,-0.05840000000000001,-0.06669999999999998,-0.0010000000000000009,-0.9949000000000001,-0.1724000000000001,0.8224,-1,-4,0,-0.13329999999999997,3.0,1.0,2.0,9,9,1
2021/2022_Kioen_Leo S_13Round,2021/2022,13.0,Padova,Modena,0.3704,0.4667,0.4,0.3684,4.1158,3.2822,0.4962,0.8337,0.4667,0.4,5,1,44,-2.51,0.2778,0.4717,0.6,0.4783,0.4706,4.3596,3.4919,0.51,0.8677,0.6,0.5333,2,2,43,2.49,0.7222,-0.1013,-0.13329999999999997,-0.013800000000000034,-0.03400000000000003,-0.24380000000000024,-0.20969999999999978,-1,3,-8,-0.06659999999999999,2.0,2.0,0.0,10,2,0
2021/2022_Lube_Sir S_13Round,2021/2022,13.0,Lube,Perugia,0.4444,0.4667,0.4,0.5417,3.1934,3.8154,0.5142,-0.6219,0.4667,0.5333,0,-3,44,-0.727,0.3889,0.6111,0.6,0.5,0.6364,4.0759,3.6048,0.5026,0.4711,0.5333,0.6,0,4,44,0.614,0.6111,-0.16669999999999996,-0.13329999999999997,0.011599999999999944,-1.093,-0.8824999999999998,0.2105999999999999,-7,0,-5,-0.13329999999999997,2.0,1.0,1.0,6,1,1
2021/2022_Med S_Vigil_13Round,2021/2022,13.0,Macerata,Fano,0.5294,0.5333,0.5,0.5385,4.0036,3.6616,0.5034,0.342,0.5,0.5385,4,2,7,0.0,0.5,0.5294,0.5333,0.4545,0.5625,3.4481,4.0287,0.4756,-0.5806,0.4545,0.5333,-5,-1,7,0.0,0.5,0.0,0.0,0.027799999999999936,0.9226000000000001,0.5554999999999994,-0.36709999999999976,3,9,6,-0.033299999999999996,4.0,1.0,3.0,10,16,1
2021/2022_Monza_Veron_13Round,2021/2022,13.0,Monza,Verona,0.5556,0.5333,0.4571,0.6552,4.0209,3.2724,0.5334,0.7484,0.4,0.6,0,-1,44,-0.732,0.3889,0.5185,0.3333,0.4545,0.5283,2.541,4.9678,0.4681,-2.4268,0.4545,0.3333,-4,-7,44,1.397,0.6111,0.03710000000000002,0.2,0.06529999999999997,3.1752000000000002,1.4799000000000002,-1.6954000000000002,6,4,14,0.06670000000000004,1.0,1.0,0.0,5,19,1
2022/2023_Delta_Prata_1Round,2022/2023,1.0,Porto Viro,Prata di Pordenone,0.5263,0.4667,0.5,0.5455,4.0332,3.5185,0.5227,0.5146,0.4667,0.5455,0,-1,9,0.0,0.5,0.4211,0.4,0.4167,0.4706,3.4391,3.9044,0.4865,-0.4653,0.4167,0.4,0,-3,9,0.0,0.5,0.10520000000000002,0.06669999999999998,0.036200000000000065,0.9799,0.5941000000000001,-0.3858999999999999,2,0,0,0.06669999999999998,0.0,0.0,0.0,1,1,1
2022/2023_Moden_Padov_1Round,2022/2023,1.0,Modena,Padova,0.4815,0.6,0.4783,0.5,4.2265,3.372,0.511,0.8545,0.6,0.5333,1,3,44,2.49,0.7222,0.3636,0.4,0.3913,0.3684,3.8101,3.4695,0.495,0.3405,0.4,0.4,-1,-1,45,-2.51,0.2778,0.1179,0.19999999999999996,0.016000000000000014,0.514,0.4163999999999999,-0.09750000000000014,4,2,0,0.19999999999999996,0.0,0.0,0.0,2,2,1
2022/2023_Monza_Sir S_1Round,2022/2023,1.0,Monza,Perugia,0.5636,0.5333,0.4722,0.6552,4.4797,3.2173,0.5363,1.2624,0.4667,0.6,3,1,45,0.765,0.5,0.6,0.6,0.5,0.6222,3.782,3.6963,0.5013,0.0857,0.5333,0.6,-1,-1,45,-0.765,0.5,-0.03639999999999999,-0.06669999999999998,0.03500000000000003,1.1766999999999999,0.6977000000000002,-0.4790000000000001,2,4,0,-0.13329999999999997,0.0,0.0,0.0,3,3,0
2022/2023_Piace_Veron_1Round,2022/2023,1.0,Piacenza,Verona,0.5,0.4,0.4762,0.52,3.891,3.6301,0.4925,0.2609,0.4,0.4667,4,1,26,0.359,0.5,0.5091,0.3333,0.4545,0.5185,2.7031,5.1453,0.4651,-2.4421,0.4545,0.3333,-3,-8,45,-0.512,0.5,-0.009099999999999997,0.06670000000000004,0.02739999999999998,2.703,1.1879,-1.5151999999999997,9,7,0,0.06670000000000004,0.0,0.0,0.0,4,4,0
2022/2023_Pinet_Vigil_1Round,2022/2023,1.0,Pineto,Fano,0.5333,0.5333,0.6154,0.4167,3.5036,3.4845,0.5048,0.0191,0.6154,0.4167,5,1,5,0.0,0.5,0.5,0.5333,0.4545,0.5294,3.5273,4.0993,0.4739,-0.572,0.4545,0.5333,-1,-2,8,0.0,0.5,0.033299999999999996,0.0,0.03090000000000004,0.5911,-0.023699999999999832,-0.6148000000000002,3,6,0,0.08209999999999995,0.0,0.0,0.0,5,5,1
2022/2023_Conso_Delta_2Round,2022/2023,2.0,Brescia,Porto Viro,0.5357,0.5333,0.55,0.5,3.9487,3.8485,0.5117,0.1002,0.4667,0.5333,2,2,18,0.0,0.5,0.55,0.5333,0.5263,0.5455,4.2688,3.2885,0.534,0.9803,0.4667,0.5455,4,1,10,0.0,0.5,-0.01430000000000009,0.0,-0.022299999999999986,-0.8801,-0.3200999999999996,0.56,1,-2,-5,-0.07879999999999998,0.0,1.0,-1.0,6,1,1
2022/2023_Lube_Padov_2Round,2022/2023,2.0,Lube,Padova,0.4545,0.4667,0.4146,0.5417,3.4072,3.5989,0.5152,-0.1917,0.5333,0.5333,1,1,45,1.8,0.6111,0.3571,0.4,0.3913,0.35,3.3482,4.0946,0.4902,-0.7464,0.4,0.4,-4,-2,46,-2.412,0.3889,0.09740000000000004,0.06669999999999998,0.024999999999999967,0.5547,0.05900000000000016,-0.4956999999999998,3,5,0,0.13329999999999997,0.0,1.0,-1.0,7,7,0
2022/2023_Milan_Monza_2Round,2022/2023,2.0,Milano,Monza,0.4909,0.5333,0.4118,0.5806,3.6733,3.9921,0.4889,-0.3188,0.5333,0.4667,-2,-2,45,-0.229,0.5,0.5536,0.5333,0.4595,0.6552,4.0652,3.178,0.5358,0.8872,0.4667,0.6,0,-1,46,-0.782,0.5,-0.06269999999999998,0.0,-0.04690000000000005,-1.206,-0.39190000000000014,0.8141000000000003,-1,-2,0,-0.06669999999999998,0.0,1.0,-1.0,8,8,0
2022/2023_Moden_Piace_2Round,2022/2023,2.0,Modena,Piacenza,0.4909,0.6,0.4894,0.5,4.6242,3.0418,0.5156,1.5824,0.6,0.5333,4,4,45,2.406,0.7222,0.4865,0.4,0.4545,0.52,3.667,4.1392,0.4873,-0.4722,0.4,0.4667,-3,-1,27,-2.253,0.2778,0.004400000000000015,0.19999999999999996,0.028299999999999936,2.0546,0.9572000000000003,-1.0974,5,7,8,0.13329999999999997,1.0,1.0,0.0,1,9,0
2022/2023_Trent_Veron_2Round,2022/2023,2.0,Trento,Verona,0.5455,0.5333,0.5185,0.5526,3.9437,3.9143,0.4869,0.0294,0.5333,0.5333,2,2,45,-1.566,0.3889,0.5179,0.4,0.4545,0.5273,3.556,4.533,0.4695,-0.977,0.4545,0.4,3,1,46,0.881,0.6111,0.027599999999999958,0.13329999999999997,0.017400000000000027,1.0064,0.38770000000000016,-0.6187000000000005,1,-1,-9,0.13329999999999997,0.0,1.0,-1.0,10,1,1
2022/2023_Lube_Moden_3Round,2022/2023,3.0,Lube,Modena,0.4464,0.4,0.4048,0.5417,3.0651,4.1855,0.51,-1.1204,0.4667,0.5333,-4,-1,46,0.226,0.5,0.4821,0.6,0.4792,0.5,4.1668,3.3011,0.5142,0.8657,0.5333,0.5333,-1,-1,46,-0.645,0.5,-0.035699999999999954,-0.19999999999999996,-0.0041999999999999815,-1.9861,-1.1017000000000001,0.8844000000000003,0,-3,-10,-0.06659999999999999,1.0,1.0,0.0,11,1,1
2022/2023_Med S_Pinet_3Round,2022/2023,3.0,Macerata,Pineto,0.5556,0.5333,0.5333,0.5385,4.0804,3.6886,0.5063,0.3918,0.5333,0.5385,1,3,8,0.0,0.5,0.5625,0.6,0.6429,0.4167,3.5589,3.4314,0.5089,0.1275,0.6429,0.4167,1,2,6,0.0,0.5,-0.006900000000000017,-0.06669999999999998,-0.0026000000000000467,0.2643,0.5215000000000001,0.2572000000000001,1,0,-11,0.11659999999999998,0.0,2.0,-2.0,12,1,1
2022/2023_Piace_Trent_3Round,2022/2023,3.0,Piacenza,Trento,0.5,0.4667,0.4545,0.5385,3.7284,3.8412,0.4894,-0.1127,0.4,0.4667,1,1,28,-1.665,0.3889,0.5536,0.6,0.5357,0.5526,4.4278,3.4214,0.4918,1.0064,0.5333,0.5333,4,3,46,1.206,0.6111,-0.05359999999999998,-0.13329999999999997,-0.0024000000000000132,-1.1191,-0.6994000000000002,0.41979999999999995,-2,-3,0,-0.13329999999999997,1.0,1.0,0.0,1,1,0
2022/2023_Sir S_Veron_3Round,2022/2023,3.0,Perugia,Verona,0.6071,0.6,0.5,0.6304,3.5749,3.5147,0.5012,0.0602,0.5333,0.6,0,1,46,2.069,0.6111,0.5088,0.4,0.4545,0.5179,3.1682,4.8442,0.4653,-1.676,0.4545,0.4,-4,-1,47,-1.59,0.3889,0.09829999999999994,0.19999999999999996,0.03589999999999999,1.7362,0.40669999999999984,-1.3295,2,4,0,0.13329999999999997,2.0,1.0,1.0,2,2,0
2022/2023_Lube_Monza_4Round,2022/2023,4.0,Lube,Monza,0.4561,0.4667,0.4186,0.5417,3.8127,3.1158,0.5172,0.6969,0.4667,0.5333,6,1,47,1.157,0.6111,0.5614,0.5333,0.4595,0.6667,4.5155,3.15,0.5385,1.3655,0.4667,0.6,3,1,47,-2.055,0.3889,-0.1053,-0.06659999999999999,-0.021299999999999986,-0.6686,-0.7028000000000003,-0.034199999999999786,0,3,0,-0.13329999999999997,1.0,2.0,-1.0,3,3,1
2022/2023_Milan_Moden_4Round,2022/2023,4.0,Milano,Modena,0.4821,0.4667,0.4,0.5806,3.4985,4.4618,0.4855,-0.9633,0.5333,0.4667,-3,-3,46,0.01,0.6111,0.4737,0.5333,0.4792,0.4737,3.1027,3.9786,0.507,-0.8759,0.5333,0.5333,-6,-2,47,-0.755,0.3889,0.008399999999999963,-0.06659999999999999,-0.02150000000000002,-0.08740000000000003,0.39579999999999993,0.4832000000000001,-1,3,-9,0.0,2.0,1.0,1.0,13,4,1
2022/2023_Padov_Sir S_4Round,2022/2023,4.0,Padova,Perugia,0.3684,0.4667,0.3913,0.381,4.0117,3.5467,0.4952,0.465,0.4,0.4,4,1,47,-2.853,0.2778,0.5965,0.5333,0.4762,0.6304,3.4289,3.3866,0.5012,0.0423,0.4667,0.6,0,-1,47,2.7,0.7222,-0.22810000000000002,-0.06659999999999999,-0.006000000000000005,0.4227,0.5828000000000002,0.1600999999999999,2,4,0,-0.19999999999999996,2.0,1.0,1.0,4,4,1
2022/2023_Cave _Pool _5Round,2022/2023,5.0,Lagonegro,Cantù,0.4138,0.5333,0.4231,0.4615,4.6062,2.9996,0.5047,1.6066,0.5333,0.4615,4,3,19,0.0,0.5,0.5556,0.5333,0.4286,0.6087,3.6889,3.6402,0.5026,0.0486,0.4286,0.5333,-2,-1,17,0.0,0.5,-0.14179999999999998,0.0,0.0020999999999999908,1.558,0.9173000000000004,-0.6406000000000001,4,6,0,0.0,0.0,0.0,0.0,14,14,1
2022/2023_Farmi_Shedi_5Round,2022/2023,5.0,Catania,Sorrento,0.5,0.5,0.5,0.5,3.4986,3.4986,0.5,0.0,0.5,0.5,0,0,0,0.0,0.5,0.4167,0.4167,0.4167,0.5,3.3655,3.5655,0.4762,-0.2,0.4167,0.5,-4,-2,2,0.0,0.5,0.08329999999999999,0.08329999999999999,0.023799999999999988,0.2,0.13310000000000022,-0.06689999999999996,2,4,0,0.0,7.0,0.0,7.0,15,15,0
2022/2023_Lube_Trent_5Round,2022/2023,5.0,Lube,Trento,0.4655,0.5333,0.4318,0.5417,3.8438,3.1059,0.5181,0.7379,0.5333,0.5333,1,2,48,0.093,0.5,0.5614,0.6,0.5357,0.5641,4.2756,3.5684,0.492,0.7072,0.5333,0.6,0,4,47,0.093,0.5,-0.09589999999999999,-0.06669999999999998,0.026100000000000012,0.03069999999999995,-0.43179999999999996,-0.4624999999999999,-2,1,0,-0.06669999999999998,1.0,2.0,-1.0,1,1,0
2022/2023_Milan_Veron_5Round,2022/2023,5.0,Milano,Verona,0.4912,0.4667,0.4167,0.5806,3.8699,4.2994,0.487,-0.4295,0.5333,0.4667,1,1,47,-1.075,0.3889,0.5172,0.4667,0.4545,0.5263,3.1427,4.3202,0.4658,-1.1775,0.4545,0.4667,0,1,48,1.607,0.6111,-0.025999999999999968,0.0,0.021199999999999997,0.748,0.7271999999999998,-0.020799999999999486,0,1,-3,0.06659999999999999,1.0,2.0,-1.0,5,2,0
2022/2023_Moden_Sir S_5Round,2022/2023,5.0,Modena,Perugia,0.4655,0.4667,0.4792,0.45,3.3449,4.2086,0.5057,-0.8637,0.5333,0.4667,-1,-3,48,-2.21,0.2778,0.5862,0.4667,0.4762,0.617,3.3258,3.5444,0.5,-0.2185,0.4667,0.5333,-1,-2,48,2.343,0.7222,-0.12070000000000003,0.0,0.005700000000000038,-0.6452,0.019099999999999895,0.6641999999999997,-1,0,0,0.0,1.0,1.0,0.0,5,5,1
2022/2023_Monza_Piace_5Round,2022/2023,5.0,Monza,Piacenza,0.5517,0.4667,0.4595,0.6452,4.0893,3.3782,0.5368,0.7111,0.4667,0.6,-1,-1,48,-1.95,0.3889,0.4872,0.4667,0.4348,0.5385,3.7728,3.8524,0.4897,-0.0796,0.4,0.4667,0,-1,29,1.285,0.6111,0.06449999999999995,0.0,0.04710000000000003,0.7907,0.31649999999999956,-0.47419999999999973,0,-1,0,0.0,1.0,2.0,-1.0,6,6,0
2022/2023_Consa_Conso_6Round,2022/2023,6.0,Ravenna,Brescia,0.4167,0.4167,0.4545,0.4545,3.5322,3.7655,0.4896,-0.2333,0.4545,0.4545,0,-2,2,0.0,0.5,0.5517,0.6,0.5714,0.5,4.3114,3.6502,0.5179,0.6611,0.5333,0.5333,3,3,19,0.0,0.5,-0.13499999999999995,-0.18329999999999996,-0.028300000000000047,-0.8944000000000001,-0.7791999999999999,0.11529999999999996,-5,-3,-9,-0.07879999999999998,4.0,4.0,0.0,16,7,0
2022/2023_Lube_Veron_6Round,2022/2023,6.0,Lube,Verona,0.4576,0.5333,0.4222,0.5417,3.6169,3.846,0.5142,-0.2291,0.5333,0.5333,-3,-1,49,2.657,0.7222,0.5254,0.5333,0.4545,0.5345,3.1244,3.9515,0.4663,-0.8272,0.4545,0.5333,0,2,49,-2.79,0.2778,-0.06779999999999997,0.0,0.0479,0.5981000000000001,0.4924999999999997,-0.1054999999999997,-3,-3,-2,0.0,1.0,1.0,0.0,3,1,1
2022/2023_Milan_Sir S_6Round,2022/2023,6.0,Milano,Perugia,0.4828,0.4,0.4054,0.5806,3.6357,3.9375,0.4872,-0.3018,0.4667,0.4667,0,-1,48,-2.147,0.2778,0.5763,0.4,0.4762,0.6042,3.253,3.6557,0.4988,-0.4027,0.4667,0.4667,-1,-3,49,2.3,0.7222,-0.09350000000000003,0.0,-0.0116,0.10089999999999999,0.3826999999999998,0.28180000000000005,2,1,0,0.0,1.0,1.0,0.0,8,8,0
2022/2023_Monza_Trent_6Round,2022/2023,6.0,Monza,Trento,0.5424,0.4667,0.4474,0.6452,4.0384,3.5389,0.5361,0.4995,0.4,0.6,0,-2,49,-1.208,0.3889,0.569,0.6667,0.5357,0.575,4.6655,3.4239,0.4955,1.2417,0.5333,0.6,3,5,48,1.474,0.6111,-0.026599999999999957,-0.19999999999999996,0.040600000000000025,-0.7422,-0.6270999999999995,0.11499999999999977,-7,-3,-8,-0.19999999999999996,1.0,1.0,0.0,9,1,0
2022/2023_Pool _Prata_6Round,2022/2023,6.0,Cantù,Prata di Pordenone,0.5357,0.4667,0.4286,0.5833,3.3456,4.0822,0.4924,-0.7367,0.4286,0.4667,-4,-2,18,0.0,0.5,0.4,0.4,0.4167,0.4444,3.2299,4.1737,0.4744,-0.9438,0.4167,0.4,-4,-4,10,0.0,0.5,0.13569999999999993,0.06669999999999998,0.018000000000000016,0.20709999999999995,0.11569999999999991,-0.09149999999999991,2,0,0,0.02859999999999996,1.0,5.0,-4.0,16,16,1
2022/2023_Cave _Consa_7Round,2022/2023,7.0,Lagonegro,Ravenna,0.4333,0.6,0.4444,0.4615,4.7878,2.8434,0.5137,1.9444,0.6,0.4615,4,4,20,0.0,0.5,0.3846,0.3846,0.4167,0.4545,3.4966,3.7228,0.4895,-0.2262,0.4167,0.4545,0,-3,3,0.0,0.5,0.04870000000000002,0.21539999999999998,0.024200000000000055,2.1706,1.2912,-0.8794,7,4,8,0.14549999999999996,2.0,1.0,1.0,9,17,1
2022/2023_Farmi_Wow G_7Round,2022/2023,7.0,Catania,Aversa,0.4545,0.4545,0.4545,0.5,3.3624,3.726,0.4773,-0.3636,0.4545,0.5,-4,-1,1,0.0,0.5,0.5556,0.4667,0.5,0.5625,3.7507,3.4446,0.5339,0.3061,0.5,0.5333,-1,-1,8,0.0,0.5,-0.10109999999999997,-0.012199999999999989,-0.05660000000000004,-0.6697,-0.3883000000000001,0.2814000000000001,0,-3,0,-0.07879999999999998,2.0,0.0,2.0,17,17,0
2022/2023_Milan_Padov_7Round,2022/2023,7.0,Milano,Padova,0.4746,0.4,0.3947,0.5806,3.4707,3.6827,0.4873,-0.212,0.4,0.4667,0,-2,49,1.49,0.7222,0.3793,0.5333,0.4043,0.381,3.9836,3.4086,0.4965,0.575,0.4667,0.4,1,2,48,-1.51,0.2778,0.0953,-0.13329999999999997,-0.009199999999999986,-0.7869999999999999,-0.5129000000000001,0.27410000000000023,-4,-1,-6,0.0,1.0,3.0,-2.0,10,4,0
2022/2023_Monza_Veron_7Round,2022/2023,7.0,Monza,Verona,0.5333,0.4,0.4359,0.6452,3.7531,3.4023,0.5357,0.3509,0.4,0.6,0,-3,50,-0.732,0.3889,0.5167,0.5333,0.4545,0.5254,3.1111,4.4421,0.4636,-1.331,0.4545,0.5333,-3,-1,50,1.397,0.6111,0.016599999999999948,-0.13329999999999997,0.07209999999999994,1.6819,0.6419999999999999,-1.0398,-2,3,-8,-0.13329999999999997,1.0,1.0,0.0,10,2,1
2022/2023_Piace_Sir S_7Round,2022/2023,7.0,Piacenza,Perugia,0.5,0.5333,0.4348,0.5556,3.805,3.8612,0.49,-0.0562,0.4,0.5333,0,1,30,-1.763,0.2778,0.5833,0.4667,0.4762,0.6122,3.2014,3.4843,0.4988,-0.2828,0.4667,0.4667,0,1,50,1.896,0.7222,-0.08330000000000004,0.06659999999999999,-0.00880000000000003,0.2266,0.6036000000000001,0.3769,0,0,0,-0.06669999999999998,2.0,1.0,1.0,5,5,0
2022/2023_Cave _Conso_8Round,2022/2023,8.0,Lagonegro,Brescia,0.4516,0.6667,0.4643,0.4615,4.5175,2.9313,0.5155,1.5862,0.6667,0.4615,1,5,21,0.0,0.5,0.5667,0.6,0.5714,0.5263,3.9778,3.5069,0.5175,0.4709,0.5333,0.6,0,4,20,0.0,0.5,-0.11509999999999998,0.06669999999999998,-0.0020000000000000018,1.1153,0.5397000000000003,-0.5756000000000001,1,1,0,0.06669999999999998,1.0,2.0,-1.0,6,6,1
2022/2023_Consa_Prata_8Round,2022/2023,8.0,Ravenna,Prata di Pordenone,0.3571,0.3571,0.4167,0.4167,3.4541,3.7359,0.4852,-0.2817,0.4167,0.4167,-1,-4,4,0.0,0.5,0.381,0.3333,0.4167,0.4211,3.2232,4.0724,0.4723,-0.8492,0.4167,0.4,-1,-5,11,0.0,0.5,-0.023900000000000032,0.023799999999999988,0.012900000000000023,0.5674999999999999,0.2309000000000001,-0.3365,1,0,0,0.016699999999999993,1.0,2.0,-1.0,18,18,1
2022/2023_Milan_Piace_8Round,2022/2023,8.0,Milano,Piacenza,0.4667,0.4,0.3846,0.5806,3.6043,3.7532,0.4876,-0.1489,0.4,0.4667,0,-3,50,-1.937,0.2778,0.4878,0.4667,0.4167,0.5556,3.8286,3.8682,0.4902,-0.0397,0.4,0.5333,0,-1,31,1.957,0.7222,-0.021100000000000008,-0.06669999999999998,-0.0026000000000000467,-0.1092,-0.22429999999999994,-0.11499999999999977,-2,0,-4,-0.13329999999999997,1.0,1.0,0.0,11,7,1
2022/2023_Padov_Veron_8Round,2022/2023,8.0,Padova,Verona,0.3898,0.5333,0.4043,0.4091,3.9642,3.5603,0.4965,0.4039,0.4667,0.4667,0,3,49,-0.431,0.5,0.5082,0.4667,0.4545,0.5167,3.1014,4.287,0.463,-1.1856,0.4545,0.4667,-1,-2,51,0.145,0.5,-0.1184,0.06659999999999999,0.033499999999999974,1.5895,0.8628,-0.7267000000000001,5,1,0,0.0,1.0,1.0,0.0,2,2,1
2022/2023_Sir S_Trent_8Round,2022/2023,8.0,Perugia,Trento,0.5902,0.4667,0.4762,0.62,3.4157,3.6143,0.4988,-0.1986,0.4667,0.5333,0,2,51,-0.572,0.5,0.5763,0.6667,0.5357,0.5854,4.1941,3.3219,0.4956,0.8722,0.5333,0.6667,0,6,49,-0.572,0.5,0.013899999999999912,-0.19999999999999996,0.003200000000000036,-1.0708,-0.7783999999999995,0.2924000000000002,-4,0,-2,-0.19999999999999996,1.0,2.0,-1.0,3,1,1
2022/2023_Consa_Pool _9Round,2022/2023,9.0,Ravenna,Cantù,0.4,0.4,0.4615,0.4167,3.7124,3.6425,0.5,0.0699,0.4615,0.4167,3,1,5,0.0,0.5,0.5517,0.5333,0.4667,0.5833,3.488,3.817,0.4951,-0.329,0.4667,0.4667,1,1,19,0.0,0.5,-0.15169999999999995,-0.13329999999999997,0.0049000000000000155,0.39890000000000003,0.22440000000000015,-0.1745000000000001,0,2,0,-0.005199999999999982,1.0,3.0,-2.0,12,12,0
2022/2023_Emma _Gioie_9Round,2022/2023,9.0,Siena,Taranto,0.4615,0.3333,0.4,0.5625,2.5716,4.66,0.4629,-2.0884,0.3333,0.5333,-4,-6,16,0.0,0.5,0.5333,0.5333,0.5,0.5333,3.4694,3.5788,0.5,-0.1094,0.5,0.5333,0,3,5,0.0,0.5,-0.07179999999999997,-0.2,-0.03710000000000002,-1.979,-0.8977999999999997,1.0812,-9,-4,0,-0.2,0.0,7.0,-7.0,19,19,0
2022/2023_Lube_Piace_9Round,2022/2023,9.0,Lube,Piacenza,0.4667,0.5333,0.4348,0.5417,4.207,3.6179,0.5173,0.5891,0.5333,0.5333,3,1,50,0.5,0.6111,0.4762,0.4667,0.4167,0.5357,3.846,4.1025,0.4889,-0.2566,0.4,0.4667,-1,-2,32,-1.265,0.3889,-0.009500000000000008,0.06659999999999999,0.02839999999999998,0.8456999999999999,0.36099999999999977,-0.4845999999999999,3,4,3,0.06659999999999999,3.0,1.0,2.0,4,7,0
2022/2023_Milan_Trent_9Round,2022/2023,9.0,Milano,Trento,0.4754,0.4667,0.4,0.5806,3.9494,3.8032,0.4889,0.1463,0.4667,0.4667,1,1,51,-0.942,0.3889,0.5667,0.6,0.5357,0.5714,4.1125,3.7498,0.4946,0.3626,0.5333,0.6,-1,-1,50,1.74,0.6111,-0.09129999999999999,-0.13329999999999997,-0.005699999999999983,-0.21629999999999996,-0.16310000000000002,0.05339999999999989,2,2,-7,-0.13329999999999997,1.0,1.0,0.0,8,1,0
2022/2023_Moden_Veron_9Round,2022/2023,9.0,Modena,Verona,0.4746,0.4667,0.4898,0.45,3.5156,3.8731,0.5067,-0.3576,0.6,0.4667,1,1,49,2.0,0.7222,0.5,0.4667,0.4545,0.5082,3.0942,4.43,0.4615,-1.3357,0.4545,0.4667,-2,-3,52,-2.0,0.2778,-0.025399999999999978,0.0,0.04520000000000002,0.9781000000000002,0.4214000000000002,-0.5568999999999997,4,3,-4,0.13329999999999997,4.0,1.0,3.0,8,4,1
2022/2023_Monza_Padov_9Round,2022/2023,9.0,Monza,Padova,0.541,0.4667,0.45,0.6452,3.8031,3.3059,0.5362,0.4972,0.4667,0.6,1,1,51,1.594,0.7222,0.4,0.6,0.4167,0.4091,4.201,3.4173,0.4989,0.7837,0.5333,0.4667,2,4,50,-1.747,0.2778,0.14100000000000001,-0.13329999999999997,0.0373,-0.2865,-0.3978999999999995,-0.11140000000000017,-3,-1,-7,0.0,2.0,1.0,1.0,9,2,0
2022/2023_Conso_Prata_10Round,2022/2023,10.0,Brescia,Prata di Pordenone,0.5484,0.6,0.5714,0.5,3.5349,4.0128,0.5085,-0.4779,0.5333,0.5333,-4,-1,21,0.0,0.5,0.3636,0.3333,0.4167,0.4,3.2163,4.3262,0.4652,-1.1099,0.4167,0.3333,-3,-6,12,0.0,0.5,0.18480000000000002,0.2667,0.04329999999999995,0.6320000000000001,0.3186,-0.3133999999999997,5,-1,11,0.2,2.0,2.0,0.0,9,20,0
2022/2023_Lube_Milan_10Round,2022/2023,10.0,Lube,Milano,0.459,0.5333,0.4255,0.5417,4.3727,3.959,0.5169,0.4137,0.5333,0.5333,0,-1,51,0.786,0.6111,0.4677,0.4,0.3902,0.5806,3.6897,4.3419,0.4859,-0.6521,0.4,0.4667,-3,-1,52,-0.979,0.3889,-0.008699999999999986,0.13329999999999997,0.031000000000000028,1.0658,0.6829999999999998,-0.3828999999999998,0,3,5,0.06659999999999999,1.0,1.0,0.0,4,9,1
2022/2023_Moden_Monza_10Round,2022/2023,10.0,Modena,Monza,0.4833,0.4667,0.5,0.45,4.1359,3.637,0.5099,0.4989,0.6,0.4667,3,2,50,-1.565,0.3889,0.5323,0.4,0.439,0.6452,3.3354,3.9927,0.5313,-0.6573,0.4,0.6,-4,-1,52,0.647,0.6111,-0.04899999999999999,0.06669999999999998,-0.021399999999999975,1.1562000000000001,0.8005000000000004,-0.3557000000000001,3,7,4,0.0,1.0,1.0,0.0,5,9,0
2022/2023_Padov_Trent_10Round,2022/2023,10.0,Padova,Trento,0.4098,0.6667,0.4167,0.4348,4.6193,3.0656,0.5033,1.5537,0.5333,0.5333,4,5,51,-3.0,0.2778,0.5738,0.6,0.5357,0.5814,4.5571,3.55,0.4979,1.0071,0.5333,0.6,3,1,51,3.0,0.7222,-0.16399999999999998,0.06669999999999998,0.00539999999999996,0.5466,0.06219999999999981,-0.48439999999999994,4,1,0,-0.06669999999999998,1.0,1.0,0.0,1,1,1
2022/2023_Banca_Videx_11Round,2022/2023,11.0,Cuneo,Grottazzolina,0.5,0.5,0.5,0.5,3.5655,3.2655,0.5417,0.3,0.5,0.5,6,1,2,0.0,0.5,0.5,0.5,0.5,0.5,3.5322,3.6488,0.4944,-0.1167,0.5,0.5,0,1,2,0.0,0.5,0.0,0.0,0.04729999999999995,0.41669999999999996,0.03330000000000011,-0.3833000000000002,0,6,0,0.0,0.0,7.0,-7.0,21,21,1
2022/2023_Delta_Pool _11Round,2022/2023,11.0,Porto Viro,Cantù,0.5238,0.4667,0.5263,0.5,3.9851,3.7376,0.5233,0.2474,0.4667,0.5,-3,-1,11,0.0,0.5,0.5667,0.5333,0.4667,0.6,3.5913,3.8256,0.4953,-0.2343,0.4667,0.5333,0,2,20,0.0,0.5,-0.04289999999999994,-0.06659999999999999,0.02799999999999997,0.4817,0.39380000000000015,-0.08800000000000008,-3,-3,-3,-0.06659999999999999,7.0,2.0,5.0,13,10,0
2022/2023_Lube_Sir S_11Round,2022/2023,11.0,Lube,Perugia,0.4677,0.5333,0.4375,0.5417,4.2386,3.6964,0.5178,0.5421,0.5333,0.5333,1,1,52,-0.727,0.3889,0.5968,0.5333,0.5,0.62,3.8181,3.706,0.5,0.1121,0.5333,0.5333,1,3,52,0.614,0.6111,-0.1291,0.0,0.017800000000000038,0.43000000000000005,0.4205000000000001,-0.009599999999999831,-2,0,0,0.0,1.0,3.0,-2.0,3,3,1
2022/2023_Med S_Vigil_11Round,2022/2023,11.0,Macerata,Fano,0.5789,0.6,0.5625,0.5385,4.2881,3.2853,0.5215,1.0028,0.6,0.5385,5,4,9,0.0,0.5,0.4737,0.4667,0.4545,0.5,3.4492,4.018,0.4716,-0.5689,0.4545,0.4667,-1,-3,9,0.0,0.5,0.10519999999999996,0.13329999999999997,0.049899999999999944,1.5716999999999999,0.8389000000000002,-0.7326999999999999,7,6,9,0.13329999999999997,7.0,7.0,0.0,13,22,1
2022/2023_Moden_Trent_11Round,2022/2023,11.0,Modena,Trento,0.4754,0.4667,0.4902,0.45,3.8211,4.2232,0.5065,-0.4021,0.5333,0.4667,-3,-1,51,-1.922,0.3889,0.5645,0.5333,0.5357,0.5682,4.1164,3.6608,0.4968,0.4556,0.5333,0.5333,-1,-1,52,1.29,0.6111,-0.08910000000000001,-0.06659999999999999,0.009699999999999931,-0.8577,-0.2952999999999997,0.5624000000000002,0,-2,-3,0.0,1.0,1.0,0.0,5,2,1
2022/2023_Padov_Piace_11Round,2022/2023,11.0,Padova,Piacenza,0.4194,0.6667,0.4286,0.4348,4.4117,3.0691,0.5044,1.3426,0.6,0.5333,1,6,52,-1.516,0.3889,0.4884,0.4667,0.4167,0.5517,4.0892,4.2701,0.4893,-0.1809,0.4,0.5333,0,1,33,1.037,0.6111,-0.069,0.19999999999999996,0.015099999999999947,1.5235,0.3224999999999998,-1.201,5,1,5,0.06669999999999998,1.0,2.0,-1.0,1,6,0
2022/2023_Shedi_Wow G_11Round,2022/2023,11.0,Sorrento,Aversa,0.4615,0.4615,0.4167,0.5455,3.5428,3.4597,0.5,0.0831,0.4167,0.5455,4,1,3,0.0,0.5,0.5789,0.5333,0.5,0.5882,3.6158,3.3875,0.5328,0.2284,0.5,0.5333,0,1,9,0.0,0.5,-0.11739999999999995,-0.07179999999999997,-0.03280000000000005,-0.14529999999999998,-0.07299999999999995,0.07220000000000004,0,4,0,-0.11659999999999998,6.0,4.0,2.0,14,14,0
2022/2023_Cave _Delta_12Round,2022/2023,12.0,Lagonegro,Porto Viro,0.4688,0.6667,0.4828,0.4615,4.7384,2.7865,0.5235,1.9519,0.6667,0.4615,4,6,22,0.0,0.5,0.5,0.4667,0.5,0.5,4.0989,3.9185,0.5218,0.1804,0.4667,0.5,0,-2,12,0.0,0.5,-0.031200000000000006,0.19999999999999996,0.0016999999999999238,1.7715,0.6395,-1.1319999999999997,8,4,8,0.16669999999999996,4.0,1.0,3.0,7,15,1
2022/2023_Conso_Pool _12Round,2022/2023,12.0,Brescia,Cantù,0.5312,0.5333,0.5455,0.5,3.4216,3.9673,0.5062,-0.5458,0.5333,0.5333,-1,-2,22,0.0,0.5,0.5806,0.5333,0.4667,0.6154,3.8697,4.0363,0.4955,-0.1667,0.4667,0.5333,0,3,21,0.0,0.5,-0.0494,0.0,0.010699999999999987,-0.3791,-0.4480999999999997,-0.06899999999999995,-5,-1,-3,0.0,2.0,1.0,1.0,11,8,0
2022/2023_Cave _Prata_13Round,2022/2023,13.0,Lagonegro,Prata di Pordenone,0.4848,0.6667,0.5,0.4615,4.4832,2.889,0.5249,1.5942,0.6667,0.4615,1,7,23,0.0,0.5,0.3913,0.4,0.4167,0.4286,3.3788,4.0144,0.4692,-0.6355,0.4167,0.4,1,1,13,0.0,0.5,0.09350000000000003,0.26669999999999994,0.05570000000000003,2.2297000000000002,1.1044,-1.1254000000000004,6,0,11,0.26669999999999994,1.0,3.0,-2.0,4,15,1
2022/2023_Consa_Delta_13Round,2022/2023,13.0,Ravenna,Porto Viro,0.375,0.4,0.4286,0.4167,3.7234,3.6683,0.5,0.0551,0.4286,0.4167,0,-1,6,0.0,0.5,0.4783,0.4,0.5,0.4615,3.8495,3.8882,0.5185,-0.0387,0.4667,0.4615,-1,-3,13,0.0,0.5,-0.1033,0.0,-0.01849999999999996,0.0938,-0.1261000000000001,-0.21989999999999998,2,1,0,-0.03290000000000004,4.0,1.0,3.0,15,15,0
2023/2024_Ciste_Trent_1Round,2023/2024,1.0,Cisterna,Trento,0.5,0.5,0.5,0.5,3.4986,3.4986,0.5,0.0,0.5,0.5,0,0,0,-2.447,0.2778,0.5556,0.4667,0.5357,0.5556,3.8066,3.7391,0.4959,0.0675,0.5333,0.4667,-1,-2,53,2.447,0.7222,-0.05559999999999998,0.033299999999999996,0.0040999999999999925,-0.0675,-0.30799999999999983,-0.24049999999999994,2,1,0,0.033299999999999996,7.0,0.0,7.0,1,1,1
2023/2024_Delta_Raven_1Round,2023/2024,1.0,Porto Viro,Ravenna,0.5,0.4667,0.5,0.5,4.0148,3.6928,0.5228,0.322,0.4667,0.5,2,1,14,0.0,0.5,0.3529,0.4,0.4,0.4167,3.6098,3.8145,0.4924,-0.2047,0.4,0.4167,-2,-2,7,0.0,0.5,0.1471,0.06669999999999998,0.030400000000000038,0.5267,0.40500000000000025,-0.1216999999999997,3,4,0,0.04999999999999999,0.0,0.0,0.0,2,2,0
2023/2024_Grott_Pulis_1Round,2023/2024,1.0,Grottazzolina,Cuneo,0.4615,0.4615,0.5,0.4615,3.2889,3.8174,0.4615,-0.5285,0.5,0.4615,-6,-1,3,0.0,0.5,0.5385,0.5385,0.5385,0.5,3.7366,3.0305,0.5769,0.7062,0.5385,0.5,6,2,3,0.0,0.5,-0.07699999999999996,-0.07699999999999996,-0.11539999999999995,-1.2347000000000001,-0.4477000000000002,0.7869000000000002,-3,-12,0,0.0,0.0,0.0,0.0,3,3,1
2023/2024_Lube_Mint _1Round,2023/2024,1.0,Lube,Monza,0.4762,0.5333,0.449,0.5417,4.1447,3.5117,0.5186,0.633,0.5333,0.5333,1,2,53,1.157,0.6111,0.5397,0.4667,0.439,0.6562,4.0153,3.7197,0.5338,0.2956,0.4,0.6,3,1,53,-2.055,0.3889,-0.06349999999999995,0.06659999999999999,-0.015200000000000102,0.33740000000000003,0.1294000000000004,-0.20800000000000018,1,-2,0,-0.06669999999999998,0.0,0.0,0.0,4,4,0
2023/2024_Milan_Moden_1Round,2023/2024,1.0,Milano,Modena,0.4603,0.4,0.3902,0.5625,3.507,4.2172,0.4851,-0.7103,0.4,0.4667,-1,-2,53,0.01,0.6111,0.4839,0.5333,0.5,0.45,3.8512,3.882,0.5074,-0.0308,0.5333,0.4667,1,1,52,-0.755,0.3889,-0.02360000000000001,-0.13329999999999997,-0.022299999999999986,-0.6795,-0.34419999999999984,0.33519999999999994,-3,-2,0,-0.06669999999999998,0.0,0.0,0.0,5,5,1
2023/2024_Padov_Piace_1Round,2023/2024,1.0,Padova,Piacenza,0.4127,0.6,0.42,0.4348,4.2663,3.3236,0.5043,0.9427,0.5333,0.5333,0,-1,53,-1.516,0.3889,0.5,0.5333,0.4167,0.5667,4.0311,4.1586,0.4896,-0.1275,0.4,0.6,0,2,34,1.037,0.6111,-0.08729999999999999,0.06669999999999998,0.01469999999999999,1.0702,0.23519999999999985,-0.835,-3,0,0,-0.06669999999999998,0.0,0.0,0.0,6,6,1
2023/2024_Pool _WOW G_1Round,2023/2024,1.0,Cantù,Aversa,0.5938,0.6,0.4667,0.6296,3.8656,3.984,0.4957,-0.1184,0.4667,0.5333,0,4,22,0.0,0.5,0.6,0.6,0.5,0.6111,3.6604,3.4917,0.5308,0.1687,0.5,0.5333,0,2,10,0.0,0.5,-0.006199999999999983,0.0,-0.035100000000000076,-0.2871,0.20520000000000005,0.4923000000000002,2,0,0,-0.06659999999999999,0.0,0.0,0.0,7,7,0
2023/2024_Conso_Pinet_2Round,2023/2024,2.0,Brescia,Pineto,0.5152,0.4667,0.5217,0.5,3.5488,3.9361,0.506,-0.3873,0.4667,0.5333,0,-3,23,0.0,0.5,0.5294,0.5333,0.6429,0.3846,3.2363,3.7559,0.4874,-0.5196,0.6429,0.3846,-5,-1,7,0.0,0.5,-0.01419999999999999,-0.06659999999999999,0.018600000000000005,0.13229999999999997,0.3125,0.18020000000000014,-2,5,0,0.0821,0.0,0.0,0.0,8,8,1
2023/2024_Emma _Prata_2Round,2023/2024,2.0,Siena,Prata di Pordenone,0.4444,0.3333,0.381,0.5625,2.9294,4.614,0.4622,-1.6846,0.3333,0.5333,-1,-7,17,0.0,0.5,0.375,0.4,0.4167,0.4091,2.9748,4.309,0.4568,-1.3341,0.4167,0.4,-5,-1,14,0.0,0.5,0.06940000000000002,-0.06670000000000004,0.005400000000000016,-0.35050000000000003,-0.04540000000000033,0.3049999999999997,-6,4,0,-0.06670000000000004,0.0,0.0,0.0,9,9,0
2023/2024_Lube_Padov_2Round,2023/2024,2.0,Lube,Padova,0.4688,0.5333,0.44,0.5417,3.3197,4.1409,0.5129,-0.8212,0.5333,0.5333,-5,-1,54,1.8,0.6111,0.4219,0.6,0.4314,0.4348,4.1645,3.2495,0.5053,0.915,0.6,0.5333,1,1,54,-2.412,0.3889,0.0469,-0.06669999999999998,0.007600000000000051,-1.7362000000000002,-0.8448000000000002,0.8914000000000004,-2,-6,-9,0.0,1.0,1.0,0.0,10,1,0
2023/2024_Milan_Piace_2Round,2023/2024,2.0,Milano,Piacenza,0.4688,0.4667,0.4048,0.5625,4.1376,3.6238,0.4895,0.5138,0.4667,0.4667,4,1,54,-1.937,0.2778,0.4889,0.4667,0.4167,0.5484,3.7574,4.0806,0.4883,-0.3232,0.4,0.5333,-1,-1,35,1.957,0.7222,-0.020100000000000007,0.0,0.0011999999999999789,0.837,0.38019999999999987,-0.45679999999999943,2,5,8,-0.06659999999999999,1.0,1.0,0.0,2,10,0
2023/2024_Mint _Sir S_2Round,2023/2024,2.0,Monza,Perugia,0.5469,0.5333,0.439,0.6667,4.4945,3.0213,0.5385,1.4732,0.4,0.6,5,2,54,0.765,0.5,0.5873,0.5333,0.5,0.6078,3.5971,3.7708,0.4989,-0.1736,0.5333,0.4667,-1,-1,53,-0.765,0.5,-0.04039999999999999,0.0,0.03959999999999997,1.6468,0.8974000000000002,-0.7494999999999998,3,6,9,-0.06669999999999998,1.0,0.0,1.0,2,11,0
2023/2024_Moden_Veron_2Round,2023/2024,2.0,Modena,Verona,0.4762,0.5333,0.5,0.4286,3.368,4.3991,0.5031,-1.0311,0.5333,0.4667,-4,-1,53,2.0,0.7222,0.4921,0.4,0.4545,0.5,3.0888,4.7839,0.459,-1.695,0.4545,0.4,-3,-4,53,-2.0,0.2778,-0.01589999999999997,0.13329999999999997,0.04409999999999997,0.6639000000000002,0.2791999999999999,-0.38480000000000025,3,-1,0,0.13329999999999997,1.0,0.0,1.0,12,12,0
2023/2024_Ciste_Milan_3Round,2023/2024,3.0,Cisterna,Milano,0.5455,0.5455,0.5455,0.5,3.6351,3.4533,0.5114,0.1818,0.5455,0.5,2,1,1,-2.7,0.2778,0.4615,0.4667,0.3953,0.5625,3.8206,3.9676,0.4876,-0.147,0.4667,0.4667,-2,-1,55,2.853,0.7222,0.08399999999999996,0.07879999999999998,0.023799999999999988,0.3288,-0.18550000000000022,-0.5143,2,4,0,0.07879999999999998,2.0,1.0,1.0,2,2,1
2023/2024_Conso_Delta_3Round,2023/2024,3.0,Brescia,Porto Viro,0.5294,0.4667,0.5417,0.5,4.0639,3.9149,0.5095,0.1489,0.5333,0.5333,2,1,24,0.0,0.5,0.48,0.4,0.4762,0.5,3.6005,4.0887,0.5122,-0.4882,0.4667,0.5,-4,-1,15,0.0,0.5,0.0494,0.06669999999999998,-0.0027000000000000357,0.6371,0.4634000000000005,-0.1738000000000004,2,6,10,0.033299999999999996,1.0,2.0,-1.0,3,13,1
2023/2024_Emma _Pinet_3Round,2023/2024,3.0,Siena,Pineto,0.4286,0.3333,0.3636,0.5625,3.1885,4.7782,0.4595,-1.5897,0.3333,0.5333,-2,-8,18,0.0,0.5,0.5,0.4667,0.6429,0.3571,3.3673,4.0266,0.4812,-0.6593,0.6429,0.3571,-2,-2,8,0.0,0.5,-0.07140000000000002,-0.13340000000000002,-0.021699999999999997,-0.9303999999999999,-0.1788000000000003,0.7515999999999998,-6,0,0,-0.023799999999999988,1.0,1.0,0.0,13,13,0
2023/2024_Lube_Sir S_3Round,2023/2024,3.0,Lube,Perugia,0.4615,0.4667,0.4314,0.5417,3.2465,3.823,0.5128,-0.5765,0.4667,0.5333,0,-2,55,-0.727,0.3889,0.5938,0.6,0.5,0.6154,3.4416,3.5635,0.4989,-0.1219,0.5333,0.5333,0,1,54,0.614,0.6111,-0.13229999999999997,-0.13329999999999997,0.013900000000000023,-0.4546,-0.19510000000000005,0.25950000000000006,-3,0,-10,-0.06659999999999999,1.0,1.0,0.0,14,4,1
2023/2024_Mint _Moden_3Round,2023/2024,3.0,Monza,Modena,0.5385,0.5333,0.4286,0.6667,4.0712,3.037,0.5381,1.0342,0.4,0.6,0,-1,55,0.647,0.6111,0.4688,0.4667,0.4906,0.4286,3.0276,4.764,0.499,-1.7364,0.5333,0.4667,-4,-2,54,-1.565,0.3889,0.06969999999999998,0.06659999999999999,0.039100000000000024,2.7706,1.0436,-1.7270000000000003,1,4,11,-0.06669999999999998,1.0,1.0,0.0,4,15,0
2023/2024_Pool _Raven_3Round,2023/2024,3.0,Cantù,Ravenna,0.5758,0.6,0.4375,0.6296,3.2366,4.3661,0.4854,-1.1295,0.4667,0.5333,-5,-1,23,0.0,0.5,0.3889,0.4667,0.4,0.4615,3.9161,3.5375,0.5072,0.3786,0.4,0.4615,4,1,8,0.0,0.5,0.18689999999999996,0.13329999999999997,-0.021799999999999986,-1.5081,-0.6795,0.8286000000000002,-2,-9,-12,0.005199999999999982,2.0,2.0,0.0,16,4,0
2023/2024_Trent_Veron_3Round,2023/2024,3.0,Trento,Verona,0.5469,0.4,0.5357,0.5435,3.5886,4.0475,0.4939,-0.4588,0.5333,0.4,-2,-3,54,-1.566,0.3889,0.5,0.4,0.4545,0.5079,3.8441,4.0216,0.464,-0.1775,0.4545,0.4,4,1,54,0.881,0.6111,0.04690000000000005,0.0,0.029899999999999982,-0.2813,-0.25550000000000006,0.025900000000000034,-4,-6,-11,0.13329999999999997,2.0,1.0,1.0,16,5,0
2023/2024_Ciste_Padov_4Round,2023/2024,4.0,Cisterna,Padova,0.5833,0.5833,0.5833,0.5,3.7988,3.2655,0.5476,0.5333,0.5833,0.5,6,2,2,-2.043,0.2778,0.4308,0.6,0.4314,0.4583,3.8395,3.1972,0.5052,0.6423,0.6,0.6,0,2,55,2.063,0.7222,0.15250000000000002,-0.016699999999999937,0.04239999999999999,-0.10899999999999999,-0.04070000000000018,0.0682999999999998,0,6,0,-0.016699999999999937,1.0,2.0,-1.0,1,1,1
2023/2024_Lagon_Shedi_4Round,2023/2024,4.0,Lagonegro,Sorrento,0.5,0.6667,0.5161,0.4615,4.7264,2.5373,0.5343,2.1891,0.6667,0.4615,5,8,24,0.0,0.5,0.4286,0.4286,0.3846,0.5455,3.5799,3.5079,0.5,0.072,0.3846,0.5455,0,-1,4,0.0,0.5,0.07140000000000002,0.23809999999999998,0.0343,2.1170999999999998,1.1465,-0.9705999999999997,9,5,0,0.12119999999999997,0.0,0.0,0.0,16,16,0
2023/2024_Lube_Milan_4Round,2023/2024,4.0,Lube,Milano,0.4697,0.5333,0.4423,0.5417,3.9583,3.3448,0.5167,0.6135,0.5333,0.5333,4,1,56,0.786,0.6111,0.4545,0.4,0.3953,0.5455,2.8341,4.4645,0.4816,-1.6304,0.4667,0.4667,-6,-2,56,-0.979,0.3889,0.015199999999999991,0.13329999999999997,0.035100000000000076,2.2439,1.1242,-1.1197,3,10,0,0.06659999999999999,1.0,1.0,0.0,6,6,1
2023/2024_Moden_Sir S_4Round,2023/2024,4.0,Modena,Perugia,0.4769,0.4667,0.4906,0.4545,3.8029,4.0065,0.503,-0.2036,0.5333,0.4667,4,1,55,-2.21,0.2778,0.5846,0.5333,0.5,0.6038,3.0781,4.1791,0.4946,-1.101,0.5333,0.5333,-4,-1,55,2.343,0.7222,-0.10770000000000002,-0.06659999999999999,0.008400000000000019,0.8974,0.7248000000000001,-0.1726000000000001,2,8,0,0.0,1.0,1.0,0.0,7,7,0
2023/2024_Piace_Trent_4Round,2023/2024,4.0,Piacenza,Trento,0.5,0.5333,0.4167,0.5625,4.0334,3.7915,0.4914,0.2419,0.4,0.5333,2,1,36,-1.665,0.3889,0.5385,0.4,0.5172,0.5435,3.4352,4.0112,0.493,-0.576,0.4667,0.4,-1,-4,55,1.206,0.6111,-0.03849999999999998,0.13329999999999997,-0.0015999999999999903,0.8179,0.5982000000000003,-0.21969999999999956,5,3,9,0.0,2.0,1.0,1.0,8,17,0
2023/2024_Pool _Prata_4Round,2023/2024,4.0,Cantù,Prata di Pordenone,0.5588,0.5333,0.4118,0.6296,3.2073,4.2198,0.4838,-1.0125,0.4667,0.5333,-1,-2,24,0.0,0.5,0.4,0.4667,0.4167,0.4348,3.5717,4.1723,0.4644,-0.6006,0.4167,0.4667,2,1,15,0.0,0.5,0.15879999999999994,0.06659999999999999,0.01940000000000003,-0.41189999999999993,-0.36439999999999984,0.04750000000000032,-3,-3,-10,0.0,1.0,2.0,-1.0,18,8,1
2023/2024_Ciste_Piace_5Round,2023/2024,5.0,Cisterna,Piacenza,0.6154,0.6154,0.6154,0.5,3.9628,3.2382,0.5552,0.7246,0.6154,0.5,3,3,3,-2.51,0.2778,0.4894,0.5333,0.4,0.5625,3.9936,3.8232,0.4916,0.1704,0.4,0.5333,0,-1,37,2.49,0.7222,0.12599999999999995,0.08209999999999995,0.06360000000000005,0.5542,-0.030799999999999716,-0.585,4,3,7,0.08209999999999995,1.0,1.0,0.0,1,8,1
2023/2024_Conso_Raven_5Round,2023/2024,5.0,Brescia,Ravenna,0.5429,0.4667,0.56,0.5,4.2207,3.9009,0.511,0.3198,0.5333,0.5333,1,2,25,0.0,0.5,0.4211,0.5333,0.4,0.5,3.8814,3.4568,0.5103,0.4246,0.4,0.5,1,2,9,0.0,0.5,0.12180000000000007,-0.06659999999999999,0.0007000000000000339,-0.1048,0.3392999999999997,0.44410000000000016,0,0,0,0.033299999999999996,2.0,2.0,0.0,2,2,0
2023/2024_Emma _Pool _5Round,2023/2024,5.0,Siena,Cantù,0.4138,0.3333,0.3478,0.5625,3.1794,4.3135,0.4605,-1.1341,0.3333,0.5333,0,-9,19,0.0,0.5,0.5714,0.5333,0.4444,0.6296,3.3997,3.9026,0.4862,-0.5029,0.5333,0.5333,1,1,25,0.0,0.5,-0.15760000000000002,-0.2,-0.0257,-0.6312000000000001,-0.22030000000000038,0.41090000000000027,-10,-1,-11,-0.2,2.0,1.0,1.0,19,8,0
2023/2024_Milan_Trent_5Round,2023/2024,5.0,Milano,Trento,0.4478,0.4,0.3953,0.5294,2.6497,4.815,0.4779,-2.1652,0.4667,0.4,-4,-3,57,-0.942,0.3889,0.5455,0.4,0.5172,0.5532,3.5817,3.986,0.4931,-0.4043,0.4667,0.4667,0,1,56,1.74,0.6111,-0.09770000000000001,0.0,-0.015199999999999991,-1.7609,-0.9319999999999999,0.8290000000000002,-4,-4,0,0.0,1.0,1.0,0.0,9,9,1
2023/2024_Mint _Veron_5Round,2023/2024,5.0,Monza,Verona,0.5303,0.4667,0.4186,0.6667,3.519,3.8113,0.5334,-0.2923,0.4,0.6,-4,-2,56,-0.732,0.3889,0.5077,0.4667,0.4545,0.5156,3.8684,3.7392,0.4655,0.1292,0.4545,0.4667,1,2,55,1.397,0.6111,0.022599999999999953,0.0,0.06789999999999996,-0.4215,-0.3493999999999997,0.07210000000000027,-4,-5,-7,-0.06669999999999998,2.0,2.0,0.0,10,3,0
2023/2024_Moden_Padov_5Round,2023/2024,5.0,Modena,Padova,0.4697,0.4667,0.4815,0.4545,3.5853,3.9827,0.502,-0.3974,0.4667,0.4667,-1,-1,56,2.49,0.7222,0.4242,0.5333,0.4314,0.44,3.611,3.9237,0.5021,-0.3128,0.6,0.6,-3,-1,56,-2.51,0.2778,0.045499999999999985,-0.06659999999999999,-9.999999999998899e-05,-0.08459999999999995,-0.025700000000000056,0.05899999999999972,0,2,-6,-0.13329999999999997,1.0,1.0,0.0,10,4,1
2023/2024_Prata_WOW G_5Round,2023/2024,5.0,Prata di Pordenone,Aversa,0.3846,0.4667,0.4167,0.4167,3.459,4.0749,0.4631,-0.6158,0.4167,0.4667,-1,-1,16,0.0,0.5,0.619,0.6,0.5,0.6316,4.0104,3.1009,0.5458,0.9095,0.5,0.6,5,3,11,0.0,0.5,-0.2344,-0.13329999999999997,-0.08269999999999994,-1.5253,-0.5513999999999997,0.9740000000000002,-4,-6,0,-0.18329999999999996,1.0,4.0,-3.0,11,11,0
2023/2024_Shedi_Smart_5Round,2023/2024,5.0,Sorrento,Fano,0.4667,0.4667,0.3846,0.5833,3.7151,3.4563,0.5088,0.2588,0.3846,0.5833,2,1,5,0.0,0.5,0.45,0.4,0.4545,0.4737,3.5373,4.2576,0.4676,-0.7203,0.4545,0.4,-2,-4,10,0.0,0.5,0.016699999999999993,0.06669999999999998,0.041200000000000014,0.9791000000000001,0.17779999999999996,-0.8012999999999999,5,4,7,-0.015400000000000025,1.0,0.0,1.0,12,19,1
2023/2024_Banca_Lagon_6Round,2023/2024,6.0,Macerata,Lagonegro,0.6,0.6667,0.5882,0.5385,4.4572,3.4162,0.5259,1.041,0.6667,0.5385,2,5,10,0.0,0.5,0.4857,0.6,0.5,0.4615,4.2614,3.1394,0.5293,1.122,0.6,0.4615,-2,-1,25,0.0,0.5,0.11429999999999996,0.06669999999999998,-0.0033999999999999586,-0.08100000000000018,0.1958000000000002,0.2767999999999997,6,4,0,0.20519999999999994,0.0,2.0,-2.0,19,19,1
2023/2024_Conso_Emma _6Round,2023/2024,6.0,Brescia,Siena,0.5278,0.4667,0.5385,0.5,3.685,4.3253,0.5036,-0.6403,0.4667,0.5333,-4,-1,26,0.0,0.5,0.4,0.3333,0.3333,0.5625,3.3715,4.1793,0.462,-0.8078,0.3333,0.5333,0,-10,20,0.0,0.5,0.12780000000000002,0.13340000000000002,0.041600000000000026,0.16749999999999998,0.3134999999999999,0.1460000000000008,9,-4,16,-0.06659999999999999,1.0,1.0,0.0,4,20,0
2023/2024_Lube_Moden_6Round,2023/2024,6.0,Lube,Modena,0.4776,0.5333,0.4528,0.5417,4.4597,3.0082,0.5205,1.4515,0.5333,0.5333,4,2,57,0.226,0.5,0.4776,0.4667,0.4909,0.4545,4.1979,3.4559,0.5059,0.7419,0.4667,0.4667,4,1,57,-0.645,0.5,0.0,0.06659999999999999,0.014599999999999946,0.7096,0.26180000000000003,-0.4477000000000002,1,0,0,0.06659999999999999,2.0,1.0,1.0,4,4,0
2023/2024_Mint _Trent_6Round,2023/2024,6.0,Monza,Trento,0.5224,0.4667,0.4091,0.6667,3.3857,4.3565,0.5298,-0.9708,0.4,0.6,-3,-3,57,-1.208,0.3889,0.5373,0.4,0.5172,0.5417,3.4297,3.9687,0.4922,-0.539,0.4667,0.4,-1,-1,57,1.474,0.6111,-0.014900000000000024,0.06669999999999998,0.03760000000000002,-0.43179999999999996,-0.04400000000000004,0.3877999999999995,-2,-2,0,0.0,1.0,1.0,0.0,13,13,0
2023/2024_Padov_Veron_6Round,2023/2024,6.0,Padova,Verona,0.4179,0.4667,0.4314,0.4231,3.195,4.4354,0.498,-1.2404,0.6,0.5333,-4,-2,57,-0.431,0.5,0.5152,0.5333,0.4545,0.5231,4.3949,3.5405,0.4693,0.8544,0.4545,0.5333,3,3,56,0.145,0.5,-0.0973,-0.06659999999999999,0.028700000000000003,-2.0948,-1.1999,0.8948999999999994,-5,-7,-3,0.06669999999999998,1.0,1.0,0.0,5,2,1
2023/2024_Piace_Sir S_6Round,2023/2024,6.0,Piacenza,Perugia,0.4792,0.4667,0.4,0.5455,3.4911,4.3212,0.4864,-0.8301,0.4,0.5333,-4,-2,38,-1.763,0.2778,0.5909,0.5333,0.5,0.6111,3.3311,3.8494,0.4958,-0.5183,0.5333,0.5333,1,1,56,1.896,0.7222,-0.11169999999999997,-0.06659999999999999,-0.00940000000000002,-0.31179999999999997,0.1599999999999997,0.4718,-3,-5,-8,-0.13329999999999997,1.0,2.0,-1.0,14,6,1
2023/2024_Pinet_WOW G_6Round,2023/2024,6.0,Pineto,Aversa,0.5263,0.5333,0.6429,0.4,3.3298,3.8216,0.4818,-0.4918,0.6429,0.4,0,1,9,0.0,0.5,0.6364,0.6,0.5,0.65,3.79,3.1271,0.5444,0.6629,0.5,0.6,0,4,12,0.0,0.5,-0.11009999999999998,-0.06669999999999998,-0.06259999999999999,-1.1547,-0.46019999999999994,0.6945000000000001,-3,0,-9,0.04290000000000005,3.0,1.0,2.0,15,6,0
2023/2024_Ciste_Moden_7Round,2023/2024,7.0,Cisterna,Modena,0.6429,0.6429,0.6429,0.5,4.1153,3.1444,0.5691,0.9709,0.6429,0.5,4,4,4,-1.216,0.3889,0.4853,0.5333,0.4909,0.4783,3.8618,3.3411,0.5058,0.5207,0.4667,0.4667,0,2,58,0.89,0.6111,0.15760000000000002,0.10960000000000003,0.06330000000000002,0.45019999999999993,0.2535000000000003,-0.19669999999999987,2,4,1,0.17620000000000002,2.0,1.0,1.0,1,2,1
2023/2024_Delta_Pinet_7Round,2023/2024,7.0,Porto Viro,Pineto,0.4615,0.4,0.4762,0.4667,3.6644,4.1994,0.5093,-0.5351,0.4667,0.4667,-1,-2,16,0.0,0.5,0.5,0.4667,0.6,0.4,3.5991,3.9625,0.4833,-0.3634,0.6,0.4,0,-1,10,0.0,0.5,-0.03849999999999998,-0.06669999999999998,0.025999999999999968,-0.17170000000000002,0.06530000000000014,0.2368999999999999,-1,-1,-6,0.06669999999999998,4.0,1.0,3.0,21,15,1
2023/2024_Emma _Raven_7Round,2023/2024,7.0,Siena,Ravenna,0.4194,0.4,0.3333,0.5882,3.9165,4.0847,0.468,-0.1681,0.3333,0.5333,2,1,21,0.0,0.5,0.45,0.5333,0.4,0.5333,4.1566,3.2429,0.5227,0.9137,0.4,0.5333,4,3,10,0.0,0.5,-0.030600000000000016,-0.13329999999999997,-0.054700000000000026,-1.0817999999999999,-0.24009999999999998,0.8417999999999997,-2,-2,-13,-0.2,1.0,2.0,-1.0,15,2,0
2023/2024_Lagon_Smart_7Round,2023/2024,7.0,Lagonegro,Fano,0.4722,0.5333,0.5,0.4286,3.9305,3.5697,0.5246,0.3608,0.6,0.4286,-2,-2,26,0.0,0.5,0.4286,0.3333,0.4545,0.45,3.2915,4.4483,0.4578,-1.1568,0.4545,0.3333,-4,-5,11,0.0,0.5,0.04360000000000003,0.2,0.06679999999999997,1.5176,0.6389999999999998,-0.8785999999999996,3,2,0,0.2667,1.0,2.0,-1.0,22,22,1
2023/2024_Milan_Padov_7Round,2023/2024,7.0,Milano,Padova,0.4559,0.4667,0.4091,0.5294,3.0312,4.2949,0.4792,-1.2637,0.5333,0.4,1,1,58,1.49,0.7222,0.4265,0.5333,0.4423,0.4231,3.9256,3.5167,0.503,0.4089,0.6,0.5333,5,1,58,-1.51,0.2778,0.029400000000000037,-0.06659999999999999,-0.023799999999999988,-1.6726,-0.8944000000000001,0.7782,0,-4,-4,0.0,2.0,1.0,1.0,7,3,1
2023/2024_Mint _Piace_7Round,2023/2024,7.0,Monza,Piacenza,0.5147,0.4,0.4,0.6667,3.2918,4.229,0.5284,-0.9372,0.3333,0.6,-1,-4,58,-1.95,0.3889,0.4898,0.4667,0.4231,0.5455,4.0906,3.9585,0.4907,0.1322,0.4,0.5333,3,1,39,1.285,0.6111,0.024900000000000033,-0.06669999999999998,0.037699999999999956,-1.0694000000000001,-0.7988000000000004,0.2705000000000002,-5,-4,-7,-0.2,1.0,1.0,0.0,15,8,0
2023/2024_Sir S_Veron_7Round,2023/2024,7.0,Perugia,Verona,0.5821,0.4667,0.5,0.6,3.2538,4.3832,0.4927,-1.1294,0.5333,0.4667,-3,-1,57,2.069,0.6111,0.5075,0.5333,0.4545,0.5152,3.49,4.1665,0.4646,-0.6765,0.4545,0.5333,-5,-1,57,-1.59,0.3889,0.0746,-0.06659999999999999,0.028100000000000014,-0.45289999999999997,-0.2362000000000002,0.21670000000000034,0,2,-6,0.0,1.0,1.0,0.0,9,3,0
2023/2024_Ciste_Sir S_8Round,2023/2024,8.0,Cisterna,Perugia,0.6667,0.6667,0.6667,0.5,4.0524,3.1595,0.5702,0.8929,0.6667,0.5,1,5,5,-3.0,0.2778,0.5735,0.4667,0.4783,0.6,2.9433,4.7595,0.4888,-1.8162,0.5333,0.4667,-4,-2,58,3.0,0.7222,0.09319999999999995,0.19999999999999996,0.08140000000000003,2.7091000000000003,1.1090999999999998,-1.6,7,5,8,0.19999999999999996,1.0,1.0,0.0,1,9,0
2023/2024_Lube_Trent_8Round,2023/2024,8.0,Lube,Trento,0.4706,0.4667,0.4444,0.5417,4.0455,3.0268,0.5203,1.0187,0.4667,0.5333,0,-1,58,0.093,0.5,0.5441,0.4667,0.5172,0.551,3.5785,3.7009,0.4933,-0.1224,0.4667,0.4667,1,1,58,0.093,0.5,-0.07350000000000001,0.0,0.02699999999999997,1.1411,0.46699999999999964,-0.6740999999999997,-2,-1,0,0.0,2.0,2.0,0.0,10,10,0
2023/2024_Milan_Mint _8Round,2023/2024,8.0,Milano,Monza,0.4638,0.4667,0.4222,0.5294,3.8122,3.6729,0.4834,0.1393,0.5333,0.4,4,2,59,-0.229,0.5,0.5072,0.3333,0.3913,0.6667,3.7386,4.3963,0.5279,-0.6577,0.3333,0.6,0,-5,59,-0.782,0.5,-0.043399999999999994,0.13340000000000002,-0.04450000000000004,0.7969999999999999,0.07359999999999989,-0.7234000000000003,7,4,11,-0.06669999999999998,1.0,1.0,0.0,4,15,0
2023/2024_Piace_Veron_8Round,2023/2024,8.0,Piacenza,Verona,0.5,0.5333,0.4231,0.5588,4.2755,4.1825,0.4909,0.093,0.4,0.5333,0,2,40,0.359,0.5,0.5147,0.6,0.4545,0.5224,4.1326,3.5838,0.4692,0.5488,0.4545,0.6,4,1,58,-0.512,0.5,-0.014700000000000046,-0.06669999999999998,0.021699999999999997,-0.4558,0.14290000000000003,0.5987,1,-4,-2,-0.19999999999999996,1.0,1.0,0.0,4,2,1
2023/2024_Pinet_Prata_8Round,2023/2024,8.0,Pineto,Prata di Pordenone,0.4762,0.4,0.6,0.375,3.3368,4.2319,0.4716,-0.8951,0.6,0.4,-4,-2,11,0.0,0.5,0.3704,0.4667,0.3846,0.4167,3.3761,3.8171,0.464,-0.441,0.3846,0.4667,0,-2,17,0.0,0.5,0.1058,-0.06669999999999998,0.007599999999999996,-0.4541,-0.03929999999999989,0.4148000000000005,0,-4,0,0.13329999999999997,1.0,3.0,-2.0,16,16,0
2023/2024_Raven_WOW G_8Round,2023/2024,8.0,Ravenna,Aversa,0.4762,0.6,0.4,0.5625,4.3742,3.0756,0.5339,1.2986,0.4,0.6,4,4,11,0.0,0.5,0.6522,0.6667,0.5,0.6667,3.9646,3.4837,0.5412,0.4809,0.5,0.6667,0,5,13,0.0,0.5,-0.176,-0.06669999999999998,-0.007299999999999973,0.8177,0.4096000000000002,-0.4080999999999997,-1,4,3,-0.26669999999999994,1.0,2.0,-1.0,2,5,1
2023/2024_Banca_Shedi_9Round,2023/2024,9.0,Macerata,Sorrento,0.619,0.6667,0.6111,0.5385,4.4375,3.3598,0.5303,1.0777,0.6667,0.5385,2,6,11,0.0,0.5,0.5,0.5333,0.4286,0.5833,3.9505,3.2967,0.5245,0.6538,0.4286,0.5833,4,2,6,0.0,0.5,0.119,0.13339999999999996,0.005800000000000027,0.42390000000000005,0.4870000000000001,0.06309999999999993,4,-2,-6,0.08339999999999992,3.0,4.0,-1.0,17,11,0
2023/2024_Ciste_Lube_9Round,2023/2024,9.0,Cisterna,Lube,0.625,0.6,0.625,0.5,3.9911,3.288,0.5652,0.7031,0.6,0.5,0,-1,6,-2.406,0.2778,0.4638,0.4667,0.4364,0.5417,3.7545,3.2962,0.519,0.4583,0.4667,0.5333,-1,-2,59,2.253,0.7222,0.1612,0.13329999999999997,0.04620000000000002,0.24479999999999996,0.2365999999999997,-0.008199999999999985,1,1,11,0.06669999999999998,1.0,1.0,0.0,1,12,0
2023/2024_Conso_Prata_9Round,2023/2024,9.0,Brescia,Prata di Pordenone,0.5135,0.4667,0.5185,0.5,3.7402,4.6309,0.5,-0.8907,0.4667,0.5333,-2,-2,27,0.0,0.5,0.3929,0.4667,0.3846,0.44,3.5077,3.6301,0.4674,-0.1224,0.3846,0.5333,1,1,18,0.0,0.5,0.12059999999999993,0.0,0.03260000000000002,-0.7683000000000001,0.23250000000000037,1.0007999999999995,-3,-3,0,-0.06659999999999999,3.0,1.0,2.0,13,13,1
2023/2024_Delta_WOW G_9Round,2023/2024,9.0,Porto Viro,Aversa,0.4815,0.4667,0.5,0.4667,4.0898,3.7175,0.518,0.3723,0.4667,0.4667,4,1,17,0.0,0.5,0.625,0.6,0.5,0.6364,3.748,3.9256,0.5306,-0.1776,0.5,0.6,-3,-1,14,0.0,0.5,-0.14350000000000002,-0.13329999999999997,-0.012599999999999945,0.5499,0.3418000000000001,-0.2081000000000004,2,7,-12,-0.13329999999999997,2.0,1.0,1.0,17,5,0
2023/2024_Milan_Veron_9Round,2023/2024,9.0,Milano,Verona,0.4571,0.4667,0.413,0.5294,3.0762,4.2642,0.4789,-1.188,0.5333,0.4,-5,-1,60,-1.075,0.3889,0.5072,0.5333,0.4545,0.5147,3.3026,4.2001,0.4647,-0.8975,0.4545,0.5333,-5,-1,59,1.607,0.6111,-0.05009999999999998,-0.06659999999999999,0.01419999999999999,-0.2905,-0.22639999999999993,0.06409999999999982,0,0,-3,0.0,1.0,1.0,0.0,6,3,1
2023/2024_Moden_Trent_9Round,2023/2024,9.0,Modena,Trento,0.4783,0.5333,0.4909,0.4583,3.6255,3.5167,0.5048,0.1089,0.4667,0.4667,-1,-1,59,-1.922,0.3889,0.5507,0.5333,0.5172,0.56,3.6833,3.5127,0.4943,0.1706,0.4667,0.5333,1,2,59,1.29,0.6111,-0.07239999999999996,0.0,0.01050000000000001,-0.061700000000000005,-0.05779999999999985,0.0040000000000000036,-3,-2,0,-0.06659999999999999,2.0,1.0,1.0,7,7,1
2023/2024_Padov_Sir S_9Round,2023/2024,9.0,Padova,Perugia,0.4203,0.4667,0.4423,0.4074,3.4138,4.153,0.499,-0.7392,0.6,0.4667,-4,-1,59,-2.853,0.2778,0.5797,0.4667,0.4783,0.6071,3.2376,4.512,0.4889,-1.2745,0.5333,0.5333,0,1,59,2.7,0.7222,-0.1594,0.0,0.010099999999999998,0.5353,0.17620000000000013,-0.359,-2,-4,0,0.06669999999999998,2.0,1.0,1.0,8,8,0
2023/2024_Banca_Smart_10Round,2023/2024,10.0,Macerata,Fano,0.5909,0.6,0.5789,0.5385,4.265,3.4795,0.5291,0.7855,0.6,0.5385,0,-1,12,0.0,0.5,0.4091,0.3333,0.4545,0.4286,2.9388,4.6002,0.4455,-1.6614,0.4545,0.3333,-5,-6,12,0.0,0.5,0.18179999999999996,0.2667,0.08360000000000001,2.4469,1.3261999999999996,-1.1207000000000003,5,5,6,0.2667,1.0,3.0,-2.0,17,23,1
2023/2024_Ciste_Veron_10Round,2023/2024,10.0,Cisterna,Verona,0.5882,0.5333,0.5882,0.5,3.9391,3.5222,0.5561,0.4169,0.5333,0.5,-1,-2,7,-2.58,0.2778,0.5,0.4667,0.4545,0.5072,2.9757,4.634,0.4614,-1.6583,0.4545,0.4667,-4,-2,60,2.314,0.7222,0.08819999999999995,0.06659999999999999,0.09470000000000006,2.0752,0.9634,-1.1118000000000001,0,3,2,0.06659999999999999,1.0,1.0,0.0,1,3,0
2023/2024_Conso_Pool _10Round,2023/2024,10.0,Brescia,Cantù,0.5263,0.5333,0.5357,0.5,4.2223,3.7466,0.5084,0.4757,0.5333,0.5333,5,1,28,0.0,0.5,0.5833,0.5333,0.4444,0.6429,3.5372,3.8932,0.4866,-0.356,0.5333,0.6,0,2,26,0.0,0.5,-0.05700000000000005,0.0,0.021799999999999986,0.8317,0.6850999999999998,-0.14660000000000029,-1,5,5,-0.06669999999999998,1.0,5.0,-4.0,9,14,1
2023/2024_Lube_Piace_10Round,2023/2024,10.0,Lube,Piacenza,0.4714,0.5333,0.4364,0.56,4.0642,3.4855,0.5197,0.5788,0.4667,0.6,1,1,60,0.5,0.6111,0.5098,0.5333,0.4444,0.5588,4.6484,3.3771,0.4975,1.2713,0.4667,0.5333,5,3,41,-1.265,0.3889,-0.038400000000000045,0.0,0.022200000000000053,-0.6925000000000001,-0.5842,0.10840000000000005,-2,-4,-6,-0.06659999999999999,1.0,2.0,-1.0,10,4,0
2023/2024_Mint _Padov_10Round,2023/2024,10.0,Monza,Padova,0.5143,0.4,0.3913,0.6765,4.3102,3.486,0.5322,0.8242,0.3333,0.6,5,1,60,1.594,0.7222,0.4143,0.4,0.434,0.4074,3.3109,3.8296,0.499,-0.5187,0.5333,0.4667,0,-2,60,-1.747,0.2778,0.09999999999999998,0.0,0.03320000000000001,1.3429000000000002,0.9992999999999999,-0.3435999999999999,3,5,-4,-0.13340000000000002,2.0,1.0,1.0,14,10,1
2023/2024_Prata_Raven_10Round,2023/2024,10.0,Prata di Pordenone,Ravenna,0.3793,0.4667,0.3846,0.4231,3.014,4.0841,0.4571,-1.07,0.3846,0.4667,-5,-1,19,0.0,0.5,0.5,0.6667,0.4375,0.5625,4.5462,3.1087,0.5406,1.4375,0.4667,0.6,3,5,12,0.0,0.5,-0.12069999999999997,-0.19999999999999996,-0.08349999999999996,-2.5075000000000003,-1.5322,0.9754000000000005,-6,-8,-14,-0.21539999999999998,1.0,2.0,-1.0,15,1,1
2023/2024_Sir S_Trent_10Round,2023/2024,10.0,Perugia,Trento,0.5857,0.5333,0.4783,0.614,3.1872,4.0815,0.4891,-0.8943,0.5333,0.5333,0,2,60,-0.572,0.5,0.5429,0.5333,0.5172,0.549,2.9857,4.1517,0.4897,-1.166,0.4667,0.5333,-5,-1,60,-0.572,0.5,0.04279999999999995,0.0,-0.0006000000000000449,0.27169999999999994,0.2014999999999998,-0.07019999999999982,3,5,5,0.0,1.0,1.0,0.0,5,10,1
2023/2024_Ciste_Mint _11Round,2023/2024,11.0,Cisterna,Monza,0.5556,0.4667,0.5556,0.5,3.7649,3.4499,0.5546,0.315,0.4667,0.5,0,-3,8,0.86,0.6111,0.5211,0.4667,0.4043,0.6765,4.1973,3.3612,0.5328,0.8361,0.4,0.6,1,2,61,-0.481,0.3889,0.034499999999999975,0.0,0.02179999999999993,-0.5210999999999999,-0.43240000000000034,0.08869999999999978,-5,-1,9,-0.13329999999999997,1.0,1.0,0.0,1,10,1
2023/2024_Delta_Pool _11Round,2023/2024,11.0,Porto Viro,Cantù,0.4643,0.4667,0.4783,0.4667,3.825,3.7517,0.5153,0.0732,0.4667,0.4667,-1,-1,18,0.0,0.5,0.5676,0.4667,0.4444,0.6207,3.4168,4.3253,0.4816,-0.9085,0.5333,0.6,-3,-1,27,0.0,0.5,-0.1033,0.0,0.03370000000000001,0.9817,0.40820000000000034,-0.5736000000000003,0,2,-2,-0.13329999999999997,2.0,1.0,1.0,18,16,1
2023/2024_Emma _WOW G_11Round,2023/2024,11.0,Siena,Aversa,0.4062,0.4,0.32,0.5882,3.4864,4.4309,0.4609,-0.9444,0.3333,0.5333,-4,-1,22,0.0,0.5,0.64,0.6,0.5,0.6522,3.7684,3.7163,0.5321,0.0521,0.5,0.6,1,1,15,0.0,0.5,-0.2338,-0.19999999999999996,-0.07120000000000004,-0.9965,-0.28200000000000003,0.7146000000000003,-2,-5,-13,-0.2667,4.0,2.0,2.0,19,6,1
2023/2024_Farmi_Gioie_11Round,2023/2024,11.0,Catania,Taranto,0.4167,0.4167,0.4167,0.5,3.2988,3.7655,0.4762,-0.4667,0.4167,0.5,0,-2,2,0.0,0.5,0.5625,0.6,0.5,0.5625,3.6445,3.6182,0.5042,0.0263,0.5,0.6,1,4,6,0.0,0.5,-0.14579999999999999,-0.18329999999999996,-0.02799999999999997,-0.493,-0.3456999999999999,0.1473,-6,-1,0,-0.18329999999999996,4.0,2.0,2.0,23,23,1
2023/2024_Lube_Veron_11Round,2023/2024,11.0,Lube,Verona,0.4648,0.4667,0.4286,0.56,3.5092,4.1341,0.5155,-0.6249,0.4667,0.6,-4,-1,61,2.657,0.7222,0.507,0.4667,0.4545,0.5143,3.0032,4.1668,0.4618,-1.1636,0.4545,0.4667,0,1,61,-2.79,0.2778,-0.042200000000000015,0.0,0.05369999999999997,0.5387,0.5059999999999998,-0.03270000000000017,-2,-4,-8,0.0,1.0,1.0,0.0,10,2,0
2023/2024_Milan_Sir S_11Round,2023/2024,11.0,Milano,Perugia,0.4648,0.5333,0.4255,0.5294,3.8469,3.6495,0.483,0.1974,0.5333,0.4,4,1,61,-2.147,0.2778,0.5915,0.5333,0.5,0.614,3.9248,3.5213,0.4932,0.4035,0.5333,0.5333,4,3,61,2.3,0.7222,-0.12670000000000003,0.0,-0.010200000000000042,-0.20610000000000003,-0.07789999999999964,0.1282000000000001,-2,0,-3,0.0,2.0,1.0,1.0,6,3,0
2023/2024_Moden_Piace_11Round,2023/2024,11.0,Modena,Piacenza,0.4857,0.5333,0.5,0.4583,4.2309,2.8688,0.5094,1.3621,0.5333,0.4667,5,1,60,2.406,0.7222,0.5192,0.6,0.4444,0.5714,4.9133,3.05,0.5025,1.8633,0.4667,0.5333,4,4,42,-2.253,0.2778,-0.033499999999999974,-0.06669999999999998,0.006900000000000017,-0.5011999999999999,-0.6823999999999995,-0.18120000000000003,-3,1,-2,0.0,2.0,1.0,1.0,6,4,0
2023/2024_Padov_Trent_11Round,2023/2024,11.0,Padova,Trento,0.4085,0.4,0.434,0.3929,3.2384,3.86,0.4981,-0.6217,0.5333,0.4,-1,-3,61,-3.0,0.2778,0.5352,0.4667,0.5172,0.5385,2.7525,4.6016,0.4861,-1.8491,0.4667,0.4667,-4,-2,61,3.0,0.7222,-0.12670000000000003,-0.06669999999999998,0.01200000000000001,1.2273999999999998,0.4859,-0.7416000000000005,-1,3,0,0.06659999999999999,1.0,1.0,0.0,10,10,0
2023/2024_Conso_WOW G_12Round,2023/2024,12.0,Brescia,Aversa,0.5385,0.5333,0.5517,0.5,4.5678,3.5626,0.513,1.0053,0.5333,0.5333,3,2,29,0.0,0.5,0.6154,0.5333,0.5,0.625,3.7849,4.1167,0.5252,-0.3318,0.5,0.5333,-2,-1,16,0.0,0.5,-0.07689999999999997,0.0,-0.012199999999999989,1.3371,0.7829000000000002,-0.5540999999999996,3,5,0,0.0,2.0,1.0,1.0,6,6,0
2023/2024_Delta_Emma _12Round,2023/2024,12.0,Porto Viro,Siena,0.4828,0.4667,0.5,0.4667,4.2231,3.5812,0.521,0.6419,0.4667,0.4667,3,1,19,0.0,0.5,0.4242,0.4667,0.3462,0.5882,4.013,4.265,0.4665,-0.252,0.4,0.5333,2,1,23,0.0,0.5,0.058599999999999985,0.0,0.05449999999999999,0.8939,0.21009999999999973,-0.6837999999999997,0,1,0,-0.06659999999999999,1.0,1.0,0.0,16,16,0
2023/2024_Pinet_Pool _12Round,2023/2024,12.0,Pineto,Cantù,0.4545,0.4,0.5625,0.375,3.2991,4.1151,0.4697,-0.8161,0.5333,0.4,-1,-3,12,0.0,0.5,0.5526,0.4667,0.4444,0.6,3.3305,4.6359,0.4769,-1.3053,0.5333,0.5333,-3,-2,28,0.0,0.5,-0.09809999999999997,-0.06669999999999998,-0.007199999999999984,0.48919999999999986,-0.03139999999999965,-0.5208000000000004,-1,2,-3,0.0,4.0,1.0,3.0,20,17,0
2023/2024_Delta_Prata_13Round,2023/2024,13.0,Porto Viro,Prata di Pordenone,0.4667,0.4667,0.48,0.4667,4.1149,3.6577,0.5203,0.4572,0.4667,0.4667,0,-1,20,0.0,0.5,0.4,0.4667,0.4286,0.4231,3.6537,4.0159,0.4634,-0.3622,0.4286,0.4667,2,1,20,0.0,0.5,0.06669999999999998,0.0,0.056900000000000006,0.8194,0.4611999999999994,-0.3582000000000001,-2,-2,-7,0.0,1.0,3.0,-2.0,18,11,0
2023/2024_Pinet_Raven_13Round,2023/2024,13.0,Pineto,Ravenna,0.4348,0.4,0.5294,0.375,3.4389,4.2004,0.4686,-0.7615,0.4667,0.4,-1,-4,13,0.0,0.5,0.4783,0.6,0.4375,0.5294,4.3435,3.6399,0.5326,0.7036,0.4667,0.6,-2,-1,13,0.0,0.5,-0.04349999999999998,-0.19999999999999996,-0.06399999999999995,-1.4651,-0.9045999999999998,0.5605000000000002,-3,1,-15,-0.13329999999999997,1.0,3.0,-2.0,20,5,0
2024/2025_Cantù_Delta_1Round,2024/2025,1.0,Cantù,Porto Viro,0.5641,0.5333,0.4444,0.6129,3.7148,4.4138,0.4793,-0.699,0.5333,0.5333,1,1,29,0.0,0.5,0.4516,0.4667,0.4615,0.4667,4.0389,4.1201,0.5156,-0.0812,0.4667,0.4667,-2,-2,21,0.0,0.5,0.11250000000000004,0.06659999999999999,-0.03629999999999994,-0.6177999999999999,-0.32410000000000005,0.2937000000000003,3,3,0,0.06659999999999999,0.0,0.0,0.0,1,1,0
2024/2025_Ciste_Trent_1Round,2024/2025,1.0,Cisterna,Trento,0.5789,0.4667,0.5789,0.5,4.0528,3.1072,0.5697,0.9455,0.4667,0.5,5,1,9,-2.447,0.2778,0.5417,0.5333,0.5172,0.5472,3.6213,3.627,0.4909,-0.0056,0.4667,0.5333,5,1,62,2.447,0.7222,0.03720000000000001,-0.06659999999999999,0.07879999999999998,0.9511000000000001,0.4315000000000002,-0.5197999999999996,0,0,0,-0.06659999999999999,0.0,0.0,0.0,2,2,1
2024/2025_Emma _Evolu_1Round,2024/2025,1.0,Siena,Aversa,0.4412,0.5333,0.3462,0.6111,3.9694,4.1481,0.4676,-0.1787,0.4,0.5333,0,2,24,0.0,0.5,0.6296,0.5333,0.5,0.64,3.9872,4.2249,0.5238,-0.2376,0.5,0.5333,0,1,17,0.0,0.5,-0.18840000000000007,0.0,-0.05620000000000003,0.05890000000000001,-0.01780000000000026,-0.07679999999999954,1,0,0,-0.13329999999999997,0.0,0.0,0.0,3,3,1
2024/2025_Grott_Mint _1Round,2024/2025,1.0,Grottazzolina,Monza,0.5,0.5,0.5455,0.4615,3.5313,3.7321,0.481,-0.2009,0.5455,0.4615,3,1,4,-2.4,0.3571,0.5139,0.4667,0.4043,0.6571,3.3433,4.0484,0.5277,-0.7051,0.4,0.5333,-5,-1,62,1.6,0.6429,-0.013900000000000023,0.033299999999999996,-0.046699999999999964,0.5042,0.18799999999999972,-0.3163,2,8,0,0.012199999999999989,0.0,0.0,0.0,4,4,0
2024/2025_Lube_Padov_1Round,2024/2025,1.0,Lube,Padova,0.4583,0.4,0.4211,0.56,3.1189,4.5907,0.5114,-1.4718,0.4,0.6,-4,-2,62,1.8,0.6111,0.4028,0.4,0.4259,0.3929,2.6706,4.3984,0.4934,-1.7278,0.4667,0.4,-5,-4,62,-2.412,0.3889,0.055499999999999994,0.0,0.01799999999999996,0.256,0.44830000000000014,0.19230000000000036,2,1,0,0.0,0.0,0.0,0.0,5,5,1
2024/2025_Macer_Pinet_1Round,2024/2025,1.0,Macerata,Pineto,0.6087,0.6,0.6,0.5385,4.4787,2.8915,0.5441,1.5872,0.6,0.5385,6,1,13,0.0,0.5,0.4167,0.3333,0.5,0.375,3.3682,3.9184,0.4694,-0.5501,0.4,0.4,0,-5,14,0.0,0.5,0.192,0.2667,0.07470000000000004,2.1372999999999998,1.1105,-1.0269,6,6,0,0.19999999999999996,0.0,0.0,0.0,6,6,1
2024/2025_Moden_Piace_1Round,2024/2025,1.0,Modena,Piacenza,0.4789,0.5333,0.4912,0.4583,3.8839,3.1859,0.5084,0.698,0.4667,0.4667,-1,-1,61,2.406,0.7222,0.5283,0.6667,0.4444,0.5833,4.6154,3.0618,0.5037,1.5536,0.4667,0.6,1,5,43,-2.253,0.2778,-0.0494,-0.13339999999999996,0.0046999999999999265,-0.8556000000000001,-0.7315,0.12410000000000032,-6,-2,0,-0.13329999999999997,0.0,0.0,0.0,7,7,1
2024/2025_Raven_Smart_1Round,2024/2025,1.0,Ravenna,Fano,0.5,0.6,0.4375,0.5556,4.0217,3.5134,0.5318,0.5083,0.4667,0.6,0,1,14,0.0,0.5,0.3913,0.3333,0.4545,0.4091,2.4993,4.7218,0.4307,-2.2225,0.4545,0.3333,-6,-7,13,0.0,0.5,0.10870000000000002,0.2667,0.10110000000000002,2.7308000000000003,1.5224000000000002,-1.2084000000000001,8,6,0,0.13340000000000002,0.0,0.0,0.0,8,8,1
2024/2025_Sir S_Veron_1Round,2024/2025,1.0,Perugia,Verona,0.5972,0.6,0.5,0.6207,4.1855,3.9024,0.4933,0.2831,0.5333,0.6,0,4,62,2.069,0.6111,0.5139,0.5333,0.4545,0.5211,3.7972,3.5802,0.4662,0.217,0.4545,0.5333,4,2,62,-1.59,0.3889,0.08329999999999993,0.06669999999999998,0.027100000000000013,0.06610000000000002,0.3883000000000001,0.32220000000000004,2,-4,0,0.0,0.0,0.0,0.0,9,9,1
2024/2025_Bresc_Cosed_2Round,2024/2025,2.0,Brescia,Acicastello,0.525,0.4667,0.5333,0.5,4.5913,3.8816,0.5126,0.7097,0.4667,0.5333,0,-1,30,0.0,0.5,0.5714,0.5714,0.5455,0.5385,3.8313,3.3724,0.523,0.4589,0.5455,0.5385,4,2,4,0.0,0.5,-0.0464,-0.10470000000000002,-0.010400000000000076,0.2508,0.7600000000000002,0.5092000000000003,-3,-4,0,-0.07179999999999997,0.0,0.0,0.0,10,10,0
2024/2025_Ciste_Veron_2Round,2024/2025,2.0,Cisterna,Verona,0.6,0.4667,0.6,0.5,3.9833,3.1346,0.57,0.8486,0.4667,0.5,1,2,10,-2.58,0.2778,0.5068,0.4667,0.4545,0.5139,3.579,3.9446,0.4648,-0.3656,0.4545,0.4667,-2,-1,63,2.314,0.7222,0.09319999999999995,0.0,0.10519999999999996,1.2142,0.40429999999999966,-0.81,3,3,10,0.0,1.0,1.0,0.0,1,11,0
2024/2025_Delta_Prata_2Round,2024/2025,2.0,Porto Viro,Prata di Pordenone,0.4688,0.4667,0.4615,0.5,4.3983,3.8373,0.5207,0.561,0.4667,0.4667,3,1,22,0.0,0.5,0.4194,0.5333,0.4286,0.4444,4.1173,3.9684,0.4692,0.1488,0.4286,0.5333,2,2,21,0.0,0.5,0.0494,-0.06659999999999999,0.051500000000000046,0.41220000000000007,0.2809999999999997,-0.1311,-1,1,11,-0.06659999999999999,1.0,0.0,1.0,1,12,1
2024/2025_Emma _Pinet_2Round,2024/2025,2.0,Siena,Pineto,0.4571,0.6,0.3704,0.6111,3.9396,3.8518,0.4702,0.0877,0.4667,0.5333,1,3,25,0.0,0.5,0.4,0.3333,0.5,0.3529,3.315,3.8911,0.4679,-0.5761,0.4,0.4,-1,-6,15,0.0,0.5,0.057099999999999984,0.2667,0.0023000000000000242,0.6638,0.6246,-0.03929999999999989,9,2,10,0.06669999999999998,1.0,1.0,0.0,2,12,1
2024/2025_Grott_Moden_2Round,2024/2025,2.0,Grottazzolina,Modena,0.4667,0.4667,0.5,0.4615,3.3754,3.9395,0.4649,-0.564,0.5,0.4615,-4,-1,5,-2.7,0.3571,0.4861,0.5333,0.5,0.4583,4.1568,3.4088,0.5092,0.748,0.5333,0.4667,1,1,62,2.3,0.6429,-0.019399999999999973,-0.06659999999999999,-0.044300000000000006,-1.3119999999999998,-0.7813999999999997,0.5307,-2,-5,-9,0.033299999999999996,1.0,1.0,0.0,12,3,1
2024/2025_Lube_Milan_2Round,2024/2025,2.0,Lube,Milano,0.4658,0.4667,0.431,0.56,3.8799,4.1357,0.514,-0.2558,0.4,0.6,3,1,63,0.786,0.6111,0.4583,0.5333,0.4167,0.5294,4.1309,3.9923,0.4833,0.1385,0.5333,0.4,0,-1,62,-0.979,0.3889,0.007500000000000007,-0.06659999999999999,0.030700000000000005,-0.39430000000000004,-0.25099999999999945,0.14339999999999975,2,3,10,0.0,1.0,0.0,1.0,3,13,1
2024/2025_Macer_Smart_2Round,2024/2025,2.0,Macerata,Fano,0.625,0.6,0.619,0.5385,4.2944,2.9728,0.5453,1.3216,0.6,0.5385,1,2,14,0.0,0.5,0.375,0.3333,0.4545,0.3913,2.6894,4.645,0.4284,-1.9556,0.4545,0.3333,-2,-8,14,0.0,0.5,0.25,0.2667,0.1169,3.2772,1.6050000000000004,-1.6721999999999997,10,3,9,0.2667,1.0,1.0,0.0,4,13,1
2024/2025_Mint _Piace_2Round,2024/2025,2.0,Monza,Piacenza,0.5205,0.5333,0.4043,0.6667,4.0373,3.4963,0.531,0.541,0.4,0.6,4,1,63,-1.95,0.3889,0.5185,0.6,0.4444,0.5676,4.4063,3.5585,0.5024,0.8477,0.4667,0.5333,-1,-1,44,1.285,0.6111,0.0020000000000000018,-0.06669999999999998,0.02860000000000007,-0.3067,-0.3689999999999998,-0.06219999999999981,2,5,8,-0.13329999999999997,1.0,1.0,0.0,5,13,0
2024/2025_Padov_Sir S_2Round,2024/2025,2.0,Padova,Perugia,0.3973,0.3333,0.4259,0.3793,2.7886,4.7775,0.4907,-1.9889,0.4667,0.3333,-3,-5,63,-2.853,0.2778,0.6027,0.6667,0.52,0.6207,4.3692,3.6528,0.4953,0.7164,0.5333,0.6,2,5,63,2.7,0.7222,-0.20540000000000003,-0.3334,-0.004599999999999993,-2.7053,-1.5806,1.1246999999999998,-10,-5,-9,-0.13329999999999997,1.0,1.0,0.0,14,5,1
2024/2025_Cantù_Smart_3Round,2024/2025,3.0,Cantù,Fano,0.55,0.4667,0.4211,0.6129,3.5391,4.7076,0.475,-1.1685,0.4667,0.5333,-3,-1,30,0.0,0.5,0.36,0.3333,0.4545,0.375,3.0062,4.5943,0.4293,-1.5881,0.4545,0.3333,-1,-9,15,0.0,0.5,0.19000000000000006,0.13340000000000002,0.04569999999999996,0.4196,0.5328999999999997,0.11330000000000062,8,-2,0,0.13340000000000002,2.0,1.0,1.0,15,15,0
2024/2025_Ciste_Piace_3Round,2024/2025,3.0,Cisterna,Piacenza,0.5714,0.4667,0.5714,0.5,3.7757,3.4676,0.56,0.3081,0.4667,0.5,-2,-1,11,-2.51,0.2778,0.5273,0.6,0.4444,0.5789,4.0142,3.4184,0.5024,0.5959,0.4667,0.6,0,1,45,2.49,0.7222,0.04410000000000003,-0.13329999999999997,0.057600000000000096,-0.2878,-0.2384999999999997,0.04919999999999991,-2,-2,0,-0.13329999999999997,1.0,1.0,0.0,5,5,0
2024/2025_Cosed_Macer_3Round,2024/2025,3.0,Acicastello,Macerata,0.6,0.6,0.5455,0.5714,3.9204,3.4457,0.525,0.4747,0.5455,0.5714,1,3,5,0.0,0.5,0.64,0.6,0.6364,0.5385,4.3418,3.2102,0.5456,1.1316,0.6,0.5385,1,3,15,0.0,0.5,-0.040000000000000036,0.0,-0.02059999999999995,-0.6568999999999999,-0.4214000000000002,0.23550000000000004,0,0,-5,0.007000000000000006,1.0,1.0,0.0,6,1,1
2024/2025_Emma _Raven_3Round,2024/2025,3.0,Siena,Ravenna,0.4722,0.6,0.3929,0.6111,4.136,3.6406,0.4747,0.4954,0.5333,0.5333,2,4,26,0.0,0.5,0.52,0.6,0.4706,0.5556,4.1455,3.4195,0.5356,0.726,0.5333,0.6,2,2,15,0.0,0.5,-0.04780000000000001,0.0,-0.060899999999999954,-0.23059999999999997,-0.009500000000000064,0.22109999999999985,2,0,6,-0.06669999999999998,1.0,2.0,-1.0,1,7,0
2024/2025_Evolu_Pinet_3Round,2024/2025,3.0,Aversa,Pineto,0.6071,0.4667,0.5,0.6154,3.7517,4.1144,0.5208,-0.3627,0.5,0.4667,-1,-1,18,0.0,0.5,0.3846,0.3333,0.5,0.3333,3.2747,4.0576,0.4641,-0.7828,0.4,0.4,-2,-7,16,0.0,0.5,0.22249999999999998,0.13340000000000002,0.05670000000000003,0.42010000000000003,0.47699999999999987,0.05679999999999996,6,1,0,0.09999999999999998,2.0,1.0,1.0,16,16,0
2024/2025_Grott_Veron_3Round,2024/2025,3.0,Grottazzolina,Verona,0.5,0.5333,0.5385,0.4615,3.683,3.5647,0.4875,0.1183,0.5385,0.4615,5,1,6,-3.0,0.3571,0.5135,0.5333,0.4545,0.5205,3.9446,3.6821,0.4672,0.2625,0.4545,0.5333,2,1,64,3.0,0.6429,-0.013499999999999956,0.0,0.020299999999999985,-0.1442,-0.26160000000000005,-0.11739999999999995,0,3,0,0.005199999999999982,1.0,1.0,0.0,8,8,0
2024/2025_Lube_Mint _3Round,2024/2025,3.0,Lube,Monza,0.473,0.5333,0.4407,0.56,4.4151,3.0377,0.5194,1.3773,0.4667,0.6,6,2,64,1.157,0.6111,0.5135,0.5333,0.3958,0.6667,3.7471,3.3676,0.5306,0.3795,0.4,0.6,0,-1,64,-2.055,0.3889,-0.04049999999999998,0.0,-0.011199999999999988,0.9978,0.6679999999999997,-0.32989999999999986,3,6,8,-0.13329999999999997,1.0,1.0,0.0,1,9,1
2024/2025_Milan_Trent_3Round,2024/2025,3.0,Milano,Trento,0.4521,0.4667,0.4167,0.5143,3.0364,4.4926,0.478,-1.4562,0.5333,0.3333,-6,-2,63,-0.942,0.3889,0.5342,0.4667,0.5172,0.537,3.4556,3.7185,0.4901,-0.2629,0.4667,0.4667,-1,-1,63,1.74,0.6111,-0.0821,0.0,-0.0121,-1.1932999999999998,-0.4192,0.7741000000000002,-1,-5,0,0.06659999999999999,1.0,2.0,-1.0,17,17,1
2024/2025_Moden_Sir S_3Round,2024/2025,3.0,Modena,Perugia,0.4795,0.4667,0.5,0.44,3.3134,4.0832,0.5045,-0.7697,0.5333,0.4667,-5,-1,63,-2.21,0.2778,0.5946,0.6,0.52,0.6102,4.2394,3.9963,0.4944,0.2431,0.5333,0.5333,-1,-1,64,2.343,0.7222,-0.11510000000000004,-0.13329999999999997,0.010099999999999942,-1.0128000000000001,-0.9259999999999997,0.08689999999999953,0,-4,0,0.0,1.0,1.0,0.0,9,9,0
2024/2025_Bresc_Emma _4Round,2024/2025,4.0,Brescia,Siena,0.5122,0.4667,0.5161,0.5,4.3835,4.1094,0.5107,0.274,0.4667,0.5333,-1,-2,31,0.0,0.5,0.4595,0.6,0.3793,0.6111,3.8403,3.4899,0.4752,0.3504,0.5333,0.5333,0,-1,27,0.0,0.5,0.05269999999999997,-0.13329999999999997,0.03550000000000003,-0.07639999999999997,0.5431999999999997,0.6194999999999999,-1,-1,-16,-0.06659999999999999,2.0,1.0,1.0,18,2,1
2024/2025_Cantù_Cosed_4Round,2024/2025,4.0,Cantù,Acicastello,0.5366,0.4,0.4,0.6129,3.6409,4.4655,0.4757,-0.8246,0.4,0.5333,0,-2,31,0.0,0.5,0.625,0.6,0.5833,0.5714,4.1122,3.2883,0.5391,0.8239,0.5833,0.5714,4,4,6,0.0,0.5,-0.08840000000000003,-0.19999999999999996,-0.06340000000000001,-1.6484999999999999,-0.47129999999999983,1.1771999999999996,-6,-4,-17,-0.1714,1.0,1.0,0.0,19,2,1
2024/2025_Ciste_Sir S_4Round,2024/2025,4.0,Cisterna,Perugia,0.5455,0.4667,0.5455,0.5,3.7826,3.5581,0.5569,0.2245,0.4667,0.5,0,-2,12,-3.0,0.2778,0.6,0.6,0.52,0.6167,3.8886,3.7181,0.4945,0.1705,0.5333,0.6,0,1,65,3.0,0.7222,-0.05449999999999999,-0.13329999999999997,0.062399999999999956,0.05399999999999999,-0.10599999999999987,-0.16000000000000014,-3,0,-8,-0.13329999999999997,1.0,1.0,0.0,10,2,0
2024/2025_Delta_Pinet_4Round,2024/2025,4.0,Porto Viro,Pineto,0.4848,0.5333,0.4815,0.5,4.6601,3.2165,0.5293,1.4436,0.4667,0.4667,5,2,23,0.0,0.5,0.4074,0.4,0.5,0.3684,3.6218,4.1825,0.4661,-0.5607,0.4,0.4667,0,1,17,0.0,0.5,0.07740000000000002,0.13329999999999997,0.06319999999999998,2.0042999999999997,1.0383,-0.9660000000000002,1,5,7,0.0,2.0,1.0,1.0,3,10,1
2024/2025_Grott_Padov_4Round,2024/2025,4.0,Grottazzolina,Padova,0.4706,0.4667,0.5,0.4615,3.5788,3.7349,0.4806,-0.1561,0.5,0.4615,-2,-1,7,-1.3,0.3571,0.4054,0.4,0.4364,0.3793,3.3901,4.5258,0.4918,-1.1357,0.5333,0.3333,1,1,64,1.7,0.6429,0.06520000000000004,0.06669999999999998,-0.011199999999999988,0.9795999999999999,0.1887000000000003,-0.7909000000000002,-2,-3,0,0.16670000000000001,1.0,2.0,-1.0,10,10,0
2024/2025_Lube_Veron_4Round,2024/2025,4.0,Lube,Verona,0.48,0.5333,0.45,0.56,4.7918,2.7857,0.5228,2.0061,0.5333,0.6,4,3,65,2.657,0.7222,0.52,0.6,0.4545,0.527,4.2018,3.4977,0.4694,0.7041,0.4545,0.6,2,2,65,-2.79,0.2778,-0.040000000000000036,-0.06669999999999998,0.05340000000000006,1.302,0.5899999999999999,-0.7120000000000002,1,2,3,-0.06669999999999998,1.0,1.0,0.0,1,4,1
2024/2025_Milan_Mint _4Round,2024/2025,4.0,Milano,Monza,0.4595,0.4667,0.4286,0.5143,3.3044,4.0665,0.4791,-0.7621,0.5333,0.3333,1,1,64,-0.229,0.5,0.5067,0.4667,0.3958,0.6486,3.2833,4.0571,0.5266,-0.7738,0.4,0.5333,-4,-2,65,-0.782,0.5,-0.04720000000000002,0.0,-0.04749999999999993,0.011700000000000044,0.021099999999999675,0.009399999999999409,3,5,0,0.0,1.0,1.0,0.0,11,11,1
2024/2025_Moden_Trent_4Round,2024/2025,4.0,Modena,Trento,0.473,0.4667,0.4915,0.44,3.2393,3.7793,0.5045,-0.54,0.5333,0.4667,0,-2,64,-1.922,0.3889,0.527,0.4,0.5172,0.5273,3.3391,3.7829,0.4893,-0.4439,0.4667,0.4,-1,-2,64,1.29,0.6111,-0.05400000000000005,0.06669999999999998,0.015199999999999936,-0.09610000000000002,-0.09980000000000011,-0.0036000000000000476,0,1,8,0.13329999999999997,1.0,1.0,0.0,12,20,0
2024/2025_Prata_Raven_4Round,2024/2025,4.0,Prata di Pordenone,Ravenna,0.4062,0.5333,0.4286,0.4286,3.4228,4.3483,0.46,-0.9255,0.4286,0.4667,-5,-1,22,0.0,0.5,0.5385,0.6,0.4706,0.5789,3.871,3.3498,0.5347,0.5212,0.5333,0.6,0,3,16,0.0,0.5,-0.13229999999999997,-0.06669999999999998,-0.07469999999999993,-1.4466999999999999,-0.44819999999999993,0.9984999999999999,-4,-5,-17,-0.1714,2.0,1.0,1.0,21,4,1
2024/2025_Bresc_Prata_5Round,2024/2025,5.0,Brescia,Prata di Pordenone,0.5238,0.5333,0.5312,0.5,4.4659,4.0441,0.5119,0.4219,0.5333,0.5333,1,1,32,0.0,0.5,0.4242,0.5333,0.4667,0.4286,3.7587,4.2064,0.4634,-0.4477,0.4667,0.4667,1,1,23,0.0,0.5,0.09960000000000002,0.0,0.04850000000000004,0.8695999999999999,0.7072000000000003,-0.1623000000000001,0,0,0,0.06659999999999999,1.0,1.0,0.0,12,12,1
2024/2025_Ciste_Lube_5Round,2024/2025,5.0,Cisterna,Lube,0.5217,0.4667,0.5217,0.5,3.6201,3.6268,0.5519,-0.0067,0.4667,0.5,-1,-3,13,-2.406,0.2778,0.4868,0.6,0.459,0.56,5.0574,2.3476,0.527,2.7098,0.6,0.6,5,4,66,2.253,0.7222,0.03490000000000004,-0.13329999999999997,0.024899999999999922,-2.7165,-1.4373000000000005,1.2792,-7,-6,-12,-0.13329999999999997,1.0,1.0,0.0,13,1,0
2024/2025_Cosed_Evolu_5Round,2024/2025,5.0,Acicastello,Aversa,0.5882,0.6,0.5833,0.5333,3.9086,3.3989,0.5337,0.5097,0.5833,0.5333,-1,-1,7,0.0,0.5,0.5862,0.4667,0.4615,0.6154,3.9742,4.233,0.5198,-0.2588,0.4615,0.4667,0,-2,19,0.0,0.5,0.0019999999999998908,0.13329999999999997,0.013899999999999912,0.7685,-0.06560000000000032,-0.8340999999999998,1,-1,18,0.11660000000000004,1.0,2.0,-1.0,4,22,0
2024/2025_Delta_Raven_5Round,2024/2025,5.0,Porto Viro,Ravenna,0.5,0.5333,0.5,0.5,4.8518,2.7695,0.5376,2.0823,0.5333,0.4667,5,3,24,0.0,0.5,0.5185,0.5333,0.4706,0.55,3.86,3.6756,0.5308,0.1844,0.5333,0.5333,-1,-1,17,0.0,0.5,-0.01849999999999996,0.0,0.006799999999999917,1.8979,0.9918,-0.9061000000000003,4,6,2,0.0,1.0,1.0,0.0,2,4,0
2024/2025_Emma _Macer_5Round,2024/2025,5.0,Siena,Macerata,0.4474,0.5333,0.3793,0.5789,3.8509,3.8243,0.4743,0.0266,0.5333,0.4667,-1,-2,28,0.0,0.5,0.6154,0.5333,0.6364,0.5,3.8273,3.7534,0.5347,0.074,0.6,0.5,-4,-1,16,0.0,0.5,-0.16799999999999993,0.0,-0.060399999999999954,-0.0474,0.023600000000000065,0.07089999999999996,-1,3,0,0.033299999999999996,1.0,2.0,-1.0,5,5,1
2024/2025_Milan_Veron_5Round,2024/2025,5.0,Milano,Verona,0.4667,0.5333,0.44,0.5143,3.4928,3.7673,0.4803,-0.2746,0.5333,0.3333,1,2,65,-1.075,0.3889,0.5132,0.5333,0.4545,0.52,3.3409,4.1496,0.4654,-0.8088,0.4545,0.5333,-5,-1,66,1.607,0.6111,-0.046499999999999986,0.0,0.014900000000000024,0.5342,0.15189999999999992,-0.3823000000000003,3,6,0,0.0,1.0,1.0,0.0,6,6,0
2024/2025_Mint _Moden_5Round,2024/2025,5.0,Monza,Modena,0.5,0.4,0.3958,0.6316,3.2177,4.021,0.5254,-0.8033,0.4,0.4667,-1,-3,66,0.647,0.6111,0.4667,0.4,0.4833,0.44,3.4471,3.8259,0.5044,-0.3788,0.4667,0.4667,0,-3,65,-1.565,0.3889,0.033299999999999996,0.0,0.02100000000000002,-0.4245,-0.22940000000000005,0.19510000000000005,0,-1,0,-0.06669999999999998,1.0,1.0,0.0,13,13,0
2024/2025_Padov_Piace_5Round,2024/2025,5.0,Padova,Piacenza,0.4133,0.4667,0.4364,0.4,4.0728,4.0895,0.4946,-0.0167,0.5333,0.4,3,2,65,-1.516,0.3889,0.5357,0.6,0.4444,0.5897,3.9845,3.5658,0.5023,0.4188,0.4667,0.6,0,2,46,1.037,0.6111,-0.12239999999999995,-0.13329999999999997,-0.007699999999999985,-0.4355,0.08829999999999982,0.5237000000000003,0,3,0,-0.06669999999999998,1.0,2.0,-1.0,7,7,0
2024/2025_Pinet_Smart_5Round,2024/2025,5.0,Pineto,Fano,0.3929,0.4,0.5,0.35,3.1048,4.4698,0.4554,-1.365,0.4,0.4,-5,-1,18,0.0,0.5,0.3846,0.4,0.4545,0.4,3.2377,4.3778,0.4319,-1.1401,0.4545,0.4,0,1,16,0.0,0.5,0.00830000000000003,0.0,0.02350000000000002,-0.2249000000000001,-0.1328999999999998,0.09200000000000053,-2,-5,0,0.0,1.0,2.0,-1.0,14,14,1
2024/2025_Sir S_Trent_5Round,2024/2025,5.0,Perugia,Trento,0.6053,0.6,0.52,0.623,3.9028,3.5227,0.4955,0.3801,0.5333,0.6,1,2,66,-0.572,0.5,0.5333,0.4667,0.5172,0.5357,3.5171,3.8284,0.4895,-0.3113,0.4667,0.4667,0,1,65,-0.572,0.5,0.07199999999999995,0.13329999999999997,0.006000000000000005,0.6914,0.38569999999999993,-0.30569999999999986,1,1,13,0.06659999999999999,1.0,1.0,0.0,2,15,0
2024/2025_Bresc_Smart_6Round,2024/2025,6.0,Brescia,Fano,0.5349,0.5333,0.5455,0.5,4.7566,3.7684,0.5159,0.9882,0.5333,0.5333,3,2,33,0.0,0.5,0.3704,0.4,0.4545,0.3846,3.2175,4.223,0.4316,-1.0055,0.4545,0.4,-1,-1,17,0.0,0.5,0.16450000000000004,0.13329999999999997,0.08430000000000004,1.9937,1.5391,-0.45459999999999967,3,4,8,0.13329999999999997,1.0,1.0,0.0,8,16,1
2024/2025_Cantù_Prata_6Round,2024/2025,6.0,Cantù,Prata di Pordenone,0.5476,0.4667,0.4286,0.6129,3.7136,4.0667,0.4778,-0.3531,0.4667,0.5333,1,1,32,0.0,0.5,0.4118,0.5333,0.4667,0.4138,3.5774,4.5301,0.4591,-0.9527,0.4667,0.4667,-3,-1,24,0.0,0.5,0.13579999999999998,-0.06659999999999999,0.018699999999999994,0.5995999999999999,0.1362000000000001,-0.46340000000000003,2,4,0,0.0,2.0,1.0,1.0,16,16,0
2024/2025_Ciste_Padov_6Round,2024/2025,6.0,Cisterna,Padova,0.5,0.4,0.5,0.5,3.4991,3.5039,0.5505,-0.0048,0.4,0.5,0,-4,14,-2.043,0.2778,0.4079,0.4667,0.4286,0.4,4.2925,4.3042,0.4947,-0.0117,0.4667,0.4,0,-1,66,2.063,0.7222,0.09210000000000002,-0.06669999999999998,0.055800000000000016,0.006900000000000001,-0.7934000000000005,-0.8003,-3,0,-8,0.0,1.0,1.0,0.0,17,9,1
2024/2025_Cosed_Pinet_6Round,2024/2025,6.0,Acicastello,Pineto,0.5556,0.5333,0.5385,0.5333,3.7419,3.6235,0.5247,0.1184,0.5385,0.5333,-2,-2,8,0.0,0.5,0.4138,0.4667,0.5263,0.35,3.3162,4.0935,0.4591,-0.7773,0.4,0.4,1,1,19,0.0,0.5,0.14179999999999998,0.06659999999999999,0.06560000000000005,0.8956999999999999,0.42569999999999997,-0.46999999999999975,-3,-3,0,0.13849999999999996,1.0,1.0,0.0,9,9,1
2024/2025_Delta_Evolu_6Round,2024/2025,6.0,Porto Viro,Aversa,0.4857,0.5333,0.4828,0.5,4.136,3.5182,0.5296,0.6178,0.4667,0.4667,-4,-1,25,0.0,0.5,0.6,0.4667,0.4615,0.6296,4.1377,3.922,0.5234,0.2157,0.4615,0.5333,2,1,20,0.0,0.5,-0.11429999999999996,0.06659999999999999,0.006199999999999983,0.4021,-0.0016999999999995907,-0.40379999999999994,-2,-6,16,-0.06659999999999999,1.0,1.0,0.0,2,18,0
2024/2025_Grott_Trent_6Round,2024/2025,6.0,Grottazzolina,Trento,0.4444,0.4667,0.4667,0.4615,3.4927,4.0106,0.4713,-0.518,0.4667,0.4615,-3,-2,8,-2.4,0.3571,0.5395,0.5333,0.5172,0.5439,4.1632,3.6,0.4922,0.5632,0.4667,0.5333,3,2,66,1.6,0.6429,-0.09509999999999996,-0.06659999999999999,-0.02090000000000003,-1.0812,-0.6704999999999997,0.4106000000000001,-4,-6,-9,-0.06659999999999999,2.0,1.0,1.0,19,10,0
2024/2025_Lube_Sir S_6Round,2024/2025,6.0,Lube,Perugia,0.4935,0.6667,0.459,0.5769,4.4617,2.5612,0.5267,1.9006,0.6,0.6,0,5,67,-0.727,0.3889,0.5974,0.5333,0.5,0.623,3.6519,4.1684,0.4929,-0.5165,0.5333,0.6,-3,-1,67,0.614,0.6111,-0.10390000000000005,0.13339999999999996,0.03379999999999994,2.4171,0.8098000000000005,-1.6072000000000002,6,3,1,0.0,1.0,1.0,0.0,1,2,1
2024/2025_Milan_Piace_6Round,2024/2025,6.0,Milano,Piacenza,0.4605,0.4667,0.4314,0.5143,3.1041,4.3388,0.4771,-1.2347,0.5333,0.3333,-4,-1,66,-1.937,0.2778,0.5439,0.6,0.4444,0.6,4.2114,3.9172,0.5023,0.2943,0.4667,0.6,0,3,47,1.957,0.7222,-0.08340000000000003,-0.13329999999999997,-0.025199999999999945,-1.529,-1.1073000000000004,0.4216000000000002,-4,-4,-9,-0.06669999999999998,1.0,1.0,0.0,11,2,1
2024/2025_Moden_Veron_6Round,2024/2025,6.0,Modena,Verona,0.4737,0.4667,0.4833,0.4615,3.3326,3.5983,0.5044,-0.2657,0.4667,0.5333,0,1,66,2.0,0.7222,0.5195,0.5333,0.4545,0.5263,4.0409,3.564,0.4694,0.4769,0.4545,0.5333,4,1,67,-2.0,0.2778,-0.04579999999999995,-0.06659999999999999,0.034999999999999976,-0.7425999999999999,-0.7082999999999999,0.0343,0,-4,-10,-0.06659999999999999,1.0,1.0,0.0,12,2,0
2024/2025_Cantù_Macer_7Round,2024/2025,7.0,Cantù,Macerata,0.5349,0.4667,0.4091,0.6129,3.5354,3.7843,0.4782,-0.249,0.4667,0.5333,0,-1,33,0.0,0.5,0.5926,0.5333,0.6364,0.4667,3.6399,3.7758,0.5315,-0.1359,0.6,0.4667,-1,-2,17,0.0,0.5,-0.057699999999999974,-0.06659999999999999,-0.05329999999999996,-0.1131,-0.10449999999999982,0.008500000000000174,1,1,-7,0.0,1.0,2.0,-1.0,19,12,1
2024/2025_Ciste_Moden_7Round,2024/2025,7.0,Cisterna,Modena,0.52,0.4,0.52,0.5,3.7692,3.5927,0.5504,0.1765,0.4,0.5,1,1,15,-1.216,0.3889,0.4675,0.4,0.4754,0.4615,2.991,4.2215,0.5009,-1.2305,0.4,0.5333,-4,-1,67,0.89,0.6111,0.05249999999999999,0.0,0.04949999999999999,1.407,0.7782,-0.6288,2,5,0,-0.13329999999999997,1.0,1.0,0.0,12,12,0
2024/2025_Delta_Emma _7Round,2024/2025,7.0,Porto Viro,Siena,0.4722,0.5333,0.4667,0.5,3.8417,3.6211,0.5273,0.2206,0.4667,0.4667,-1,-2,26,0.0,0.5,0.4615,0.5333,0.4,0.5789,3.8593,3.6175,0.4766,0.2419,0.6,0.4667,1,1,29,0.0,0.5,0.010699999999999987,0.0,0.05069999999999997,-0.021300000000000013,-0.017600000000000282,0.0036000000000000476,-3,-2,0,0.0,1.0,2.0,-1.0,3,3,1
2024/2025_Evolu_Raven_7Round,2024/2025,7.0,Aversa,Ravenna,0.6129,0.5333,0.4615,0.6429,4.0551,3.6984,0.5248,0.3566,0.4615,0.5333,1,2,21,0.0,0.5,0.5357,0.6,0.4706,0.5714,4.2393,3.3361,0.5388,0.9032,0.5333,0.5333,4,1,18,0.0,0.5,0.07720000000000005,-0.06669999999999998,-0.013999999999999901,-0.5466,-0.1841999999999997,0.36229999999999984,1,-3,-9,-0.07179999999999997,1.0,2.0,-1.0,13,4,0
2024/2025_Grott_Milan_7Round,2024/2025,7.0,Grottazzolina,Milano,0.4211,0.4,0.4375,0.4615,3.5654,4.094,0.47,-0.5285,0.4,0.4615,-1,-3,9,-3.0,0.3571,0.4675,0.5333,0.4423,0.5143,3.8749,3.6967,0.4809,0.1782,0.5333,0.3333,4,1,67,3.0,0.6429,-0.04640000000000005,-0.13329999999999997,-0.01090000000000002,-0.7067,-0.3094999999999999,0.39730000000000043,-4,-5,-15,0.06670000000000004,1.0,1.0,0.0,20,5,1
2024/2025_Lube_Piace_7Round,2024/2025,7.0,Lube,Piacenza,0.5,0.6667,0.4677,0.5769,4.8283,2.7107,0.5289,2.1176,0.6667,0.6,3,6,68,0.5,0.6111,0.5345,0.5333,0.4444,0.5854,3.6274,4.4137,0.4978,-0.7864,0.4667,0.5333,-4,-1,48,-1.265,0.3889,-0.034499999999999975,0.13339999999999996,0.031100000000000017,2.904,1.2008999999999994,-1.7030000000000003,7,7,4,0.13339999999999996,1.0,1.0,0.0,1,5,0
2024/2025_Mint _Padov_7Round,2024/2025,7.0,Monza,Padova,0.4935,0.4,0.3878,0.6316,3.1714,3.7348,0.5252,-0.5634,0.4,0.4667,0,-4,67,1.594,0.7222,0.4026,0.4667,0.4286,0.3871,4.1863,4.4556,0.4939,-0.2692,0.4667,0.4,-1,-2,67,-1.747,0.2778,0.09089999999999998,-0.06669999999999998,0.031299999999999994,-0.2942,-1.0149,-0.7207999999999997,-2,1,-8,0.0,2.0,1.0,1.0,21,13,1
2024/2025_Pinet_Prata_7Round,2024/2025,7.0,Pineto,Prata di Pordenone,0.4,0.4667,0.5263,0.3333,3.069,4.4226,0.4518,-1.3536,0.4,0.4,-4,-1,20,0.0,0.5,0.4286,0.5333,0.4667,0.4333,3.4476,4.1224,0.4599,-0.6748,0.4667,0.4667,0,1,25,0.0,0.5,-0.02859999999999996,-0.06659999999999999,-0.008099999999999996,-0.6788,-0.37860000000000005,0.30020000000000024,-2,-4,0,-0.06669999999999998,1.0,1.0,0.0,13,13,1
2024/2025_Trent_Veron_7Round,2024/2025,7.0,Trento,Verona,0.5455,0.5333,0.5172,0.5517,4.3567,3.7006,0.4932,0.6561,0.4667,0.5333,1,3,67,-1.566,0.3889,0.5256,0.6,0.4545,0.5325,4.5332,3.1525,0.4732,1.3806,0.4545,0.6,4,2,68,0.881,0.6111,0.01990000000000003,-0.06669999999999998,0.020000000000000018,-0.7245,-0.17649999999999988,0.5481000000000003,1,-3,-4,-0.13329999999999997,1.0,1.0,0.0,6,2,0
2024/2025_Bresc_Raven_8Round,2024/2025,8.0,Brescia,Ravenna,0.5455,0.5333,0.5588,0.5,4.5015,3.5732,0.517,0.9283,0.5333,0.5333,1,3,34,0.0,0.5,0.5517,0.6,0.4706,0.5909,4.5187,3.0881,0.5462,1.4306,0.5333,0.6,4,2,19,0.0,0.5,-0.006199999999999983,-0.06669999999999998,-0.029200000000000004,-0.5023000000000001,-0.017199999999999882,0.4851000000000001,1,-3,-3,-0.06669999999999998,2.0,1.0,1.0,6,3,0
2024/2025_Cantù_Pinet_8Round,2024/2025,8.0,Cantù,Pineto,0.5455,0.4667,0.4348,0.6129,3.8726,3.5844,0.4817,0.2882,0.4667,0.5333,2,1,34,0.0,0.5,0.4194,0.5333,0.55,0.3333,3.2949,4.0545,0.4553,-0.7596,0.4667,0.4,1,1,21,0.0,0.5,0.1261,-0.06659999999999999,0.026400000000000035,1.0478,0.5776999999999997,-0.47009999999999996,0,1,-8,0.06669999999999998,1.0,1.0,0.0,14,6,0
2024/2025_Delta_Smart_8Round,2024/2025,8.0,Porto Viro,Fano,0.4865,0.5333,0.4839,0.5,4.0699,3.695,0.5281,0.3749,0.5333,0.4667,1,1,27,0.0,0.5,0.3571,0.4,0.4545,0.3704,3.2016,4.113,0.4313,-0.9115,0.4545,0.4,-1,-2,18,0.0,0.5,0.12940000000000002,0.13329999999999997,0.0968,1.2864,0.8682999999999996,-0.4180000000000006,3,2,18,0.13329999999999997,1.0,2.0,-1.0,4,22,1
2024/2025_Emma _Prata_8Round,2024/2025,8.0,Siena,Prata di Pordenone,0.45,0.4667,0.4,0.55,3.8661,3.9203,0.4756,-0.0542,0.6,0.4667,-1,-1,30,0.0,0.5,0.4167,0.4667,0.4667,0.4194,3.3545,4.0488,0.4591,-0.6943,0.4667,0.4667,-1,-1,26,0.0,0.5,0.033299999999999996,0.0,0.016500000000000015,0.6401,0.5116,-0.12849999999999984,0,0,7,0.13329999999999997,1.0,1.0,0.0,7,14,1
2024/2025_Evolu_Macer_8Round,2024/2025,8.0,Aversa,Macerata,0.5938,0.4667,0.4286,0.6429,3.5848,4.1565,0.516,-0.5716,0.4286,0.5333,-4,-1,22,0.0,0.5,0.5714,0.4667,0.6364,0.4375,3.5034,3.9863,0.5261,-0.4829,0.6,0.4667,-2,-3,18,0.0,0.5,0.022399999999999975,0.0,-0.010099999999999998,-0.0887,0.08139999999999992,0.17020000000000035,2,-2,0,-0.03810000000000002,1.0,1.0,0.0,14,14,1
2024/2025_Grott_Sir S_8Round,2024/2025,8.0,Grottazzolina,Perugia,0.45,0.4667,0.4706,0.4615,3.9232,3.8637,0.4812,0.0595,0.4667,0.4615,3,1,10,-3.0,0.3571,0.5897,0.4667,0.5,0.6129,3.4757,4.6226,0.4904,-1.1469,0.5333,0.5333,-3,-2,68,3.0,0.6429,-0.1397,0.0,-0.009199999999999986,1.2064,0.44750000000000023,-0.7589000000000001,3,6,-7,-0.06659999999999999,1.0,2.0,-1.0,15,8,1
2024/2025_Lube_Moden_8Round,2024/2025,8.0,Lube,Modena,0.4937,0.6,0.4603,0.5769,4.3005,2.8154,0.5287,1.4851,0.6,0.6,0,-1,69,0.226,0.5,0.4744,0.4667,0.4754,0.4815,3.5353,4.3982,0.5008,-0.863,0.4,0.5333,0,1,68,-0.645,0.5,0.01930000000000004,0.13329999999999997,0.027899999999999925,2.3481,0.7652000000000005,-1.5828000000000002,-2,0,7,0.06669999999999998,1.0,1.0,0.0,1,8,1
2024/2025_Milan_Padov_8Round,2024/2025,8.0,Milano,Padova,0.4615,0.5333,0.4423,0.5,3.6321,4.2917,0.4786,-0.6597,0.5333,0.3333,-3,-1,68,1.49,0.7222,0.3974,0.4667,0.4286,0.375,3.3275,4.824,0.4897,-1.4965,0.4667,0.4,-5,-3,68,-1.51,0.2778,0.06410000000000005,0.06659999999999999,-0.011099999999999999,0.8368,0.30459999999999976,-0.5323000000000002,2,2,8,0.13329999999999997,1.0,1.0,0.0,8,16,0
2024/2025_Mint _Veron_8Round,2024/2025,8.0,Monza,Verona,0.5,0.4,0.4,0.6316,3.9233,3.0108,0.5292,0.9126,0.4667,0.4667,5,1,68,-0.732,0.3889,0.5316,0.6,0.4545,0.5385,4.3555,3.1253,0.4744,1.2303,0.4545,0.6,1,3,69,1.397,0.6111,-0.03159999999999996,-0.19999999999999996,0.054800000000000015,-0.3177,-0.43220000000000036,-0.11450000000000005,-2,4,-15,-0.13329999999999997,1.0,1.0,0.0,17,2,1
2024/2025_Piace_Trent_8Round,2024/2025,8.0,Piacenza,Trento,0.5424,0.6,0.4444,0.5952,3.4648,4.0172,0.4978,-0.5524,0.4667,0.6,0,1,49,-1.665,0.3889,0.5385,0.5333,0.5,0.5517,3.97,3.7714,0.4924,0.1986,0.4667,0.5333,-1,-1,68,1.206,0.6111,0.0039000000000000146,0.06669999999999998,0.005400000000000016,-0.751,-0.5052000000000003,0.24580000000000002,2,1,3,-0.06659999999999999,1.0,1.0,0.0,5,8,0
2024/2025_Bresc_Evolu_9Round,2024/2025,9.0,Brescia,Aversa,0.5333,0.5333,0.5429,0.5,4.3222,3.6681,0.5167,0.654,0.5333,0.5333,0,-1,35,0.0,0.5,0.6061,0.5333,0.4667,0.6429,4.0828,3.6521,0.5232,0.4307,0.4667,0.5333,4,1,23,0.0,0.5,-0.07279999999999998,0.0,-0.00649999999999995,0.2233,0.23939999999999984,0.016000000000000014,-2,-4,0,0.0,1.0,1.0,0.0,9,9,1
2024/2025_Ciste_Grott_9Round,2024/2025,9.0,Cisterna,Grottazzolina,0.5,0.4,0.5,0.5,3.9701,3.8433,0.5475,0.1267,0.4,0.5,0,-1,16,0.4,0.5,0.4762,0.4667,0.5,0.4615,3.8888,3.688,0.4849,0.2008,0.4667,0.4615,1,2,11,0.4,0.5,0.023799999999999988,-0.06669999999999998,0.06259999999999999,-0.0741,0.08130000000000015,0.1553,-3,-1,-8,-0.0615,2.0,1.0,1.0,18,10,0
2024/2025_Cosed_Emma _9Round,2024/2025,9.0,Acicastello,Siena,0.5789,0.5333,0.5714,0.5333,4.0356,3.3788,0.5367,0.6568,0.5714,0.5333,4,1,9,0.0,0.5,0.4634,0.4667,0.4194,0.55,4.3253,3.6831,0.4811,0.6422,0.6,0.4667,3,1,31,0.0,0.5,0.11549999999999999,0.06659999999999999,0.05559999999999993,0.014600000000000057,-0.28970000000000073,-0.3043,0,1,-6,0.10470000000000002,3.0,1.0,2.0,11,5,1
2024/2025_Delta_Macer_9Round,2024/2025,9.0,Porto Viro,Macerata,0.5,0.5333,0.5,0.5,4.4554,3.0851,0.5355,1.3703,0.5333,0.4667,5,2,28,0.0,0.5,0.5517,0.4,0.6364,0.4118,3.2075,4.3382,0.5168,-1.1307,0.6,0.4,-4,-4,19,0.0,0.5,-0.05169999999999997,0.13329999999999997,0.01869999999999994,2.5010000000000003,1.2479,-1.2530999999999994,6,9,16,0.13329999999999997,1.0,1.0,0.0,2,18,1
2024/2025_Milan_Sir S_9Round,2024/2025,9.0,Milano,Perugia,0.4557,0.4667,0.434,0.5,3.4616,4.1862,0.478,-0.7246,0.5333,0.3333,-1,-2,69,-2.147,0.2778,0.5823,0.4667,0.5,0.6032,3.3519,4.4182,0.4896,-1.0663,0.5333,0.4667,-1,-3,69,2.3,0.7222,-0.12660000000000005,0.0,-0.0116,0.3417,0.10969999999999969,-0.23199999999999932,1,0,0,0.06659999999999999,1.0,1.0,0.0,12,12,0
2024/2025_Mint _Trent_9Round,2024/2025,9.0,Monza,Trento,0.5063,0.4667,0.4118,0.6316,4.4519,2.5018,0.5331,1.9501,0.5333,0.4667,5,2,69,-1.208,0.3889,0.5443,0.6,0.5,0.5593,4.2226,3.8213,0.4934,0.4013,0.4667,0.6,1,1,69,1.474,0.6111,-0.038000000000000034,-0.13329999999999997,0.03970000000000001,1.5488,0.22930000000000028,-1.3195000000000001,1,4,-8,-0.06669999999999998,1.0,1.0,0.0,13,5,0
2024/2025_Moden_Padov_9Round,2024/2025,9.0,Modena,Padova,0.4684,0.4667,0.4754,0.4643,2.8696,4.785,0.4967,-1.9153,0.4,0.4667,-5,-1,69,2.49,0.7222,0.4051,0.4667,0.4286,0.3939,3.51,4.2974,0.4907,-0.7875,0.4667,0.4667,1,1,69,-2.51,0.2778,0.06329999999999997,0.0,0.00599999999999995,-1.1278000000000001,-0.6403999999999996,0.4876000000000005,-2,-6,0,-0.06669999999999998,1.0,1.0,0.0,13,13,1
2024/2025_Piace_Veron_9Round,2024/2025,9.0,Piacenza,Verona,0.5333,0.5333,0.4286,0.5952,3.6002,4.2382,0.4968,-0.638,0.4667,0.6,-1,-1,50,0.359,0.5,0.525,0.5333,0.4545,0.5316,3.4437,3.8934,0.4705,-0.4498,0.4545,0.5333,-5,-1,70,-0.512,0.5,0.008299999999999974,0.0,0.026300000000000046,-0.18820000000000003,0.15649999999999986,0.3447999999999998,0,4,-3,-0.06659999999999999,1.0,1.0,0.0,6,3,0
2024/2025_Pinet_Raven_9Round,2024/2025,9.0,Pineto,Ravenna,0.4375,0.5333,0.55,0.3636,3.2511,3.7907,0.4562,-0.5396,0.4667,0.4667,0,2,22,0.0,0.5,0.5667,0.6,0.4706,0.6087,4.3255,3.3065,0.5446,1.019,0.5333,0.6,0,3,20,0.0,0.5,-0.12919999999999998,-0.06669999999999998,-0.08839999999999998,-1.5585999999999998,-1.0743999999999998,0.48419999999999996,-1,0,-2,-0.13329999999999997,1.0,1.0,0.0,6,4,1
2024/2025_Bresc_Macer_10Round,2024/2025,10.0,Brescia,Macerata,0.5435,0.6,0.5556,0.5,4.4312,3.501,0.519,0.9302,0.6,0.5333,2,1,36,0.0,0.5,0.5333,0.3333,0.6364,0.3889,3.1915,4.5969,0.5101,-1.4054,0.6,0.3333,-3,-5,20,0.0,0.5,0.010199999999999987,0.2667,0.008900000000000019,2.3356,1.2396999999999996,-1.0958999999999999,6,5,11,0.2667,1.0,1.0,0.0,7,18,1
2024/2025_Cantù_Emma _10Round,2024/2025,10.0,Cantù,Siena,0.5333,0.4667,0.4167,0.6129,3.6458,3.4427,0.4821,0.203,0.4667,0.5333,0,-1,35,0.0,0.5,0.4524,0.4667,0.4194,0.5238,3.9678,3.9719,0.4785,-0.0041,0.6,0.4667,-2,-1,32,0.0,0.5,0.08089999999999997,0.0,0.003599999999999992,0.2071,-0.32200000000000006,-0.5292000000000003,0,2,-10,0.0,2.0,1.0,1.0,18,8,1
2024/2025_Ciste_Milan_10Round,2024/2025,10.0,Cisterna,Milano,0.4815,0.4,0.4815,0.5,3.931,4.0291,0.5429,-0.0981,0.4,0.5,-1,-2,17,-2.7,0.2778,0.45,0.4,0.4259,0.5,3.6042,4.1124,0.4783,-0.5082,0.4667,0.3333,0,-3,70,2.853,0.7222,0.03149999999999997,0.0,0.06460000000000005,0.41009999999999996,0.3268,-0.08330000000000037,1,-1,-5,0.06670000000000004,1.0,1.0,0.0,19,14,0
2024/2025_Cosed_Prata_10Round,2024/2025,10.0,Acicastello,Prata di Pordenone,0.6,0.5333,0.6,0.5333,4.1206,3.3353,0.5411,0.7853,0.6,0.5333,2,2,10,0.0,0.5,0.4054,0.4667,0.4667,0.4062,3.2875,4.4353,0.4553,-1.1478,0.4667,0.4,-3,-2,27,0.0,0.5,0.1946,0.06659999999999999,0.08580000000000004,1.9331,0.8330999999999995,-1.0999999999999996,4,5,11,0.19999999999999996,1.0,2.0,-1.0,8,19,1
2024/2025_Evolu_Smart_10Round,2024/2025,10.0,Aversa,Fano,0.5882,0.5333,0.4667,0.6207,3.8072,3.9254,0.5188,-0.1182,0.4667,0.5333,-2,-1,24,0.0,0.5,0.3448,0.4,0.4545,0.3571,2.7956,4.4286,0.4224,-1.633,0.4545,0.4,-5,-3,19,0.0,0.5,0.24339999999999995,0.13329999999999997,0.09640000000000004,1.5148,1.0116,-0.5032000000000005,2,3,7,0.06669999999999998,1.0,2.0,-1.0,15,22,0
2024/2025_Grott_Piace_10Round,2024/2025,10.0,Grottazzolina,Piacenza,0.5,0.5333,0.5,0.5,4.0287,3.7187,0.4886,0.31,0.4667,0.5,1,3,12,-3.0,0.3571,0.5246,0.4667,0.4138,0.5952,3.4449,3.893,0.4968,-0.4481,0.4667,0.6,0,-2,51,3.0,0.6429,-0.024599999999999955,0.06659999999999999,-0.00820000000000004,0.7581,0.5837999999999997,-0.17429999999999968,5,1,0,-0.13329999999999997,1.0,1.0,0.0,9,9,0
2024/2025_Lube_Trent_10Round,2024/2025,10.0,Lube,Trento,0.5,0.6,0.4688,0.5769,4.7175,2.3636,0.5326,2.3539,0.6,0.6,5,1,70,0.093,0.5,0.55,0.6,0.5,0.5667,3.8754,3.594,0.4934,0.2814,0.4667,0.6667,0,2,70,0.093,0.5,-0.050000000000000044,0.0,0.03919999999999996,2.0725,0.8421000000000003,-1.2304,-1,5,3,-0.06669999999999998,2.0,1.0,1.0,1,4,1
2024/2025_Mint _Sir S_10Round,2024/2025,10.0,Monza,Perugia,0.5,0.4667,0.4038,0.6316,4.0362,2.6687,0.5327,1.3675,0.4667,0.4667,0,-1,70,0.765,0.5,0.5875,0.4667,0.5,0.6094,3.5274,4.2751,0.4897,-0.7478,0.5333,0.5333,0,1,70,-0.765,0.5,-0.08750000000000002,0.0,0.04299999999999993,2.1153,0.5087999999999999,-1.6064000000000003,-2,0,-5,-0.06659999999999999,1.0,1.0,0.0,15,10,0
2024/2025_Padov_Veron_10Round,2024/2025,10.0,Padova,Verona,0.4,0.4,0.4286,0.3824,3.3757,4.7154,0.4883,-1.3397,0.4667,0.4667,-3,-1,70,-0.431,0.5,0.5309,0.6,0.4545,0.5375,3.329,3.6443,0.4708,-0.3154,0.4545,0.6,0,1,71,0.145,0.5,-0.13090000000000002,-0.19999999999999996,0.017500000000000016,-1.0242999999999998,0.046699999999999964,1.0711,-2,-3,-13,-0.13329999999999997,1.0,1.0,0.0,15,2,0
2024/2025_Bresc_Pinet_11Round,2024/2025,11.0,Brescia,Pineto,0.5532,0.6,0.5676,0.5,4.5099,3.6187,0.5199,0.8912,0.6,0.5333,1,2,37,0.0,0.5,0.4545,0.6,0.5714,0.3636,3.846,3.3925,0.4658,0.4534,0.5333,0.4667,4,3,23,0.0,0.5,0.09870000000000001,0.0,0.05410000000000004,0.43779999999999997,0.6638999999999999,0.22619999999999996,-1,-3,0,0.13329999999999997,1.0,2.0,-1.0,4,4,1
2024/2025_Cantù_Raven_11Round,2024/2025,11.0,Cantù,Ravenna,0.5435,0.5333,0.44,0.6129,4.1895,2.6378,0.4912,1.5517,0.5333,0.5333,6,1,36,0.0,0.5,0.5484,0.5333,0.4706,0.5833,3.7822,3.8703,0.5349,-0.0881,0.5333,0.5333,-4,-1,21,0.0,0.5,-0.0049000000000000155,0.0,-0.04370000000000002,1.6398000000000001,0.4072999999999998,-1.2325,2,10,-10,0.0,1.0,2.0,-1.0,15,5,1
2024/2025_Ciste_Mint _11Round,2024/2025,11.0,Cisterna,Monza,0.4643,0.4,0.4643,0.5,3.9043,3.9744,0.5413,-0.0701,0.4,0.5,0,-3,18,0.86,0.6111,0.4938,0.4667,0.3962,0.6316,4.0075,3.0485,0.5323,0.959,0.4667,0.4667,0,-2,71,-0.481,0.3889,-0.029500000000000026,-0.06669999999999998,0.009000000000000008,-1.0291,-0.10320000000000018,0.9259,-1,0,-3,-0.06669999999999998,1.0,1.0,0.0,19,16,1
2024/2025_Cosed_Smart_11Round,2024/2025,11.0,Acicastello,Fano,0.619,0.5333,0.625,0.5333,4.1907,3.3005,0.5452,0.8902,0.6,0.5333,2,3,11,0.0,0.5,0.3667,0.4667,0.4545,0.3793,3.2981,4.4613,0.4259,-1.1632,0.4545,0.4667,0,1,20,0.0,0.5,0.25229999999999997,0.06659999999999999,0.11930000000000002,2.0534,0.8925999999999998,-1.1607999999999996,2,2,15,0.13329999999999997,1.0,1.0,0.0,5,20,1
2024/2025_Evolu_Prata_11Round,2024/2025,11.0,Aversa,Prata di Pordenone,0.5714,0.4667,0.4375,0.6207,4.0389,4.1226,0.518,-0.0837,0.4667,0.5333,0,-2,25,0.0,0.5,0.3947,0.4,0.4667,0.3939,3.2392,4.4926,0.4531,-1.2534,0.4667,0.4,-2,-3,28,0.0,0.5,0.17670000000000002,0.06669999999999998,0.06490000000000001,1.1697000000000002,0.7997000000000001,-0.3700000000000001,1,2,4,0.06669999999999998,1.0,1.0,0.0,16,20,1
2024/2025_Grott_Lube_11Round,2024/2025,11.0,Grottazzolina,Lube,0.4783,0.5333,0.4737,0.5,3.7986,3.5737,0.4889,0.2248,0.4667,0.5,0,-1,13,-2.7,0.3571,0.5062,0.6,0.4769,0.5769,5.0111,2.3086,0.5355,2.7025,0.6,0.6,4,2,71,2.3,0.6429,-0.02789999999999998,-0.06669999999999998,-0.046599999999999975,-2.4777,-1.2125,1.2651,-3,-4,-10,-0.13329999999999997,1.0,1.0,0.0,11,1,0
2024/2025_Lagon_Sorre_11Round,2024/2025,11.0,Lagonegro,Sorrento,0.4865,0.5333,0.5152,0.4286,4.3517,3.0019,0.5332,1.3498,0.6,0.4286,5,1,27,0.0,0.5,0.5294,0.6,0.4286,0.6154,3.9079,3.4053,0.5229,0.5025,0.4286,0.6154,0,3,7,0.0,0.5,-0.042899999999999994,-0.06669999999999998,0.010299999999999976,0.8473000000000002,0.4438,-0.4034,-2,5,0,-0.01539999999999997,4.0,2.0,2.0,23,23,1
2024/2025_Milan_Moden_11Round,2024/2025,11.0,Milano,Modena,0.4568,0.4667,0.4259,0.5135,3.7045,4.0609,0.4786,-0.3563,0.4667,0.4,0,1,71,0.01,0.6111,0.475,0.5333,0.4839,0.4643,3.7141,4.2698,0.4992,-0.5557,0.4667,0.4667,3,1,70,-0.755,0.3889,-0.018199999999999994,-0.06659999999999999,-0.02059999999999995,0.19939999999999997,-0.009600000000000275,-0.20889999999999986,0,-3,0,0.0,1.0,2.0,-1.0,11,11,0
2024/2025_Padov_Trent_11Round,2024/2025,11.0,Padova,Trento,0.3951,0.4,0.4211,0.3824,3.2813,4.4837,0.4876,-1.2024,0.4,0.4667,-1,-2,71,-3.0,0.2778,0.5432,0.5333,0.5,0.5574,3.3688,4.2233,0.4903,-0.8545,0.4667,0.6,-4,-1,71,3.0,0.7222,-0.1481,-0.13329999999999997,-0.0027000000000000357,-0.3478999999999999,-0.08749999999999991,0.26039999999999974,-1,3,-11,-0.19999999999999996,1.0,1.0,0.0,17,6,0
2024/2025_Piace_Sir S_11Round,2024/2025,11.0,Piacenza,Perugia,0.5323,0.4667,0.4138,0.6047,3.3354,3.6501,0.4968,-0.3146,0.4667,0.6,0,1,52,-1.763,0.2778,0.5926,0.4667,0.5,0.6154,3.6506,4.175,0.4899,-0.5244,0.5333,0.5333,0,2,71,1.896,0.7222,-0.06030000000000002,0.0,0.006900000000000017,0.2098,-0.3151999999999999,-0.5248999999999997,-1,0,0,-0.06659999999999999,1.0,1.0,0.0,7,7,0
2024/2025_Bresc_Delta_12Round,2024/2025,12.0,Brescia,Porto Viro,0.5625,0.6,0.5789,0.5,4.8046,2.9897,0.526,1.8148,0.6,0.5333,5,3,38,0.0,0.5,0.5128,0.5333,0.5152,0.5,4.7325,3.0953,0.5392,1.6372,0.5333,0.4667,3,3,29,0.0,0.5,0.049699999999999966,0.06669999999999998,-0.01319999999999999,0.17759999999999998,0.07209999999999983,-0.10559999999999992,0,2,0,0.13329999999999997,1.0,3.0,-2.0,3,3,1
2024/2025_Cantù_Evolu_12Round,2024/2025,12.0,Cantù,Aversa,0.5532,0.5333,0.4615,0.6129,4.3397,2.7747,0.4943,1.565,0.5333,0.5333,2,2,37,0.0,0.5,0.5833,0.4667,0.4706,0.6207,4.2063,4.0489,0.5192,0.1574,0.4667,0.5333,1,1,26,0.0,0.5,-0.030100000000000016,0.06659999999999999,-0.024899999999999978,1.4076,0.13339999999999996,-1.2741999999999996,1,1,0,0.0,1.0,1.0,0.0,12,12,0
2024/2025_Cosed_Raven_12Round,2024/2025,12.0,Acicastello,Ravenna,0.6364,0.6,0.6471,0.5333,4.4124,2.9453,0.558,1.467,0.6,0.5333,5,4,12,0.0,0.5,0.5312,0.5333,0.4706,0.56,3.5972,4.0723,0.5298,-0.4751,0.5333,0.5333,-2,-2,22,0.0,0.5,0.10519999999999996,0.06669999999999998,0.028200000000000003,1.9421000000000002,0.8151999999999999,-1.1270000000000002,6,7,4,0.06669999999999998,1.0,1.0,0.0,4,8,1
2024/2025_Emma _Smart_12Round,2024/2025,12.0,Siena,Fano,0.4419,0.4667,0.4194,0.5,3.0239,4.4082,0.4698,-1.3843,0.6,0.4,-6,-2,33,0.0,0.5,0.3548,0.4,0.4545,0.3667,2.8482,4.6917,0.4178,-1.8435,0.4545,0.4,-5,-1,21,0.0,0.5,0.08710000000000001,0.06669999999999998,0.05199999999999999,0.45919999999999983,0.17569999999999997,-0.2835000000000001,-1,-1,7,0.19999999999999996,2.0,1.0,1.0,13,20,1
2024/2025_Macer_Prata_12Round,2024/2025,12.0,Macerata,Prata di Pordenone,0.5161,0.3333,0.6364,0.3684,3.3821,4.5849,0.5078,-1.2028,0.6,0.3333,-1,-6,21,0.0,0.5,0.3846,0.4,0.4667,0.3824,3.4272,4.5357,0.4529,-1.1085,0.4667,0.4,-1,-4,29,0.0,0.5,0.1315,-0.06670000000000004,0.054900000000000004,-0.09430000000000005,-0.04510000000000014,0.04919999999999991,-2,0,0,0.19999999999999996,2.0,1.0,1.0,20,20,0
2024/2025_Bresc_Cantù_13Round,2024/2025,13.0,Brescia,Cantù,0.5714,0.6,0.5897,0.5,4.5374,3.0214,0.5269,1.516,0.6,0.5333,1,4,39,0.0,0.5,0.5417,0.5333,0.4444,0.6129,4.2098,3.1081,0.4944,1.1016,0.5333,0.5333,0,-1,38,0.0,0.5,0.02970000000000006,0.06669999999999998,0.03250000000000003,0.4144000000000001,0.32759999999999945,-0.0867,5,1,12,0.06669999999999998,1.0,1.0,0.0,2,14,0
2024/2025_Cosed_Delta_13Round,2024/2025,13.0,Acicastello,Porto Viro,0.6522,0.6667,0.6667,0.5333,4.416,3.0127,0.561,1.4033,0.6667,0.5333,2,5,13,0.0,0.5,0.5,0.5333,0.5152,0.4706,4.2576,3.3267,0.5369,0.9309,0.5333,0.4667,-1,-1,30,0.0,0.5,0.1522,0.13339999999999996,0.02410000000000001,0.47240000000000004,0.15840000000000032,-0.31400000000000006,6,3,3,0.19999999999999996,1.0,1.0,0.0,2,5,1
2024/2025_Macer_Raven_13Round,2024/2025,13.0,Macerata,Ravenna,0.5,0.3333,0.6087,0.3684,3.5192,4.3738,0.5076,-0.8545,0.5333,0.3333,0,-7,22,0.0,0.5,0.5152,0.4667,0.4706,0.5385,3.4643,4.2197,0.525,-0.7553,0.5333,0.4667,-2,-3,23,0.0,0.5,-0.015199999999999991,-0.13340000000000002,-0.01739999999999997,-0.09920000000000007,0.05489999999999995,0.15410000000000057,-4,2,-13,0.06659999999999999,1.0,1.0,0.0,21,8,1
2024/2025_Prata_Smart_13Round,2024/2025,13.0,Prata di Pordenone,Fano,0.4,0.4,0.4667,0.4,3.561,4.3436,0.4541,-0.7826,0.4667,0.4,0,1,30,0.0,0.5,0.3438,0.4,0.4545,0.3548,2.315,4.8621,0.4077,-2.5471,0.4545,0.4,-6,-2,22,0.0,0.5,0.05620000000000003,0.0,0.0464,1.7645,1.246,-0.5184999999999995,3,6,5,0.06669999999999998,1.0,1.0,0.0,17,22,0
2025/2026_Acica_Macer_1Round,2025/2026,1.0,Acicastello,Macerata,0.6667,0.6667,0.6842,0.5333,4.5991,2.7103,0.5722,1.8888,0.6667,0.5333,5,6,14,0.0,0.5,0.5152,0.4,0.625,0.3684,3.8272,4.2245,0.5091,-0.3973,0.6,0.3333,1,1,23,0.0,0.5,0.15149999999999997,0.26669999999999994,0.06310000000000004,2.2861000000000002,0.7719,-1.5141999999999998,5,4,0,0.3334,0.0,0.0,0.0,1,1,1
2025/2026_Avers_Cantù_1Round,2025/2026,1.0,Aversa,Cantù,0.5946,0.5333,0.4706,0.6333,4.1089,3.9976,0.5187,0.1113,0.4667,0.5333,0,2,27,0.0,0.5,0.551,0.5333,0.4444,0.625,3.88,3.1048,0.4945,0.7753,0.5333,0.5333,0,1,39,0.0,0.5,0.04359999999999997,0.0,0.024200000000000055,-0.664,0.22890000000000033,0.8927999999999998,1,0,0,-0.06659999999999999,0.0,0.0,0.0,2,2,1
2025/2026_Bresc_Sorre_1Round,2025/2026,1.0,Brescia,Sorrento,0.56,0.6,0.575,0.5,4.1098,3.0432,0.5265,1.0666,0.6,0.5333,0,-1,40,0.0,0.5,0.5,0.5333,0.4286,0.5714,3.608,3.7617,0.5072,-0.1536,0.4286,0.5714,-4,-1,8,0.0,0.5,0.06000000000000005,0.06669999999999998,0.019299999999999984,1.2202,0.5017999999999998,-0.7184999999999997,0,4,0,0.02859999999999996,0.0,0.0,0.0,3,3,1
2025/2026_Ciste_Moden_1Round,2025/2026,1.0,Modena,Cisterna,0.4815,0.5333,0.4839,0.4828,4.3075,3.3824,0.5033,0.9252,0.4667,0.5333,5,2,71,0.89,0.6111,0.4828,0.4667,0.4828,0.5,4.2797,3.7401,0.5462,0.5396,0.4667,0.5,3,1,19,-1.216,0.3889,-0.0013000000000000234,0.06659999999999999,-0.04290000000000005,0.38560000000000005,0.027800000000000047,-0.3576999999999999,1,2,0,-0.033299999999999996,0.0,0.0,0.0,4,4,1
2025/2026_Ciste_Trent_1Round,2025/2026,1.0,Cisterna,Trento,0.4667,0.4,0.4828,0.4545,3.5552,3.5709,0.5414,-0.0156,0.4667,0.4545,-2,-1,20,-2.447,0.2778,0.5488,0.5333,0.5,0.5645,3.5396,3.8754,0.4912,-0.3358,0.4667,0.6,1,1,72,2.447,0.7222,-0.08209999999999995,-0.13329999999999997,0.05019999999999997,0.3202,0.015600000000000058,-0.3045,-2,-3,0,-0.13329999999999997,0.0,0.0,0.0,5,5,0
2025/2026_Cuneo_Lube_1Round,2025/2026,1.0,Cuneo,Lube,0.5,0.5,0.5385,0.4545,3.6621,3.3073,0.5476,0.3549,0.5385,0.4545,-3,-1,4,0.0,0.5,0.5122,0.6,0.4769,0.5926,4.4279,2.5329,0.5352,1.895,0.6,0.6,0,3,72,0.0,0.5,-0.012199999999999989,-0.09999999999999998,0.012399999999999967,-1.5401,-0.7658,0.7744,-4,-3,0,-0.0615,0.0,0.0,0.0,6,6,0
2025/2026_Cuneo_Padov_1Round,2025/2026,1.0,Padova,Cuneo,0.3902,0.4,0.4138,0.3824,3.2149,4.3214,0.4869,-1.1066,0.4,0.4667,-1,-3,72,0.0,0.5,0.4667,0.4667,0.5,0.4545,3.2823,3.2925,0.5333,-0.0102,0.5,0.4545,-3,-2,5,0.0,0.5,-0.07650000000000001,-0.06669999999999998,-0.0464,-1.0964,-0.06740000000000013,1.0288999999999997,-1,2,0,-0.05449999999999999,0.0,0.0,0.0,7,7,1
2025/2026_Fano_Taran_1Round,2025/2026,1.0,Fano,Taranto,0.3636,0.4667,0.4545,0.375,2.9726,4.362,0.4143,-1.3894,0.4545,0.4667,2,1,23,0.0,0.5,0.5294,0.6,0.5,0.5294,3.4256,3.8995,0.4883,-0.4739,0.5,0.6,-4,-1,7,0.0,0.5,-0.1658,-0.13329999999999997,-0.07400000000000001,-0.9155,-0.4530000000000003,0.4624999999999999,2,6,0,-0.14549999999999996,0.0,0.0,0.0,8,8,1
2025/2026_Grott_Lube_1Round,2025/2026,1.0,Lube,Grottazzolina,0.5181,0.6,0.4769,0.6071,4.0186,1.8983,0.5376,2.1203,0.6,0.6,3,4,73,2.3,0.6429,0.4583,0.5333,0.45,0.5,3.628,3.4656,0.4892,0.1624,0.4667,0.5,0,-2,14,-2.7,0.3571,0.05980000000000002,0.06669999999999998,0.04839999999999994,1.9579,0.39060000000000006,-1.5672999999999997,6,3,8,0.09999999999999998,0.0,0.0,0.0,1,9,1
2025/2026_Grott_Milan_1Round,2025/2026,1.0,Grottazzolina,Milano,0.44,0.4667,0.45,0.4667,3.1421,3.3851,0.4839,-0.243,0.4667,0.4667,-2,-3,15,-3.0,0.3571,0.4512,0.4,0.4182,0.5135,2.9848,4.5518,0.4747,-1.5669,0.4,0.4,-5,-1,72,3.0,0.6429,-0.011199999999999988,0.06669999999999998,0.009199999999999986,1.3239,0.15730000000000022,-1.1667,-2,3,0,0.06669999999999998,0.0,0.0,0.0,9,9,0
2025/2026_Lagon_Prata_1Round,2025/2026,1.0,Lagonegro,Prata di Pordenone,0.5,0.5333,0.5294,0.4286,4.6545,2.8162,0.5393,1.8383,0.6,0.4286,4,2,28,0.0,0.5,0.3902,0.4,0.4375,0.4,3.4295,4.4355,0.4522,-1.006,0.4667,0.4,-2,-1,31,0.0,0.5,0.10980000000000001,0.13329999999999997,0.08710000000000001,2.8443,1.2249999999999996,-1.6193000000000004,3,6,0,0.19999999999999996,0.0,0.0,0.0,10,10,1
2025/2026_Milan_Moden_1Round,2025/2026,1.0,Milano,Modena,0.4578,0.4667,0.4182,0.5263,3.0068,3.3139,0.4773,-0.3071,0.4,0.4667,3,1,73,0.01,0.6111,0.4878,0.6,0.4921,0.4828,3.9345,2.7589,0.5049,1.1756,0.4667,0.5333,2,3,72,-0.755,0.3889,-0.030000000000000027,-0.13329999999999997,-0.027600000000000013,-1.4827,-0.9276999999999997,0.5549999999999997,-2,1,0,-0.13329999999999997,0.0,0.0,0.0,2,2,1
2025/2026_Monza_Perug_1Round,2025/2026,1.0,Monza,Perugia,0.4878,0.4667,0.3962,0.6154,3.7241,3.8419,0.5294,-0.1178,0.4667,0.4,-3,-3,72,0.765,0.5,0.5976,0.5333,0.5,0.6212,4.0007,4.105,0.4909,-0.1043,0.5333,0.5333,1,3,72,-0.765,0.5,-0.10980000000000001,-0.06659999999999999,0.03849999999999998,-0.013499999999999998,-0.2766000000000002,-0.26310000000000056,-6,-4,0,-0.06659999999999999,0.0,0.0,0.0,11,11,0
2025/2026_Padov_Trent_1Round,2025/2026,1.0,Padova,Trento,0.3976,0.4667,0.4237,0.3824,3.1681,3.6801,0.4879,-0.512,0.4667,0.4667,1,1,73,-3.0,0.2778,0.5542,0.6,0.5,0.5714,3.3958,2.8397,0.4936,0.5561,0.4667,0.6,3,2,73,3.0,0.7222,-0.15660000000000002,-0.13329999999999997,-0.005699999999999983,-1.0681,-0.2277,0.8403999999999998,-1,-2,0,-0.13329999999999997,0.0,0.0,0.0,3,3,0
2025/2026_Piace_Veron_1Round,2025/2026,1.0,Piacenza,Verona,0.5238,0.4667,0.4,0.6047,3.5106,3.9839,0.4959,-0.4733,0.4667,0.6,-1,-1,53,0.359,0.5,0.5366,0.6,0.4545,0.5432,3.5117,3.4695,0.4719,0.0423,0.4545,0.6,1,2,72,-0.512,0.5,-0.012799999999999923,-0.13329999999999997,0.02400000000000002,-0.5156,-0.0010999999999996568,0.5144000000000002,-3,-2,0,-0.13329999999999997,0.0,0.0,0.0,12,12,1
2025/2026_Pinet_Siena_1Round,2025/2026,1.0,Pineto,Siena,0.4412,0.5333,0.5714,0.3478,3.2157,3.9531,0.4569,-0.7374,0.5333,0.4667,-5,-1,24,0.0,0.5,0.4545,0.4667,0.4375,0.5,3.7439,3.3287,0.4792,0.4152,0.6,0.4,6,1,34,0.0,0.5,-0.013300000000000034,0.06659999999999999,-0.022300000000000042,-1.1526,-0.5282,0.6244000000000001,-2,-11,0,0.13329999999999997,0.0,0.0,0.0,13,13,1
2025/2026_Porto_Raven_1Round,2025/2026,1.0,Porto Viro,Ravenna,0.4878,0.5333,0.5152,0.4444,3.4674,3.9446,0.5286,-0.4772,0.5333,0.4667,-5,-2,31,0.0,0.5,0.5,0.4,0.4706,0.5185,3.5805,4.3278,0.5223,-0.7473,0.5333,0.4,-1,-4,24,0.0,0.5,-0.012199999999999989,0.13329999999999997,0.006299999999999972,0.27009999999999995,-0.11309999999999976,-0.3832,2,-4,0,0.13329999999999997,0.0,0.0,0.0,14,14,0
2025/2026_Acica_Siena_2Round,2025/2026,2.0,Acicastello,Siena,0.68,0.6667,0.7,0.5333,4.5612,2.8413,0.5744,1.7199,0.6667,0.5333,2,7,15,0.0,0.5,0.4444,0.4667,0.4375,0.4783,3.5551,3.4959,0.4782,0.0592,0.6,0.3333,-1,-1,35,0.0,0.5,0.23560000000000003,0.19999999999999996,0.09620000000000001,1.6607,1.0061000000000004,-0.6545999999999998,8,3,11,0.3334,1.0,1.0,0.0,4,15,1
2025/2026_Avers_Prata_2Round,2025/2026,2.0,Aversa,Prata di Pordenone,0.6053,0.5333,0.5,0.6333,4.0408,3.7411,0.5199,0.2997,0.5333,0.5333,1,3,28,0.0,0.5,0.381,0.4,0.4375,0.3889,2.8788,4.7312,0.4456,-1.8524,0.4667,0.4,-5,-2,32,0.0,0.5,0.22429999999999994,0.13329999999999997,0.07430000000000003,2.1521,1.162,-0.9901000000000004,5,6,10,0.13329999999999997,1.0,1.0,0.0,5,15,1
2025/2026_Bresc_Fano_2Round,2025/2026,2.0,Brescia,Fano,0.5686,0.6,0.5854,0.5,4.2907,3.058,0.5284,1.2327,0.6,0.5333,2,1,41,0.0,0.5,0.3824,0.5333,0.5,0.375,3.2319,4.0051,0.4183,-0.7732,0.5,0.4667,1,2,24,0.0,0.5,0.18619999999999998,0.06669999999999998,0.11009999999999998,2.0059,1.0588000000000002,-0.9470999999999998,-1,1,0,0.13329999999999997,1.0,1.0,0.0,6,6,1
2025/2026_Cantù_Lagon_2Round,2025/2026,2.0,Cantù,Lagonegro,0.54,0.5333,0.4444,0.6061,3.6473,3.3418,0.4932,0.3055,0.5333,0.4667,-1,-1,40,0.0,0.5,0.5128,0.5333,0.5429,0.4286,4.8731,2.4592,0.5471,2.414,0.6,0.4286,5,3,29,0.0,0.5,0.027200000000000002,0.0,-0.0539,-2.1085000000000003,-1.2258,0.8826,-4,-6,-8,0.10470000000000002,1.0,1.0,0.0,15,7,0
2025/2026_Ciste_Cuneo_2Round,2025/2026,2.0,Cuneo,Cisterna,0.4375,0.4667,0.5,0.4167,3.1597,3.2802,0.5268,-0.1205,0.5,0.4167,-1,-3,6,0.0,0.5,0.4516,0.4,0.4667,0.4545,2.8279,3.4487,0.5347,-0.6208,0.4,0.4545,-3,-2,21,0.0,0.5,-0.014100000000000001,0.06669999999999998,-0.007899999999999907,0.5003,0.3317999999999999,-0.16850000000000032,-1,2,0,0.045499999999999985,1.0,1.0,0.0,15,15,1
2025/2026_Ciste_Perug_2Round,2025/2026,2.0,Cisterna,Perugia,0.4375,0.4,0.4667,0.4167,2.3005,3.3603,0.5281,-1.0598,0.4,0.4167,-3,-3,22,-3.0,0.2778,0.6024,0.6,0.5,0.6269,3.9829,4.0561,0.491,-0.0731,0.5333,0.6,0,4,73,3.0,0.7222,-0.16490000000000005,-0.19999999999999996,0.03710000000000002,-0.9867000000000001,-1.6824,-0.6957999999999998,-7,-3,-8,-0.19999999999999996,0.0,1.0,-1.0,16,8,0
2025/2026_Cuneo_Moden_2Round,2025/2026,2.0,Modena,Cuneo,0.4819,0.5333,0.4921,0.4667,3.4088,2.8484,0.504,0.5604,0.4667,0.5333,-1,-1,73,0.0,0.5,0.4706,0.4667,0.5333,0.4167,3.1765,2.8986,0.5433,0.2779,0.5333,0.4167,3,1,7,0.0,0.5,0.011299999999999977,0.06659999999999999,-0.0393,0.28250000000000003,0.23229999999999995,-0.050200000000000244,-2,-4,0,0.04999999999999999,1.0,0.0,1.0,9,9,1
2025/2026_Grott_Veron_2Round,2025/2026,2.0,Grottazzolina,Verona,0.4231,0.4,0.4286,0.4667,2.5967,3.3251,0.4759,-0.7283,0.4667,0.4667,-3,-4,16,-3.0,0.3571,0.5301,0.5333,0.4545,0.5366,3.6401,3.8743,0.4715,-0.2342,0.4545,0.5333,-1,-1,73,3.0,0.6429,-0.10700000000000004,-0.13329999999999997,0.004400000000000015,-0.4941,-1.0434,-0.5491999999999999,-3,-2,0,-0.06659999999999999,1.0,1.0,0.0,16,16,0
2025/2026_Lube_Perug_2Round,2025/2026,2.0,Perugia,Lube,0.6071,0.6667,0.5,0.6324,3.7064,2.9648,0.4935,0.7416,0.5333,0.6667,3,5,74,0.614,0.6111,0.5238,0.6667,0.4848,0.6071,3.7314,1.7162,0.539,2.0152,0.6,0.6,2,5,74,-0.727,0.3889,0.08329999999999993,0.0,-0.04550000000000004,-1.2736,-0.02499999999999991,1.2486,0,1,0,-0.06669999999999998,0.0,1.0,-1.0,1,1,1
2025/2026_Lube_Piace_2Round,2025/2026,2.0,Lube,Piacenza,0.5176,0.6,0.4848,0.5862,3.2652,2.117,0.5379,1.1482,0.6,0.6,-1,-1,75,0.5,0.6111,0.5312,0.4667,0.4194,0.6047,3.8871,3.9662,0.497,-0.0792,0.4667,0.6,1,1,54,-1.265,0.3889,-0.013600000000000056,0.13329999999999997,0.04090000000000005,1.2274,-0.6219000000000001,-1.8492000000000002,-2,-2,8,0.0,0.0,1.0,-1.0,2,10,1
2025/2026_Macer_Raven_2Round,2025/2026,2.0,Macerata,Ravenna,0.5,0.4,0.625,0.35,3.626,4.3312,0.5053,-0.7052,0.6,0.3333,-2,-1,24,0.0,0.5,0.5143,0.4,0.4706,0.5357,3.8783,3.9791,0.5253,-0.1007,0.5333,0.4,2,1,25,0.0,0.5,-0.01429999999999998,0.0,-0.020000000000000018,-0.6045,-0.25229999999999997,0.3521000000000001,-2,-4,-7,0.19999999999999996,1.0,1.0,0.0,17,10,0
2025/2026_Milan_Padov_2Round,2025/2026,2.0,Milano,Padova,0.4643,0.5333,0.4286,0.5263,3.022,2.9731,0.4783,0.0489,0.4667,0.4667,1,2,74,1.49,0.7222,0.3929,0.4,0.4167,0.3824,2.3422,3.4941,0.4855,-1.1519,0.4,0.4667,-3,-1,74,-1.51,0.2778,0.07139999999999996,0.13329999999999997,-0.007199999999999984,1.2007999999999999,0.6797999999999997,-0.5209999999999999,3,4,8,0.0,1.0,1.0,0.0,3,11,1
2025/2026_Milan_Piace_2Round,2025/2026,2.0,Piacenza,Milano,0.5231,0.4667,0.4194,0.5909,3.137,3.7003,0.495,-0.5633,0.4667,0.5333,-2,-1,55,1.957,0.7222,0.4706,0.6,0.4386,0.5263,3.0325,2.4687,0.48,0.5637,0.4667,0.4667,2,3,75,-1.937,0.2778,0.05249999999999999,-0.13329999999999997,0.015000000000000013,-1.127,0.10449999999999982,1.2315999999999998,-4,-4,-10,0.0,0.0,0.0,0.0,11,1,1
2025/2026_Moden_Monza_2Round,2025/2026,2.0,Modena,Monza,0.4881,0.6,0.5,0.4667,3.3039,2.1181,0.5064,1.1858,0.5333,0.5333,3,1,74,-1.565,0.3889,0.4819,0.4,0.3889,0.6154,3.789,3.8716,0.529,-0.0826,0.4667,0.4,0,-4,73,0.647,0.6111,0.006199999999999983,0.19999999999999996,-0.022600000000000064,1.2684,-0.4851000000000001,-1.7534999999999998,5,3,13,0.13329999999999997,0.0,1.0,-1.0,4,17,1
2025/2026_Monza_Trent_2Round,2025/2026,2.0,Monza,Trento,0.4762,0.3333,0.3889,0.6,2.7776,3.6284,0.5265,-0.8508,0.4667,0.4,-3,-5,74,-1.208,0.3889,0.5595,0.6,0.5,0.5781,3.2948,2.112,0.496,1.1828,0.4667,0.6,3,3,74,1.474,0.6111,-0.08329999999999999,-0.2667,0.03049999999999997,-2.0336,-0.5171999999999999,1.5164,-8,-6,-12,-0.13329999999999997,0.0,1.0,-1.0,17,5,0
2025/2026_Padov_Trent_2Round,2025/2026,2.0,Trento,Padova,0.5647,0.6,0.5,0.5846,3.2237,1.6003,0.4984,1.6234,0.4667,0.6,3,4,75,3.0,0.7222,0.3882,0.4,0.4167,0.3714,2.0265,3.3635,0.484,-1.337,0.4,0.4,-2,-2,75,-3.0,0.2778,0.1765,0.19999999999999996,0.014400000000000024,2.9604,1.1972,-1.7632,6,5,11,0.06669999999999998,0.0,0.0,0.0,1,12,1
2025/2026_Pinet_Porto_2Round,2025/2026,2.0,Pineto,Porto Viro,0.4571,0.6,0.5909,0.3478,3.4057,3.7137,0.4599,-0.308,0.6,0.4667,1,1,25,0.0,0.5,0.4762,0.4667,0.5,0.4444,3.3627,4.1564,0.525,-0.7937,0.5333,0.4667,-2,-3,32,0.0,0.5,-0.019100000000000006,0.13329999999999997,-0.06510000000000005,0.48569999999999997,0.04300000000000015,-0.44269999999999987,4,3,5,0.13329999999999997,1.0,1.0,0.0,12,17,0
2025/2026_Sorre_Taran_2Round,2025/2026,2.0,Sorrento,Taranto,0.4737,0.5333,0.4286,0.5333,3.5094,3.9082,0.5,-0.3988,0.4286,0.5333,-2,-2,9,0.0,0.5,0.5,0.5333,0.5,0.5,3.377,3.8684,0.4852,-0.4914,0.5,0.5333,-1,-2,8,0.0,0.5,-0.02629999999999999,0.0,0.01479999999999998,0.09260000000000002,0.13240000000000007,0.03980000000000006,0,-1,0,-0.10470000000000002,1.0,1.0,0.0,18,18,1
2025/2026_Acica_Sorre_3Round,2025/2026,3.0,Acicastello,Sorrento,0.6923,0.6667,0.7143,0.5333,4.7233,2.75,0.5812,1.9733,0.6667,0.5333,4,8,16,0.0,0.5,0.5,0.5333,0.4667,0.5333,3.8818,3.4265,0.5162,0.4553,0.4667,0.5333,5,1,10,0.0,0.5,0.19230000000000003,0.13339999999999996,0.06500000000000006,1.518,0.8414999999999999,-0.6764999999999999,7,-1,6,0.13339999999999996,1.0,1.0,0.0,6,12,0
2025/2026_Avers_Fano_3Round,2025/2026,3.0,Aversa,Fano,0.6154,0.6,0.5263,0.6333,4.4396,3.1125,0.5276,1.3271,0.6,0.5333,5,4,29,0.0,0.5,0.3714,0.4667,0.5,0.3636,3.4171,4.1791,0.4192,-0.762,0.5,0.4667,-1,-1,25,0.0,0.5,0.24399999999999994,0.13329999999999997,0.10839999999999994,2.0891,1.0225000000000004,-1.0666000000000002,5,6,7,0.13329999999999997,1.0,1.0,0.0,6,13,1
2025/2026_Bresc_Lagon_3Round,2025/2026,3.0,Brescia,Lagonegro,0.5769,0.6,0.5952,0.5,4.4194,3.3102,0.529,1.1092,0.6,0.5333,1,2,42,0.0,0.5,0.525,0.6,0.5429,0.4667,4.3569,2.6526,0.5462,1.7043,0.6,0.4667,0,4,30,0.0,0.5,0.051899999999999946,0.0,-0.017199999999999993,-0.5951,0.0625,0.6576,-2,1,0,0.13329999999999997,1.0,1.0,0.0,7,7,0
2025/2026_Cantù_Porto_3Round,2025/2026,3.0,Cantù,Porto Viro,0.5294,0.4667,0.4286,0.6061,3.483,3.2681,0.4933,0.2149,0.4667,0.4667,0,-2,41,0.0,0.5,0.4884,0.4667,0.5,0.4737,3.7484,3.8476,0.5273,-0.0992,0.5333,0.4667,2,1,33,0.0,0.5,0.04099999999999998,0.0,-0.033999999999999975,0.3141,-0.2654000000000001,-0.5794999999999999,-3,-2,-6,0.0,1.0,1.0,0.0,19,13,1
2025/2026_Ciste_Grott_3Round,2025/2026,3.0,Cisterna,Grottazzolina,0.4242,0.4,0.4516,0.4167,1.9169,3.2962,0.5215,-1.3793,0.4,0.4167,-3,-4,23,0.4,0.5,0.4074,0.3333,0.4091,0.4667,2.7585,3.2801,0.4766,-0.5216,0.4,0.4667,0,-5,17,0.4,0.5,0.016800000000000037,0.06670000000000004,0.04489999999999994,-0.8577,-0.8416000000000001,0.01609999999999978,1,-3,0,-0.06669999999999998,1.0,1.0,0.0,20,20,1
2025/2026_Cuneo_Monza_3Round,2025/2026,3.0,Monza,Cuneo,0.4706,0.3333,0.3818,0.6,2.067,3.4576,0.524,-1.3906,0.4,0.4,-3,-6,75,0.0,0.5,0.4444,0.4,0.5333,0.3846,2.7888,2.9788,0.5271,-0.19,0.5333,0.3846,-3,-1,8,0.0,0.5,0.0262,-0.06670000000000004,-0.0030999999999999917,-1.2006000000000001,-0.7218,0.47879999999999967,-5,0,-8,0.015400000000000025,1.0,1.0,0.0,21,13,1
2025/2026_Cuneo_Piace_3Round,2025/2026,3.0,Piacenza,Cuneo,0.5303,0.5333,0.4375,0.5909,3.1179,3.0042,0.497,0.1137,0.4667,0.5333,2,1,56,0.0,0.5,0.4211,0.4,0.5333,0.3571,2.614,3.0399,0.5158,-0.426,0.5333,0.3571,-2,-2,9,0.0,0.5,0.10920000000000002,0.13329999999999997,-0.01880000000000004,0.5397,0.5039000000000002,-0.03569999999999984,3,4,5,0.10960000000000003,1.0,0.0,1.0,8,13,1
2025/2026_Lube_Trent_3Round,2025/2026,3.0,Lube,Trento,0.5233,0.6,0.4925,0.5862,3.2027,1.8675,0.5393,1.3352,0.6,0.6,2,1,76,0.093,0.5,0.5698,0.6667,0.5161,0.5846,3.1737,1.2402,0.5008,1.9335,0.5333,0.6,3,5,76,0.093,0.5,-0.046499999999999986,-0.06669999999999998,0.03849999999999998,-0.5983,0.028999999999999915,0.6273,-4,-1,-1,0.0,1.0,1.0,0.0,2,1,1
2025/2026_Macer_Pinet_3Round,2025/2026,3.0,Macerata,Pineto,0.4857,0.4,0.6,0.35,3.482,4.4101,0.5017,-0.9281,0.5333,0.3333,-2,-2,25,0.0,0.5,0.4444,0.5333,0.5652,0.3478,3.3248,3.9761,0.4574,-0.6513,0.6,0.4667,-2,-1,26,0.0,0.5,0.0413,-0.13329999999999997,0.04430000000000006,-0.27680000000000005,0.1572,0.4339999999999997,-1,0,-9,0.06659999999999999,1.0,1.0,0.0,22,13,1
2025/2026_Milan_Perug_3Round,2025/2026,3.0,Perugia,Milano,0.6118,0.6667,0.5185,0.6324,3.5123,2.7277,0.4943,0.7846,0.5333,0.6667,1,6,75,2.3,0.7222,0.4651,0.5333,0.4386,0.5128,2.5094,2.6444,0.4785,-0.135,0.4667,0.4667,-2,-1,76,-2.147,0.2778,0.1467,0.13339999999999996,0.015800000000000036,0.9196,1.0029000000000003,0.08329999999999993,7,3,0,0.06659999999999999,1.0,1.0,0.0,3,3,1
2025/2026_Milan_Veron_3Round,2025/2026,3.0,Verona,Milano,0.5357,0.5333,0.4545,0.5422,3.466,3.6303,0.4718,-0.1642,0.4545,0.5333,0,1,74,1.607,0.6111,0.4598,0.5333,0.4386,0.5,2.1417,2.7674,0.477,-0.6257,0.4667,0.4667,-2,-2,77,-1.075,0.3889,0.07589999999999997,0.0,-0.005199999999999982,0.4615,1.3243,0.8629000000000002,3,2,-9,-0.012199999999999989,1.0,0.0,1.0,13,4,1
2025/2026_Moden_Padov_3Round,2025/2026,3.0,Padova,Modena,0.3837,0.4,0.4167,0.3611,1.539,3.2717,0.4816,-1.7327,0.4,0.4,-3,-3,76,-2.51,0.2778,0.4941,0.6,0.5077,0.4667,3.2301,1.6046,0.5088,1.6255,0.6,0.5333,3,2,75,2.49,0.7222,-0.1104,-0.19999999999999996,-0.027200000000000057,-3.3582,-1.6911000000000003,1.6671,-5,-6,-10,-0.13329999999999997,1.0,1.0,0.0,14,4,0
2025/2026_Moden_Piace_3Round,2025/2026,3.0,Piacenza,Modena,0.5373,0.5333,0.4545,0.5909,3.1041,2.2587,0.5,0.8455,0.5333,0.5333,3,2,57,-2.253,0.2778,0.5,0.6,0.5077,0.4839,3.1782,1.5083,0.5103,1.6698,0.6,0.5333,2,3,76,2.406,0.7222,0.0373,-0.06669999999999998,-0.010299999999999976,-0.8242999999999999,-0.07410000000000005,0.7504000000000002,-1,1,-4,0.0,0.0,0.0,0.0,5,1,0
2025/2026_Monza_Veron_3Round,2025/2026,3.0,Monza,Verona,0.4767,0.4,0.3929,0.6,2.3627,2.8074,0.5254,-0.4447,0.4,0.4,2,1,76,-0.732,0.3889,0.5412,0.6,0.5,0.5422,3.3438,2.6648,0.4743,0.679,0.5,0.5333,3,2,75,1.397,0.6111,-0.0645,-0.19999999999999996,0.05109999999999998,-1.1237,-0.9811000000000001,0.14259999999999984,-1,-1,-5,-0.13329999999999997,0.0,0.0,0.0,14,9,0
2025/2026_Padov_Perug_3Round,2025/2026,3.0,Perugia,Padova,0.6163,0.6667,0.5357,0.6324,3.376,2.2957,0.496,1.0803,0.6,0.6667,2,7,76,2.7,0.7222,0.3793,0.4,0.4098,0.3611,1.4614,3.2071,0.4801,-1.7458,0.4,0.4,-2,-4,77,-2.853,0.2778,0.23699999999999993,0.26669999999999994,0.01589999999999997,2.8261000000000003,1.9145999999999999,-0.9114,11,4,12,0.19999999999999996,0.0,0.0,0.0,2,14,1
2025/2026_Prata_Siena_3Round,2025/2026,3.0,Prata di Pordenone,Siena,0.3721,0.4,0.4375,0.3784,2.4863,4.9436,0.4393,-2.4573,0.4667,0.4,-5,-3,33,0.0,0.5,0.4348,0.4,0.4375,0.4583,3.1866,4.084,0.473,-0.8974,0.6,0.3333,-4,-2,36,0.0,0.5,-0.06270000000000003,0.0,-0.03369999999999995,-1.5599,-0.7002999999999999,0.8596000000000004,-1,-1,0,0.13340000000000002,1.0,1.0,0.0,23,23,0
2025/2026_Raven_Taran_3Round,2025/2026,3.0,Ravenna,Taranto,0.5278,0.4667,0.4706,0.5517,4.0927,3.7306,0.528,0.362,0.5333,0.4667,2,2,26,0.0,0.5,0.4737,0.4667,0.5,0.4737,3.0528,4.1299,0.4682,-1.0771,0.5,0.4667,-5,-3,9,0.0,0.5,0.05410000000000004,0.0,0.05980000000000002,1.4390999999999998,1.0398999999999998,-0.3993000000000002,5,7,14,0.06659999999999999,1.0,1.0,0.0,10,24,1
2025/2026_Acica_Fano_4Round,2025/2026,4.0,Acicastello,Fano,0.6667,0.6,0.6818,0.5333,4.2816,3.2461,0.5734,1.0355,0.6,0.5333,-2,-1,17,0.0,0.5,0.3611,0.4667,0.5,0.3529,3.3329,4.0889,0.4194,-0.756,0.5,0.4,-1,-2,26,0.0,0.5,0.3056,0.13329999999999997,0.15400000000000003,1.7915,0.9487000000000001,-0.8427999999999995,1,-1,3,0.19999999999999996,1.0,1.0,0.0,11,14,0
2025/2026_Avers_Raven_4Round,2025/2026,4.0,Aversa,Ravenna,0.625,0.6667,0.55,0.6333,4.2758,3.1138,0.5286,1.162,0.6,0.5333,1,5,30,0.0,0.5,0.5405,0.5333,0.5,0.5517,4.4664,3.3346,0.5341,1.1317,0.5333,0.4667,4,3,27,0.0,0.5,0.08450000000000002,0.13339999999999996,-0.00550000000000006,0.030299999999999994,-0.19059999999999988,-0.2208000000000001,2,-3,0,0.13329999999999997,1.0,1.0,0.0,5,5,0
2025/2026_Bresc_Pinet_4Round,2025/2026,4.0,Brescia,Pineto,0.566,0.5333,0.5814,0.5,3.7813,3.975,0.5237,-0.1936,0.5333,0.5333,-4,-1,43,0.0,0.5,0.4324,0.4667,0.5652,0.3333,2.6098,4.384,0.4474,-1.7742,0.6,0.4,-6,-2,27,0.0,0.5,0.13359999999999994,0.06659999999999999,0.07630000000000003,1.5806,1.1715,-0.40900000000000025,1,2,4,0.13329999999999997,1.0,1.0,0.0,11,15,1
2025/2026_Cantù_Siena_4Round,2025/2026,4.0,Cantù,Siena,0.5385,0.4667,0.4483,0.6061,3.8514,3.458,0.4948,0.3934,0.5333,0.4667,1,1,42,0.0,0.5,0.4468,0.4667,0.4375,0.48,3.1611,3.793,0.4734,-0.6319,0.6,0.4,0,1,37,0.0,0.5,0.0917,0.0,0.02140000000000003,1.0253,0.6903000000000001,-0.33499999999999996,0,1,0,0.13329999999999997,1.0,1.0,0.0,15,15,1
2025/2026_Ciste_Lube_4Round,2025/2026,4.0,Lube,Cisterna,0.5287,0.6,0.5,0.5862,3.9554,1.9572,0.542,1.9981,0.6667,0.6,4,2,77,2.253,0.7222,0.4412,0.4,0.4688,0.4167,2.9069,3.4613,0.5246,-0.5544,0.4667,0.4167,2,1,24,-2.406,0.2778,0.08749999999999997,0.19999999999999996,0.017400000000000082,2.5525,1.0485000000000002,-1.5041,1,2,13,0.24999999999999994,1.0,1.0,0.0,3,16,1
2025/2026_Ciste_Milan_4Round,2025/2026,4.0,Milano,Cisterna,0.4545,0.4667,0.4386,0.4878,1.617,2.8534,0.4748,-1.2364,0.4667,0.4667,-3,-3,78,2.853,0.7222,0.4286,0.4,0.4688,0.3846,2.5441,3.3653,0.5203,-0.8212,0.4667,0.3846,-2,-1,25,-2.7,0.2778,0.025900000000000034,0.06669999999999998,-0.045499999999999985,-0.4151999999999999,-0.9270999999999998,-0.5118999999999998,-2,-1,10,0.0821,1.0,0.0,1.0,6,16,1
2025/2026_Cuneo_Grott_4Round,2025/2026,4.0,Cuneo,Grottazzolina,0.4,0.4,0.5333,0.3333,2.3202,3.0849,0.5,-0.7647,0.5333,0.3333,-3,-3,10,0.0,0.5,0.3929,0.3333,0.4091,0.4375,3.0663,3.8249,0.473,-0.7585,0.4,0.4667,-2,-6,18,0.0,0.5,0.007099999999999995,0.06670000000000004,0.027000000000000024,-0.006200000000000094,-0.7461000000000002,-0.7399999999999998,3,-1,8,0.06659999999999999,1.0,1.0,0.0,16,24,1
2025/2026_Cuneo_Piace_4Round,2025/2026,4.0,Cuneo,Piacenza,0.4286,0.4667,0.5625,0.3333,2.5561,2.6454,0.5154,-0.0894,0.6,0.3333,3,1,11,0.0,0.5,0.5294,0.5333,0.4412,0.5909,2.5824,2.5008,0.498,0.0816,0.5333,0.5333,-2,-1,58,0.0,0.5,-0.1008,-0.06659999999999999,0.01739999999999997,-0.17099999999999999,-0.02629999999999999,0.14460000000000006,2,5,-5,0.06669999999999998,0.0,1.0,-1.0,12,7,0
2025/2026_Grott_Padov_4Round,2025/2026,4.0,Padova,Grottazzolina,0.375,0.3333,0.4098,0.3514,1.1401,3.1617,0.4778,-2.0216,0.4,0.4,-3,-5,78,1.7,0.6429,0.3793,0.3333,0.4091,0.4118,2.5026,3.6334,0.4658,-1.1308,0.4,0.4,-3,-7,19,-1.3,0.3571,-0.004300000000000026,0.0,0.01200000000000001,-0.8907999999999998,-1.3625000000000003,-0.4716999999999998,2,0,7,0.0,1.0,0.0,1.0,17,24,1
2025/2026_Lagon_Porto_4Round,2025/2026,4.0,Lagonegro,Porto Viro,0.5366,0.6667,0.5429,0.5,4.6717,2.5616,0.5516,2.1101,0.6,0.5333,4,5,31,0.0,0.5,0.4773,0.4,0.5,0.45,3.7909,4.0926,0.5252,-0.3017,0.5333,0.4667,-1,-1,34,0.0,0.5,0.059299999999999964,0.26669999999999994,0.02639999999999998,2.4118,0.8808000000000002,-1.5310000000000001,6,5,10,0.13329999999999997,1.0,1.0,0.0,8,18,0
2025/2026_Lube_Padov_4Round,2025/2026,4.0,Lube,Padova,0.5341,0.6,0.5072,0.5862,3.6862,1.7536,0.5434,1.9326,0.6667,0.6,2,3,78,1.8,0.6111,0.382,0.4,0.4194,0.3514,1.7125,2.5971,0.4795,-0.8845,0.4667,0.4,2,1,79,-2.412,0.3889,0.1521,0.19999999999999996,0.06390000000000001,2.8171,1.9737,-0.8435000000000001,2,0,11,0.26669999999999994,0.0,0.0,0.0,1,12,1
2025/2026_Macer_Sorre_4Round,2025/2026,4.0,Macerata,Sorrento,0.5,0.4667,0.6154,0.35,4.0288,3.3857,0.5119,0.6431,0.5333,0.3333,6,1,26,0.0,0.5,0.5238,0.5333,0.4667,0.5625,4.0155,3.3674,0.5216,0.6482,0.4667,0.5333,2,2,11,0.0,0.5,-0.023800000000000043,-0.06659999999999999,-0.009699999999999931,-0.005099999999999993,0.01330000000000009,0.018299999999999983,-1,4,-7,0.0,1.0,1.0,0.0,19,12,0
2025/2026_Milan_Monza_4Round,2025/2026,4.0,Milano,Monza,0.4607,0.4667,0.4483,0.4878,2.0468,2.381,0.4765,-0.3341,0.5333,0.4667,2,1,79,-0.229,0.5,0.4713,0.4,0.386,0.6,1.7733,2.8817,0.523,-1.1083,0.4,0.4,-3,-1,77,-0.782,0.5,-0.010599999999999998,0.06669999999999998,-0.04650000000000004,0.7742,0.2735000000000001,-0.5007000000000001,2,5,15,0.13329999999999997,0.0,1.0,-1.0,4,19,1
2025/2026_Moden_Perug_4Round,2025/2026,4.0,Modena,Perugia,0.5057,0.6,0.5077,0.5,3.1416,1.4399,0.5118,1.7017,0.6,0.5333,2,4,77,-2.21,0.2778,0.6207,0.6667,0.5517,0.6324,3.2803,1.7264,0.4984,1.5539,0.6,0.6667,3,8,77,2.343,0.7222,-0.11499999999999999,-0.06669999999999998,0.013400000000000023,0.14779999999999993,-0.13870000000000005,-0.2865,-4,-1,0,-0.06669999999999998,1.0,1.0,0.0,2,2,0
2025/2026_Monza_Piace_4Round,2025/2026,4.0,Piacenza,Monza,0.5362,0.5333,0.4412,0.6,2.7278,2.414,0.499,0.3138,0.5333,0.5333,1,1,59,1.285,0.6111,0.4659,0.4,0.386,0.5854,1.6247,2.9335,0.5213,-1.3088,0.4,0.3333,-2,-2,78,-1.95,0.3889,0.07030000000000003,0.13329999999999997,-0.022299999999999986,1.6226,1.1030999999999997,-0.5194999999999999,3,3,14,0.2,0.0,0.0,0.0,5,19,1
2025/2026_Prata_Taran_4Round,2025/2026,4.0,Prata di Pordenone,Taranto,0.3636,0.4,0.4118,0.3784,2.6695,4.4015,0.4402,-1.732,0.4667,0.4,0,-4,34,0.0,0.5,0.45,0.4,0.5,0.45,2.9444,4.3403,0.4567,-1.3959,0.5,0.4,-4,-4,10,0.0,0.5,-0.08640000000000003,0.0,-0.016500000000000015,-0.33610000000000007,-0.2748999999999997,0.061200000000000365,0,4,0,0.06669999999999998,1.0,1.0,0.0,24,24,0
2025/2026_Trent_Veron_4Round,2025/2026,4.0,Trento,Verona,0.5632,0.6,0.5161,0.5758,2.8729,2.5795,0.4977,0.2934,0.5333,0.6,-4,-1,77,-1.566,0.3889,0.5465,0.6,0.5,0.5476,3.2579,1.9865,0.4768,1.2714,0.5,0.6,3,3,76,0.881,0.6111,0.016700000000000048,0.0,0.020899999999999974,-0.9780000000000001,-0.3849999999999998,0.593,-4,-7,2,-0.06669999999999998,1.0,1.0,0.0,6,8,1
2025/2026_Acica_Pinet_5Round,2025/2026,5.0,Acicastello,Pineto,0.6429,0.5333,0.6522,0.5333,4.1549,3.4148,0.5707,0.7401,0.5333,0.5333,0,-2,18,0.0,0.5,0.4211,0.4,0.5652,0.32,2.9812,4.4563,0.4474,-1.4751,0.6,0.4,-1,-3,28,0.0,0.5,0.22180000000000005,0.13329999999999997,0.12329999999999997,2.2152000000000003,1.1736999999999997,-1.0414999999999996,1,1,6,0.13329999999999997,1.0,1.0,0.0,13,19,1
2025/2026_Avers_Lagon_5Round,2025/2026,5.0,Aversa,Lagonegro,0.6098,0.6,0.5238,0.6333,3.934,3.114,0.5281,0.82,0.6,0.5333,0,-1,31,0.0,0.5,0.5238,0.6,0.5278,0.5,4.4407,3.4094,0.5466,1.0312,0.5333,0.5333,-2,-1,32,0.0,0.5,0.08599999999999997,0.0,-0.01849999999999996,-0.21119999999999994,-0.5066999999999995,-0.29540000000000033,0,2,0,0.06669999999999998,1.0,1.0,0.0,8,8,1
2025/2026_Bresc_Taran_5Round,2025/2026,5.0,Brescia,Taranto,0.5741,0.5333,0.5909,0.5,4.0644,3.9561,0.5244,0.1083,0.5333,0.5333,1,1,44,0.0,0.5,0.4762,0.4,0.5,0.4762,3.171,4.0375,0.4617,-0.8665,0.5,0.4,1,1,11,0.0,0.5,0.09790000000000004,0.13329999999999997,0.06269999999999998,0.9748,0.8934000000000002,-0.08139999999999947,0,0,10,0.13329999999999997,1.0,1.0,0.0,9,19,1
2025/2026_Cantù_Raven_5Round,2025/2026,5.0,Cantù,Ravenna,0.5472,0.5333,0.4667,0.6061,4.3555,3.3487,0.4987,1.0068,0.5333,0.4667,3,2,43,0.0,0.5,0.5526,0.6,0.5,0.5667,4.0724,3.2725,0.5335,0.7999,0.5333,0.5333,0,4,28,0.0,0.5,-0.00539999999999996,-0.06669999999999998,-0.0348,0.20689999999999986,0.28310000000000013,0.07620000000000005,-2,3,-7,0.0,1.0,1.0,0.0,14,7,0
2025/2026_Ciste_Moden_5Round,2025/2026,5.0,Cisterna,Modena,0.4167,0.4,0.4688,0.3571,2.2817,3.2962,0.516,-1.0146,0.4667,0.3571,-2,-2,26,-1.216,0.3889,0.5,0.6,0.5,0.5,3.3816,2.1887,0.5117,1.1929,0.6,0.5333,0,-1,78,0.89,0.6111,-0.08329999999999999,-0.19999999999999996,0.0042999999999999705,-2.2075,-1.0999000000000003,1.1075,-1,-2,-16,-0.06659999999999999,1.0,1.0,0.0,19,3,1
2025/2026_Ciste_Monza_5Round,2025/2026,5.0,Cisterna,Monza,0.4324,0.4667,0.4848,0.3571,2.5287,3.0274,0.5178,-0.4987,0.5333,0.3571,1,1,27,0.86,0.6111,0.4607,0.4,0.386,0.5714,1.2534,2.9697,0.5188,-1.7163,0.4,0.3333,-3,-3,79,-0.481,0.3889,-0.028299999999999992,0.06669999999999998,-0.0010000000000000009,1.2176,1.2753,0.057700000000000085,4,4,6,0.2,0.0,1.0,-1.0,14,20,1
2025/2026_Cuneo_Grott_5Round,2025/2026,5.0,Grottazzolina,Cuneo,0.3667,0.3333,0.4091,0.3889,2.2894,3.4949,0.4614,-1.2054,0.4,0.4,-2,-8,20,0.0,0.5,0.4091,0.4,0.5294,0.3333,2.5663,2.7951,0.5097,-0.2288,0.5333,0.3333,-1,-1,12,0.0,0.5,-0.04239999999999999,-0.06670000000000004,-0.048300000000000065,-0.9766,-0.2768999999999999,0.6997999999999998,-7,-1,-10,0.06670000000000004,1.0,1.0,0.0,25,15,0
2025/2026_Cuneo_Perug_5Round,2025/2026,5.0,Cuneo,Perugia,0.4348,0.4667,0.5294,0.375,2.7378,2.3951,0.5239,0.3427,0.5333,0.4,3,1,13,0.0,0.5,0.625,0.6667,0.5517,0.6377,3.4789,2.3895,0.4984,1.0894,0.6,0.6667,0,9,78,0.0,0.5,-0.19019999999999998,-0.19999999999999996,0.025500000000000023,-0.7466999999999999,-0.7410999999999999,0.005599999999999827,-8,3,-9,-0.13339999999999996,0.0,1.0,-1.0,10,1,0
2025/2026_Fano_Siena_5Round,2025/2026,5.0,Fano,Siena,0.3784,0.5333,0.5,0.3714,3.4912,4.0259,0.4216,-0.5347,0.5,0.4667,0,1,27,0.0,0.5,0.4375,0.4667,0.4375,0.4615,3.1426,4.2999,0.47,-1.1573,0.6,0.4,-3,-1,38,0.0,0.5,-0.059099999999999986,0.06659999999999999,-0.0484,0.6226,0.34860000000000024,-0.274,2,3,4,0.09999999999999998,1.0,1.0,0.0,16,20,0
2025/2026_Grott_Lube_5Round,2025/2026,5.0,Grottazzolina,Lube,0.3548,0.3333,0.3913,0.3889,1.9275,3.3946,0.4544,-1.4671,0.3333,0.4,-3,-9,21,-2.7,0.3571,0.5393,0.6,0.5143,0.5862,3.4973,1.3437,0.5456,2.1536,0.6667,0.6,3,4,79,2.3,0.6429,-0.1845,-0.2667,-0.09119999999999995,-3.6207000000000003,-1.5698,2.0509000000000004,-13,-6,-23,-0.2667,0.0,1.0,-1.0,25,2,0
2025/2026_Lube_Piace_5Round,2025/2026,5.0,Piacenza,Lube,0.5429,0.6,0.4571,0.6,2.8295,1.8379,0.5019,0.9916,0.6,0.5333,3,2,60,-1.265,0.3889,0.5444,0.6667,0.5143,0.6,3.3648,1.0551,0.5478,2.3097,0.6667,0.6,3,5,80,0.5,0.6111,-0.0014999999999999458,-0.06669999999999998,-0.04589999999999994,-1.3180999999999998,-0.5352999999999999,0.7828000000000002,-3,0,-2,0.0,1.0,0.0,1.0,3,1,1
2025/2026_Macer_Prata_5Round,2025/2026,5.0,Macerata,Prata di Pordenone,0.4865,0.4667,0.5926,0.35,3.7644,3.3096,0.5117,0.4549,0.4667,0.3333,0,-1,27,0.0,0.5,0.3556,0.3333,0.3889,0.3784,2.7981,4.2517,0.44,-1.4536,0.4667,0.4,-1,-5,35,0.0,0.5,0.13089999999999996,0.13340000000000002,0.07170000000000004,1.9085,0.9663000000000004,-0.9420999999999995,4,1,4,0.06669999999999998,1.0,1.0,0.0,21,25,1
2025/2026_Milan_Padov_5Round,2025/2026,5.0,Padova,Milano,0.3778,0.4,0.4194,0.3421,1.3136,2.7337,0.4773,-1.4201,0.4667,0.3333,-3,-1,80,-1.51,0.2778,0.4667,0.4667,0.4576,0.4878,2.348,2.0489,0.4782,0.2991,0.6,0.4667,2,2,80,1.49,0.7222,-0.08889999999999998,-0.06669999999999998,-0.0009000000000000119,-1.7191999999999998,-1.0343999999999998,0.6847999999999996,-3,-5,-12,0.0,1.0,1.0,0.0,16,4,0
2025/2026_Milan_Piace_5Round,2025/2026,5.0,Milano,Piacenza,0.4725,0.5333,0.4576,0.5,2.5589,2.0822,0.4791,0.4767,0.6,0.4667,1,3,81,-1.937,0.2778,0.5493,0.6,0.4722,0.6,2.9006,1.4316,0.5048,1.469,0.6,0.5333,3,3,61,1.957,0.7222,-0.07680000000000003,-0.06669999999999998,-0.0257,-0.9923000000000001,-0.3416999999999999,0.6505999999999998,0,-2,0,0.06669999999999998,0.0,0.0,0.0,3,3,0
2025/2026_Moden_Trent_5Round,2025/2026,5.0,Modena,Trento,0.4944,0.5333,0.5,0.4848,3.0175,2.4476,0.5108,0.57,0.6,0.5333,-1,-2,79,-1.922,0.3889,0.5682,0.6,0.5312,0.5758,3.4592,2.9876,0.4985,0.4716,0.5333,0.6,1,1,78,1.29,0.6111,-0.07380000000000003,-0.06669999999999998,0.012300000000000033,0.09839999999999993,-0.4417,-0.54,-3,-2,0,0.0,0.0,1.0,-1.0,5,5,1
2025/2026_Monza_Trent_5Round,2025/2026,5.0,Trento,Monza,0.5618,0.5333,0.5312,0.5672,2.8056,3.0076,0.4969,-0.202,0.5333,0.5333,-2,-1,79,1.474,0.6111,0.4556,0.4,0.386,0.5581,1.2584,2.9949,0.5172,-1.7365,0.4,0.3333,-2,-4,80,-1.208,0.3889,0.10619999999999996,0.13329999999999997,-0.020299999999999985,1.5345,1.5472000000000001,0.012700000000000156,3,0,16,0.2,0.0,0.0,0.0,6,22,1
2025/2026_Padov_Veron_5Round,2025/2026,5.0,Verona,Padova,0.5402,0.5333,0.5,0.5412,3.463,2.8372,0.4764,0.6258,0.5,0.5333,-1,-1,77,0.145,0.5,0.3736,0.4,0.4127,0.3421,1.5668,2.8293,0.4767,-1.2624,0.4667,0.3333,-1,-2,81,-0.431,0.5,0.16660000000000003,0.13329999999999997,-0.00030000000000002247,1.8881999999999999,1.8962,0.00790000000000024,1,0,6,0.16670000000000001,1.0,0.0,1.0,10,16,1
2025/2026_Perug_Veron_5Round,2025/2026,5.0,Perugia,Verona,0.6292,0.6667,0.5517,0.6429,3.352,1.7895,0.5008,1.5625,0.6,0.6667,3,10,79,2.069,0.6111,0.5455,0.6,0.5385,0.5412,3.341,2.1046,0.4788,1.2364,0.5385,0.5333,3,1,78,-1.59,0.3889,0.0837,0.06669999999999998,0.02200000000000002,0.32610000000000006,0.010999999999999677,-0.31509999999999994,9,0,7,0.06669999999999998,0.0,0.0,0.0,1,8,0
2025/2026_Porto_Sorre_5Round,2025/2026,5.0,Porto Viro,Sorrento,0.4889,0.4667,0.5,0.4762,4.2882,4.0341,0.5272,0.2541,0.5333,0.4667,2,1,35,0.0,0.5,0.5455,0.5333,0.4667,0.5882,3.7938,3.3213,0.521,0.4725,0.4667,0.5333,0,3,12,0.0,0.5,-0.056599999999999984,-0.06659999999999999,0.006199999999999983,-0.21839999999999998,0.49439999999999973,0.7127999999999997,-2,2,-5,0.0,1.0,1.0,0.0,16,11,1
2025/2026_Acica_Bresc_6Round,2025/2026,6.0,Acicastello,Brescia,0.6552,0.5333,0.6667,0.5333,4.0654,3.3408,0.5708,0.7245,0.5333,0.5333,1,1,19,0.0,0.5,0.5818,0.6,0.6,0.5,4.5103,3.2069,0.5297,1.3034,0.6,0.5333,5,2,45,0.0,0.5,0.07340000000000002,-0.06669999999999998,0.041100000000000025,-0.5788999999999999,-0.44489999999999963,0.13390000000000013,-1,-4,-2,0.0,1.0,1.0,0.0,11,9,1
2025/2026_Avers_Pinet_6Round,2025/2026,6.0,Aversa,Pineto,0.619,0.6,0.5455,0.6333,4.3775,3.3419,0.5302,1.0356,0.6,0.5333,2,1,32,0.0,0.5,0.4103,0.4,0.5652,0.3077,3.0219,4.287,0.4469,-1.2651,0.6,0.4,-1,-4,29,0.0,0.5,0.2087,0.19999999999999996,0.08329999999999999,2.3007,1.3556000000000004,-0.9451,5,3,13,0.19999999999999996,1.0,1.0,0.0,9,22,1
2025/2026_Cantù_Taran_6Round,2025/2026,6.0,Cantù,Taranto,0.537,0.4667,0.4516,0.6061,4.2236,3.5158,0.4988,0.7078,0.4667,0.4667,0,-1,44,0.0,0.5,0.4545,0.4,0.5,0.4545,2.8509,4.3007,0.4479,-1.4498,0.5,0.4,-5,-1,12,0.0,0.5,0.08250000000000002,0.06669999999999998,0.0509,2.1576,1.3727,-0.7848999999999999,0,5,5,0.06669999999999998,1.0,1.0,0.0,17,22,1
2025/2026_Ciste_Monza_6Round,2025/2026,6.0,Monza,Cisterna,0.4505,0.3333,0.386,0.5455,0.9941,3.0124,0.5148,-2.0183,0.4,0.3333,-3,-5,81,-0.481,0.3889,0.4474,0.5333,0.5,0.3571,2.7029,2.6132,0.5214,0.0896,0.5333,0.3571,2,2,28,0.86,0.6111,0.0030999999999999917,-0.2,-0.006599999999999939,-2.1079,-1.7088,0.3992,-7,-5,-10,0.04290000000000005,1.0,1.0,0.0,22,12,0
2025/2026_Ciste_Padov_6Round,2025/2026,6.0,Padova,Cisterna,0.3696,0.4,0.4127,0.3333,1.2091,2.8961,0.4744,-1.6871,0.4667,0.3333,-3,-3,82,2.063,0.7222,0.4615,0.5333,0.5,0.4,2.8253,2.5389,0.523,0.2864,0.5333,0.4,1,3,29,-2.043,0.2778,-0.09190000000000004,-0.13329999999999997,-0.04860000000000003,-1.9735,-1.6161999999999999,0.3572000000000002,-6,-4,-8,0.06669999999999998,1.0,0.0,1.0,18,10,1
2025/2026_Cuneo_Trent_6Round,2025/2026,6.0,Cuneo,Trento,0.4167,0.4667,0.5,0.375,2.3367,2.6141,0.5094,-0.2774,0.4667,0.4,-3,-1,14,0.0,0.5,0.5667,0.5333,0.5455,0.5672,2.8799,2.2215,0.4992,0.6584,0.5333,0.5333,3,1,80,0.0,0.5,-0.14999999999999997,-0.06659999999999999,0.010199999999999987,-0.9358,-0.5432000000000001,0.3926000000000003,-2,-6,-9,-0.06659999999999999,1.0,1.0,0.0,13,4,0
2025/2026_Cuneo_Veron_6Round,2025/2026,6.0,Verona,Cuneo,0.5506,0.6,0.5385,0.5465,3.2554,2.1223,0.4798,1.133,0.5385,0.5333,1,2,79,0.0,0.5,0.4,0.4667,0.4737,0.375,2.2123,2.772,0.5,-0.5597,0.4667,0.4,-2,-2,15,0.0,0.5,0.15059999999999996,0.13329999999999997,-0.020199999999999996,1.6926999999999999,1.0431,-0.6496999999999997,4,3,6,0.13849999999999996,1.0,0.0,1.0,7,13,1
2025/2026_Fano_Prata_6Round,2025/2026,6.0,Fano,Prata di Pordenone,0.3684,0.4667,0.4615,0.3714,3.1621,4.4242,0.417,-1.2621,0.4615,0.4667,-4,-1,28,0.0,0.5,0.3478,0.3333,0.3889,0.3684,2.8882,4.1468,0.4397,-1.2586,0.4667,0.4,-1,-6,36,0.0,0.5,0.020600000000000007,0.13340000000000002,-0.022699999999999998,-0.0035000000000000586,0.27390000000000025,0.2774000000000001,5,-3,6,0.0615,1.0,1.0,0.0,19,25,0
2025/2026_Grott_Milan_6Round,2025/2026,6.0,Milano,Grottazzolina,0.4674,0.5333,0.45,0.5,1.9044,2.3725,0.4769,-0.468,0.6,0.4667,-3,-1,82,3.0,0.6429,0.3438,0.3333,0.375,0.3889,1.6609,3.3219,0.4475,-1.661,0.3333,0.4,-3,-10,22,-3.0,0.3571,0.12359999999999999,0.2,0.02939999999999998,1.193,0.24350000000000005,-0.9493999999999998,9,0,21,0.19999999999999996,1.0,1.0,0.0,5,26,1
2025/2026_Grott_Piace_6Round,2025/2026,6.0,Piacenza,Grottazzolina,0.5556,0.6,0.4722,0.6087,2.9503,1.1446,0.5077,1.8056,0.6,0.6,3,4,62,3.0,0.6429,0.3333,0.3333,0.375,0.3684,1.463,3.2689,0.4407,-1.806,0.3333,0.3333,-3,-11,23,-3.0,0.3571,0.2223,0.2667,0.06700000000000006,3.6116,1.4872999999999998,-2.1243,15,6,25,0.2667,1.0,0.0,1.0,1,26,1
2025/2026_Lagon_Raven_6Round,2025/2026,6.0,Lagonegro,Ravenna,0.5116,0.5333,0.5278,0.4706,4.2783,4.0116,0.5419,0.2666,0.5333,0.5333,-2,-2,33,0.0,0.5,0.5641,0.6667,0.5,0.5806,4.0158,3.4507,0.5326,0.5651,0.5333,0.6,0,5,29,0.0,0.5,-0.05249999999999999,-0.13339999999999996,0.009300000000000086,-0.29850000000000004,0.2625000000000002,0.5608999999999997,-7,-2,-5,-0.06669999999999998,1.0,1.0,0.0,13,8,1
2025/2026_Lube_Perug_6Round,2025/2026,6.0,Lube,Perugia,0.5385,0.6,0.5143,0.5806,2.4705,1.6527,0.5452,0.8179,0.6667,0.5333,-3,-1,81,-0.727,0.3889,0.6222,0.6,0.5333,0.6429,2.9962,2.1676,0.5,0.8286,0.5333,0.6667,-1,-1,80,0.614,0.6111,-0.0837,0.0,0.04520000000000002,-0.010700000000000043,-0.5257000000000001,-0.5149000000000001,0,-2,0,0.0,1.0,1.0,0.0,2,2,0
2025/2026_Lube_Veron_6Round,2025/2026,6.0,Lube,Verona,0.5326,0.5333,0.507,0.5806,2.1099,2.0714,0.5434,0.0385,0.6,0.5333,-2,-2,82,2.657,0.7222,0.5556,0.6,0.5714,0.5465,3.1951,1.6009,0.4822,1.5942,0.5714,0.5333,3,3,80,-2.79,0.2778,-0.02300000000000002,-0.06669999999999998,0.06119999999999998,-1.5557,-1.0852,0.47050000000000014,-5,-5,3,0.06669999999999998,0.0,0.0,0.0,3,6,1
2025/2026_Macer_Porto_6Round,2025/2026,6.0,Macerata,Porto Viro,0.5,0.4667,0.6071,0.35,3.7973,3.2548,0.513,0.5426,0.5333,0.3333,1,1,28,0.0,0.5,0.5,0.5333,0.5143,0.4762,4.6421,3.524,0.5319,1.1181,0.6,0.4667,4,2,36,0.0,0.5,0.0,-0.06659999999999999,-0.018900000000000028,-0.5755000000000001,-0.8448000000000002,-0.2692000000000001,-1,-3,-5,0.06659999999999999,1.0,1.0,0.0,19,14,1
2025/2026_Milan_Trent_6Round,2025/2026,6.0,Trento,Milano,0.5714,0.5333,0.5455,0.5735,2.9318,1.9362,0.5008,0.9956,0.5333,0.5333,2,2,81,1.74,0.6111,0.4731,0.6,0.459,0.5,2.2477,1.7726,0.4793,0.4752,0.6,0.4667,3,1,83,-0.942,0.3889,0.0983,-0.06669999999999998,0.02150000000000002,0.5204,0.6840999999999999,0.16359999999999997,1,-1,0,0.06659999999999999,0.0,0.0,0.0,4,4,1
2025/2026_Moden_Monza_6Round,2025/2026,6.0,Monza,Modena,0.4457,0.3333,0.3793,0.5455,1.3424,3.0245,0.5139,-1.6821,0.4,0.3333,-1,-6,82,0.647,0.6111,0.5,0.5333,0.5075,0.4848,3.0284,2.0956,0.5123,0.9329,0.6,0.5333,2,1,80,-1.565,0.3889,-0.054300000000000015,-0.2,0.0016000000000000458,-2.6149999999999998,-1.686,0.9289000000000001,-7,-3,-16,-0.13329999999999997,0.0,1.0,-1.0,22,6,1
2025/2026_Moden_Padov_6Round,2025/2026,6.0,Modena,Padova,0.4945,0.4667,0.5075,0.4706,2.2348,2.382,0.51,-0.1472,0.6,0.4667,-3,-1,81,2.49,0.7222,0.3763,0.4667,0.4219,0.3333,1.7603,2.6751,0.4754,-0.9148,0.4667,0.3333,1,1,83,-2.51,0.2778,0.11819999999999997,0.0,0.03460000000000002,0.7676,0.4744999999999999,-0.2930999999999999,-2,-4,8,0.2667,0.0,0.0,0.0,6,14,1
2025/2026_Perug_Piace_6Round,2025/2026,6.0,Piacenza,Perugia,0.5616,0.6667,0.4865,0.6087,2.9848,0.9414,0.5106,2.0435,0.6,0.6,3,5,63,-1.763,0.2778,0.6264,0.6,0.5333,0.6479,3.0133,1.8984,0.5016,1.1149,0.5333,0.6667,2,1,81,1.896,0.7222,-0.06479999999999997,0.06669999999999998,0.009000000000000008,0.9285999999999999,-0.028500000000000192,-0.9570000000000001,4,1,0,-0.06669999999999998,0.0,0.0,0.0,1,1,0
2025/2026_Siena_Sorre_6Round,2025/2026,6.0,Siena,Sorrento,0.449,0.4667,0.4375,0.4815,3.8453,3.7047,0.476,0.1406,0.6,0.4667,4,1,39,0.0,0.5,0.5217,0.5333,0.4667,0.5556,3.4586,3.7942,0.5086,-0.3355,0.4667,0.4667,-4,-1,13,0.0,0.5,-0.07270000000000004,-0.06659999999999999,-0.03260000000000007,0.4761,0.3866999999999998,-0.08950000000000014,2,8,-6,0.13329999999999997,1.0,1.0,0.0,20,14,0
2025/2026_Acica_Lagon_7Round,2025/2026,7.0,Acicastello,Lagonegro,0.6667,0.5333,0.68,0.5333,4.4026,3.2865,0.5743,1.1161,0.5333,0.5333,3,2,20,0.0,0.5,0.5227,0.5333,0.5405,0.4706,4.628,3.281,0.5487,1.347,0.6,0.5333,5,1,34,0.0,0.5,0.1439999999999999,0.0,0.025600000000000067,-0.23089999999999988,-0.2254000000000005,0.00550000000000006,1,-2,0,0.0,1.0,1.0,0.0,10,10,1
2025/2026_Avers_Porto_7Round,2025/2026,7.0,Aversa,Porto Viro,0.6279,0.6,0.5652,0.6333,4.6942,2.5826,0.5387,2.1116,0.6,0.5333,6,2,33,0.0,0.5,0.4894,0.5333,0.5143,0.4545,3.7137,4.1072,0.5248,-0.3936,0.6,0.4667,-5,-1,37,0.0,0.5,0.1385,0.06669999999999998,0.013899999999999912,2.5052000000000003,0.9805000000000006,-1.5246,3,11,7,0.13329999999999997,1.0,1.0,0.0,8,15,1
2025/2026_Bresc_Macer_7Round,2025/2026,7.0,Brescia,Macerata,0.5714,0.5333,0.6,0.4762,4.0867,3.91,0.5257,0.1767,0.6,0.4667,-3,-1,46,0.0,0.5,0.5128,0.5333,0.6207,0.35,4.2676,2.769,0.5207,1.4987,0.5333,0.3333,5,2,29,0.0,0.5,0.058599999999999985,0.0,0.004999999999999893,-1.3219999999999998,-0.1808999999999994,1.141,-3,-8,4,0.2667,1.0,1.0,0.0,11,15,0
2025/2026_Cantù_Fano_7Round,2025/2026,7.0,Cantù,Fano,0.5455,0.5333,0.4688,0.6061,4.1313,3.3883,0.5,0.743,0.5333,0.4667,1,1,45,0.0,0.5,0.359,0.4,0.4286,0.3714,3.1496,4.0412,0.4185,-0.8916,0.4286,0.4667,0,-2,29,0.0,0.5,0.1865,0.13329999999999997,0.08150000000000002,1.6345999999999998,0.9817000000000005,-0.6528999999999998,3,1,4,0.06659999999999999,1.0,1.0,0.0,16,20,1
2025/2026_Ciste_Milan_7Round,2025/2026,7.0,Cisterna,Milano,0.45,0.5333,0.5,0.375,2.686,2.7088,0.5207,-0.0228,0.5333,0.4,-1,-1,30,-2.7,0.2778,0.4681,0.5333,0.459,0.4884,1.6839,2.1552,0.477,-0.4712,0.6,0.4,-3,-1,84,2.853,0.7222,-0.018100000000000005,0.0,0.04370000000000007,0.4484,1.0021,0.5536000000000003,0,2,-6,0.13329999999999997,1.0,1.0,0.0,11,5,0
2025/2026_Ciste_Veron_7Round,2025/2026,7.0,Cisterna,Verona,0.439,0.5333,0.4857,0.375,2.1316,2.8282,0.515,-0.6966,0.5333,0.4,-3,-2,31,-2.58,0.2778,0.5495,0.5333,0.5714,0.5402,2.3516,2.0352,0.4799,0.3164,0.5714,0.5333,-3,-1,81,2.314,0.7222,-0.11049999999999999,0.0,0.03510000000000002,-1.013,-0.21999999999999975,0.7929999999999997,-1,0,-4,0.0,0.0,1.0,-1.0,11,7,0
2025/2026_Cuneo_Moden_7Round,2025/2026,7.0,Cuneo,Modena,0.3846,0.4,0.4737,0.3529,1.9292,2.8849,0.4866,-0.9557,0.4667,0.4,-3,-3,16,0.0,0.5,0.5,0.4667,0.5147,0.4706,2.4794,1.7804,0.5122,0.699,0.6,0.4667,3,1,82,0.0,0.5,-0.1154,-0.06669999999999998,-0.02560000000000001,-1.6547,-0.5502,1.1045,-4,-6,-11,0.0,1.0,1.0,0.0,17,6,0
2025/2026_Cuneo_Monza_7Round,2025/2026,7.0,Cuneo,Monza,0.3704,0.4,0.45,0.3529,2.0915,2.9649,0.483,-0.8734,0.4,0.4,-1,-4,17,0.0,0.5,0.4516,0.4,0.3898,0.5455,1.8538,2.2295,0.5161,-0.3758,0.4667,0.3333,3,1,83,0.0,0.5,-0.0812,0.0,-0.03310000000000002,-0.49759999999999993,0.23770000000000002,0.7354000000000003,-5,-4,3,0.06670000000000004,0.0,1.0,-1.0,17,20,1
2025/2026_Grott_Padov_7Round,2025/2026,7.0,Grottazzolina,Padova,0.3235,0.3333,0.375,0.35,1.3145,3.2302,0.4341,-1.9157,0.3333,0.3333,-3,-12,24,-1.3,0.3571,0.3723,0.4,0.4219,0.325,1.3423,2.7877,0.4732,-1.4454,0.4667,0.3333,-3,-1,84,1.7,0.6429,-0.04880000000000001,-0.06670000000000004,-0.039100000000000024,-0.47029999999999994,-0.027800000000000047,0.4424999999999999,-11,0,-8,0.0,1.0,1.0,0.0,26,18,0
2025/2026_Grott_Piace_7Round,2025/2026,7.0,Grottazzolina,Piacenza,0.3143,0.3333,0.36,0.35,1.6304,3.2016,0.4332,-1.5712,0.3333,0.3333,-1,-13,25,-3.0,0.3571,0.5541,0.6,0.4737,0.6087,2.7494,1.5753,0.5095,1.174,0.5333,0.6,-1,-1,64,3.0,0.6429,-0.2398,-0.2667,-0.07629999999999998,-2.7451999999999996,-1.119,1.6263,-12,0,-24,-0.2667,0.0,1.0,-1.0,26,2,0
2025/2026_Lube_Milan_7Round,2025/2026,7.0,Milano,Lube,0.4737,0.5333,0.459,0.5,2.0929,1.6179,0.4794,0.475,0.6,0.4667,3,1,85,-0.979,0.3889,0.5376,0.5333,0.5139,0.5806,2.3917,1.5615,0.5456,0.8302,0.6,0.5333,3,1,83,0.786,0.6111,-0.06389999999999996,0.0,-0.06619999999999998,-0.35520000000000007,-0.29879999999999995,0.056399999999999784,0,0,0,0.06669999999999998,0.0,1.0,-1.0,3,3,1
2025/2026_Lube_Padov_7Round,2025/2026,7.0,Padova,Lube,0.3789,0.4667,0.4219,0.3415,1.8535,2.5981,0.4741,-0.7446,0.4667,0.4,1,1,85,-2.412,0.3889,0.5319,0.4667,0.5139,0.5625,2.053,2.0072,0.5437,0.0457,0.6,0.4667,-2,-1,84,1.8,0.6111,-0.15300000000000002,0.0,-0.06959999999999994,-0.7903,-0.1995,0.5909,2,3,-7,0.0,0.0,0.0,0.0,11,4,1
2025/2026_Moden_Piace_7Round,2025/2026,7.0,Modena,Piacenza,0.5054,0.5333,0.5147,0.4857,2.6507,1.8931,0.5129,0.7577,0.6,0.5333,1,2,83,2.406,0.7222,0.56,0.6,0.4737,0.617,2.8434,1.2399,0.5123,1.6035,0.5333,0.6,3,1,65,-2.253,0.2778,-0.05460000000000009,-0.06669999999999998,0.0006000000000000449,-0.8457999999999999,-0.19269999999999987,0.6532,1,-2,-3,0.0,0.0,0.0,0.0,4,1,1
2025/2026_Monza_Veron_7Round,2025/2026,7.0,Verona,Monza,0.5543,0.6,0.5714,0.5455,2.5613,1.5374,0.4823,1.024,0.5714,0.5333,3,1,82,1.397,0.6111,0.4468,0.4,0.3898,0.5333,1.944,2.4755,0.5152,-0.5315,0.4667,0.3333,-1,-1,84,-0.732,0.3889,0.10750000000000004,0.19999999999999996,-0.032899999999999985,1.5554999999999999,0.6173000000000002,-0.9380999999999997,2,4,13,0.23810000000000003,0.0,0.0,0.0,7,20,1
2025/2026_Perug_Trent_7Round,2025/2026,7.0,Perugia,Trento,0.6304,0.6,0.5333,0.6528,3.0251,1.9762,0.5023,1.0489,0.5333,0.6667,1,2,82,-0.572,0.5,0.5761,0.6,0.5588,0.5735,2.968,1.4679,0.503,1.5,0.6,0.5333,3,3,82,-0.572,0.5,0.054300000000000015,0.0,-0.0007000000000000339,-0.45110000000000006,0.05710000000000015,0.5083,-1,-2,4,0.0,1.0,1.0,0.0,1,5,1
2025/2026_Pinet_Prata_7Round,2025/2026,7.0,Pineto,Prata di Pordenone,0.4,0.3333,0.5652,0.2963,2.3748,4.618,0.4378,-2.2432,0.6,0.3333,-6,-5,30,0.0,0.5,0.3617,0.4,0.3889,0.3846,2.951,3.8373,0.4406,-0.8863,0.4667,0.4667,0,1,37,0.0,0.5,0.0383,-0.06670000000000004,-0.002799999999999969,-1.3569,-0.5762,0.7807000000000004,-6,-6,0,0.13329999999999997,1.0,1.0,0.0,23,23,1
2025/2026_Raven_Sorre_7Round,2025/2026,7.0,Ravenna,Sorrento,0.55,0.6,0.5,0.5625,3.3016,4.0276,0.5239,-0.726,0.5333,0.6,-5,-1,30,0.0,0.5,0.5417,0.6,0.4667,0.5789,3.9075,3.6249,0.5162,0.2826,0.4667,0.5333,3,1,14,0.0,0.5,0.008300000000000085,0.0,0.00770000000000004,-1.0086,-0.6059000000000001,0.40269999999999984,-2,-8,3,0.0,1.0,1.0,0.0,9,12,1
2025/2026_Siena_Taran_7Round,2025/2026,7.0,Siena,Taranto,0.44,0.4667,0.4242,0.4815,3.6229,4.244,0.4726,-0.6211,0.5333,0.4667,-3,-1,40,0.0,0.5,0.4348,0.4,0.5,0.4348,2.9443,4.1655,0.447,-1.2212,0.5,0.4,-1,-2,13,0.0,0.5,0.005199999999999982,0.06669999999999998,0.02560000000000001,0.6001000000000001,0.6785999999999999,0.07850000000000001,1,-2,4,0.13329999999999997,1.0,1.0,0.0,20,24,0
2025/2026_Acica_Cantù_8Round,2025/2026,8.0,Acicastello,Cantù,0.6774,0.5333,0.6923,0.5333,4.4467,3.4496,0.5735,0.9971,0.5333,0.5333,1,3,21,0.0,0.5,0.5536,0.6,0.4848,0.6061,4.5596,3.0518,0.5048,1.5079,0.6,0.4667,4,2,46,0.0,0.5,0.12380000000000002,-0.06669999999999998,0.06869999999999998,-0.5108,-0.11289999999999978,0.39780000000000015,1,-3,2,0.06659999999999999,1.0,1.0,0.0,10,12,0
2025/2026_Avers_Sorre_8Round,2025/2026,8.0,Aversa,Sorrento,0.6364,0.6,0.5833,0.6333,4.9211,2.5056,0.5436,2.4155,0.6,0.5333,4,3,34,0.0,0.5,0.52,0.5333,0.4667,0.55,3.7032,3.6798,0.513,0.0235,0.4667,0.5333,-1,-1,15,0.0,0.5,0.11639999999999995,0.06669999999999998,0.03059999999999996,2.3920000000000003,1.2179000000000002,-1.1742000000000004,4,5,5,0.06669999999999998,1.0,1.0,0.0,8,13,1
2025/2026_Bresc_Raven_8Round,2025/2026,8.0,Brescia,Ravenna,0.5614,0.4667,0.587,0.4762,3.7885,4.1591,0.5231,-0.3706,0.5333,0.4667,-2,-2,47,0.0,0.5,0.561,0.6,0.5263,0.5625,3.4733,3.7588,0.525,-0.2855,0.6,0.6,1,1,31,0.0,0.5,0.00039999999999995595,-0.13329999999999997,-0.0019000000000000128,-0.08510000000000001,0.3151999999999999,0.40029999999999966,-3,-3,-4,-0.06669999999999998,1.0,1.0,0.0,13,9,1
2025/2026_Ciste_Perug_8Round,2025/2026,8.0,Perugia,Cisterna,0.6344,0.6,0.5484,0.6528,3.8365,2.0303,0.5053,1.8061,0.6,0.6667,4,3,83,3.0,0.7222,0.4286,0.4667,0.4722,0.375,1.7347,2.9117,0.5093,-1.1771,0.5333,0.4,-3,-3,32,-3.0,0.2778,0.20579999999999998,0.13329999999999997,-0.0040000000000000036,2.9832,2.1018,-0.8814000000000002,6,7,13,0.19999999999999996,1.0,1.0,0.0,1,14,1
2025/2026_Ciste_Piace_8Round,2025/2026,8.0,Piacenza,Cisterna,0.5526,0.5333,0.4737,0.6042,2.6486,1.7844,0.5113,0.8642,0.5333,0.5333,-1,-1,66,2.49,0.7222,0.4186,0.4,0.4722,0.3529,1.4494,2.97,0.5037,-1.5206,0.5333,0.4,-3,-4,33,-2.51,0.2778,0.13399999999999995,0.13329999999999997,0.00759999999999994,2.3848,1.1992,-1.1856000000000002,3,2,12,0.13329999999999997,1.0,0.0,1.0,2,14,1
2025/2026_Cuneo_Lube_8Round,2025/2026,8.0,Lube,Cuneo,0.5263,0.4,0.5139,0.5455,2.0831,2.3195,0.5426,-0.2364,0.6,0.4,-1,-2,85,0.0,0.5,0.3929,0.4,0.4762,0.3529,2.3968,2.8281,0.4878,-0.4313,0.4,0.4,1,1,18,0.0,0.5,0.13339999999999996,0.0,0.05479999999999996,0.19490000000000002,-0.31369999999999987,-0.5085999999999999,-3,-2,9,0.19999999999999996,1.0,1.0,0.0,5,14,1
2025/2026_Cuneo_Trent_8Round,2025/2026,8.0,Trento,Cuneo,0.5699,0.5333,0.5588,0.5652,2.7254,2.745,0.5,-0.0196,0.6,0.4667,-4,-1,83,0.0,0.5,0.3793,0.4,0.4762,0.3333,2.0249,2.9223,0.476,-0.8974,0.4,0.4,-3,-1,19,0.0,0.5,0.19059999999999994,0.13329999999999997,0.02400000000000002,0.8778,0.7004999999999999,-0.1772999999999998,0,-1,8,0.19999999999999996,1.0,0.0,1.0,6,14,1
2025/2026_Fano_Pinet_8Round,2025/2026,8.0,Fano,Pineto,0.35,0.4,0.4286,0.3611,2.915,4.4445,0.4142,-1.5295,0.4286,0.4667,-4,-3,30,0.0,0.5,0.4146,0.4,0.5833,0.2963,3.273,4.4023,0.4432,-1.1293,0.6,0.3333,2,1,31,0.0,0.5,-0.06460000000000005,0.0,-0.02899999999999997,-0.4002000000000001,-0.3580000000000001,0.04219999999999935,-4,-6,0,0.0953,1.0,1.0,0.0,20,20,1
2025/2026_Grott_Moden_8Round,2025/2026,8.0,Modena,Grottazzolina,0.5106,0.6,0.5217,0.4857,2.7707,1.9715,0.5135,0.7991,0.6,0.5333,1,3,84,2.3,0.6429,0.3056,0.3333,0.3462,0.35,1.4183,3.1804,0.4269,-1.7621,0.3333,0.3333,-3,-14,26,-2.7,0.3571,0.20500000000000007,0.2667,0.08659999999999995,2.5612,1.3524000000000003,-1.2089,17,4,23,0.2667,1.0,1.0,0.0,3,26,1
2025/2026_Grott_Monza_8Round,2025/2026,8.0,Grottazzolina,Monza,0.2973,0.3333,0.3462,0.3333,1.4803,3.1644,0.4234,-1.6841,0.3333,0.3333,-2,-15,27,-2.4,0.3571,0.4421,0.4,0.3898,0.5217,1.4699,2.6477,0.5129,-1.1778,0.4667,0.3333,-3,-2,85,1.6,0.6429,-0.14479999999999998,-0.06670000000000004,-0.08950000000000002,-0.5063,0.010399999999999965,0.5167000000000002,-13,1,-5,0.0,0.0,1.0,-1.0,26,21,0
2025/2026_Lagon_Taran_8Round,2025/2026,8.0,Lagonegro,Taranto,0.5111,0.4667,0.5405,0.4444,4.4113,3.6956,0.5458,0.7158,0.6,0.4667,-1,-1,35,0.0,0.5,0.4583,0.4667,0.5,0.4583,3.5359,3.8931,0.4583,-0.3572,0.5,0.4667,3,1,14,0.0,0.5,0.052800000000000014,0.0,0.08749999999999997,1.073,0.8754,-0.1974999999999998,-2,-4,8,0.13329999999999997,1.0,1.0,0.0,14,22,1
2025/2026_Lube_Veron_8Round,2025/2026,8.0,Verona,Lube,0.5591,0.6,0.6,0.5455,2.7082,1.1872,0.4847,1.5209,0.6,0.5333,3,2,83,-2.79,0.2778,0.5312,0.4667,0.5205,0.5455,2.3726,1.732,0.5448,0.6406,0.6,0.4,3,1,86,2.657,0.7222,0.027900000000000036,0.13329999999999997,-0.06009999999999993,0.8803,0.33560000000000034,-0.5448,1,0,-3,0.19999999999999996,1.0,0.0,1.0,7,4,0
2025/2026_Macer_Siena_8Round,2025/2026,8.0,Macerata,Siena,0.525,0.6,0.6207,0.381,4.3794,2.8713,0.5233,1.5081,0.5333,0.4,2,3,30,0.0,0.5,0.4314,0.4667,0.4118,0.4815,3.4658,4.6262,0.4695,-1.1604,0.5333,0.4667,-3,-2,41,0.0,0.5,0.09360000000000002,0.13329999999999997,0.053800000000000014,2.6685,0.9136000000000002,-1.7548999999999997,5,5,7,0.06659999999999999,1.0,1.0,0.0,15,22,0
2025/2026_Milan_Moden_8Round,2025/2026,8.0,Modena,Milano,0.5158,0.6,0.5286,0.4857,2.8546,1.7576,0.515,1.0969,0.6,0.5333,2,4,85,-0.755,0.3889,0.4792,0.5333,0.4677,0.5,2.3794,1.509,0.4811,0.8704,0.6,0.4667,2,2,86,0.01,0.6111,0.03660000000000002,0.06669999999999998,0.033899999999999986,0.22650000000000003,0.47520000000000007,0.24860000000000015,2,0,3,0.13329999999999997,0.0,1.0,-1.0,2,5,1
2025/2026_Milan_Trent_8Round,2025/2026,8.0,Milano,Trento,0.4742,0.5333,0.4677,0.4889,1.7729,1.9701,0.4789,-0.1972,0.6,0.4667,-3,-1,87,-0.942,0.3889,0.5745,0.6,0.5714,0.5652,2.823,2.0325,0.5022,0.7905,0.6667,0.4667,3,1,84,1.74,0.6111,-0.1003,-0.06669999999999998,-0.023299999999999987,-0.9877,-1.0501,-0.06240000000000023,-2,-6,0,0.13329999999999997,0.0,0.0,0.0,5,5,0
2025/2026_Monza_Piace_8Round,2025/2026,8.0,Monza,Piacenza,0.4479,0.4667,0.3898,0.5319,1.9428,1.962,0.5151,-0.0192,0.4667,0.4,3,1,86,-1.95,0.3889,0.5584,0.5333,0.4872,0.6042,2.7723,1.383,0.514,1.3893,0.6,0.5333,3,1,67,1.285,0.6111,-0.11049999999999999,-0.06659999999999999,0.0010999999999999899,-1.4085,-0.8294999999999999,0.579,0,0,-16,-0.06659999999999999,0.0,0.0,0.0,19,3,0
2025/2026_Padov_Perug_8Round,2025/2026,8.0,Padova,Perugia,0.3854,0.5333,0.4308,0.3415,2.2116,2.4647,0.4751,-0.2531,0.5333,0.4,1,2,86,-2.853,0.2778,0.6383,0.6,0.5625,0.6528,3.6017,1.5316,0.5076,2.0702,0.6,0.6667,3,4,84,2.7,0.7222,-0.25289999999999996,-0.06669999999999998,-0.03250000000000003,-2.3232999999999997,-1.3901000000000003,0.9331,-2,-2,-9,-0.13339999999999996,1.0,0.0,1.0,10,1,0
2025/2026_Padov_Veron_8Round,2025/2026,8.0,Padova,Verona,0.3814,0.5333,0.4242,0.3415,1.9243,2.6399,0.4737,-0.7155,0.5333,0.4,-2,-1,87,-0.431,0.5,0.5532,0.5333,0.5625,0.5455,2.0067,1.7449,0.4824,0.2618,0.6,0.5333,-3,-1,84,0.145,0.5,-0.1718,0.0,-0.008699999999999986,-0.9773000000000001,-0.08240000000000003,0.895,0,1,-3,0.0,0.0,0.0,0.0,10,7,0
2025/2026_Porto_Prata_8Round,2025/2026,8.0,Porto Viro,Prata di Pordenone,0.4792,0.4667,0.5143,0.4348,3.2941,4.5211,0.5192,-1.227,0.6,0.4667,-4,-2,38,0.0,0.5,0.3542,0.4,0.3889,0.375,3.2322,4.3311,0.4396,-1.0989,0.4667,0.4,-2,-1,38,0.0,0.5,0.125,0.06669999999999998,0.0796,-0.1281000000000001,0.06189999999999962,0.1899999999999995,-1,-2,6,0.19999999999999996,1.0,1.0,0.0,19,25,1
2025/2026_Acica_Prata_9Round,2025/2026,9.0,Acicastello,Prata di Pordenone,0.6562,0.5333,0.6667,0.5333,4.0693,3.9797,0.5648,0.0896,0.5333,0.5333,-3,-1,22,0.0,0.5,0.3469,0.4,0.3889,0.3659,2.7145,4.6817,0.4341,-1.9672,0.4667,0.4,-5,-2,39,0.0,0.5,0.3093,0.13329999999999997,0.13069999999999998,2.0568,1.3548,-0.7020000000000004,1,2,15,0.13329999999999997,1.0,1.0,0.0,10,25,0
2025/2026_Avers_Bresc_9Round,2025/2026,9.0,Aversa,Brescia,0.6444,0.6,0.6,0.6333,5.0845,2.4493,0.5483,2.6353,0.6,0.5333,4,4,35,0.0,0.5,0.569,0.5333,0.5957,0.4762,4.3233,3.5906,0.527,0.7328,0.5333,0.4667,4,1,48,0.0,0.5,0.07540000000000002,0.06669999999999998,0.021299999999999986,1.9024999999999999,0.7612000000000005,-1.1412999999999998,3,0,2,0.13329999999999997,1.0,1.0,0.0,8,10,0
2025/2026_Cantù_Sorre_9Round,2025/2026,9.0,Cantù,Sorrento,0.5614,0.6,0.4848,0.6176,4.8629,3.0613,0.5082,1.8016,0.6,0.5333,3,3,47,0.0,0.5,0.5,0.4667,0.4667,0.5238,3.3689,4.0905,0.5025,-0.7216,0.4667,0.4667,-4,-2,16,0.0,0.5,0.06140000000000001,0.13329999999999997,0.005700000000000038,2.5232,1.4939999999999998,-1.0291999999999994,5,7,4,0.13329999999999997,1.0,1.0,0.0,11,15,0
2025/2026_Ciste_Cuneo_9Round,2025/2026,9.0,Cisterna,Cuneo,0.4091,0.3333,0.4722,0.3333,1.2432,3.0104,0.4982,-1.7672,0.5333,0.4,-3,-5,34,0.0,0.5,0.3667,0.4,0.4762,0.3158,1.7492,2.9884,0.4647,-1.2392,0.4,0.4,-3,-2,20,0.0,0.5,0.04239999999999999,-0.06670000000000004,0.033499999999999974,-0.528,-0.506,0.02200000000000024,-3,0,0,0.13329999999999997,1.0,1.0,0.0,16,16,1
2025/2026_Ciste_Veron_9Round,2025/2026,9.0,Verona,Cisterna,0.5579,0.5333,0.5625,0.5506,2.3191,1.5988,0.484,0.7203,0.6,0.5333,2,1,85,2.314,0.7222,0.4222,0.4,0.4865,0.3333,1.7932,2.3383,0.5036,-0.5451,0.5333,0.4,3,1,35,-2.58,0.2778,0.13569999999999993,0.13329999999999997,-0.019600000000000062,1.2654,0.5259000000000003,-0.7394999999999998,0,-1,5,0.19999999999999996,1.0,0.0,1.0,6,11,1
2025/2026_Cuneo_Milan_9Round,2025/2026,9.0,Cuneo,Milano,0.3548,0.4,0.4762,0.3,1.5433,3.0344,0.4538,-1.4911,0.4,0.4,-3,-3,21,0.0,0.5,0.4694,0.4667,0.4603,0.4889,1.3467,2.293,0.4767,-0.9464,0.5333,0.4667,-3,-2,88,0.0,0.5,-0.11459999999999998,-0.06669999999999998,-0.02290000000000003,-0.5447000000000001,0.19659999999999989,0.7414000000000001,-1,0,-10,-0.06669999999999998,0.0,1.0,-1.0,17,7,0
2025/2026_Fano_Porto_9Round,2025/2026,9.0,Fano,Porto Viro,0.3659,0.4667,0.4667,0.3611,3.6542,3.5994,0.4238,0.0548,0.4667,0.4667,5,1,31,0.0,0.5,0.4898,0.5333,0.5278,0.4348,3.9519,3.6216,0.5252,0.3303,0.6,0.4667,5,1,39,0.0,0.5,-0.12390000000000001,-0.06659999999999999,-0.10139999999999999,-0.27549999999999997,-0.2977000000000003,-0.022199999999999775,0,0,-3,0.0,1.0,1.0,0.0,20,17,0
2025/2026_Grott_Perug_9Round,2025/2026,9.0,Grottazzolina,Perugia,0.2895,0.3333,0.3333,0.3333,1.2986,3.1522,0.4174,-1.8535,0.3333,0.3333,-3,-16,28,-3.0,0.3571,0.6421,0.6667,0.5625,0.6575,3.4371,1.4493,0.5091,1.9878,0.6,0.6667,2,5,85,3.0,0.6429,-0.3526,-0.3334,-0.0917,-3.8413,-2.1385,1.7029,-21,-5,-25,-0.3334,1.0,1.0,0.0,26,1,0
2025/2026_Grott_Trent_9Round,2025/2026,9.0,Trento,Grottazzolina,0.5789,0.6,0.5714,0.5714,2.8913,1.5319,0.5044,1.3593,0.6667,0.4667,3,2,85,1.6,0.6429,0.2821,0.3333,0.3214,0.3333,1.1641,3.1426,0.4115,-1.9786,0.3333,0.3333,-3,-17,29,-2.4,0.3571,0.29679999999999995,0.2667,0.09289999999999998,3.3379,1.7272000000000003,-1.6106999999999998,19,6,22,0.3334,1.0,0.0,1.0,4,26,1
2025/2026_Lagon_Pinet_9Round,2025/2026,9.0,Lagonegro,Pineto,0.5217,0.4667,0.5526,0.4444,4.7288,2.8159,0.5538,1.9128,0.6,0.4667,6,1,36,0.0,0.5,0.4048,0.4,0.5833,0.2857,2.7683,4.7078,0.4365,-1.9395,0.6,0.3333,-5,-1,32,0.0,0.5,0.11690000000000006,0.06669999999999998,0.11729999999999996,3.8523,1.9604999999999997,-1.8918999999999997,2,11,12,0.2667,1.0,1.0,0.0,11,23,1
2025/2026_Lube_Moden_9Round,2025/2026,9.0,Lube,Modena,0.5361,0.5333,0.5205,0.5588,2.5753,1.3191,0.5469,1.2562,0.6,0.4667,3,2,87,0.226,0.5,0.5208,0.6667,0.5352,0.4857,2.9132,1.3382,0.5171,1.5751,0.6667,0.5333,3,5,86,-0.645,0.5,0.01529999999999998,-0.13339999999999996,0.02980000000000005,-0.31889999999999996,-0.33789999999999987,-0.019100000000000117,-3,0,-3,0.06669999999999998,1.0,1.0,0.0,5,2,0
2025/2026_Lube_Monza_9Round,2025/2026,9.0,Monza,Lube,0.4433,0.4667,0.3833,0.5319,1.4668,2.2875,0.5128,-0.8207,0.4667,0.4,-3,-1,87,-2.055,0.3889,0.5306,0.4667,0.5135,0.5588,2.4478,1.8368,0.5458,0.611,0.5333,0.4667,-1,-1,88,1.157,0.6111,-0.08729999999999993,0.0,-0.03299999999999992,-1.4317,-0.9809999999999999,0.4507000000000001,0,-2,-15,0.0,1.0,0.0,1.0,20,5,1
2025/2026_Macer_Taran_9Round,2025/2026,9.0,Macerata,Taranto,0.5122,0.5333,0.6,0.381,4.2339,3.3965,0.5212,0.8374,0.5333,0.4,-1,-1,31,0.0,0.5,0.44,0.4667,0.5,0.44,2.8957,4.2329,0.4432,-1.3372,0.5,0.4667,-6,-1,15,0.0,0.5,0.07219999999999999,0.06659999999999999,0.07800000000000001,2.1746,1.3382,-0.8363999999999998,0,5,5,0.06659999999999999,1.0,1.0,0.0,18,23,1
2025/2026_Milan_Veron_9Round,2025/2026,9.0,Milano,Verona,0.4747,0.5333,0.4603,0.5,1.8561,1.9799,0.4783,-0.1238,0.5333,0.5333,2,1,89,-1.075,0.3889,0.5625,0.6,0.5882,0.5506,2.5379,1.2269,0.4864,1.3111,0.6,0.5333,3,2,86,1.607,0.6111,-0.08779999999999999,-0.06669999999999998,-0.008099999999999996,-1.4348999999999998,-0.6818,0.7529999999999999,-1,-1,0,0.0,0.0,0.0,0.0,5,5,0
2025/2026_Moden_Trent_9Round,2025/2026,9.0,Trento,Modena,0.5833,0.6,0.5833,0.5714,2.9389,1.7175,0.5051,1.2214,0.6667,0.4667,1,3,86,1.29,0.6111,0.5258,0.6667,0.5352,0.5,2.9542,1.5813,0.5178,1.3729,0.6667,0.5333,1,6,87,-1.922,0.3889,0.057499999999999996,-0.06669999999999998,-0.012700000000000045,-0.15149999999999997,-0.015300000000000313,0.1362000000000001,-3,0,-1,0.13339999999999996,0.0,0.0,0.0,3,2,1
2025/2026_Monza_Padov_9Round,2025/2026,9.0,Monza,Padova,0.449,0.4667,0.3934,0.5319,1.9404,1.9768,0.5142,-0.0364,0.4667,0.4,2,1,88,1.594,0.7222,0.3776,0.4667,0.4179,0.3415,1.7222,2.7625,0.4724,-1.0402,0.4667,0.4,-2,-2,88,-1.747,0.2778,0.07140000000000002,0.0,0.041800000000000004,1.0038,0.21819999999999995,-0.7857000000000003,3,4,-7,0.06669999999999998,0.0,1.0,-1.0,19,12,1
2025/2026_Padov_Piace_9Round,2025/2026,9.0,Piacenza,Padova,0.5641,0.5333,0.4872,0.6122,2.8588,1.0998,0.5168,1.759,0.6,0.6,3,2,68,1.037,0.6111,0.3737,0.4667,0.4179,0.3333,1.3101,2.8482,0.4702,-1.5381,0.4667,0.4,-3,-3,89,-1.516,0.3889,0.19040000000000007,0.06659999999999999,0.04660000000000003,3.2971,1.5487,-1.7483999999999997,5,6,8,0.19999999999999996,1.0,0.0,1.0,4,12,1
2025/2026_Perug_Piace_9Round,2025/2026,9.0,Perugia,Piacenza,0.6458,0.6667,0.5625,0.6622,3.3215,1.1221,0.5113,2.1994,0.6,0.6667,3,6,86,1.896,0.7222,0.5696,0.6,0.5,0.6122,2.9193,0.8996,0.5195,2.0196,0.6,0.6,3,3,69,-1.763,0.2778,0.07620000000000005,0.06669999999999998,-0.008199999999999985,0.17979999999999974,0.4022000000000001,0.22250000000000014,3,0,1,0.0,0.0,0.0,0.0,1,2,1
2025/2026_Raven_Siena_9Round,2025/2026,9.0,Ravenna,Siena,0.5476,0.5333,0.5263,0.5455,3.1382,4.2539,0.5183,-1.1157,0.6,0.5333,-4,-1,32,0.0,0.5,0.4423,0.4667,0.4118,0.5,3.8393,4.4131,0.4714,-0.5738,0.5333,0.5333,1,1,42,0.0,0.5,0.10529999999999995,0.06659999999999999,0.0469,-0.5418999999999999,-0.7011000000000003,-0.15920000000000023,-2,-5,12,0.06669999999999998,1.0,1.0,0.0,9,21,0
2025/2026_Acica_Raven_10Round,2025/2026,10.0,Acicastello,Ravenna,0.6364,0.5333,0.6429,0.5333,3.3812,4.363,0.5536,-0.9819,0.5333,0.5333,-5,-2,23,0.0,0.5,0.5349,0.4667,0.5,0.5455,3.1297,4.1466,0.5164,-1.0169,0.6,0.5333,-1,-2,33,0.0,0.5,0.10149999999999992,0.06659999999999999,0.03720000000000001,0.03499999999999992,0.25150000000000006,0.21640000000000015,0,-4,-3,0.0,1.0,1.0,0.0,12,9,1
2025/2026_Avers_Macer_10Round,2025/2026,10.0,Aversa,Macerata,0.6304,0.6,0.5769,0.6333,4.2638,3.3468,0.5416,0.917,0.6,0.5333,-4,-1,36,0.0,0.5,0.5238,0.6,0.6129,0.381,4.589,2.8554,0.5282,1.7336,0.5333,0.4,5,1,32,0.0,0.5,0.10659999999999992,0.0,0.013399999999999967,-0.8166,-0.3252000000000006,0.49140000000000006,-2,-9,5,0.19999999999999996,1.0,1.0,0.0,8,13,1
2025/2026_Bresc_Prata_10Round,2025/2026,10.0,Brescia,Prata di Pordenone,0.5763,0.5333,0.5957,0.5,4.7012,3.1898,0.5308,1.5114,0.5333,0.5333,4,2,49,0.0,0.5,0.36,0.4667,0.3889,0.381,3.5473,3.7314,0.4417,-0.1841,0.4667,0.4667,5,1,40,0.0,0.5,0.21630000000000005,0.06659999999999999,0.08910000000000007,1.6955,1.1539000000000001,-0.5415999999999999,1,-1,14,0.06659999999999999,1.0,1.0,0.0,9,23,1
2025/2026_Cantù_Pinet_10Round,2025/2026,10.0,Cantù,Pineto,0.5517,0.5333,0.4706,0.6176,4.5816,3.3158,0.5081,1.2658,0.5333,0.5333,0,-1,48,0.0,0.5,0.3953,0.4,0.5833,0.2759,2.8689,4.6969,0.435,-1.828,0.6,0.3333,-2,-2,33,0.0,0.5,0.15639999999999998,0.13329999999999997,0.0731,3.0938,1.7127,-1.3811000000000004,1,2,10,0.2,1.0,1.0,0.0,13,23,1
2025/2026_Ciste_Lube_10Round,2025/2026,10.0,Cisterna,Lube,0.413,0.4,0.4865,0.3158,1.476,2.5643,0.4982,-1.0883,0.5333,0.4,-3,-1,36,-2.406,0.2778,0.5253,0.4667,0.5135,0.5429,2.0883,2.1996,0.544,-0.1112,0.5333,0.4,-2,-2,89,2.253,0.7222,-0.11230000000000001,-0.06669999999999998,-0.04580000000000006,-0.9771000000000001,-0.6122999999999998,0.3646999999999996,1,-1,-8,0.13329999999999997,1.0,1.0,0.0,14,6,0
2025/2026_Ciste_Piace_10Round,2025/2026,10.0,Cisterna,Piacenza,0.4043,0.4,0.4737,0.3158,1.7205,2.723,0.4965,-1.0025,0.4667,0.4,-1,-2,37,-2.51,0.2778,0.5625,0.5333,0.5,0.6,2.6989,1.5451,0.5184,1.1538,0.6,0.5333,-1,-1,70,2.49,0.7222,-0.1582,-0.13329999999999997,-0.021899999999999975,-2.1563,-0.9784000000000002,1.1779,-1,0,-12,-0.06659999999999999,0.0,1.0,-1.0,14,2,0
2025/2026_Cuneo_Padov_10Round,2025/2026,10.0,Cuneo,Padova,0.3438,0.4,0.4545,0.3,1.5942,3.066,0.4477,-1.4718,0.4,0.4,-2,-4,22,0.0,0.5,0.37,0.4,0.4179,0.3256,1.0203,2.9082,0.4681,-1.8879,0.4667,0.4,-3,-4,90,0.0,0.5,-0.0262,0.0,-0.02040000000000003,0.4160999999999999,0.5739000000000001,0.15779999999999994,0,1,-6,0.0,1.0,1.0,0.0,20,14,0
2025/2026_Cuneo_Veron_10Round,2025/2026,10.0,Cuneo,Verona,0.3333,0.3333,0.4348,0.3,1.8338,3.0873,0.4461,-1.2535,0.4,0.4,-1,-5,23,0.0,0.5,0.567,0.6,0.5882,0.5556,2.6912,0.9651,0.4887,1.7261,0.6,0.6,3,3,87,0.0,0.5,-0.23369999999999996,-0.2667,-0.04260000000000003,-2.9796,-0.8573999999999997,2.1222,-8,-4,-15,-0.19999999999999996,0.0,1.0,-1.0,20,5,0
2025/2026_Fano_Sorre_10Round,2025/2026,10.0,Fano,Sorrento,0.3571,0.4,0.4375,0.3611,3.0372,4.1414,0.4177,-1.1042,0.4667,0.4667,-5,-1,32,0.0,0.5,0.5185,0.4667,0.4667,0.5455,3.5004,4.0172,0.5024,-0.5168,0.4667,0.4667,0,1,17,0.0,0.5,-0.1614,-0.06669999999999998,-0.08469999999999994,-0.5874,-0.46320000000000006,0.12420000000000009,-2,-5,-7,0.0,1.0,1.0,0.0,22,15,0
2025/2026_Grott_Moden_10Round,2025/2026,10.0,Grottazzolina,Modena,0.275,0.3333,0.3214,0.3182,1.5132,3.1351,0.4111,-1.6219,0.3333,0.3333,-1,-18,30,-2.7,0.3571,0.5204,0.6,0.5352,0.4865,2.1746,2.0206,0.5155,0.154,0.6667,0.4667,-3,-1,88,2.3,0.6429,-0.24539999999999995,-0.2667,-0.10439999999999994,-1.7758999999999998,-0.6613999999999998,1.1145,-17,2,-23,-0.13340000000000002,1.0,1.0,0.0,26,3,0
2025/2026_Grott_Trent_10Round,2025/2026,10.0,Grottazzolina,Trento,0.2683,0.3333,0.3103,0.3182,1.3039,3.129,0.4055,-1.8251,0.3333,0.3333,-3,-19,31,-2.4,0.3571,0.5876,0.6,0.5946,0.5714,2.9722,1.309,0.5073,1.6633,0.6667,0.4667,3,4,87,1.6,0.6429,-0.31930000000000003,-0.2667,-0.10179999999999995,-3.4884,-1.6683,1.82,-23,-6,-22,-0.13340000000000002,0.0,1.0,-1.0,26,4,0
2025/2026_Lagon_Siena_10Round,2025/2026,10.0,Lagonegro,Siena,0.5319,0.5333,0.5641,0.4444,4.7194,2.9002,0.5554,1.8192,0.6,0.4667,2,2,37,0.0,0.5,0.4528,0.5333,0.4118,0.5172,3.8602,4.0203,0.4731,-0.1601,0.5333,0.6,1,2,43,0.0,0.5,0.07910000000000006,0.0,0.08229999999999998,1.9792999999999998,0.8592000000000004,-1.1200999999999999,0,1,10,0.0,1.0,1.0,0.0,10,20,0
2025/2026_Lube_Moden_10Round,2025/2026,10.0,Modena,Lube,0.5253,0.6,0.5352,0.5,2.4363,1.5192,0.5176,0.917,0.6667,0.5333,3,1,89,-0.645,0.5,0.53,0.5333,0.5135,0.5556,2.3757,2.1836,0.5445,0.192,0.5333,0.4667,1,1,90,0.226,0.5,-0.0047000000000000375,0.06669999999999998,-0.026900000000000035,0.7250000000000001,0.06059999999999999,-0.6644000000000001,0,2,4,0.19999999999999996,0.0,0.0,0.0,2,6,1
2025/2026_Milan_Monza_10Round,2025/2026,10.0,Monza,Milano,0.4545,0.5333,0.4032,0.5319,2.2721,1.4885,0.5164,0.7836,0.5333,0.4,3,2,89,-0.782,0.5,0.47,0.4667,0.4531,0.5,1.4029,2.2997,0.4762,-0.8968,0.4667,0.5333,-3,-1,90,-0.229,0.5,-0.015499999999999958,0.06659999999999999,0.04019999999999996,1.6804000000000001,0.8692,-0.8112000000000001,3,6,-9,0.0,1.0,1.0,0.0,16,7,1
2025/2026_Milan_Perug_10Round,2025/2026,10.0,Milano,Perugia,0.4653,0.4,0.4531,0.4894,1.3546,2.5237,0.4748,-1.169,0.4667,0.4667,-2,-2,91,-2.147,0.2778,0.6495,0.6667,0.5758,0.6622,3.2403,1.4298,0.512,1.8105,0.6,0.6667,1,7,87,2.3,0.7222,-0.18419999999999997,-0.26669999999999994,-0.03720000000000001,-2.9795,-1.8857,1.0938999999999999,-9,-3,-6,-0.19999999999999996,0.0,1.0,-1.0,7,1,0
2025/2026_Monza_Padov_10Round,2025/2026,10.0,Padova,Monza,0.3762,0.4,0.4179,0.3409,1.6271,2.6798,0.4691,-1.0527,0.4667,0.4667,1,1,91,-1.747,0.2778,0.46,0.6,0.4127,0.5319,2.5045,1.4153,0.5178,1.0891,0.6,0.4,2,3,90,1.594,0.7222,-0.08380000000000004,-0.19999999999999996,-0.04870000000000002,-2.1418,-0.8774000000000002,1.2645000000000002,-2,-1,0,0.06669999999999998,0.0,0.0,0.0,10,10,0
2025/2026_Perug_Veron_10Round,2025/2026,10.0,Verona,Perugia,0.5714,0.6,0.5882,0.5604,2.7984,0.7806,0.491,2.0178,0.6,0.6,3,4,88,-1.59,0.3889,0.6531,0.6667,0.5758,0.6667,3.1833,1.1063,0.5141,2.077,0.6,0.6667,3,8,88,2.069,0.6111,-0.0817,-0.06669999999999998,-0.02310000000000001,-0.05920000000000014,-0.3849,-0.3257000000000001,-4,0,-4,-0.06669999999999998,0.0,0.0,0.0,5,1,0
2025/2026_Piace_Trent_10Round,2025/2026,10.0,Piacenza,Trento,0.5679,0.6,0.5,0.6078,2.8067,1.4717,0.5201,1.335,0.6,0.5333,2,1,71,-1.665,0.3889,0.5918,0.6667,0.5946,0.5775,2.9954,1.0216,0.5095,1.9738,0.6667,0.5333,3,5,88,1.206,0.6111,-0.023900000000000032,-0.06669999999999998,0.010600000000000054,-0.6388,-0.18869999999999987,0.45009999999999994,-4,-1,0,0.06669999999999998,0.0,0.0,0.0,3,3,1
2025/2026_Porto_Taran_10Round,2025/2026,10.0,Porto Viro,Taranto,0.5,0.5333,0.5278,0.4583,4.4179,2.9855,0.531,1.4324,0.6,0.4667,5,2,40,0.0,0.5,0.4231,0.4,0.5,0.4231,2.6045,4.4876,0.4322,-1.8831,0.5,0.4,-5,-2,16,0.0,0.5,0.07690000000000002,0.13329999999999997,0.09880000000000005,3.3155,1.8134000000000006,-1.5020999999999995,4,10,6,0.19999999999999996,1.0,1.0,0.0,17,23,1
2025/2026_Acica_Avers_11Round,2025/2026,11.0,Acicastello,Aversa,0.6471,0.5333,0.6552,0.5333,3.5215,4.0059,0.5542,-0.4843,0.5333,0.5333,1,1,24,0.0,0.5,0.6383,0.6,0.5926,0.6333,4.392,3.274,0.5434,1.118,0.6,0.5333,2,1,37,0.0,0.5,0.00880000000000003,-0.06669999999999998,0.010800000000000032,-1.6023,-0.8705000000000003,0.7318999999999996,0,-1,-3,0.0,1.0,1.0,0.0,11,8,0
2025/2026_Bresc_Cantù_11Round,2025/2026,11.0,Brescia,Cantù,0.5833,0.5333,0.6042,0.5,4.9686,2.9071,0.5345,2.0615,0.6,0.5333,4,3,50,0.0,0.5,0.5593,0.6,0.4857,0.6176,4.3843,3.246,0.5091,1.1383,0.5333,0.5333,1,1,49,0.0,0.5,0.02400000000000002,-0.06669999999999998,0.025399999999999978,0.9232,0.5843000000000007,-0.3389000000000002,2,3,2,0.06669999999999998,1.0,1.0,0.0,9,11,0
2025/2026_Ciste_Padov_11Round,2025/2026,11.0,Cisterna,Padova,0.3958,0.4,0.4615,0.3158,1.6535,2.8342,0.493,-1.1807,0.4,0.4,-2,-3,38,-2.043,0.2778,0.3725,0.4,0.4118,0.3409,1.5111,2.7899,0.4678,-1.2788,0.4667,0.4667,-2,-1,92,2.063,0.7222,0.023299999999999987,0.0,0.0252,0.09809999999999985,0.14239999999999986,0.04430000000000023,-2,0,-6,-0.06669999999999998,1.0,1.0,0.0,18,12,0
2025/2026_Ciste_Trent_11Round,2025/2026,11.0,Trento,Cisterna,0.5859,0.6,0.5946,0.5694,2.4721,1.6282,0.508,0.8439,0.6667,0.5333,-2,-1,89,2.447,0.7222,0.3878,0.4,0.45,0.3158,1.6035,2.912,0.4896,-1.3085,0.4,0.4,-2,-4,39,-2.447,0.2778,0.1981,0.19999999999999996,0.018400000000000027,2.1524,0.8686000000000003,-1.2837999999999998,3,0,14,0.26669999999999994,1.0,0.0,1.0,4,18,1
2025/2026_Cuneo_Milan_11Round,2025/2026,11.0,Milano,Cuneo,0.4608,0.4,0.4462,0.4894,1.0495,2.6805,0.4727,-1.631,0.4667,0.4667,-3,-3,92,0.0,0.5,0.3235,0.3333,0.4167,0.3,1.5774,3.1014,0.4365,-1.524,0.4,0.4,-3,-6,24,0.0,0.5,0.13729999999999998,0.06670000000000004,0.03620000000000001,-0.10699999999999998,-0.5278999999999998,-0.42090000000000005,3,0,14,0.06669999999999998,1.0,1.0,0.0,7,21,1
2025/2026_Cuneo_Perug_11Round,2025/2026,11.0,Perugia,Cuneo,0.6566,0.6667,0.5758,0.6711,3.1431,0.8785,0.5163,2.2647,0.6,0.6667,3,9,89,0.0,0.5,0.3143,0.3333,0.4167,0.2857,1.3881,3.1104,0.4272,-1.7224,0.4,0.3333,-3,-7,25,0.0,0.5,0.34229999999999994,0.3334,0.08909999999999996,3.9871,1.7550000000000001,-2.2319,16,6,20,0.2667,1.0,0.0,1.0,1,21,1
2025/2026_Fano_Macer_11Round,2025/2026,11.0,Fano,Macerata,0.3488,0.4,0.4118,0.3611,2.598,4.5278,0.4119,-1.9297,0.4,0.4667,-5,-2,33,0.0,0.5,0.5116,0.5333,0.6129,0.3636,4.1526,3.3908,0.5246,0.7618,0.5333,0.4,-2,-1,33,0.0,0.5,-0.16280000000000006,-0.13329999999999997,-0.11269999999999997,-2.6915,-1.5545999999999998,1.137,-1,-3,-4,0.0,1.0,1.0,0.0,22,18,1
2025/2026_Grott_Monza_11Round,2025/2026,11.0,Monza,Grottazzolina,0.4653,0.6,0.4127,0.5417,2.6672,1.3634,0.5192,1.3038,0.6,0.4667,2,4,91,1.6,0.6429,0.2619,0.3333,0.3,0.3182,1.1508,3.1239,0.4,-1.9731,0.3333,0.3333,-3,-20,32,-2.4,0.3571,0.20339999999999997,0.2667,0.11919999999999997,3.2769000000000004,1.5163999999999997,-1.7605,24,5,17,0.2667,1.0,1.0,0.0,9,26,1
2025/2026_Grott_Perug_11Round,2025/2026,11.0,Perugia,Grottazzolina,0.66,0.6667,0.5882,0.6711,3.1149,0.7178,0.5185,2.397,0.6,0.6667,3,10,90,3.0,0.6429,0.2558,0.3333,0.3,0.3043,1.4982,3.1196,0.3999,-1.6214,0.3333,0.3333,-1,-21,33,-3.0,0.3571,0.4042,0.3334,0.11859999999999998,4.0184,1.6167,-2.4018,31,4,25,0.2667,0.0,0.0,0.0,1,26,1
2025/2026_Lagon_Sorre_11Round,2025/2026,11.0,Lagonegro,Sorrento,0.5208,0.5333,0.55,0.4444,4.2396,3.1964,0.553,1.0431,0.5333,0.4667,-1,-1,38,0.0,0.5,0.5357,0.5333,0.4667,0.5652,3.9823,3.3874,0.514,0.5949,0.4667,0.5333,5,2,18,0.0,0.5,-0.014899999999999913,0.0,0.039000000000000035,0.44819999999999993,0.2573000000000003,-0.19099999999999984,-3,-6,0,0.0,1.0,1.0,0.0,13,13,1
2025/2026_Lube_Milan_11Round,2025/2026,11.0,Lube,Milano,0.5248,0.4667,0.5135,0.5405,2.0363,2.4423,0.5427,-0.406,0.5333,0.4667,-2,-1,91,0.786,0.6111,0.466,0.4667,0.4545,0.4894,1.6474,1.9776,0.475,-0.3303,0.4667,0.4667,3,1,93,-0.979,0.3889,0.05880000000000002,0.0,0.06769999999999998,-0.07570000000000005,0.38890000000000025,0.4646999999999999,-2,-5,0,0.06659999999999999,1.0,0.0,1.0,6,6,1
2025/2026_Lube_Monza_11Round,2025/2026,11.0,Lube,Monza,0.5294,0.4667,0.52,0.5405,2.339,2.3529,0.5432,-0.0139,0.5333,0.4667,1,1,92,1.157,0.6111,0.4706,0.6667,0.4219,0.5417,2.7811,1.5968,0.5198,1.1843,0.6,0.4667,1,5,92,-2.055,0.3889,0.05879999999999996,-0.19999999999999996,0.023399999999999976,-1.1982,-0.44209999999999994,0.7561,-4,0,4,0.06659999999999999,0.0,0.0,0.0,5,9,1
2025/2026_Moden_Veron_11Round,2025/2026,11.0,Modena,Verona,0.53,0.6,0.5417,0.5,2.6195,1.4369,0.519,1.1826,0.6667,0.5333,2,2,90,2.0,0.7222,0.5657,0.6,0.5556,0.5604,2.0643,1.4593,0.4888,0.605,0.5333,0.6,-3,-1,89,-2.0,0.2778,-0.035699999999999954,0.0,0.030200000000000005,0.5776000000000001,0.5552000000000001,-0.022399999999999975,3,5,4,0.06669999999999998,1.0,1.0,0.0,2,6,0
2025/2026_Padov_Piace_11Round,2025/2026,11.0,Padova,Piacenza,0.3786,0.4667,0.4118,0.3556,1.9708,2.3252,0.4694,-0.3544,0.4667,0.5333,2,1,93,-1.516,0.3889,0.5732,0.6,0.5122,0.6078,2.8821,1.4192,0.5218,1.4629,0.6,0.5333,2,2,72,1.037,0.6111,-0.19460000000000005,-0.13329999999999997,-0.05240000000000006,-1.8173000000000001,-0.9112999999999998,0.9060000000000001,-1,0,-8,-0.06659999999999999,0.0,1.0,-1.0,10,2,1
2025/2026_Piace_Trent_11Round,2025/2026,11.0,Trento,Piacenza,0.59,0.6,0.6053,0.5694,2.6446,1.2432,0.5101,1.4014,0.6667,0.5333,3,1,90,1.206,0.6111,0.5663,0.5333,0.5122,0.5962,2.6709,1.909,0.5207,0.7619,0.6,0.4667,-1,-1,73,-1.665,0.3889,0.023699999999999943,0.06669999999999998,-0.010600000000000054,0.6395,-0.02629999999999999,-0.6658,2,4,0,0.19999999999999996,0.0,0.0,0.0,2,2,1
2025/2026_Pinet_Taran_11Round,2025/2026,11.0,Pineto,Taranto,0.3864,0.4,0.5833,0.2667,2.9392,4.4594,0.4348,-1.5202,0.6,0.3333,-1,-3,34,0.0,0.5,0.4074,0.4,0.5,0.4074,2.5751,4.6794,0.425,-2.1043,0.5,0.4,-4,-3,17,0.0,0.5,-0.020999999999999963,0.0,0.009800000000000031,0.5840999999999998,0.3641000000000001,-0.22000000000000064,0,3,0,0.19999999999999996,1.0,1.0,0.0,23,23,1
2025/2026_Porto_Siena_11Round,2025/2026,11.0,Porto Viro,Siena,0.5098,0.5333,0.5405,0.4583,4.7485,2.7762,0.5352,1.9723,0.6,0.4667,4,3,41,0.0,0.5,0.463,0.5333,0.4118,0.5333,3.8754,3.7435,0.4748,0.1319,0.5333,0.6,1,3,44,0.0,0.5,0.04680000000000001,0.0,0.06040000000000001,1.8404,0.8731,-0.9673000000000003,0,3,4,0.0,1.0,1.0,0.0,14,18,1
2025/2026_Prata_Raven_11Round,2025/2026,11.0,Prata di Pordenone,Ravenna,0.3529,0.4667,0.3889,0.3721,3.1714,4.2656,0.4379,-1.0942,0.4667,0.4667,-4,-1,41,0.0,0.5,0.5227,0.4,0.5,0.5294,3.123,4.0716,0.5146,-0.9485,0.6,0.4667,-1,-3,34,0.0,0.5,-0.16980000000000006,0.06669999999999998,-0.07669999999999993,-0.14570000000000005,0.0484,0.19399999999999995,2,-3,-9,0.0,1.0,1.0,0.0,24,15,1
2025/2026_Acica_Porto_12Round,2025/2026,12.0,Acicastello,Porto Viro,0.6286,0.4667,0.6333,0.5333,3.6223,4.1796,0.5505,-0.5574,0.4667,0.5333,-1,-1,25,0.0,0.5,0.5192,0.6,0.5526,0.4583,4.9838,2.3851,0.5406,2.5986,0.6,0.4667,5,4,42,0.0,0.5,0.10940000000000005,-0.13329999999999997,0.00990000000000002,-3.1559999999999997,-1.3614999999999995,1.7944999999999998,-5,-6,-4,0.0,1.0,1.0,0.0,15,11,0
2025/2026_Avers_Taran_12Round,2025/2026,12.0,Aversa,Taranto,0.6458,0.6,0.5926,0.6452,4.4841,3.4595,0.5437,1.0245,0.6,0.6,1,2,38,0.0,0.5,0.3929,0.4,0.5,0.3929,2.7424,4.6321,0.4232,-1.8896,0.5,0.4,-2,-4,18,0.0,0.5,0.2529,0.19999999999999996,0.12049999999999994,2.9141,1.7416999999999998,-1.1726000000000005,6,3,17,0.19999999999999996,1.0,1.0,0.0,8,25,1
2025/2026_Bresc_Siena_12Round,2025/2026,12.0,Brescia,Siena,0.5738,0.5333,0.5918,0.5,4.1551,3.7106,0.5298,0.4445,0.5333,0.5333,-4,-1,51,0.0,0.5,0.4545,0.5333,0.4118,0.5161,3.1501,4.2847,0.4693,-1.1345,0.5333,0.6,-5,-1,45,0.0,0.5,0.11929999999999996,0.0,0.060500000000000054,1.5790000000000002,1.005,-0.5741,0,1,6,-0.06669999999999998,1.0,1.0,0.0,12,18,0
2025/2026_Cantù_Prata_12Round,2025/2026,12.0,Cantù,Prata di Pordenone,0.5667,0.6,0.4857,0.6286,4.7461,2.9465,0.5134,1.7995,0.5333,0.6,4,2,50,0.0,0.5,0.3654,0.4667,0.4211,0.3721,3.8746,3.1903,0.4462,0.6843,0.4667,0.4667,6,1,42,0.0,0.5,0.20129999999999998,0.13329999999999997,0.06719999999999998,1.1152000000000002,0.8715000000000002,-0.24380000000000024,1,-2,11,0.06659999999999999,1.0,1.0,0.0,12,23,1
2025/2026_Fano_Raven_12Round,2025/2026,12.0,Fano,Ravenna,0.3636,0.4667,0.4444,0.3611,3.2119,4.1084,0.4169,-0.8965,0.4667,0.4667,2,1,34,0.0,0.5,0.5111,0.4,0.5,0.5143,2.4176,4.4859,0.5058,-2.0683,0.6,0.4,-6,-4,35,0.0,0.5,-0.14750000000000002,0.06669999999999998,-0.08890000000000003,1.1717999999999997,0.7942999999999998,-0.3775000000000004,5,8,-6,0.06669999999999998,1.0,1.0,0.0,21,15,0
2025/2026_Lagon_Macer_12Round,2025/2026,12.0,Lagonegro,Macerata,0.5306,0.5333,0.561,0.4444,4.6173,3.1669,0.5557,1.4504,0.6,0.4667,3,1,39,0.0,0.5,0.5,0.4667,0.6129,0.3478,3.844,3.7707,0.5212,0.0733,0.5333,0.4,-2,-2,34,0.0,0.5,0.03059999999999996,0.06659999999999999,0.034499999999999975,1.3771,0.7733000000000003,-0.6038000000000001,3,5,6,0.19999999999999996,1.0,1.0,0.0,13,19,1
2025/2026_Pinet_Sorre_12Round,2025/2026,12.0,Pineto,Sorrento,0.4,0.4667,0.6,0.2667,3.4548,4.0592,0.4394,-0.6044,0.6,0.3333,2,1,35,0.0,0.5,0.5172,0.4667,0.4667,0.5417,3.7457,3.9109,0.5067,-0.1652,0.4667,0.4667,-3,-1,19,0.0,0.5,-0.11719999999999997,0.0,-0.06730000000000003,-0.43920000000000003,-0.2908999999999997,0.14829999999999988,2,5,-7,0.13329999999999997,1.0,1.0,0.0,23,16,1
2025/2026_Acica_Taran_13Round,2025/2026,13.0,Acicastello,Taranto,0.6111,0.4,0.6129,0.5333,3.4781,4.5226,0.5436,-1.0445,0.4,0.5333,-3,-2,26,0.0,0.5,0.3793,0.3333,0.5,0.3793,2.468,4.7989,0.414,-2.3308,0.5,0.3333,-5,-5,19,0.0,0.5,0.23179999999999995,0.06670000000000004,0.1296,1.2863,1.0101,-0.2763,3,2,9,0.06670000000000004,1.0,1.0,0.0,16,25,0
2025/2026_Avers_Siena_13Round,2025/2026,13.0,Aversa,Siena,0.6531,0.6,0.6071,0.6452,4.7894,2.8745,0.5494,1.9149,0.6,0.6,5,3,39,0.0,0.5,0.4643,0.6,0.4118,0.5312,3.1308,3.9282,0.4697,-0.7973,0.5333,0.6,0,1,46,0.0,0.5,0.18880000000000002,0.0,0.0797,2.7122,1.6585999999999999,-1.0537,2,5,8,0.0,1.0,1.0,0.0,8,16,0
2025/2026_Bresc_Porto_13Round,2025/2026,13.0,Brescia,Porto Viro,0.5645,0.5333,0.58,0.5,3.8342,3.522,0.5294,0.3122,0.4667,0.5333,0,-2,52,0.0,0.5,0.5283,0.6667,0.5526,0.48,5.1517,2.5943,0.5433,2.5574,0.6,0.5333,3,5,43,0.0,0.5,0.03620000000000001,-0.13339999999999996,-0.013900000000000023,-2.2452,-1.3175,0.9276999999999997,-7,-3,-5,-0.06659999999999999,1.0,1.0,0.0,14,9,0
2025/2026_Cantù_Macer_13Round,2025/2026,13.0,Cantù,Macerata,0.5738,0.6,0.5,0.6286,5.0021,2.735,0.5175,2.2671,0.6,0.6,4,3,51,0.0,0.5,0.4889,0.4,0.6129,0.3333,3.6256,4.274,0.5165,-0.6483,0.5333,0.4,-3,-3,35,0.0,0.5,0.08489999999999998,0.19999999999999996,0.0010000000000000009,2.9154,1.3765000000000005,-1.5390000000000001,6,7,9,0.19999999999999996,1.0,1.0,0.0,10,19,0
2025/2026_Fano_Lagon_13Round,2025/2026,13.0,Fano,Lagonegro,0.3556,0.4667,0.4211,0.3611,3.4136,4.5119,0.4166,-1.0983,0.4667,0.4667,-2,-1,35,0.0,0.5,0.54,0.6,0.5714,0.4444,4.8861,3.1455,0.5583,1.7405,0.6,0.4667,3,2,40,0.0,0.5,-0.1844,-0.13329999999999997,-0.1417,-2.8388,-1.4724999999999997,1.3663999999999996,-3,-5,-11,0.0,1.0,1.0,0.0,21,10,1
2025/2026_Pinet_Raven_13Round,2025/2026,13.0,Pineto,Ravenna,0.413,0.4667,0.6154,0.2667,3.5855,3.7764,0.442,-0.1909,0.6,0.3333,1,2,36,0.0,0.5,0.5217,0.4,0.5,0.5278,3.3245,4.3118,0.5084,-0.9873,0.6,0.4,2,1,36,0.0,0.5,-0.10870000000000007,0.06669999999999998,-0.06639999999999996,0.7964,0.2610000000000001,-0.5353999999999997,1,-1,-8,0.19999999999999996,1.0,1.0,0.0,22,14,0
2025/2026_Prata_Sorre_13Round,2025/2026,13.0,Prata di Pordenone,Sorrento,0.3585,0.4667,0.4211,0.3636,3.3982,3.8907,0.4424,-0.4924,0.4667,0.4,-4,-1,43,0.0,0.5,0.5,0.4667,0.4667,0.52,3.5749,3.8926,0.5043,-0.3177,0.4667,0.4667,-1,-2,20,0.0,0.5,-0.14150000000000001,0.0,-0.061899999999999955,-0.17470000000000002,-0.17669999999999986,-0.0019000000000000128,1,-3,-7,0.0,1.0,1.0,0.0,24,17,1
