partido_id,set_num,set_num_norm,strength_h,strength_a,strength_diff,set_wr_h,set_wr_a,diff_set_wr,forma_h,forma_a,diff_forma,pts_fav_h,pts_fav_a,h2h_diff,sets_h_antes,sets_a_antes,diff_sets_antes,momentum_h,es_desempate,ganador_set_local
2016/2017_Azimu_Diate_11Round,1,0.0,0.4286,0.5333,-0.10470000000000002,0.5095,0.5524,-0.04290000000000005,0.4286,0.5,-0.07140000000000002,3.5781,3.8954,-1.922,0,0,0,0.5,0,1
2016/2017_Azimu_Diate_11Round,1,0.0,0.4286,0.5333,-0.10470000000000002,0.5095,0.5524,-0.04290000000000005,0.4286,0.5,-0.07140000000000002,3.5781,3.8954,-1.922,1,0,1,1.0,0,1
2016/2017_Azimu_Diate_11Round,2,0.25,0.4286,0.5333,-0.10470000000000002,0.5095,0.5524,-0.04290000000000005,0.4286,0.5,-0.07140000000000002,3.5781,3.8954,-1.922,2,0,2,1.0,0,1
2016/2017_Azimu_Diate_11Round,2,0.25,0.4286,0.5333,-0.10470000000000002,0.5095,0.5524,-0.04290000000000005,0.4286,0.5,-0.07140000000000002,3.5781,3.8954,-1.922,3,0,3,1.0,0,0
2016/2017_Azimu_Diate_11Round,3,0.5,0.4286,0.5333,-0.10470000000000002,0.5095,0.5524,-0.04290000000000005,0.4286,0.5,-0.07140000000000002,3.5781,3.8954,-1.922,3,1,2,0.0,0,1
2016/2017_Azimu_Diate_11Round,3,0.5,0.4286,0.5333,-0.10470000000000002,0.5095,0.5524,-0.04290000000000005,0.4286,0.5,-0.07140000000000002,3.5781,3.8954,-1.922,4,1,3,1.0,0,1
2016/2017_Azimu_Diate_11Round,4,0.75,0.4286,0.5333,-0.10470000000000002,0.5095,0.5524,-0.04290000000000005,0.4286,0.5,-0.07140000000000002,3.5781,3.8954,-1.922,5,1,4,1.0,0,0
2016/2017_Azimu_Diate_11Round,5,1.0,0.4286,0.5333,-0.10470000000000002,0.5095,0.5524,-0.04290000000000005,0.4286,0.5,-0.07140000000000002,3.5781,3.8954,-1.922,5,2,3,0.0,1,1
2016/2017_Azimu_Gi Gr_9Round,1,0.0,0.4615,0.4286,0.03290000000000004,0.5275,0.5159,0.011599999999999944,0.4615,0.5,-0.03849999999999998,3.6397,3.6133,-1.565,0,0,0,0.5,0,1
2016/2017_Azimu_Gi Gr_9Round,1,0.0,0.4615,0.4286,0.03290000000000004,0.5275,0.5159,0.011599999999999944,0.4615,0.5,-0.03849999999999998,3.6397,3.6133,-1.565,1,0,1,1.0,0,1
2016/2017_Azimu_Gi Gr_9Round,2,0.25,0.4615,0.4286,0.03290000000000004,0.5275,0.5159,0.011599999999999944,0.4615,0.5,-0.03849999999999998,3.6397,3.6133,-1.565,2,0,2,1.0,0,0
2016/2017_Azimu_Gi Gr_9Round,2,0.25,0.4615,0.4286,0.03290000000000004,0.5275,0.5159,0.011599999999999944,0.4615,0.5,-0.03849999999999998,3.6397,3.6133,-1.565,2,1,1,0.0,0,0
2016/2017_Azimu_Gi Gr_9Round,3,0.5,0.4615,0.4286,0.03290000000000004,0.5275,0.5159,0.011599999999999944,0.4615,0.5,-0.03849999999999998,3.6397,3.6133,-1.565,2,2,0,0.0,0,1
2016/2017_Azimu_Gi Gr_9Round,3,0.5,0.4615,0.4286,0.03290000000000004,0.5275,0.5159,0.011599999999999944,0.4615,0.5,-0.03849999999999998,3.6397,3.6133,-1.565,3,2,1,1.0,0,0
2016/2017_Azimu_Gi Gr_9Round,4,0.75,0.4615,0.4286,0.03290000000000004,0.5275,0.5159,0.011599999999999944,0.4615,0.5,-0.03849999999999998,3.6397,3.6133,-1.565,3,3,0,0.0,0,0
2016/2017_Azimu_Gi Gr_9Round,4,0.75,0.4615,0.4286,0.03290000000000004,0.5275,0.5159,0.011599999999999944,0.4615,0.5,-0.03849999999999998,3.6397,3.6133,-1.565,3,4,-1,0.0,0,0
2016/2017_Azimu_Gi Gr_9Round,5,1.0,0.4615,0.4286,0.03290000000000004,0.5275,0.5159,0.011599999999999944,0.4615,0.5,-0.03849999999999998,3.6397,3.6133,-1.565,3,5,-2,0.0,1,0
2016/2017_Azimu_Kioen_4Round,1,0.0,0.5,0.4167,0.08329999999999999,0.5,0.4951,0.0049000000000000155,0.5,0.4545,0.045499999999999985,3.4986,3.5822,2.49,0,0,0,0.5,0,1
2016/2017_Azimu_Kioen_4Round,1,0.0,0.5,0.4167,0.08329999999999999,0.5,0.4951,0.0049000000000000155,0.5,0.4545,0.045499999999999985,3.4986,3.5822,2.49,1,0,1,1.0,0,0
2016/2017_Azimu_Kioen_4Round,2,0.25,0.5,0.4167,0.08329999999999999,0.5,0.4951,0.0049000000000000155,0.5,0.4545,0.045499999999999985,3.4986,3.5822,2.49,1,1,0,0.0,0,1
2016/2017_Azimu_Kioen_4Round,2,0.25,0.5,0.4167,0.08329999999999999,0.5,0.4951,0.0049000000000000155,0.5,0.4545,0.045499999999999985,3.4986,3.5822,2.49,2,1,1,1.0,0,0
2016/2017_Azimu_Kioen_4Round,3,0.5,0.5,0.4167,0.08329999999999999,0.5,0.4951,0.0049000000000000155,0.5,0.4545,0.045499999999999985,3.4986,3.5822,2.49,2,2,0,0.0,0,1
2016/2017_Azimu_Kioen_4Round,3,0.5,0.5,0.4167,0.08329999999999999,0.5,0.4951,0.0049000000000000155,0.5,0.4545,0.045499999999999985,3.4986,3.5822,2.49,3,2,1,1.0,0,0
2016/2017_Azimu_Lube_13Round,1,0.0,0.4667,0.5,-0.033299999999999996,0.5263,0.4875,0.0388,0.4667,0.5385,-0.07179999999999997,3.8137,3.5114,-0.645,0,0,0,0.5,0,0
2016/2017_Azimu_Lube_13Round,1,0.0,0.4667,0.5,-0.033299999999999996,0.5263,0.4875,0.0388,0.4667,0.5385,-0.07179999999999997,3.8137,3.5114,-0.645,0,1,-1,0.0,0,1
2016/2017_Azimu_Lube_13Round,2,0.25,0.4667,0.5,-0.033299999999999996,0.5263,0.4875,0.0388,0.4667,0.5385,-0.07179999999999997,3.8137,3.5114,-0.645,1,1,0,1.0,0,1
2016/2017_Azimu_Lube_13Round,2,0.25,0.4667,0.5,-0.033299999999999996,0.5263,0.4875,0.0388,0.4667,0.5385,-0.07179999999999997,3.8137,3.5114,-0.645,2,1,1,1.0,0,1
2016/2017_Azimu_Lube_13Round,3,0.5,0.4667,0.5,-0.033299999999999996,0.5263,0.4875,0.0388,0.4667,0.5385,-0.07179999999999997,3.8137,3.5114,-0.645,3,1,2,1.0,0,0
2016/2017_Azimu_Lube_13Round,3,0.5,0.4667,0.5,-0.033299999999999996,0.5263,0.4875,0.0388,0.4667,0.5385,-0.07179999999999997,3.8137,3.5114,-0.645,3,2,1,0.0,0,1
2016/2017_Azimu_Lube_13Round,4,0.75,0.4667,0.5,-0.033299999999999996,0.5263,0.4875,0.0388,0.4667,0.5385,-0.07179999999999997,3.8137,3.5114,-0.645,4,2,2,1.0,0,0
2016/2017_Azimu_Lube_13Round,4,0.75,0.4667,0.5,-0.033299999999999996,0.5263,0.4875,0.0388,0.4667,0.5385,-0.07179999999999997,3.8137,3.5114,-0.645,4,3,1,0.0,0,1
2016/2017_Azimu_Lube_13Round,5,1.0,0.4667,0.5,-0.033299999999999996,0.5263,0.4875,0.0388,0.4667,0.5385,-0.07179999999999997,3.8137,3.5114,-0.645,5,3,2,1.0,1,1
2016/2017_Azimu_Milan_2Round,1,0.0,0.5,0.5,0.0,0.5,0.5,0.0,0.5,0.5,0.0,3.4986,3.4986,0.0,0,0,0,0.5,0,0
2016/2017_Azimu_Milan_2Round,1,0.0,0.5,0.5,0.0,0.5,0.5,0.0,0.5,0.5,0.0,3.4986,3.4986,0.0,0,1,-1,0.0,0,0
2016/2017_Azimu_Milan_2Round,2,0.25,0.5,0.5,0.0,0.5,0.5,0.0,0.5,0.5,0.0,3.4986,3.4986,0.0,0,2,-2,0.0,0,0
2016/2017_Azimu_Milan_2Round,2,0.25,0.5,0.5,0.0,0.5,0.5,0.0,0.5,0.5,0.0,3.4986,3.4986,0.0,0,3,-3,0.0,0,0
2016/2017_Azimu_Milan_2Round,3,0.5,0.5,0.5,0.0,0.5,0.5,0.0,0.5,0.5,0.0,3.4986,3.4986,0.0,0,4,-4,0.0,0,1
2016/2017_Azimu_Milan_2Round,3,0.5,0.5,0.5,0.0,0.5,0.5,0.0,0.5,0.5,0.0,3.4986,3.4986,0.0,1,4,-3,1.0,0,1
2016/2017_Azimu_Milan_2Round,4,0.75,0.5,0.5,0.0,0.5,0.5,0.0,0.5,0.5,0.0,3.4986,3.4986,0.0,2,4,-2,1.0,0,1
2016/2017_Azimu_Milan_2Round,4,0.75,0.5,0.5,0.0,0.5,0.5,0.0,0.5,0.5,0.0,3.4986,3.4986,0.0,3,4,-1,1.0,0,0
2016/2017_Azimu_Milan_2Round,5,1.0,0.5,0.5,0.0,0.5,0.5,0.0,0.5,0.5,0.0,3.4986,3.4986,0.0,3,5,-2,0.0,1,1
2016/2017_Azimu_Sir S_7Round,1,0.0,0.4545,0.5,-0.045499999999999985,0.5,0.4722,0.02779999999999999,0.4545,0.5,-0.045499999999999985,3.4533,3.4322,-2.21,0,0,0,0.5,0,1
2016/2017_Azimu_Sir S_7Round,1,0.0,0.4545,0.5,-0.045499999999999985,0.5,0.4722,0.02779999999999999,0.4545,0.5,-0.045499999999999985,3.4533,3.4322,-2.21,1,0,1,1.0,0,1
2016/2017_Azimu_Sir S_7Round,2,0.25,0.4545,0.5,-0.045499999999999985,0.5,0.4722,0.02779999999999999,0.4545,0.5,-0.045499999999999985,3.4533,3.4322,-2.21,2,0,2,1.0,0,0
2016/2017_Azimu_Sir S_7Round,2,0.25,0.4545,0.5,-0.045499999999999985,0.5,0.4722,0.02779999999999999,0.4545,0.5,-0.045499999999999985,3.4533,3.4322,-2.21,2,1,1,0.0,0,0
2016/2017_Azimu_Sir S_7Round,3,0.5,0.4545,0.5,-0.045499999999999985,0.5,0.4722,0.02779999999999999,0.4545,0.5,-0.045499999999999985,3.4533,3.4322,-2.21,2,2,0,0.0,0,0
2016/2017_Azimu_Sir S_7Round,3,0.5,0.4545,0.5,-0.045499999999999985,0.5,0.4722,0.02779999999999999,0.4545,0.5,-0.045499999999999985,3.4533,3.4322,-2.21,2,3,-1,0.0,0,1
2016/2017_Azimu_Sir S_7Round,4,0.75,0.4545,0.5,-0.045499999999999985,0.5,0.4722,0.02779999999999999,0.4545,0.5,-0.045499999999999985,3.4533,3.4322,-2.21,3,3,0,1.0,0,0
2016/2017_Azimu_Sir S_7Round,4,0.75,0.4545,0.5,-0.045499999999999985,0.5,0.4722,0.02779999999999999,0.4545,0.5,-0.045499999999999985,3.4533,3.4322,-2.21,3,4,-1,0.0,0,0
2016/2017_Azimu_Sir S_7Round,5,1.0,0.4545,0.5,-0.045499999999999985,0.5,0.4722,0.02779999999999999,0.4545,0.5,-0.045499999999999985,3.4533,3.4322,-2.21,3,5,-2,0.0,1,1
2016/2017_Azimu_Veron_8Round,1,0.0,0.4167,0.5833,-0.16660000000000003,0.4944,0.5167,-0.022300000000000042,0.4167,0.5833,-0.16660000000000003,3.4655,3.6988,2.0,0,0,0,0.5,0,1
2016/2017_Azimu_Veron_8Round,1,0.0,0.4167,0.5833,-0.16660000000000003,0.4944,0.5167,-0.022300000000000042,0.4167,0.5833,-0.16660000000000003,3.4655,3.6988,2.0,1,0,1,1.0,0,1
2016/2017_Azimu_Veron_8Round,2,0.25,0.4167,0.5833,-0.16660000000000003,0.4944,0.5167,-0.022300000000000042,0.4167,0.5833,-0.16660000000000003,3.4655,3.6988,2.0,2,0,2,1.0,0,1
2016/2017_Azimu_Veron_8Round,2,0.25,0.4167,0.5833,-0.16660000000000003,0.4944,0.5167,-0.022300000000000042,0.4167,0.5833,-0.16660000000000003,3.4655,3.6988,2.0,3,0,3,1.0,0,1
2016/2017_Azimu_Veron_8Round,3,0.5,0.4167,0.5833,-0.16660000000000003,0.4944,0.5167,-0.022300000000000042,0.4167,0.5833,-0.16660000000000003,3.4655,3.6988,2.0,4,0,4,1.0,0,1
2016/2017_Azimu_Veron_8Round,3,0.5,0.4167,0.5833,-0.16660000000000003,0.4944,0.5167,-0.022300000000000042,0.4167,0.5833,-0.16660000000000003,3.4655,3.6988,2.0,5,0,5,1.0,0,1
2016/2017_Basi _Centr_5Round,1,0.0,0.3846,0.5455,-0.1609,0.4849,0.5152,-0.030299999999999994,0.3846,0.5,-0.1154,3.432,3.726,0.0,0,0,0,0.5,0,1
2016/2017_Basi _Centr_5Round,1,0.0,0.3846,0.5455,-0.1609,0.4849,0.5152,-0.030299999999999994,0.3846,0.5,-0.1154,3.432,3.726,0.0,1,0,1,1.0,0,1
2016/2017_Basi _Centr_5Round,2,0.25,0.3846,0.5455,-0.1609,0.4849,0.5152,-0.030299999999999994,0.3846,0.5,-0.1154,3.432,3.726,0.0,2,0,2,1.0,0,1
2016/2017_Basi _Centr_5Round,2,0.25,0.3846,0.5455,-0.1609,0.4849,0.5152,-0.030299999999999994,0.3846,0.5,-0.1154,3.432,3.726,0.0,3,0,3,1.0,0,0
2016/2017_Basi _Centr_5Round,3,0.5,0.3846,0.5455,-0.1609,0.4849,0.5152,-0.030299999999999994,0.3846,0.5,-0.1154,3.432,3.726,0.0,3,1,2,0.0,0,1
2016/2017_Basi _Centr_5Round,3,0.5,0.3846,0.5455,-0.1609,0.4849,0.5152,-0.030299999999999994,0.3846,0.5,-0.1154,3.432,3.726,0.0,4,1,3,1.0,0,0
2016/2017_Basi _Centr_5Round,4,0.75,0.3846,0.5455,-0.1609,0.4849,0.5152,-0.030299999999999994,0.3846,0.5,-0.1154,3.432,3.726,0.0,4,2,2,0.0,0,0
2016/2017_Basi _Emma _2Round,1,0.0,0.5,0.5,0.0,0.5,0.5,0.0,0.5,0.5,0.0,3.4986,3.4986,0.0,0,0,0,0.5,0,0
2016/2017_Basi _Emma _2Round,1,0.0,0.5,0.5,0.0,0.5,0.5,0.0,0.5,0.5,0.0,3.4986,3.4986,0.0,0,1,-1,0.0,0,1
2016/2017_Basi _Emma _2Round,2,0.25,0.5,0.5,0.0,0.5,0.5,0.0,0.5,0.5,0.0,3.4986,3.4986,0.0,1,1,0,1.0,0,0
2016/2017_Basi _Emma _2Round,2,0.25,0.5,0.5,0.0,0.5,0.5,0.0,0.5,0.5,0.0,3.4986,3.4986,0.0,1,2,-1,0.0,0,1
2016/2017_Basi _Emma _2Round,3,0.5,0.5,0.5,0.0,0.5,0.5,0.0,0.5,0.5,0.0,3.4986,3.4986,0.0,2,2,0,1.0,0,0
2016/2017_Basi _Emma _2Round,3,0.5,0.5,0.5,0.0,0.5,0.5,0.0,0.5,0.5,0.0,3.4986,3.4986,0.0,2,3,-1,0.0,0,1
2016/2017_Basi _Pool _4Round,1,0.0,0.4545,0.4545,0.0,0.5,0.4848,0.015199999999999991,0.4545,0.4545,0.0,3.4533,3.4533,0.0,0,0,0,0.5,0,1
2016/2017_Basi _Pool _4Round,1,0.0,0.4545,0.4545,0.0,0.5,0.4848,0.015199999999999991,0.4545,0.4545,0.0,3.4533,3.4533,0.0,1,0,1,1.0,0,0
2016/2017_Basi _Pool _4Round,2,0.25,0.4545,0.4545,0.0,0.5,0.4848,0.015199999999999991,0.4545,0.4545,0.0,3.4533,3.4533,0.0,1,1,0,0.0,0,0
2016/2017_Basi _Pool _4Round,2,0.25,0.4545,0.4545,0.0,0.5,0.4848,0.015199999999999991,0.4545,0.4545,0.0,3.4533,3.4533,0.0,1,2,-1,0.0,0,1
2016/2017_Basi _Pool _4Round,3,0.5,0.4545,0.4545,0.0,0.5,0.4848,0.015199999999999991,0.4545,0.4545,0.0,3.4533,3.4533,0.0,2,2,0,1.0,0,1
2016/2017_Basi _Pool _4Round,3,0.5,0.4545,0.4545,0.0,0.5,0.4848,0.015199999999999991,0.4545,0.4545,0.0,3.4533,3.4533,0.0,3,2,1,1.0,0,0
2016/2017_Basi _Pool _4Round,4,0.75,0.4545,0.4545,0.0,0.5,0.4848,0.015199999999999991,0.4545,0.4545,0.0,3.4533,3.4533,0.0,3,3,0,0.0,0,1
2016/2017_Basi _Pool _4Round,4,0.75,0.4545,0.4545,0.0,0.5,0.4848,0.015199999999999991,0.4545,0.4545,0.0,3.4533,3.4533,0.0,4,3,1,1.0,0,0
2016/2017_Basi _Sigma_4Round,1,0.0,0.4167,0.5,-0.08329999999999999,0.5,0.5,0.0,0.4167,0.5,-0.08329999999999999,3.4655,3.4986,0.0,0,0,0,0.5,0,1
2016/2017_Basi _Sigma_4Round,1,0.0,0.4167,0.5,-0.08329999999999999,0.5,0.5,0.0,0.4167,0.5,-0.08329999999999999,3.4655,3.4986,0.0,1,0,1,1.0,0,0
2016/2017_Basi _Sigma_4Round,2,0.25,0.4167,0.5,-0.08329999999999999,0.5,0.5,0.0,0.4167,0.5,-0.08329999999999999,3.4655,3.4986,0.0,1,1,0,0.0,0,1
2016/2017_Basi _Sigma_4Round,2,0.25,0.4167,0.5,-0.08329999999999999,0.5,0.5,0.0,0.4167,0.5,-0.08329999999999999,3.4655,3.4986,0.0,2,1,1,1.0,0,0
2016/2017_Basi _Sigma_4Round,3,0.5,0.4167,0.5,-0.08329999999999999,0.5,0.5,0.0,0.4167,0.5,-0.08329999999999999,3.4655,3.4986,0.0,2,2,0,0.0,0,1
2016/2017_Basi _Sigma_4Round,3,0.5,0.4167,0.5,-0.08329999999999999,0.5,0.5,0.0,0.4167,0.5,-0.08329999999999999,3.4655,3.4986,0.0,3,2,1,1.0,0,0
2016/2017_Basi _Sigma_4Round,4,0.75,0.4167,0.5,-0.08329999999999999,0.5,0.5,0.0,0.4167,0.5,-0.08329999999999999,3.4655,3.4986,0.0,3,3,0,0.0,0,0
2016/2017_Basi _Sigma_4Round,4,0.75,0.4167,0.5,-0.08329999999999999,0.5,0.5,0.0,0.4167,0.5,-0.08329999999999999,3.4655,3.4986,0.0,3,4,-1,0.0,0,0
2016/2017_Basi _Sigma_4Round,5,1.0,0.4167,0.5,-0.08329999999999999,0.5,0.5,0.0,0.4167,0.5,-0.08329999999999999,3.4655,3.4986,0.0,3,5,-2,0.0,1,0
2016/2017_Centr_Pool _1Round,1,0.0,0.5,0.5,0.0,0.5,0.5,0.0,0.5,0.5,0.0,3.4986,3.4986,0.0,0,0,0,0.5,0,1
2016/2017_Centr_Pool _1Round,1,0.0,0.5,0.5,0.0,0.5,0.5,0.0,0.5,0.5,0.0,3.4986,3.4986,0.0,1,0,1,1.0,0,0
2016/2017_Centr_Pool _1Round,2,0.25,0.5,0.5,0.0,0.5,0.5,0.0,0.5,0.5,0.0,3.4986,3.4986,0.0,1,1,0,0.0,0,1
2016/2017_Centr_Pool _1Round,2,0.25,0.5,0.5,0.0,0.5,0.5,0.0,0.5,0.5,0.0,3.4986,3.4986,0.0,2,1,1,1.0,0,1
2016/2017_Centr_Pool _1Round,3,0.5,0.5,0.5,0.0,0.5,0.5,0.0,0.5,0.5,0.0,3.4986,3.4986,0.0,3,1,2,1.0,0,1
2016/2017_Centr_Pool _1Round,3,0.5,0.5,0.5,0.0,0.5,0.5,0.0,0.5,0.5,0.0,3.4986,3.4986,0.0,4,1,3,1.0,0,0
2016/2017_Centr_Pool _1Round,4,0.75,0.5,0.5,0.0,0.5,0.5,0.0,0.5,0.5,0.0,3.4986,3.4986,0.0,4,2,2,0.0,0,1
2016/2017_Centr_Pool _1Round,4,0.75,0.5,0.5,0.0,0.5,0.5,0.0,0.5,0.5,0.0,3.4986,3.4986,0.0,5,2,3,1.0,0,0
2016/2017_Centr_Pool _1Round,5,1.0,0.5,0.5,0.0,0.5,0.5,0.0,0.5,0.5,0.0,3.4986,3.4986,0.0,5,3,2,0.0,1,1
2016/2017_Diate_Gi Gr_12Round,1,0.0,0.5,0.4375,0.0625,0.5305,0.5218,0.00869999999999993,0.5333,0.5455,-0.012199999999999989,3.6425,3.7133,1.474,0,0,0,0.5,0,1
2016/2017_Diate_Gi Gr_12Round,1,0.0,0.5,0.4375,0.0625,0.5305,0.5218,0.00869999999999993,0.5333,0.5455,-0.012199999999999989,3.6425,3.7133,1.474,1,0,1,1.0,0,0
2016/2017_Diate_Gi Gr_12Round,2,0.25,0.5,0.4375,0.0625,0.5305,0.5218,0.00869999999999993,0.5333,0.5455,-0.012199999999999989,3.6425,3.7133,1.474,1,1,0,0.0,0,0
2016/2017_Diate_Gi Gr_12Round,2,0.25,0.5,0.4375,0.0625,0.5305,0.5218,0.00869999999999993,0.5333,0.5455,-0.012199999999999989,3.6425,3.7133,1.474,1,2,-1,0.0,0,1
2016/2017_Diate_Gi Gr_12Round,3,0.5,0.5,0.4375,0.0625,0.5305,0.5218,0.00869999999999993,0.5333,0.5455,-0.012199999999999989,3.6425,3.7133,1.474,2,2,0,1.0,0,0
2016/2017_Diate_Gi Gr_12Round,3,0.5,0.5,0.4375,0.0625,0.5305,0.5218,0.00869999999999993,0.5333,0.5455,-0.012199999999999989,3.6425,3.7133,1.474,2,3,-1,0.0,0,0
2016/2017_Diate_Gi Gr_12Round,4,0.75,0.5,0.4375,0.0625,0.5305,0.5218,0.00869999999999993,0.5333,0.5455,-0.012199999999999989,3.6425,3.7133,1.474,2,4,-2,0.0,0,0
2016/2017_Diate_Gi Gr_12Round,5,1.0,0.5,0.4375,0.0625,0.5305,0.5218,0.00869999999999993,0.5333,0.5455,-0.012199999999999989,3.6425,3.7133,1.474,2,5,-3,0.0,1,1
2016/2017_Diate_Kioen_3Round,1,0.0,0.5,0.4545,0.045499999999999985,0.5,0.5,0.0,0.5,0.5,0.0,3.4986,3.5442,3.0,0,0,0,0.5,0,0
2016/2017_Diate_Kioen_3Round,1,0.0,0.5,0.4545,0.045499999999999985,0.5,0.5,0.0,0.5,0.5,0.0,3.4986,3.5442,3.0,0,1,-1,0.0,0,1
2016/2017_Diate_Kioen_3Round,2,0.25,0.5,0.4545,0.045499999999999985,0.5,0.5,0.0,0.5,0.5,0.0,3.4986,3.5442,3.0,1,1,0,1.0,0,0
2016/2017_Diate_Kioen_3Round,2,0.25,0.5,0.4545,0.045499999999999985,0.5,0.5,0.0,0.5,0.5,0.0,3.4986,3.5442,3.0,1,2,-1,0.0,0,1
2016/2017_Diate_Kioen_3Round,3,0.5,0.5,0.4545,0.045499999999999985,0.5,0.5,0.0,0.5,0.5,0.0,3.4986,3.5442,3.0,2,2,0,1.0,0,1
2016/2017_Diate_Kioen_3Round,3,0.5,0.5,0.4545,0.045499999999999985,0.5,0.5,0.0,0.5,0.5,0.0,3.4986,3.5442,3.0,3,2,1,1.0,0,1
2016/2017_Diate_Kioen_3Round,4,0.75,0.5,0.4545,0.045499999999999985,0.5,0.5,0.0,0.5,0.5,0.0,3.4986,3.5442,3.0,4,2,2,1.0,0,1
2016/2017_Diate_Kioen_3Round,4,0.75,0.5,0.4545,0.045499999999999985,0.5,0.5,0.0,0.5,0.5,0.0,3.4986,3.5442,3.0,5,2,3,1.0,0,0
2016/2017_Diate_Kioen_3Round,5,1.0,0.5,0.4545,0.045499999999999985,0.5,0.5,0.0,0.5,0.5,0.0,3.4986,3.5442,3.0,5,3,2,0.0,1,0
2016/2017_Diate_Lube_10Round,1,0.0,0.5,0.5,0.0,0.5306,0.5,0.03059999999999996,0.5,0.5833,-0.08330000000000004,3.6781,3.5619,0.093,0,0,0,0.5,0,1
2016/2017_Diate_Lube_10Round,1,0.0,0.5,0.5,0.0,0.5306,0.5,0.03059999999999996,0.5,0.5833,-0.08330000000000004,3.6781,3.5619,0.093,1,0,1,1.0,0,1
2016/2017_Diate_Lube_10Round,2,0.25,0.5,0.5,0.0,0.5306,0.5,0.03059999999999996,0.5,0.5833,-0.08330000000000004,3.6781,3.5619,0.093,2,0,2,1.0,0,1
2016/2017_Diate_Lube_10Round,2,0.25,0.5,0.5,0.0,0.5306,0.5,0.03059999999999996,0.5,0.5833,-0.08330000000000004,3.6781,3.5619,0.093,3,0,3,1.0,0,0
2016/2017_Diate_Lube_10Round,3,0.5,0.5,0.5,0.0,0.5306,0.5,0.03059999999999996,0.5,0.5833,-0.08330000000000004,3.6781,3.5619,0.093,3,1,2,0.0,0,1
2016/2017_Diate_Lube_10Round,3,0.5,0.5,0.5,0.0,0.5306,0.5,0.03059999999999996,0.5,0.5833,-0.08330000000000004,3.6781,3.5619,0.093,4,1,3,1.0,0,1
2016/2017_Diate_Lube_10Round,4,0.75,0.5,0.5,0.0,0.5306,0.5,0.03059999999999996,0.5,0.5833,-0.08330000000000004,3.6781,3.5619,0.093,5,1,4,1.0,0,1
2016/2017_Diate_Milan_8Round,1,0.0,0.5833,0.5714,0.011900000000000022,0.5312,0.5,0.031200000000000006,0.5833,0.6154,-0.032099999999999906,3.7988,3.5521,1.74,0,0,0,0.5,0,1
2016/2017_Diate_Milan_8Round,1,0.0,0.5833,0.5714,0.011900000000000022,0.5312,0.5,0.031200000000000006,0.5833,0.6154,-0.032099999999999906,3.7988,3.5521,1.74,1,0,1,1.0,0,0
2016/2017_Diate_Milan_8Round,2,0.25,0.5833,0.5714,0.011900000000000022,0.5312,0.5,0.031200000000000006,0.5833,0.6154,-0.032099999999999906,3.7988,3.5521,1.74,1,1,0,0.0,0,1
2016/2017_Diate_Milan_8Round,2,0.25,0.5833,0.5714,0.011900000000000022,0.5312,0.5,0.031200000000000006,0.5833,0.6154,-0.032099999999999906,3.7988,3.5521,1.74,2,1,1,1.0,0,0
2016/2017_Diate_Milan_8Round,3,0.5,0.5833,0.5714,0.011900000000000022,0.5312,0.5,0.031200000000000006,0.5833,0.6154,-0.032099999999999906,3.7988,3.5521,1.74,2,2,0,0.0,0,1
2016/2017_Diate_Milan_8Round,3,0.5,0.5833,0.5714,0.011900000000000022,0.5312,0.5,0.031200000000000006,0.5833,0.6154,-0.032099999999999906,3.7988,3.5521,1.74,3,2,1,1.0,0,0
2016/2017_Diate_Sir S_6Round,1,0.0,0.5455,0.5455,0.0,0.5051,0.5,0.005099999999999993,0.5455,0.5455,0.0,3.6351,3.5442,-0.572,0,0,0,0.5,0,0
2016/2017_Diate_Sir S_6Round,1,0.0,0.5455,0.5455,0.0,0.5051,0.5,0.005099999999999993,0.5455,0.5455,0.0,3.6351,3.5442,-0.572,0,1,-1,0.0,0,1
2016/2017_Diate_Sir S_6Round,2,0.25,0.5455,0.5455,0.0,0.5051,0.5,0.005099999999999993,0.5455,0.5455,0.0,3.6351,3.5442,-0.572,1,1,0,1.0,0,1
2016/2017_Diate_Sir S_6Round,2,0.25,0.5455,0.5455,0.0,0.5051,0.5,0.005099999999999993,0.5455,0.5455,0.0,3.6351,3.5442,-0.572,2,1,1,1.0,0,1
2016/2017_Diate_Sir S_6Round,3,0.5,0.5455,0.5455,0.0,0.5051,0.5,0.005099999999999993,0.5455,0.5455,0.0,3.6351,3.5442,-0.572,3,1,2,1.0,0,1
2016/2017_Diate_Sir S_6Round,3,0.5,0.5455,0.5455,0.0,0.5051,0.5,0.005099999999999993,0.5455,0.5455,0.0,3.6351,3.5442,-0.572,4,1,3,1.0,0,1
2016/2017_Diate_Sir S_6Round,4,0.75,0.5455,0.5455,0.0,0.5051,0.5,0.005099999999999993,0.5455,0.5455,0.0,3.6351,3.5442,-0.572,5,1,4,1.0,0,1
2016/2017_Diate_Veron_9Round,1,0.0,0.5385,0.5385,0.0,0.5315,0.4835,0.04799999999999999,0.5385,0.5385,0.0,3.7551,3.4505,-1.566,0,0,0,0.5,0,1
2016/2017_Diate_Veron_9Round,1,0.0,0.5385,0.5385,0.0,0.5315,0.4835,0.04799999999999999,0.5385,0.5385,0.0,3.7551,3.4505,-1.566,1,0,1,1.0,0,0
2016/2017_Diate_Veron_9Round,2,0.25,0.5385,0.5385,0.0,0.5315,0.4835,0.04799999999999999,0.5385,0.5385,0.0,3.7551,3.4505,-1.566,1,1,0,0.0,0,1
2016/2017_Diate_Veron_9Round,2,0.25,0.5385,0.5385,0.0,0.5315,0.4835,0.04799999999999999,0.5385,0.5385,0.0,3.7551,3.4505,-1.566,2,1,1,1.0,0,0
2016/2017_Diate_Veron_9Round,3,0.5,0.5385,0.5385,0.0,0.5315,0.4835,0.04799999999999999,0.5385,0.5385,0.0,3.7551,3.4505,-1.566,2,2,0,0.0,0,1
2016/2017_Diate_Veron_9Round,3,0.5,0.5385,0.5385,0.0,0.5315,0.4835,0.04799999999999999,0.5385,0.5385,0.0,3.7551,3.4505,-1.566,3,2,1,1.0,0,0
2016/2017_Emma _Sigma_9Round,1,0.0,0.5455,0.5455,0.0,0.5,0.5152,-0.015199999999999991,0.5,0.5455,-0.045499999999999985,3.4533,3.726,0.0,0,0,0,0.5,0,0
2016/2017_Emma _Sigma_9Round,1,0.0,0.5455,0.5455,0.0,0.5,0.5152,-0.015199999999999991,0.5,0.5455,-0.045499999999999985,3.4533,3.726,0.0,0,1,-1,0.0,0,0
2016/2017_Emma _Sigma_9Round,2,0.25,0.5455,0.5455,0.0,0.5,0.5152,-0.015199999999999991,0.5,0.5455,-0.045499999999999985,3.4533,3.726,0.0,0,2,-2,0.0,0,0
2016/2017_Emma _Sigma_9Round,2,0.25,0.5455,0.5455,0.0,0.5,0.5152,-0.015199999999999991,0.5,0.5455,-0.045499999999999985,3.4533,3.726,0.0,0,3,-3,0.0,0,1
2016/2017_Emma _Sigma_9Round,3,0.5,0.5455,0.5455,0.0,0.5,0.5152,-0.015199999999999991,0.5,0.5455,-0.045499999999999985,3.4533,3.726,0.0,1,3,-2,1.0,0,0
2016/2017_Emma _Sigma_9Round,3,0.5,0.5455,0.5455,0.0,0.5,0.5152,-0.015199999999999991,0.5,0.5455,-0.045499999999999985,3.4533,3.726,0.0,1,4,-3,0.0,0,1
2016/2017_Emma _Sigma_9Round,4,0.75,0.5455,0.5455,0.0,0.5,0.5152,-0.015199999999999991,0.5,0.5455,-0.045499999999999985,3.4533,3.726,0.0,2,4,-2,1.0,0,0
2016/2017_Emma _Sigma_9Round,5,1.0,0.5455,0.5455,0.0,0.5,0.5152,-0.015199999999999991,0.5,0.5455,-0.045499999999999985,3.4533,3.726,0.0,2,5,-3,0.0,1,1
2016/2017_Gi Gr_Kioen_7Round,1,0.0,0.3846,0.4286,-0.043999999999999984,0.4885,0.4911,-0.002599999999999991,0.3846,0.5,-0.1154,3.3835,3.5819,1.594,0,0,0,0.5,0,1
2016/2017_Gi Gr_Kioen_7Round,1,0.0,0.3846,0.4286,-0.043999999999999984,0.4885,0.4911,-0.002599999999999991,0.3846,0.5,-0.1154,3.3835,3.5819,1.594,1,0,1,1.0,0,1
2016/2017_Gi Gr_Kioen_7Round,2,0.25,0.3846,0.4286,-0.043999999999999984,0.4885,0.4911,-0.002599999999999991,0.3846,0.5,-0.1154,3.3835,3.5819,1.594,2,0,2,1.0,0,1
2016/2017_Gi Gr_Kioen_7Round,2,0.25,0.3846,0.4286,-0.043999999999999984,0.4885,0.4911,-0.002599999999999991,0.3846,0.5,-0.1154,3.3835,3.5819,1.594,3,0,3,1.0,0,1
2016/2017_Gi Gr_Kioen_7Round,3,0.5,0.3846,0.4286,-0.043999999999999984,0.4885,0.4911,-0.002599999999999991,0.3846,0.5,-0.1154,3.3835,3.5819,1.594,4,0,4,1.0,0,1
2016/2017_Gi Gr_Kioen_7Round,3,0.5,0.3846,0.4286,-0.043999999999999984,0.4885,0.4911,-0.002599999999999991,0.3846,0.5,-0.1154,3.3835,3.5819,1.594,5,0,5,1.0,0,0
2016/2017_Gi Gr_Kioen_7Round,4,0.75,0.3846,0.4286,-0.043999999999999984,0.4885,0.4911,-0.002599999999999991,0.3846,0.5,-0.1154,3.3835,3.5819,1.594,5,1,4,0.0,0,1
2016/2017_Gi Gr_Lube_1Round,1,0.0,0.5,0.5,0.0,0.5,0.5,0.0,0.5,0.5,0.0,3.4986,3.4986,-2.055,0,0,0,0.5,0,0
2016/2017_Gi Gr_Lube_1Round,1,0.0,0.5,0.5,0.0,0.5,0.5,0.0,0.5,0.5,0.0,3.4986,3.4986,-2.055,0,1,-1,0.0,0,1
2016/2017_Gi Gr_Lube_1Round,2,0.25,0.5,0.5,0.0,0.5,0.5,0.0,0.5,0.5,0.0,3.4986,3.4986,-2.055,1,1,0,1.0,0,0
2016/2017_Gi Gr_Lube_1Round,2,0.25,0.5,0.5,0.0,0.5,0.5,0.0,0.5,0.5,0.0,3.4986,3.4986,-2.055,1,2,-1,0.0,0,1
2016/2017_Gi Gr_Lube_1Round,3,0.5,0.5,0.5,0.0,0.5,0.5,0.0,0.5,0.5,0.0,3.4986,3.4986,-2.055,2,2,0,1.0,0,0
2016/2017_Gi Gr_Lube_1Round,3,0.5,0.5,0.5,0.0,0.5,0.5,0.0,0.5,0.5,0.0,3.4986,3.4986,-2.055,2,3,-1,0.0,0,1
2016/2017_Gi Gr_Milan_3Round,1,0.0,0.4545,0.5455,-0.09099999999999997,0.5,0.5051,-0.005099999999999993,0.4545,0.5455,-0.09099999999999997,3.4533,3.6351,-0.782,0,0,0,0.5,0,1
2016/2017_Gi Gr_Milan_3Round,1,0.0,0.4545,0.5455,-0.09099999999999997,0.5,0.5051,-0.005099999999999993,0.4545,0.5455,-0.09099999999999997,3.4533,3.6351,-0.782,1,0,1,1.0,0,0
2016/2017_Gi Gr_Milan_3Round,2,0.25,0.4545,0.5455,-0.09099999999999997,0.5,0.5051,-0.005099999999999993,0.4545,0.5455,-0.09099999999999997,3.4533,3.6351,-0.782,1,1,0,0.0,0,1
2016/2017_Gi Gr_Milan_3Round,2,0.25,0.4545,0.5455,-0.09099999999999997,0.5,0.5051,-0.005099999999999993,0.4545,0.5455,-0.09099999999999997,3.4533,3.6351,-0.782,2,1,1,1.0,0,0
2016/2017_Gi Gr_Milan_3Round,3,0.5,0.4545,0.5455,-0.09099999999999997,0.5,0.5051,-0.005099999999999993,0.4545,0.5455,-0.09099999999999997,3.4533,3.6351,-0.782,2,2,0,0.0,0,1
2016/2017_Gi Gr_Milan_3Round,3,0.5,0.4545,0.5455,-0.09099999999999997,0.5,0.5051,-0.005099999999999993,0.4545,0.5455,-0.09099999999999997,3.4533,3.6351,-0.782,3,2,1,1.0,0,0
2016/2017_Gi Gr_Sir S_10Round,1,0.0,0.4667,0.5714,-0.10470000000000002,0.5278,0.487,0.04080000000000006,0.4286,0.5714,-0.14280000000000004,3.8424,3.6616,0.765,0,0,0,0.5,0,0
2016/2017_Gi Gr_Sir S_10Round,1,0.0,0.4667,0.5714,-0.10470000000000002,0.5278,0.487,0.04080000000000006,0.4286,0.5714,-0.14280000000000004,3.8424,3.6616,0.765,0,1,-1,0.0,0,1
2016/2017_Gi Gr_Sir S_10Round,2,0.25,0.4667,0.5714,-0.10470000000000002,0.5278,0.487,0.04080000000000006,0.4286,0.5714,-0.14280000000000004,3.8424,3.6616,0.765,1,1,0,1.0,0,0
2016/2017_Gi Gr_Sir S_10Round,2,0.25,0.4667,0.5714,-0.10470000000000002,0.5278,0.487,0.04080000000000006,0.4286,0.5714,-0.14280000000000004,3.8424,3.6616,0.765,1,2,-1,0.0,0,0
2016/2017_Gi Gr_Sir S_10Round,3,0.5,0.4667,0.5714,-0.10470000000000002,0.5278,0.487,0.04080000000000006,0.4286,0.5714,-0.14280000000000004,3.8424,3.6616,0.765,1,3,-2,0.0,0,0
2016/2017_Gi Gr_Sir S_10Round,3,0.5,0.4667,0.5714,-0.10470000000000002,0.5278,0.487,0.04080000000000006,0.4286,0.5714,-0.14280000000000004,3.8424,3.6616,0.765,1,4,-3,0.0,0,1
2016/2017_Gi Gr_Sir S_10Round,4,0.75,0.4667,0.5714,-0.10470000000000002,0.5278,0.487,0.04080000000000006,0.4286,0.5714,-0.14280000000000004,3.8424,3.6616,0.765,2,4,-2,1.0,0,1
2016/2017_Gi Gr_Veron_4Round,1,0.0,0.4167,0.5,-0.08329999999999999,0.5,0.5,0.0,0.4167,0.5,-0.08329999999999999,3.4155,3.4986,-0.732,0,0,0,0.5,0,0
2016/2017_Gi Gr_Veron_4Round,1,0.0,0.4167,0.5,-0.08329999999999999,0.5,0.5,0.0,0.4167,0.5,-0.08329999999999999,3.4155,3.4986,-0.732,0,1,-1,0.0,0,1
2016/2017_Gi Gr_Veron_4Round,2,0.25,0.4167,0.5,-0.08329999999999999,0.5,0.5,0.0,0.4167,0.5,-0.08329999999999999,3.4155,3.4986,-0.732,1,1,0,1.0,0,0
2016/2017_Gi Gr_Veron_4Round,2,0.25,0.4167,0.5,-0.08329999999999999,0.5,0.5,0.0,0.4167,0.5,-0.08329999999999999,3.4155,3.4986,-0.732,1,2,-1,0.0,0,0
2016/2017_Gi Gr_Veron_4Round,3,0.5,0.4167,0.5,-0.08329999999999999,0.5,0.5,0.0,0.4167,0.5,-0.08329999999999999,3.4155,3.4986,-0.732,1,3,-2,0.0,0,0
2016/2017_Gi Gr_Veron_4Round,3,0.5,0.4167,0.5,-0.08329999999999999,0.5,0.5,0.0,0.4167,0.5,-0.08329999999999999,3.4155,3.4986,-0.732,1,4,-3,0.0,0,1
2016/2017_Gi Gr_Veron_4Round,4,0.75,0.4167,0.5,-0.08329999999999999,0.5,0.5,0.0,0.4167,0.5,-0.08329999999999999,3.4155,3.4986,-0.732,2,4,-2,1.0,0,0
2016/2017_Gi Gr_Veron_4Round,5,1.0,0.4167,0.5,-0.08329999999999999,0.5,0.5,0.0,0.4167,0.5,-0.08329999999999999,3.4155,3.4986,-0.732,2,5,-3,0.0,1,1
2016/2017_Kioen_Lube_6Round,1,0.0,0.4615,0.5,-0.03849999999999998,0.495,0.5,-0.0050000000000000044,0.4545,0.5455,-0.09099999999999997,3.5451,3.4155,-2.412,0,0,0,0.5,0,0
2016/2017_Kioen_Lube_6Round,1,0.0,0.4615,0.5,-0.03849999999999998,0.495,0.5,-0.0050000000000000044,0.4545,0.5455,-0.09099999999999997,3.5451,3.4155,-2.412,0,1,-1,0.0,0,0
2016/2017_Kioen_Lube_6Round,2,0.25,0.4615,0.5,-0.03849999999999998,0.495,0.5,-0.0050000000000000044,0.4545,0.5455,-0.09099999999999997,3.5451,3.4155,-2.412,0,2,-2,0.0,0,1
2016/2017_Kioen_Lube_6Round,2,0.25,0.4615,0.5,-0.03849999999999998,0.495,0.5,-0.0050000000000000044,0.4545,0.5455,-0.09099999999999997,3.5451,3.4155,-2.412,1,2,-1,1.0,0,1
2016/2017_Kioen_Lube_6Round,3,0.5,0.4615,0.5,-0.03849999999999998,0.495,0.5,-0.0050000000000000044,0.4545,0.5455,-0.09099999999999997,3.5451,3.4155,-2.412,2,2,0,1.0,0,0
2016/2017_Kioen_Lube_6Round,3,0.5,0.4615,0.5,-0.03849999999999998,0.495,0.5,-0.0050000000000000044,0.4545,0.5455,-0.09099999999999997,3.5451,3.4155,-2.412,2,3,-1,0.0,0,0
2016/2017_Kioen_Lube_6Round,4,0.75,0.4615,0.5,-0.03849999999999998,0.495,0.5,-0.0050000000000000044,0.4545,0.5455,-0.09099999999999997,3.5451,3.4155,-2.412,2,4,-2,0.0,0,0
2016/2017_Kioen_Lube_6Round,4,0.75,0.4615,0.5,-0.03849999999999998,0.495,0.5,-0.0050000000000000044,0.4545,0.5455,-0.09099999999999997,3.5451,3.4155,-2.412,2,5,-3,0.0,0,1
2016/2017_Kioen_Lube_6Round,5,1.0,0.4615,0.5,-0.03849999999999998,0.495,0.5,-0.0050000000000000044,0.4545,0.5455,-0.09099999999999997,3.5451,3.4155,-2.412,3,5,-2,1.0,1,1
2016/2017_Kioen_Milan_9Round,1,0.0,0.4,0.6,-0.19999999999999996,0.4701,0.5,-0.029899999999999982,0.4167,0.6429,-0.2262,3.3167,3.4925,-1.51,0,0,0,0.5,0,1
2016/2017_Kioen_Milan_9Round,1,0.0,0.4,0.6,-0.19999999999999996,0.4701,0.5,-0.029899999999999982,0.4167,0.6429,-0.2262,3.3167,3.4925,-1.51,1,0,1,1.0,0,1
2016/2017_Kioen_Milan_9Round,2,0.25,0.4,0.6,-0.19999999999999996,0.4701,0.5,-0.029899999999999982,0.4167,0.6429,-0.2262,3.3167,3.4925,-1.51,2,0,2,1.0,0,1
2016/2017_Kioen_Milan_9Round,2,0.25,0.4,0.6,-0.19999999999999996,0.4701,0.5,-0.029899999999999982,0.4167,0.6429,-0.2262,3.3167,3.4925,-1.51,3,0,3,1.0,0,0
2016/2017_Kioen_Milan_9Round,3,0.5,0.4,0.6,-0.19999999999999996,0.4701,0.5,-0.029899999999999982,0.4167,0.6429,-0.2262,3.3167,3.4925,-1.51,3,1,2,0.0,0,0
2016/2017_Kioen_Milan_9Round,3,0.5,0.4,0.6,-0.19999999999999996,0.4701,0.5,-0.029899999999999982,0.4167,0.6429,-0.2262,3.3167,3.4925,-1.51,3,2,1,0.0,0,1
2016/2017_Kioen_Milan_9Round,4,0.75,0.4,0.6,-0.19999999999999996,0.4701,0.5,-0.029899999999999982,0.4167,0.6429,-0.2262,3.3167,3.4925,-1.51,4,2,2,1.0,0,1
2016/2017_Kioen_Milan_9Round,4,0.75,0.4,0.6,-0.19999999999999996,0.4701,0.5,-0.029899999999999982,0.4167,0.6429,-0.2262,3.3167,3.4925,-1.51,5,2,3,1.0,0,1
2016/2017_Kioen_Sir S_2Round,1,0.0,0.5,0.5,0.0,0.5,0.5,0.0,0.5,0.5,0.0,3.4986,3.4986,-2.853,0,0,0,0.5,0,1
2016/2017_Kioen_Sir S_2Round,1,0.0,0.5,0.5,0.0,0.5,0.5,0.0,0.5,0.5,0.0,3.4986,3.4986,-2.853,1,0,1,1.0,0,0
2016/2017_Kioen_Sir S_2Round,2,0.25,0.5,0.5,0.0,0.5,0.5,0.0,0.5,0.5,0.0,3.4986,3.4986,-2.853,1,1,0,0.0,0,1
2016/2017_Kioen_Sir S_2Round,2,0.25,0.5,0.5,0.0,0.5,0.5,0.0,0.5,0.5,0.0,3.4986,3.4986,-2.853,2,1,1,1.0,0,0
2016/2017_Kioen_Sir S_2Round,3,0.5,0.5,0.5,0.0,0.5,0.5,0.0,0.5,0.5,0.0,3.4986,3.4986,-2.853,2,2,0,0.0,0,1
2016/2017_Kioen_Sir S_2Round,3,0.5,0.5,0.5,0.0,0.5,0.5,0.0,0.5,0.5,0.0,3.4986,3.4986,-2.853,3,2,1,1.0,0,0
2016/2017_Kioen_Sir S_2Round,4,0.75,0.5,0.5,0.0,0.5,0.5,0.0,0.5,0.5,0.0,3.4986,3.4986,-2.853,3,3,0,0.0,0,0
2016/2017_Kioen_Sir S_2Round,4,0.75,0.5,0.5,0.0,0.5,0.5,0.0,0.5,0.5,0.0,3.4986,3.4986,-2.853,3,4,-1,0.0,0,1
2016/2017_Kioen_Veron_13Round,1,0.0,0.4375,0.5625,-0.125,0.488,0.4771,0.010899999999999965,0.4615,0.5333,-0.07179999999999997,3.6368,3.3489,-0.431,0,0,0,0.5,0,0
2016/2017_Kioen_Veron_13Round,1,0.0,0.4375,0.5625,-0.125,0.488,0.4771,0.010899999999999965,0.4615,0.5333,-0.07179999999999997,3.6368,3.3489,-0.431,0,1,-1,0.0,0,1
2016/2017_Kioen_Veron_13Round,2,0.25,0.4375,0.5625,-0.125,0.488,0.4771,0.010899999999999965,0.4615,0.5333,-0.07179999999999997,3.6368,3.3489,-0.431,1,1,0,1.0,0,0
2016/2017_Kioen_Veron_13Round,2,0.25,0.4375,0.5625,-0.125,0.488,0.4771,0.010899999999999965,0.4615,0.5333,-0.07179999999999997,3.6368,3.3489,-0.431,1,2,-1,0.0,0,1
2016/2017_Kioen_Veron_13Round,3,0.5,0.4375,0.5625,-0.125,0.488,0.4771,0.010899999999999965,0.4615,0.5333,-0.07179999999999997,3.6368,3.3489,-0.431,2,2,0,1.0,0,0
2016/2017_Kioen_Veron_13Round,3,0.5,0.4375,0.5625,-0.125,0.488,0.4771,0.010899999999999965,0.4615,0.5333,-0.07179999999999997,3.6368,3.3489,-0.431,2,3,-1,0.0,0,1
2016/2017_Lube_Milan_5Round,1,0.0,0.5455,0.5833,-0.037800000000000056,0.5,0.5056,-0.005600000000000049,0.5,0.5833,-0.08330000000000004,3.4533,3.6488,0.786,0,0,0,0.5,0,1
2016/2017_Lube_Milan_5Round,1,0.0,0.5455,0.5833,-0.037800000000000056,0.5,0.5056,-0.005600000000000049,0.5,0.5833,-0.08330000000000004,3.4533,3.6488,0.786,1,0,1,1.0,0,0
2016/2017_Lube_Milan_5Round,2,0.25,0.5455,0.5833,-0.037800000000000056,0.5,0.5056,-0.005600000000000049,0.5,0.5833,-0.08330000000000004,3.4533,3.6488,0.786,1,1,0,0.0,0,1
2016/2017_Lube_Milan_5Round,2,0.25,0.5455,0.5833,-0.037800000000000056,0.5,0.5056,-0.005600000000000049,0.5,0.5833,-0.08330000000000004,3.4533,3.6488,0.786,2,1,1,1.0,0,0
2016/2017_Lube_Milan_5Round,3,0.5,0.5455,0.5833,-0.037800000000000056,0.5,0.5056,-0.005600000000000049,0.5,0.5833,-0.08330000000000004,3.4533,3.6488,0.786,2,2,0,0.0,0,1
2016/2017_Lube_Milan_5Round,3,0.5,0.5455,0.5833,-0.037800000000000056,0.5,0.5056,-0.005600000000000049,0.5,0.5833,-0.08330000000000004,3.4533,3.6488,0.786,3,2,1,1.0,0,0
2016/2017_Lube_Sir S_8Round,1,0.0,0.5385,0.5385,0.0,0.5055,0.4808,0.024699999999999944,0.4545,0.5385,-0.08399999999999996,3.522,3.5382,-0.727,0,0,0,0.5,0,0
2016/2017_Lube_Sir S_8Round,1,0.0,0.5385,0.5385,0.0,0.5055,0.4808,0.024699999999999944,0.4545,0.5385,-0.08399999999999996,3.522,3.5382,-0.727,0,1,-1,0.0,0,0
2016/2017_Lube_Sir S_8Round,2,0.25,0.5385,0.5385,0.0,0.5055,0.4808,0.024699999999999944,0.4545,0.5385,-0.08399999999999996,3.522,3.5382,-0.727,0,2,-2,0.0,0,0
2016/2017_Lube_Sir S_8Round,2,0.25,0.5385,0.5385,0.0,0.5055,0.4808,0.024699999999999944,0.4545,0.5385,-0.08399999999999996,3.522,3.5382,-0.727,0,3,-3,0.0,0,0
2016/2017_Lube_Sir S_8Round,3,0.5,0.5385,0.5385,0.0,0.5055,0.4808,0.024699999999999944,0.4545,0.5385,-0.08399999999999996,3.522,3.5382,-0.727,0,4,-4,0.0,0,1
2016/2017_Lube_Sir S_8Round,3,0.5,0.5385,0.5385,0.0,0.5055,0.4808,0.024699999999999944,0.4545,0.5385,-0.08399999999999996,3.522,3.5382,-0.727,1,4,-3,1.0,0,1
2016/2017_Lube_Sir S_8Round,4,0.75,0.5385,0.5385,0.0,0.5055,0.4808,0.024699999999999944,0.4545,0.5385,-0.08399999999999996,3.522,3.5382,-0.727,2,4,-2,1.0,0,1
2016/2017_Lube_Sir S_8Round,4,0.75,0.5385,0.5385,0.0,0.5055,0.4808,0.024699999999999944,0.4545,0.5385,-0.08399999999999996,3.522,3.5382,-0.727,3,4,-1,1.0,0,0
2016/2017_Lube_Sir S_8Round,5,1.0,0.5385,0.5385,0.0,0.5055,0.4808,0.024699999999999944,0.4545,0.5385,-0.08399999999999996,3.522,3.5382,-0.727,3,5,-2,0.0,1,1
2016/2017_Lube_Veron_11Round,1,0.0,0.4667,0.5714,-0.10470000000000002,0.4775,0.4841,-0.006599999999999995,0.4167,0.5714,-0.1547,3.3004,3.4141,2.657,0,0,0,0.5,0,1
2016/2017_Lube_Veron_11Round,1,0.0,0.4667,0.5714,-0.10470000000000002,0.4775,0.4841,-0.006599999999999995,0.4167,0.5714,-0.1547,3.3004,3.4141,2.657,1,0,1,1.0,0,0
2016/2017_Lube_Veron_11Round,2,0.25,0.4667,0.5714,-0.10470000000000002,0.4775,0.4841,-0.006599999999999995,0.4167,0.5714,-0.1547,3.3004,3.4141,2.657,1,1,0,0.0,0,1
2016/2017_Lube_Veron_11Round,2,0.25,0.4667,0.5714,-0.10470000000000002,0.4775,0.4841,-0.006599999999999995,0.4167,0.5714,-0.1547,3.3004,3.4141,2.657,2,1,1,1.0,0,0
2016/2017_Lube_Veron_11Round,3,0.5,0.4667,0.5714,-0.10470000000000002,0.4775,0.4841,-0.006599999999999995,0.4167,0.5714,-0.1547,3.3004,3.4141,2.657,2,2,0,0.0,0,1
2016/2017_Lube_Veron_11Round,3,0.5,0.4667,0.5714,-0.10470000000000002,0.4775,0.4841,-0.006599999999999995,0.4167,0.5714,-0.1547,3.3004,3.4141,2.657,3,2,1,1.0,0,1
2016/2017_Lube_Veron_11Round,4,0.75,0.4667,0.5714,-0.10470000000000002,0.4775,0.4841,-0.006599999999999995,0.4167,0.5714,-0.1547,3.3004,3.4141,2.657,4,2,2,1.0,0,1
2016/2017_Lube_Veron_11Round,5,1.0,0.4667,0.5714,-0.10470000000000002,0.4775,0.4841,-0.006599999999999995,0.4167,0.5714,-0.1547,3.3004,3.4141,2.657,5,2,3,1.0,1,0
2016/2017_Milan_Sir S_13Round,1,0.0,0.5625,0.5625,0.0,0.4821,0.4918,-0.009700000000000042,0.4545,0.6,-0.14549999999999996,3.3252,3.5868,-2.147,0,0,0,0.5,0,0
2016/2017_Milan_Sir S_13Round,1,0.0,0.5625,0.5625,0.0,0.4821,0.4918,-0.009700000000000042,0.4545,0.6,-0.14549999999999996,3.3252,3.5868,-2.147,0,1,-1,0.0,0,1
2016/2017_Milan_Sir S_13Round,2,0.25,0.5625,0.5625,0.0,0.4821,0.4918,-0.009700000000000042,0.4545,0.6,-0.14549999999999996,3.3252,3.5868,-2.147,1,1,0,1.0,0,0
2016/2017_Milan_Sir S_13Round,2,0.25,0.5625,0.5625,0.0,0.4821,0.4918,-0.009700000000000042,0.4545,0.6,-0.14549999999999996,3.3252,3.5868,-2.147,1,2,-1,0.0,0,1
2016/2017_Milan_Sir S_13Round,3,0.5,0.5625,0.5625,0.0,0.4821,0.4918,-0.009700000000000042,0.4545,0.6,-0.14549999999999996,3.3252,3.5868,-2.147,2,2,0,1.0,0,0
2016/2017_Milan_Sir S_13Round,3,0.5,0.5625,0.5625,0.0,0.4821,0.4918,-0.009700000000000042,0.4545,0.6,-0.14549999999999996,3.3252,3.5868,-2.147,2,3,-1,0.0,0,1
2016/2017_Milan_Veron_7Round,1,0.0,0.6154,0.5455,0.06989999999999996,0.5055,0.5114,-0.005900000000000016,0.5,0.5455,-0.045499999999999985,3.6097,3.6351,-1.075,0,0,0,0.5,0,0
2016/2017_Milan_Veron_7Round,1,0.0,0.6154,0.5455,0.06989999999999996,0.5055,0.5114,-0.005900000000000016,0.5,0.5455,-0.045499999999999985,3.6097,3.6351,-1.075,0,1,-1,0.0,0,0
2016/2017_Milan_Veron_7Round,2,0.25,0.6154,0.5455,0.06989999999999996,0.5055,0.5114,-0.005900000000000016,0.5,0.5455,-0.045499999999999985,3.6097,3.6351,-1.075,0,2,-2,0.0,0,0
2016/2017_Milan_Veron_7Round,2,0.25,0.6154,0.5455,0.06989999999999996,0.5055,0.5114,-0.005900000000000016,0.5,0.5455,-0.045499999999999985,3.6097,3.6351,-1.075,0,3,-3,0.0,0,1
2016/2017_Milan_Veron_7Round,3,0.5,0.6154,0.5455,0.06989999999999996,0.5055,0.5114,-0.005900000000000016,0.5,0.5455,-0.045499999999999985,3.6097,3.6351,-1.075,1,3,-2,1.0,0,0
2016/2017_Milan_Veron_7Round,3,0.5,0.6154,0.5455,0.06989999999999996,0.5055,0.5114,-0.005900000000000016,0.5,0.5455,-0.045499999999999985,3.6097,3.6351,-1.075,1,4,-3,0.0,0,1
2016/2017_Milan_Veron_7Round,4,0.75,0.6154,0.5455,0.06989999999999996,0.5055,0.5114,-0.005900000000000016,0.5,0.5455,-0.045499999999999985,3.6097,3.6351,-1.075,2,4,-2,1.0,0,1
2016/2017_Sir S_Veron_12Round,1,0.0,0.6,0.5333,0.06669999999999998,0.4917,0.4762,0.015500000000000014,0.5,0.5333,-0.033299999999999996,3.6818,3.3798,2.069,0,0,0,0.5,0,1
2016/2017_Sir S_Veron_12Round,1,0.0,0.6,0.5333,0.06669999999999998,0.4917,0.4762,0.015500000000000014,0.5,0.5333,-0.033299999999999996,3.6818,3.3798,2.069,1,0,1,1.0,0,0
2016/2017_Sir S_Veron_12Round,2,0.25,0.6,0.5333,0.06669999999999998,0.4917,0.4762,0.015500000000000014,0.5,0.5333,-0.033299999999999996,3.6818,3.3798,2.069,1,1,0,0.0,0,1
2016/2017_Sir S_Veron_12Round,2,0.25,0.6,0.5333,0.06669999999999998,0.4917,0.4762,0.015500000000000014,0.5,0.5333,-0.033299999999999996,3.6818,3.3798,2.069,2,1,1,1.0,0,0
2016/2017_Sir S_Veron_12Round,3,0.5,0.6,0.5333,0.06669999999999998,0.4917,0.4762,0.015500000000000014,0.5,0.5333,-0.033299999999999996,3.6818,3.3798,2.069,2,2,0,0.0,0,1
2016/2017_Sir S_Veron_12Round,3,0.5,0.6,0.5333,0.06669999999999998,0.4917,0.4762,0.015500000000000014,0.5,0.5333,-0.033299999999999996,3.6818,3.3798,2.069,3,2,1,1.0,0,0
2017/2018_Azimu_Diate_10Round,1,0.0,0.55,0.4545,0.09550000000000003,0.5285,0.5031,0.025399999999999978,0.6,0.4545,0.14549999999999996,3.8951,3.3443,-1.922,0,0,0,0.5,0,1
2017/2018_Azimu_Diate_10Round,1,0.0,0.55,0.4545,0.09550000000000003,0.5285,0.5031,0.025399999999999978,0.6,0.4545,0.14549999999999996,3.8951,3.3443,-1.922,1,0,1,1.0,0,0
2017/2018_Azimu_Diate_10Round,2,0.25,0.55,0.4545,0.09550000000000003,0.5285,0.5031,0.025399999999999978,0.6,0.4545,0.14549999999999996,3.8951,3.3443,-1.922,1,1,0,0.0,0,1
2017/2018_Azimu_Diate_10Round,2,0.25,0.55,0.4545,0.09550000000000003,0.5285,0.5031,0.025399999999999978,0.6,0.4545,0.14549999999999996,3.8951,3.3443,-1.922,2,1,1,1.0,0,0
2017/2018_Azimu_Diate_10Round,3,0.5,0.55,0.4545,0.09550000000000003,0.5285,0.5031,0.025399999999999978,0.6,0.4545,0.14549999999999996,3.8951,3.3443,-1.922,2,2,0,0.0,0,0
2017/2018_Azimu_Diate_10Round,3,0.5,0.55,0.4545,0.09550000000000003,0.5285,0.5031,0.025399999999999978,0.6,0.4545,0.14549999999999996,3.8951,3.3443,-1.922,2,3,-1,0.0,0,0
2017/2018_Azimu_Diate_10Round,4,0.75,0.55,0.4545,0.09550000000000003,0.5285,0.5031,0.025399999999999978,0.6,0.4545,0.14549999999999996,3.8951,3.3443,-1.922,2,4,-2,0.0,0,1
2017/2018_Azimu_Diate_10Round,4,0.75,0.55,0.4545,0.09550000000000003,0.5285,0.5031,0.025399999999999978,0.6,0.4545,0.14549999999999996,3.8951,3.3443,-1.922,3,4,-1,1.0,0,1
2017/2018_Azimu_Diate_10Round,5,1.0,0.55,0.4545,0.09550000000000003,0.5285,0.5031,0.025399999999999978,0.6,0.4545,0.14549999999999996,3.8951,3.3443,-1.922,4,4,0,1.0,1,0
2017/2018_Azimu_Diate_10Round,5,1.0,0.55,0.4545,0.09550000000000003,0.5285,0.5031,0.025399999999999978,0.6,0.4545,0.14549999999999996,3.8951,3.3443,-1.922,4,5,-1,0.0,1,1
2017/2018_Azimu_Gi Gr_3Round,1,0.0,0.5,0.4444,0.05559999999999998,0.5359,0.5264,0.009500000000000064,0.5333,0.5833,-0.050000000000000044,4.0281,3.8302,-1.565,0,0,0,0.5,0,1
2017/2018_Azimu_Gi Gr_3Round,1,0.0,0.5,0.4444,0.05559999999999998,0.5359,0.5264,0.009500000000000064,0.5333,0.5833,-0.050000000000000044,4.0281,3.8302,-1.565,1,0,1,1.0,0,0
2017/2018_Azimu_Gi Gr_3Round,2,0.25,0.5,0.4444,0.05559999999999998,0.5359,0.5264,0.009500000000000064,0.5333,0.5833,-0.050000000000000044,4.0281,3.8302,-1.565,1,1,0,0.0,0,1
2017/2018_Azimu_Gi Gr_3Round,2,0.25,0.5,0.4444,0.05559999999999998,0.5359,0.5264,0.009500000000000064,0.5333,0.5833,-0.050000000000000044,4.0281,3.8302,-1.565,2,1,1,1.0,0,1
2017/2018_Azimu_Gi Gr_3Round,3,0.5,0.5,0.4444,0.05559999999999998,0.5359,0.5264,0.009500000000000064,0.5333,0.5833,-0.050000000000000044,4.0281,3.8302,-1.565,3,1,2,1.0,0,1
2017/2018_Azimu_Gi Gr_3Round,3,0.5,0.5,0.4444,0.05559999999999998,0.5359,0.5264,0.009500000000000064,0.5333,0.5833,-0.050000000000000044,4.0281,3.8302,-1.565,4,1,3,1.0,0,0
2017/2018_Azimu_Gi Gr_3Round,4,0.75,0.5,0.4444,0.05559999999999998,0.5359,0.5264,0.009500000000000064,0.5333,0.5833,-0.050000000000000044,4.0281,3.8302,-1.565,4,2,2,0.0,0,1
2017/2018_Azimu_Gi Gr_3Round,5,1.0,0.5,0.4444,0.05559999999999998,0.5359,0.5264,0.009500000000000064,0.5333,0.5833,-0.050000000000000044,4.0281,3.8302,-1.565,5,2,3,1.0,1,0
2017/2018_Azimu_Kioen_13Round,1,0.0,0.5,0.3913,0.10870000000000002,0.5197,0.4769,0.04280000000000006,0.4667,0.4,0.06669999999999998,3.8009,3.3189,2.49,0,0,0,0.5,0,0
2017/2018_Azimu_Kioen_13Round,1,0.0,0.5,0.3913,0.10870000000000002,0.5197,0.4769,0.04280000000000006,0.4667,0.4,0.06669999999999998,3.8009,3.3189,2.49,0,1,-1,0.0,0,0
2017/2018_Azimu_Kioen_13Round,2,0.25,0.5,0.3913,0.10870000000000002,0.5197,0.4769,0.04280000000000006,0.4667,0.4,0.06669999999999998,3.8009,3.3189,2.49,0,2,-2,0.0,0,1
2017/2018_Azimu_Kioen_13Round,2,0.25,0.5,0.3913,0.10870000000000002,0.5197,0.4769,0.04280000000000006,0.4667,0.4,0.06669999999999998,3.8009,3.3189,2.49,1,2,-1,1.0,0,0
2017/2018_Azimu_Kioen_13Round,3,0.5,0.5,0.3913,0.10870000000000002,0.5197,0.4769,0.04280000000000006,0.4667,0.4,0.06669999999999998,3.8009,3.3189,2.49,1,3,-2,0.0,0,0
2017/2018_Azimu_Kioen_13Round,3,0.5,0.5,0.3913,0.10870000000000002,0.5197,0.4769,0.04280000000000006,0.4667,0.4,0.06669999999999998,3.8009,3.3189,2.49,1,4,-3,0.0,0,1
2017/2018_Azimu_Kioen_13Round,4,0.75,0.5,0.3913,0.10870000000000002,0.5197,0.4769,0.04280000000000006,0.4667,0.4,0.06669999999999998,3.8009,3.3189,2.49,2,4,-2,1.0,0,0
2017/2018_Azimu_Kioen_13Round,4,0.75,0.5,0.3913,0.10870000000000002,0.5197,0.4769,0.04280000000000006,0.4667,0.4,0.06669999999999998,3.8009,3.3189,2.49,2,5,-3,0.0,0,0
2017/2018_Azimu_Lube_6Round,1,0.0,0.5556,0.4211,0.1345,0.543,0.476,0.06700000000000006,0.6,0.4667,0.13329999999999997,4.0131,3.4485,-0.645,0,0,0,0.5,0,1
2017/2018_Azimu_Lube_6Round,1,0.0,0.5556,0.4211,0.1345,0.543,0.476,0.06700000000000006,0.6,0.4667,0.13329999999999997,4.0131,3.4485,-0.645,1,0,1,1.0,0,0
2017/2018_Azimu_Lube_6Round,2,0.25,0.5556,0.4211,0.1345,0.543,0.476,0.06700000000000006,0.6,0.4667,0.13329999999999997,4.0131,3.4485,-0.645,1,1,0,0.0,0,0
2017/2018_Azimu_Lube_6Round,2,0.25,0.5556,0.4211,0.1345,0.543,0.476,0.06700000000000006,0.6,0.4667,0.13329999999999997,4.0131,3.4485,-0.645,1,2,-1,0.0,0,0
2017/2018_Azimu_Lube_6Round,3,0.5,0.5556,0.4211,0.1345,0.543,0.476,0.06700000000000006,0.6,0.4667,0.13329999999999997,4.0131,3.4485,-0.645,1,3,-2,0.0,0,0
2017/2018_Azimu_Lube_6Round,3,0.5,0.5556,0.4211,0.1345,0.543,0.476,0.06700000000000006,0.6,0.4667,0.13329999999999997,4.0131,3.4485,-0.645,1,4,-3,0.0,0,0
2017/2018_Azimu_Lube_6Round,4,0.75,0.5556,0.4211,0.1345,0.543,0.476,0.06700000000000006,0.6,0.4667,0.13329999999999997,4.0131,3.4485,-0.645,1,5,-4,0.0,0,0
2017/2018_Azimu_Milan_8Round,1,0.0,0.5263,0.619,-0.0927,0.524,0.4968,0.027200000000000002,0.6,0.6,0.0,3.5274,3.7465,-0.755,0,0,0,0.5,0,1
2017/2018_Azimu_Milan_8Round,1,0.0,0.5263,0.619,-0.0927,0.524,0.4968,0.027200000000000002,0.6,0.6,0.0,3.5274,3.7465,-0.755,1,0,1,1.0,0,0
2017/2018_Azimu_Milan_8Round,2,0.25,0.5263,0.619,-0.0927,0.524,0.4968,0.027200000000000002,0.6,0.6,0.0,3.5274,3.7465,-0.755,1,1,0,0.0,0,1
2017/2018_Azimu_Milan_8Round,2,0.25,0.5263,0.619,-0.0927,0.524,0.4968,0.027200000000000002,0.6,0.6,0.0,3.5274,3.7465,-0.755,2,1,1,1.0,0,0
2017/2018_Azimu_Milan_8Round,3,0.5,0.5263,0.619,-0.0927,0.524,0.4968,0.027200000000000002,0.6,0.6,0.0,3.5274,3.7465,-0.755,2,2,0,0.0,0,0
2017/2018_Azimu_Milan_8Round,3,0.5,0.5263,0.619,-0.0927,0.524,0.4968,0.027200000000000002,0.6,0.6,0.0,3.5274,3.7465,-0.755,2,3,-1,0.0,0,1
2017/2018_Azimu_Milan_8Round,4,0.75,0.5263,0.619,-0.0927,0.524,0.4968,0.027200000000000002,0.6,0.6,0.0,3.5274,3.7465,-0.755,3,3,0,1.0,0,0
2017/2018_Azimu_Milan_8Round,4,0.75,0.5263,0.619,-0.0927,0.524,0.4968,0.027200000000000002,0.6,0.6,0.0,3.5274,3.7465,-0.755,3,4,-1,0.0,0,1
2017/2018_Azimu_Milan_8Round,5,1.0,0.5263,0.619,-0.0927,0.524,0.4968,0.027200000000000002,0.6,0.6,0.0,3.5274,3.7465,-0.755,4,4,0,1.0,1,1
2017/2018_Azimu_Milan_8Round,5,1.0,0.5263,0.619,-0.0927,0.524,0.4968,0.027200000000000002,0.6,0.6,0.0,3.5274,3.7465,-0.755,5,4,1,1.0,1,1
2017/2018_Azimu_Sir S_12Round,1,0.0,0.5238,0.5217,0.0020999999999999908,0.5265,0.4693,0.05719999999999997,0.5333,0.4667,0.06659999999999999,4.0253,2.9118,-2.21,0,0,0,0.5,0,0
2017/2018_Azimu_Sir S_12Round,1,0.0,0.5238,0.5217,0.0020999999999999908,0.5265,0.4693,0.05719999999999997,0.5333,0.4667,0.06659999999999999,4.0253,2.9118,-2.21,0,1,-1,0.0,0,0
2017/2018_Azimu_Sir S_12Round,2,0.25,0.5238,0.5217,0.0020999999999999908,0.5265,0.4693,0.05719999999999997,0.5333,0.4667,0.06659999999999999,4.0253,2.9118,-2.21,0,2,-2,0.0,0,0
2017/2018_Azimu_Sir S_12Round,2,0.25,0.5238,0.5217,0.0020999999999999908,0.5265,0.4693,0.05719999999999997,0.5333,0.4667,0.06659999999999999,4.0253,2.9118,-2.21,0,3,-3,0.0,0,1
2017/2018_Azimu_Sir S_12Round,3,0.5,0.5238,0.5217,0.0020999999999999908,0.5265,0.4693,0.05719999999999997,0.5333,0.4667,0.06659999999999999,4.0253,2.9118,-2.21,1,3,-2,1.0,0,0
2017/2018_Azimu_Sir S_12Round,3,0.5,0.5238,0.5217,0.0020999999999999908,0.5265,0.4693,0.05719999999999997,0.5333,0.4667,0.06659999999999999,4.0253,2.9118,-2.21,1,4,-3,0.0,0,1
2017/2018_Azimu_Sir S_12Round,4,0.75,0.5238,0.5217,0.0020999999999999908,0.5265,0.4693,0.05719999999999997,0.5333,0.4667,0.06659999999999999,4.0253,2.9118,-2.21,2,4,-2,1.0,0,0
2017/2018_Azimu_Sir S_12Round,5,1.0,0.5238,0.5217,0.0020999999999999908,0.5265,0.4693,0.05719999999999997,0.5333,0.4667,0.06659999999999999,4.0253,2.9118,-2.21,2,5,-3,0.0,1,1
2017/2018_Azimu_Veron_5Round,1,0.0,0.5294,0.5789,-0.04949999999999999,0.5412,0.4771,0.06409999999999999,0.6,0.5333,0.06669999999999998,4.0911,3.3781,2.0,0,0,0,0.5,0,1
2017/2018_Azimu_Veron_5Round,1,0.0,0.5294,0.5789,-0.04949999999999999,0.5412,0.4771,0.06409999999999999,0.6,0.5333,0.06669999999999998,4.0911,3.3781,2.0,1,0,1,1.0,0,1
2017/2018_Azimu_Veron_5Round,2,0.25,0.5294,0.5789,-0.04949999999999999,0.5412,0.4771,0.06409999999999999,0.6,0.5333,0.06669999999999998,4.0911,3.3781,2.0,2,0,2,1.0,0,1
2017/2018_Azimu_Veron_5Round,2,0.25,0.5294,0.5789,-0.04949999999999999,0.5412,0.4771,0.06409999999999999,0.6,0.5333,0.06669999999999998,4.0911,3.3781,2.0,3,0,3,1.0,0,0
2017/2018_Azimu_Veron_5Round,3,0.5,0.5294,0.5789,-0.04949999999999999,0.5412,0.4771,0.06409999999999999,0.6,0.5333,0.06669999999999998,4.0911,3.3781,2.0,3,1,2,0.0,0,1
2017/2018_Azimu_Veron_5Round,3,0.5,0.5294,0.5789,-0.04949999999999999,0.5412,0.4771,0.06409999999999999,0.6,0.5333,0.06669999999999998,4.0911,3.3781,2.0,4,1,3,1.0,0,0
2017/2018_Azimu_Veron_5Round,4,0.75,0.5294,0.5789,-0.04949999999999999,0.5412,0.4771,0.06409999999999999,0.6,0.5333,0.06669999999999998,4.0911,3.3781,2.0,4,2,2,0.0,0,0
2017/2018_Centr_Emma _4Round,1,0.0,0.5,0.5,0.0,0.5104,0.4881,0.022299999999999986,0.5455,0.5455,0.0,3.7655,3.4155,0.0,0,0,0,0.5,0,0
2017/2018_Centr_Emma _4Round,1,0.0,0.5,0.5,0.0,0.5104,0.4881,0.022299999999999986,0.5455,0.5455,0.0,3.7655,3.4155,0.0,0,1,-1,0.0,0,1
2017/2018_Centr_Emma _4Round,2,0.25,0.5,0.5,0.0,0.5104,0.4881,0.022299999999999986,0.5455,0.5455,0.0,3.7655,3.4155,0.0,1,1,0,1.0,0,0
2017/2018_Centr_Emma _4Round,2,0.25,0.5,0.5,0.0,0.5104,0.4881,0.022299999999999986,0.5455,0.5455,0.0,3.7655,3.4155,0.0,1,2,-1,0.0,0,1
2017/2018_Centr_Emma _4Round,3,0.5,0.5,0.5,0.0,0.5104,0.4881,0.022299999999999986,0.5455,0.5455,0.0,3.7655,3.4155,0.0,2,2,0,1.0,0,0
2017/2018_Centr_Emma _4Round,3,0.5,0.5,0.5,0.0,0.5104,0.4881,0.022299999999999986,0.5455,0.5455,0.0,3.7655,3.4155,0.0,2,3,-1,0.0,0,1
2017/2018_Centr_Geosa_9Round,1,0.0,0.5,0.4286,0.07140000000000002,0.5148,0.4905,0.024300000000000044,0.5385,0.5,0.03849999999999998,3.7359,3.4839,0.0,0,0,0,0.5,0,1
2017/2018_Centr_Geosa_9Round,1,0.0,0.5,0.4286,0.07140000000000002,0.5148,0.4905,0.024300000000000044,0.5385,0.5,0.03849999999999998,3.7359,3.4839,0.0,1,0,1,1.0,0,1
2017/2018_Centr_Geosa_9Round,2,0.25,0.5,0.4286,0.07140000000000002,0.5148,0.4905,0.024300000000000044,0.5385,0.5,0.03849999999999998,3.7359,3.4839,0.0,2,0,2,1.0,0,1
2017/2018_Centr_Geosa_9Round,2,0.25,0.5,0.4286,0.07140000000000002,0.5148,0.4905,0.024300000000000044,0.5385,0.5,0.03849999999999998,3.7359,3.4839,0.0,3,0,3,1.0,0,0
2017/2018_Centr_Geosa_9Round,3,0.5,0.5,0.4286,0.07140000000000002,0.5148,0.4905,0.024300000000000044,0.5385,0.5,0.03849999999999998,3.7359,3.4839,0.0,3,1,2,0.0,0,0
2017/2018_Centr_Geosa_9Round,3,0.5,0.5,0.4286,0.07140000000000002,0.5148,0.4905,0.024300000000000044,0.5385,0.5,0.03849999999999998,3.7359,3.4839,0.0,3,2,1,0.0,0,1
2017/2018_Centr_Geosa_9Round,4,0.75,0.5,0.4286,0.07140000000000002,0.5148,0.4905,0.024300000000000044,0.5385,0.5,0.03849999999999998,3.7359,3.4839,0.0,4,2,2,1.0,0,1
2017/2018_Centr_Geosa_9Round,4,0.75,0.5,0.4286,0.07140000000000002,0.5148,0.4905,0.024300000000000044,0.5385,0.5,0.03849999999999998,3.7359,3.4839,0.0,5,2,3,1.0,0,0
2017/2018_Centr_Geosa_9Round,5,1.0,0.5,0.4286,0.07140000000000002,0.5148,0.4905,0.024300000000000044,0.5385,0.5,0.03849999999999998,3.7359,3.4839,0.0,5,3,2,0.0,1,0
2017/2018_Centr_Pool _5Round,1,0.0,0.4615,0.4615,0.0,0.5105,0.4615,0.04899999999999993,0.5,0.5,0.0,3.7228,3.2935,0.0,0,0,0,0.5,0,1
2017/2018_Centr_Pool _5Round,1,0.0,0.4615,0.4615,0.0,0.5105,0.4615,0.04899999999999993,0.5,0.5,0.0,3.7228,3.2935,0.0,1,0,1,1.0,0,1
2017/2018_Centr_Pool _5Round,2,0.25,0.4615,0.4615,0.0,0.5105,0.4615,0.04899999999999993,0.5,0.5,0.0,3.7228,3.2935,0.0,2,0,2,1.0,0,1
2017/2018_Centr_Pool _5Round,2,0.25,0.4615,0.4615,0.0,0.5105,0.4615,0.04899999999999993,0.5,0.5,0.0,3.7228,3.2935,0.0,3,0,3,1.0,0,0
2017/2018_Centr_Pool _5Round,3,0.5,0.4615,0.4615,0.0,0.5105,0.4615,0.04899999999999993,0.5,0.5,0.0,3.7228,3.2935,0.0,3,1,2,0.0,0,1
2017/2018_Centr_Pool _5Round,3,0.5,0.4615,0.4615,0.0,0.5105,0.4615,0.04899999999999993,0.5,0.5,0.0,3.7228,3.2935,0.0,4,1,3,1.0,0,0
2017/2018_Centr_Pool _5Round,4,0.75,0.4615,0.4615,0.0,0.5105,0.4615,0.04899999999999993,0.5,0.5,0.0,3.7228,3.2935,0.0,4,2,2,0.0,0,0
2017/2018_Diate_Gi Gr_13Round,1,0.0,0.4783,0.4348,0.04349999999999998,0.5029,0.5294,-0.026499999999999968,0.4667,0.5385,-0.07179999999999997,3.6413,3.8726,1.474,0,0,0,0.5,0,0
2017/2018_Diate_Gi Gr_13Round,1,0.0,0.4783,0.4348,0.04349999999999998,0.5029,0.5294,-0.026499999999999968,0.4667,0.5385,-0.07179999999999997,3.6413,3.8726,1.474,0,1,-1,0.0,0,0
2017/2018_Diate_Gi Gr_13Round,2,0.25,0.4783,0.4348,0.04349999999999998,0.5029,0.5294,-0.026499999999999968,0.4667,0.5385,-0.07179999999999997,3.6413,3.8726,1.474,0,2,-2,0.0,0,1
2017/2018_Diate_Gi Gr_13Round,2,0.25,0.4783,0.4348,0.04349999999999998,0.5029,0.5294,-0.026499999999999968,0.4667,0.5385,-0.07179999999999997,3.6413,3.8726,1.474,1,2,-1,1.0,0,1
2017/2018_Diate_Gi Gr_13Round,3,0.5,0.4783,0.4348,0.04349999999999998,0.5029,0.5294,-0.026499999999999968,0.4667,0.5385,-0.07179999999999997,3.6413,3.8726,1.474,2,2,0,1.0,0,1
2017/2018_Diate_Gi Gr_13Round,3,0.5,0.4783,0.4348,0.04349999999999998,0.5029,0.5294,-0.026499999999999968,0.4667,0.5385,-0.07179999999999997,3.6413,3.8726,1.474,3,2,1,1.0,0,1
2017/2018_Diate_Gi Gr_13Round,4,0.75,0.4783,0.4348,0.04349999999999998,0.5029,0.5294,-0.026499999999999968,0.4667,0.5385,-0.07179999999999997,3.6413,3.8726,1.474,4,2,2,1.0,0,1
2017/2018_Diate_Gi Gr_13Round,4,0.75,0.4783,0.4348,0.04349999999999998,0.5029,0.5294,-0.026499999999999968,0.4667,0.5385,-0.07179999999999997,3.6413,3.8726,1.474,5,2,3,1.0,0,0
2017/2018_Diate_Gi Gr_13Round,5,1.0,0.4783,0.4348,0.04349999999999998,0.5029,0.5294,-0.026499999999999968,0.4667,0.5385,-0.07179999999999997,3.6413,3.8726,1.474,5,3,2,0.0,1,1
2017/2018_Diate_Kioen_2Round,1,0.0,0.4444,0.4444,0.0,0.5109,0.4926,0.01830000000000004,0.4,0.4615,-0.0615,3.6025,3.5992,3.0,0,0,0,0.5,0,1
2017/2018_Diate_Kioen_2Round,1,0.0,0.4444,0.4444,0.0,0.5109,0.4926,0.01830000000000004,0.4,0.4615,-0.0615,3.6025,3.5992,3.0,1,0,1,1.0,0,0
2017/2018_Diate_Kioen_2Round,2,0.25,0.4444,0.4444,0.0,0.5109,0.4926,0.01830000000000004,0.4,0.4615,-0.0615,3.6025,3.5992,3.0,1,1,0,0.0,0,1
2017/2018_Diate_Kioen_2Round,2,0.25,0.4444,0.4444,0.0,0.5109,0.4926,0.01830000000000004,0.4,0.4615,-0.0615,3.6025,3.5992,3.0,2,1,1,1.0,0,0
2017/2018_Diate_Kioen_2Round,3,0.5,0.4444,0.4444,0.0,0.5109,0.4926,0.01830000000000004,0.4,0.4615,-0.0615,3.6025,3.5992,3.0,2,2,0,0.0,0,1
2017/2018_Diate_Kioen_2Round,3,0.5,0.4444,0.4444,0.0,0.5109,0.4926,0.01830000000000004,0.4,0.4615,-0.0615,3.6025,3.5992,3.0,3,2,1,1.0,0,1
2017/2018_Diate_Kioen_2Round,4,0.75,0.4444,0.4444,0.0,0.5109,0.4926,0.01830000000000004,0.4,0.4615,-0.0615,3.6025,3.5992,3.0,4,2,2,1.0,0,0
2017/2018_Diate_Lube_5Round,1,0.0,0.4737,0.4444,0.029299999999999993,0.5139,0.4785,0.03540000000000004,0.4667,0.5,-0.033299999999999996,3.6473,3.5264,0.093,0,0,0,0.5,0,0
2017/2018_Diate_Lube_5Round,1,0.0,0.4737,0.4444,0.029299999999999993,0.5139,0.4785,0.03540000000000004,0.4667,0.5,-0.033299999999999996,3.6473,3.5264,0.093,0,1,-1,0.0,0,1
2017/2018_Diate_Lube_5Round,2,0.25,0.4737,0.4444,0.029299999999999993,0.5139,0.4785,0.03540000000000004,0.4667,0.5,-0.033299999999999996,3.6473,3.5264,0.093,1,1,0,1.0,0,1
2017/2018_Diate_Lube_5Round,2,0.25,0.4737,0.4444,0.029299999999999993,0.5139,0.4785,0.03540000000000004,0.4667,0.5,-0.033299999999999996,3.6473,3.5264,0.093,2,1,1,1.0,0,0
2017/2018_Diate_Lube_5Round,3,0.5,0.4737,0.4444,0.029299999999999993,0.5139,0.4785,0.03540000000000004,0.4667,0.5,-0.033299999999999996,3.6473,3.5264,0.093,2,2,0,0.0,0,1
2017/2018_Diate_Lube_5Round,3,0.5,0.4737,0.4444,0.029299999999999993,0.5139,0.4785,0.03540000000000004,0.4667,0.5,-0.033299999999999996,3.6473,3.5264,0.093,3,2,1,1.0,0,1
2017/2018_Diate_Lube_5Round,4,0.75,0.4737,0.4444,0.029299999999999993,0.5139,0.4785,0.03540000000000004,0.4667,0.5,-0.033299999999999996,3.6473,3.5264,0.093,4,2,2,1.0,0,0
2017/2018_Diate_Milan_1Round,1,0.0,0.4706,0.5294,-0.05879999999999996,0.5202,0.4828,0.03739999999999999,0.4667,0.6,-0.13329999999999997,3.5476,3.3037,1.74,0,0,0,0.5,0,0
2017/2018_Diate_Milan_1Round,1,0.0,0.4706,0.5294,-0.05879999999999996,0.5202,0.4828,0.03739999999999999,0.4667,0.6,-0.13329999999999997,3.5476,3.3037,1.74,0,1,-1,0.0,0,1
2017/2018_Diate_Milan_1Round,2,0.25,0.4706,0.5294,-0.05879999999999996,0.5202,0.4828,0.03739999999999999,0.4667,0.6,-0.13329999999999997,3.5476,3.3037,1.74,1,1,0,1.0,0,1
2017/2018_Diate_Milan_1Round,2,0.25,0.4706,0.5294,-0.05879999999999996,0.5202,0.4828,0.03739999999999999,0.4667,0.6,-0.13329999999999997,3.5476,3.3037,1.74,2,1,1,1.0,0,1
2017/2018_Diate_Milan_1Round,3,0.5,0.4706,0.5294,-0.05879999999999996,0.5202,0.4828,0.03739999999999999,0.4667,0.6,-0.13329999999999997,3.5476,3.3037,1.74,3,1,2,1.0,0,0
2017/2018_Diate_Milan_1Round,3,0.5,0.4706,0.5294,-0.05879999999999996,0.5202,0.4828,0.03739999999999999,0.4667,0.6,-0.13329999999999997,3.5476,3.3037,1.74,3,2,1,0.0,0,0
2017/2018_Diate_Milan_1Round,4,0.75,0.4706,0.5294,-0.05879999999999996,0.5202,0.4828,0.03739999999999999,0.4667,0.6,-0.13329999999999997,3.5476,3.3037,1.74,3,3,0,0.0,0,1
2017/2018_Diate_Milan_1Round,4,0.75,0.4706,0.5294,-0.05879999999999996,0.5202,0.4828,0.03739999999999999,0.4667,0.6,-0.13329999999999997,3.5476,3.3037,1.74,4,3,1,1.0,0,0
2017/2018_Diate_Milan_1Round,5,1.0,0.4706,0.5294,-0.05879999999999996,0.5202,0.4828,0.03739999999999999,0.4667,0.6,-0.13329999999999997,3.5476,3.3037,1.74,4,4,0,0.0,1,0
2017/2018_Diate_Milan_1Round,5,1.0,0.4706,0.5294,-0.05879999999999996,0.5202,0.4828,0.03739999999999999,0.4667,0.6,-0.13329999999999997,3.5476,3.3037,1.74,4,5,-1,0.0,1,0
2017/2018_Diate_Sir S_7Round,1,0.0,0.4762,0.5238,-0.04760000000000003,0.5032,0.4834,0.019799999999999984,0.4667,0.5333,-0.06659999999999999,3.3989,3.302,-0.572,0,0,0,0.5,0,0
2017/2018_Diate_Sir S_7Round,1,0.0,0.4762,0.5238,-0.04760000000000003,0.5032,0.4834,0.019799999999999984,0.4667,0.5333,-0.06659999999999999,3.3989,3.302,-0.572,0,1,-1,0.0,0,1
2017/2018_Diate_Sir S_7Round,2,0.25,0.4762,0.5238,-0.04760000000000003,0.5032,0.4834,0.019799999999999984,0.4667,0.5333,-0.06659999999999999,3.3989,3.302,-0.572,1,1,0,1.0,0,0
2017/2018_Diate_Sir S_7Round,2,0.25,0.4762,0.5238,-0.04760000000000003,0.5032,0.4834,0.019799999999999984,0.4667,0.5333,-0.06659999999999999,3.3989,3.302,-0.572,1,2,-1,0.0,0,1
2017/2018_Diate_Sir S_7Round,3,0.5,0.4762,0.5238,-0.04760000000000003,0.5032,0.4834,0.019799999999999984,0.4667,0.5333,-0.06659999999999999,3.3989,3.302,-0.572,2,2,0,1.0,0,0
2017/2018_Diate_Sir S_7Round,3,0.5,0.4762,0.5238,-0.04760000000000003,0.5032,0.4834,0.019799999999999984,0.4667,0.5333,-0.06659999999999999,3.3989,3.302,-0.572,2,3,-1,0.0,0,1
2017/2018_Diate_Veron_6Round,1,0.0,0.5,0.55,-0.050000000000000044,0.5167,0.4746,0.042100000000000026,0.5333,0.5333,0.0,3.6837,3.3347,-1.566,0,0,0,0.5,0,0
2017/2018_Diate_Veron_6Round,1,0.0,0.5,0.55,-0.050000000000000044,0.5167,0.4746,0.042100000000000026,0.5333,0.5333,0.0,3.6837,3.3347,-1.566,0,1,-1,0.0,0,0
2017/2018_Diate_Veron_6Round,2,0.25,0.5,0.55,-0.050000000000000044,0.5167,0.4746,0.042100000000000026,0.5333,0.5333,0.0,3.6837,3.3347,-1.566,0,2,-2,0.0,0,0
2017/2018_Diate_Veron_6Round,2,0.25,0.5,0.55,-0.050000000000000044,0.5167,0.4746,0.042100000000000026,0.5333,0.5333,0.0,3.6837,3.3347,-1.566,0,3,-3,0.0,0,0
2017/2018_Diate_Veron_6Round,3,0.5,0.5,0.55,-0.050000000000000044,0.5167,0.4746,0.042100000000000026,0.5333,0.5333,0.0,3.6837,3.3347,-1.566,0,4,-4,0.0,0,1
2017/2018_Diate_Veron_6Round,3,0.5,0.5,0.55,-0.050000000000000044,0.5167,0.4746,0.042100000000000026,0.5333,0.5333,0.0,3.6837,3.3347,-1.566,1,4,-3,1.0,0,1
2017/2018_Diate_Veron_6Round,4,0.75,0.5,0.55,-0.050000000000000044,0.5167,0.4746,0.042100000000000026,0.5333,0.5333,0.0,3.6837,3.3347,-1.566,2,4,-2,1.0,0,0
2017/2018_Diate_Veron_6Round,4,0.75,0.5,0.55,-0.050000000000000044,0.5167,0.4746,0.042100000000000026,0.5333,0.5333,0.0,3.6837,3.3347,-1.566,2,5,-3,0.0,0,0
2017/2018_Emma _Sigma_7Round,1,0.0,0.5385,0.6154,-0.07689999999999997,0.4885,0.5481,-0.05960000000000004,0.4545,0.6154,-0.16089999999999993,3.3835,4.0274,0.0,0,0,0,0.5,0,1
2017/2018_Emma _Sigma_7Round,1,0.0,0.5385,0.6154,-0.07689999999999997,0.4885,0.5481,-0.05960000000000004,0.4545,0.6154,-0.16089999999999993,3.3835,4.0274,0.0,1,0,1,1.0,0,0
2017/2018_Emma _Sigma_7Round,2,0.25,0.5385,0.6154,-0.07689999999999997,0.4885,0.5481,-0.05960000000000004,0.4545,0.6154,-0.16089999999999993,3.3835,4.0274,0.0,1,1,0,0.0,0,1
2017/2018_Emma _Sigma_7Round,2,0.25,0.5385,0.6154,-0.07689999999999997,0.4885,0.5481,-0.05960000000000004,0.4545,0.6154,-0.16089999999999993,3.3835,4.0274,0.0,2,1,1,1.0,0,1
2017/2018_Emma _Sigma_7Round,3,0.5,0.5385,0.6154,-0.07689999999999997,0.4885,0.5481,-0.05960000000000004,0.4545,0.6154,-0.16089999999999993,3.3835,4.0274,0.0,3,1,2,1.0,0,1
2017/2018_Emma _Sigma_7Round,3,0.5,0.5385,0.6154,-0.07689999999999997,0.4885,0.5481,-0.05960000000000004,0.4545,0.6154,-0.16089999999999993,3.3835,4.0274,0.0,4,1,3,1.0,0,1
2017/2018_Emma _Sigma_7Round,4,0.75,0.5385,0.6154,-0.07689999999999997,0.4885,0.5481,-0.05960000000000004,0.4545,0.6154,-0.16089999999999993,3.3835,4.0274,0.0,5,1,4,1.0,0,1
2017/2018_Geosa_Pool _10Round,1,0.0,0.4,0.4286,-0.02859999999999996,0.4872,0.4585,0.028700000000000003,0.4286,0.4615,-0.03290000000000004,3.5367,3.2781,0.0,0,0,0,0.5,0,0
2017/2018_Geosa_Pool _10Round,1,0.0,0.4,0.4286,-0.02859999999999996,0.4872,0.4585,0.028700000000000003,0.4286,0.4615,-0.03290000000000004,3.5367,3.2781,0.0,0,1,-1,0.0,0,0
2017/2018_Geosa_Pool _10Round,2,0.25,0.4,0.4286,-0.02859999999999996,0.4872,0.4585,0.028700000000000003,0.4286,0.4615,-0.03290000000000004,3.5367,3.2781,0.0,0,2,-2,0.0,0,0
2017/2018_Geosa_Pool _10Round,2,0.25,0.4,0.4286,-0.02859999999999996,0.4872,0.4585,0.028700000000000003,0.4286,0.4615,-0.03290000000000004,3.5367,3.2781,0.0,0,3,-3,0.0,0,1
2017/2018_Geosa_Pool _10Round,3,0.5,0.4,0.4286,-0.02859999999999996,0.4872,0.4585,0.028700000000000003,0.4286,0.4615,-0.03290000000000004,3.5367,3.2781,0.0,1,3,-2,1.0,0,0
2017/2018_Geosa_Pool _10Round,3,0.5,0.4,0.4286,-0.02859999999999996,0.4872,0.4585,0.028700000000000003,0.4286,0.4615,-0.03290000000000004,3.5367,3.2781,0.0,1,4,-3,0.0,0,0
2017/2018_Geosa_Pool _10Round,4,0.75,0.4,0.4286,-0.02859999999999996,0.4872,0.4585,0.028700000000000003,0.4286,0.4615,-0.03290000000000004,3.5367,3.2781,0.0,1,5,-4,0.0,0,0
2017/2018_Gi Gr_Kioen_7Round,1,0.0,0.4,0.45,-0.04999999999999999,0.5171,0.4967,0.02040000000000003,0.4,0.4286,-0.02859999999999996,3.5543,3.7269,1.594,0,0,0,0.5,0,0
2017/2018_Gi Gr_Kioen_7Round,1,0.0,0.4,0.45,-0.04999999999999999,0.5171,0.4967,0.02040000000000003,0.4,0.4286,-0.02859999999999996,3.5543,3.7269,1.594,0,1,-1,0.0,0,1
2017/2018_Gi Gr_Kioen_7Round,2,0.25,0.4,0.45,-0.04999999999999999,0.5171,0.4967,0.02040000000000003,0.4,0.4286,-0.02859999999999996,3.5543,3.7269,1.594,1,1,0,1.0,0,0
2017/2018_Gi Gr_Kioen_7Round,2,0.25,0.4,0.45,-0.04999999999999999,0.5171,0.4967,0.02040000000000003,0.4,0.4286,-0.02859999999999996,3.5543,3.7269,1.594,1,2,-1,0.0,0,1
2017/2018_Gi Gr_Kioen_7Round,3,0.5,0.4,0.45,-0.04999999999999999,0.5171,0.4967,0.02040000000000003,0.4,0.4286,-0.02859999999999996,3.5543,3.7269,1.594,2,2,0,1.0,0,1
2017/2018_Gi Gr_Kioen_7Round,3,0.5,0.4,0.45,-0.04999999999999999,0.5171,0.4967,0.02040000000000003,0.4,0.4286,-0.02859999999999996,3.5543,3.7269,1.594,3,2,1,1.0,0,1
2017/2018_Gi Gr_Kioen_7Round,4,0.75,0.4,0.45,-0.04999999999999999,0.5171,0.4967,0.02040000000000003,0.4,0.4286,-0.02859999999999996,3.5543,3.7269,1.594,4,2,2,1.0,0,1
2017/2018_Gi Gr_Kioen_7Round,4,0.75,0.4,0.45,-0.04999999999999999,0.5171,0.4967,0.02040000000000003,0.4,0.4286,-0.02859999999999996,3.5543,3.7269,1.594,5,2,3,1.0,0,1
2017/2018_Gi Gr_Lube_8Round,1,0.0,0.4286,0.45,-0.02140000000000003,0.5291,0.4934,0.03570000000000001,0.4667,0.4667,0.0,3.9325,3.8368,-2.055,0,0,0,0.5,0,0
2017/2018_Gi Gr_Lube_8Round,1,0.0,0.4286,0.45,-0.02140000000000003,0.5291,0.4934,0.03570000000000001,0.4667,0.4667,0.0,3.9325,3.8368,-2.055,0,1,-1,0.0,0,1
2017/2018_Gi Gr_Lube_8Round,2,0.25,0.4286,0.45,-0.02140000000000003,0.5291,0.4934,0.03570000000000001,0.4667,0.4667,0.0,3.9325,3.8368,-2.055,1,1,0,1.0,0,1
2017/2018_Gi Gr_Lube_8Round,2,0.25,0.4286,0.45,-0.02140000000000003,0.5291,0.4934,0.03570000000000001,0.4667,0.4667,0.0,3.9325,3.8368,-2.055,2,1,1,1.0,0,0
2017/2018_Gi Gr_Lube_8Round,3,0.5,0.4286,0.45,-0.02140000000000003,0.5291,0.4934,0.03570000000000001,0.4667,0.4667,0.0,3.9325,3.8368,-2.055,2,2,0,0.0,0,1
2017/2018_Gi Gr_Lube_8Round,3,0.5,0.4286,0.45,-0.02140000000000003,0.5291,0.4934,0.03570000000000001,0.4667,0.4667,0.0,3.9325,3.8368,-2.055,3,2,1,1.0,0,1
2017/2018_Gi Gr_Lube_8Round,4,0.75,0.4286,0.45,-0.02140000000000003,0.5291,0.4934,0.03570000000000001,0.4667,0.4667,0.0,3.9325,3.8368,-2.055,4,2,2,1.0,0,0
2017/2018_Gi Gr_Milan_2Round,1,0.0,0.4706,0.5556,-0.08499999999999996,0.5283,0.4923,0.035999999999999976,0.4,0.6,-0.19999999999999996,3.8491,3.6849,-0.782,0,0,0,0.5,0,1
2017/2018_Gi Gr_Milan_2Round,1,0.0,0.4706,0.5556,-0.08499999999999996,0.5283,0.4923,0.035999999999999976,0.4,0.6,-0.19999999999999996,3.8491,3.6849,-0.782,1,0,1,1.0,0,1
2017/2018_Gi Gr_Milan_2Round,2,0.25,0.4706,0.5556,-0.08499999999999996,0.5283,0.4923,0.035999999999999976,0.4,0.6,-0.19999999999999996,3.8491,3.6849,-0.782,2,0,2,1.0,0,1
2017/2018_Gi Gr_Milan_2Round,2,0.25,0.4706,0.5556,-0.08499999999999996,0.5283,0.4923,0.035999999999999976,0.4,0.6,-0.19999999999999996,3.8491,3.6849,-0.782,3,0,3,1.0,0,0
2017/2018_Gi Gr_Milan_2Round,3,0.5,0.4706,0.5556,-0.08499999999999996,0.5283,0.4923,0.035999999999999976,0.4,0.6,-0.19999999999999996,3.8491,3.6849,-0.782,3,1,2,0.0,0,0
2017/2018_Gi Gr_Milan_2Round,3,0.5,0.4706,0.5556,-0.08499999999999996,0.5283,0.4923,0.035999999999999976,0.4,0.6,-0.19999999999999996,3.8491,3.6849,-0.782,3,2,1,0.0,0,0
2017/2018_Gi Gr_Milan_2Round,4,0.75,0.4706,0.5556,-0.08499999999999996,0.5283,0.4923,0.035999999999999976,0.4,0.6,-0.19999999999999996,3.8491,3.6849,-0.782,3,3,0,0.0,0,0
2017/2018_Gi Gr_Milan_2Round,4,0.75,0.4706,0.5556,-0.08499999999999996,0.5283,0.4923,0.035999999999999976,0.4,0.6,-0.19999999999999996,3.8491,3.6849,-0.782,3,4,-1,0.0,0,1
2017/2018_Gi Gr_Sir S_5Round,1,0.0,0.4211,0.5,-0.07890000000000003,0.5177,0.4829,0.03480000000000005,0.4,0.5333,-0.13329999999999997,3.6752,3.3374,0.765,0,0,0,0.5,0,0
2017/2018_Gi Gr_Sir S_5Round,1,0.0,0.4211,0.5,-0.07890000000000003,0.5177,0.4829,0.03480000000000005,0.4,0.5333,-0.13329999999999997,3.6752,3.3374,0.765,0,1,-1,0.0,0,1
2017/2018_Gi Gr_Sir S_5Round,2,0.25,0.4211,0.5,-0.07890000000000003,0.5177,0.4829,0.03480000000000005,0.4,0.5333,-0.13329999999999997,3.6752,3.3374,0.765,1,1,0,1.0,0,0
2017/2018_Gi Gr_Sir S_5Round,2,0.25,0.4211,0.5,-0.07890000000000003,0.5177,0.4829,0.03480000000000005,0.4,0.5333,-0.13329999999999997,3.6752,3.3374,0.765,1,2,-1,0.0,0,1
2017/2018_Gi Gr_Sir S_5Round,3,0.5,0.4211,0.5,-0.07890000000000003,0.5177,0.4829,0.03480000000000005,0.4,0.5333,-0.13329999999999997,3.6752,3.3374,0.765,2,2,0,1.0,0,0
2017/2018_Gi Gr_Sir S_5Round,3,0.5,0.4211,0.5,-0.07890000000000003,0.5177,0.4829,0.03480000000000005,0.4,0.5333,-0.13329999999999997,3.6752,3.3374,0.765,2,3,-1,0.0,0,1
2017/2018_Gi Gr_Veron_9Round,1,0.0,0.4545,0.5714,-0.1169,0.531,0.4898,0.041200000000000014,0.4667,0.5333,-0.06659999999999999,3.8969,3.7715,-0.732,0,0,0,0.5,0,0
2017/2018_Gi Gr_Veron_9Round,1,0.0,0.4545,0.5714,-0.1169,0.531,0.4898,0.041200000000000014,0.4667,0.5333,-0.06659999999999999,3.8969,3.7715,-0.732,0,1,-1,0.0,0,1
2017/2018_Gi Gr_Veron_9Round,2,0.25,0.4545,0.5714,-0.1169,0.531,0.4898,0.041200000000000014,0.4667,0.5333,-0.06659999999999999,3.8969,3.7715,-0.732,1,1,0,1.0,0,1
2017/2018_Gi Gr_Veron_9Round,2,0.25,0.4545,0.5714,-0.1169,0.531,0.4898,0.041200000000000014,0.4667,0.5333,-0.06659999999999999,3.8969,3.7715,-0.732,2,1,1,1.0,0,1
2017/2018_Gi Gr_Veron_9Round,3,0.5,0.4545,0.5714,-0.1169,0.531,0.4898,0.041200000000000014,0.4667,0.5333,-0.06659999999999999,3.8969,3.7715,-0.732,3,1,2,1.0,0,0
2017/2018_Gi Gr_Veron_9Round,3,0.5,0.4545,0.5714,-0.1169,0.531,0.4898,0.041200000000000014,0.4667,0.5333,-0.06659999999999999,3.8969,3.7715,-0.732,3,2,1,0.0,0,0
2017/2018_Gi Gr_Veron_9Round,4,0.75,0.4545,0.5714,-0.1169,0.531,0.4898,0.041200000000000014,0.4667,0.5333,-0.06659999999999999,3.8969,3.7715,-0.732,3,3,0,0.0,0,0
2017/2018_Gi Gr_Veron_9Round,4,0.75,0.4545,0.5714,-0.1169,0.531,0.4898,0.041200000000000014,0.4667,0.5333,-0.06659999999999999,3.8969,3.7715,-0.732,3,4,-1,0.0,0,1
2017/2018_Kioen_Lube_11Round,1,0.0,0.4091,0.4348,-0.0257,0.4818,0.5059,-0.02410000000000001,0.5333,0.4,0.13329999999999997,3.3674,3.8007,-2.412,0,0,0,0.5,0,0
2017/2018_Kioen_Lube_11Round,1,0.0,0.4091,0.4348,-0.0257,0.4818,0.5059,-0.02410000000000001,0.5333,0.4,0.13329999999999997,3.3674,3.8007,-2.412,0,1,-1,0.0,0,1
2017/2018_Kioen_Lube_11Round,2,0.25,0.4091,0.4348,-0.0257,0.4818,0.5059,-0.02410000000000001,0.5333,0.4,0.13329999999999997,3.3674,3.8007,-2.412,1,1,0,1.0,0,0
2017/2018_Kioen_Lube_11Round,2,0.25,0.4091,0.4348,-0.0257,0.4818,0.5059,-0.02410000000000001,0.5333,0.4,0.13329999999999997,3.3674,3.8007,-2.412,1,2,-1,0.0,0,0
2017/2018_Kioen_Lube_11Round,3,0.5,0.4091,0.4348,-0.0257,0.4818,0.5059,-0.02410000000000001,0.5333,0.4,0.13329999999999997,3.3674,3.8007,-2.412,1,3,-2,0.0,0,0
2017/2018_Kioen_Lube_11Round,3,0.5,0.4091,0.4348,-0.0257,0.4818,0.5059,-0.02410000000000001,0.5333,0.4,0.13329999999999997,3.3674,3.8007,-2.412,1,4,-3,0.0,0,1
2017/2018_Kioen_Lube_11Round,4,0.75,0.4091,0.4348,-0.0257,0.4818,0.5059,-0.02410000000000001,0.5333,0.4,0.13329999999999997,3.3674,3.8007,-2.412,2,4,-2,1.0,0,0
2017/2018_Kioen_Lube_11Round,5,1.0,0.4091,0.4348,-0.0257,0.4818,0.5059,-0.02410000000000001,0.5333,0.4,0.13329999999999997,3.3674,3.8007,-2.412,2,5,-3,0.0,1,1
2017/2018_Kioen_Milan_10Round,1,0.0,0.4286,0.5909,-0.1623,0.4842,0.491,-0.006799999999999973,0.5333,0.5333,0.0,3.4305,3.7613,-1.51,0,0,0,0.5,0,0
2017/2018_Kioen_Milan_10Round,1,0.0,0.4286,0.5909,-0.1623,0.4842,0.491,-0.006799999999999973,0.5333,0.5333,0.0,3.4305,3.7613,-1.51,0,1,-1,0.0,0,1
2017/2018_Kioen_Milan_10Round,2,0.25,0.4286,0.5909,-0.1623,0.4842,0.491,-0.006799999999999973,0.5333,0.5333,0.0,3.4305,3.7613,-1.51,1,1,0,1.0,0,0
2017/2018_Kioen_Milan_10Round,2,0.25,0.4286,0.5909,-0.1623,0.4842,0.491,-0.006799999999999973,0.5333,0.5333,0.0,3.4305,3.7613,-1.51,1,2,-1,0.0,0,1
2017/2018_Kioen_Milan_10Round,3,0.5,0.4286,0.5909,-0.1623,0.4842,0.491,-0.006799999999999973,0.5333,0.5333,0.0,3.4305,3.7613,-1.51,2,2,0,1.0,0,0
2017/2018_Kioen_Milan_10Round,3,0.5,0.4286,0.5909,-0.1623,0.4842,0.491,-0.006799999999999973,0.5333,0.5333,0.0,3.4305,3.7613,-1.51,2,3,-1,0.0,0,0
2017/2018_Kioen_Milan_10Round,4,0.75,0.4286,0.5909,-0.1623,0.4842,0.491,-0.006799999999999973,0.5333,0.5333,0.0,3.4305,3.7613,-1.51,2,4,-2,0.0,0,1
2017/2018_Kioen_Sir S_1Round,1,0.0,0.4118,0.5882,-0.17639999999999995,0.4883,0.4921,-0.00379999999999997,0.4286,0.6,-0.1714,3.5432,3.5048,-2.853,0,0,0,0.5,0,1
2017/2018_Kioen_Sir S_1Round,1,0.0,0.4118,0.5882,-0.17639999999999995,0.4883,0.4921,-0.00379999999999997,0.4286,0.6,-0.1714,3.5432,3.5048,-2.853,1,0,1,1.0,0,1
2017/2018_Kioen_Sir S_1Round,2,0.25,0.4118,0.5882,-0.17639999999999995,0.4883,0.4921,-0.00379999999999997,0.4286,0.6,-0.1714,3.5432,3.5048,-2.853,2,0,2,1.0,0,1
2017/2018_Kioen_Sir S_1Round,2,0.25,0.4118,0.5882,-0.17639999999999995,0.4883,0.4921,-0.00379999999999997,0.4286,0.6,-0.1714,3.5432,3.5048,-2.853,3,0,3,1.0,0,0
2017/2018_Kioen_Sir S_1Round,3,0.5,0.4118,0.5882,-0.17639999999999995,0.4883,0.4921,-0.00379999999999997,0.4286,0.6,-0.1714,3.5432,3.5048,-2.853,3,1,2,0.0,0,1
2017/2018_Kioen_Sir S_1Round,3,0.5,0.4118,0.5882,-0.17639999999999995,0.4883,0.4921,-0.00379999999999997,0.4286,0.6,-0.1714,3.5432,3.5048,-2.853,4,1,3,1.0,0,0
2017/2018_Kioen_Sir S_1Round,4,0.75,0.4118,0.5882,-0.17639999999999995,0.4883,0.4921,-0.00379999999999997,0.4286,0.6,-0.1714,3.5432,3.5048,-2.853,4,2,2,0.0,0,0
2017/2018_Kioen_Veron_4Round,1,0.0,0.4211,0.6111,-0.19,0.4894,0.4835,0.005900000000000016,0.4667,0.6,-0.13329999999999997,3.5028,3.432,-0.431,0,0,0,0.5,0,0
2017/2018_Kioen_Veron_4Round,1,0.0,0.4211,0.6111,-0.19,0.4894,0.4835,0.005900000000000016,0.4667,0.6,-0.13329999999999997,3.5028,3.432,-0.431,0,1,-1,0.0,0,1
2017/2018_Kioen_Veron_4Round,2,0.25,0.4211,0.6111,-0.19,0.4894,0.4835,0.005900000000000016,0.4667,0.6,-0.13329999999999997,3.5028,3.432,-0.431,1,1,0,1.0,0,1
2017/2018_Kioen_Veron_4Round,2,0.25,0.4211,0.6111,-0.19,0.4894,0.4835,0.005900000000000016,0.4667,0.6,-0.13329999999999997,3.5028,3.432,-0.431,2,1,1,1.0,0,1
2017/2018_Kioen_Veron_4Round,3,0.5,0.4211,0.6111,-0.19,0.4894,0.4835,0.005900000000000016,0.4667,0.6,-0.13329999999999997,3.5028,3.432,-0.431,3,1,2,1.0,0,1
2017/2018_Kioen_Veron_4Round,3,0.5,0.4211,0.6111,-0.19,0.4894,0.4835,0.005900000000000016,0.4667,0.6,-0.13329999999999997,3.5028,3.432,-0.431,4,1,3,1.0,0,0
2017/2018_Kioen_Veron_4Round,4,0.75,0.4211,0.6111,-0.19,0.4894,0.4835,0.005900000000000016,0.4667,0.6,-0.13329999999999997,3.5028,3.432,-0.431,4,2,2,0.0,0,1
2017/2018_Kioen_Veron_4Round,5,1.0,0.4211,0.6111,-0.19,0.4894,0.4835,0.005900000000000016,0.4667,0.6,-0.13329999999999997,3.5028,3.432,-0.431,5,2,3,1.0,1,0
2017/2018_Lube_Milan_3Round,1,0.0,0.4706,0.5789,-0.10829999999999995,0.4771,0.4928,-0.015699999999999992,0.4615,0.6,-0.13849999999999996,3.4469,3.7088,0.786,0,0,0,0.5,0,1
2017/2018_Lube_Milan_3Round,1,0.0,0.4706,0.5789,-0.10829999999999995,0.4771,0.4928,-0.015699999999999992,0.4615,0.6,-0.13849999999999996,3.4469,3.7088,0.786,1,0,1,1.0,0,0
2017/2018_Lube_Milan_3Round,2,0.25,0.4706,0.5789,-0.10829999999999995,0.4771,0.4928,-0.015699999999999992,0.4615,0.6,-0.13849999999999996,3.4469,3.7088,0.786,1,1,0,0.0,0,0
2017/2018_Lube_Milan_3Round,2,0.25,0.4706,0.5789,-0.10829999999999995,0.4771,0.4928,-0.015699999999999992,0.4615,0.6,-0.13849999999999996,3.4469,3.7088,0.786,1,2,-1,0.0,0,0
2017/2018_Lube_Milan_3Round,3,0.5,0.4706,0.5789,-0.10829999999999995,0.4771,0.4928,-0.015699999999999992,0.4615,0.6,-0.13849999999999996,3.4469,3.7088,0.786,1,3,-2,0.0,0,1
2017/2018_Lube_Milan_3Round,3,0.5,0.4706,0.5789,-0.10829999999999995,0.4771,0.4928,-0.015699999999999992,0.4615,0.6,-0.13849999999999996,3.4469,3.7088,0.786,2,3,-1,1.0,0,1
2017/2018_Lube_Milan_3Round,4,0.75,0.4706,0.5789,-0.10829999999999995,0.4771,0.4928,-0.015699999999999992,0.4615,0.6,-0.13849999999999996,3.4469,3.7088,0.786,3,3,0,1.0,0,1
2017/2018_Lube_Milan_3Round,4,0.75,0.4706,0.5789,-0.10829999999999995,0.4771,0.4928,-0.015699999999999992,0.4615,0.6,-0.13849999999999996,3.4469,3.7088,0.786,4,3,1,1.0,0,0
2017/2018_Lube_Sir S_9Round,1,0.0,0.4286,0.5455,-0.1169,0.4905,0.484,0.006500000000000006,0.4286,0.5333,-0.10470000000000002,3.6682,3.2737,-0.727,0,0,0,0.5,0,1
2017/2018_Lube_Sir S_9Round,1,0.0,0.4286,0.5455,-0.1169,0.4905,0.484,0.006500000000000006,0.4286,0.5333,-0.10470000000000002,3.6682,3.2737,-0.727,1,0,1,1.0,0,0
2017/2018_Lube_Sir S_9Round,2,0.25,0.4286,0.5455,-0.1169,0.4905,0.484,0.006500000000000006,0.4286,0.5333,-0.10470000000000002,3.6682,3.2737,-0.727,1,1,0,0.0,0,1
2017/2018_Lube_Sir S_9Round,2,0.25,0.4286,0.5455,-0.1169,0.4905,0.484,0.006500000000000006,0.4286,0.5333,-0.10470000000000002,3.6682,3.2737,-0.727,2,1,1,1.0,0,1
2017/2018_Lube_Sir S_9Round,3,0.5,0.4286,0.5455,-0.1169,0.4905,0.484,0.006500000000000006,0.4286,0.5333,-0.10470000000000002,3.6682,3.2737,-0.727,3,1,2,1.0,0,1
2017/2018_Lube_Sir S_9Round,3,0.5,0.4286,0.5455,-0.1169,0.4905,0.484,0.006500000000000006,0.4286,0.5333,-0.10470000000000002,3.6682,3.2737,-0.727,4,1,3,1.0,0,1
2017/2018_Lube_Sir S_9Round,4,0.75,0.4286,0.5455,-0.1169,0.4905,0.484,0.006500000000000006,0.4286,0.5333,-0.10470000000000002,3.6682,3.2737,-0.727,5,1,4,1.0,0,1
2017/2018_Lube_Veron_10Round,1,0.0,0.4545,0.5909,-0.13639999999999997,0.5061,0.4904,0.015699999999999992,0.4667,0.5333,-0.06659999999999999,4.0316,3.7796,2.657,0,0,0,0.5,0,1
2017/2018_Lube_Veron_10Round,1,0.0,0.4545,0.5909,-0.13639999999999997,0.5061,0.4904,0.015699999999999992,0.4667,0.5333,-0.06659999999999999,4.0316,3.7796,2.657,1,0,1,1.0,0,0
2017/2018_Lube_Veron_10Round,2,0.25,0.4545,0.5909,-0.13639999999999997,0.5061,0.4904,0.015699999999999992,0.4667,0.5333,-0.06659999999999999,4.0316,3.7796,2.657,1,1,0,0.0,0,1
2017/2018_Lube_Veron_10Round,2,0.25,0.4545,0.5909,-0.13639999999999997,0.5061,0.4904,0.015699999999999992,0.4667,0.5333,-0.06659999999999999,4.0316,3.7796,2.657,2,1,1,1.0,0,0
2017/2018_Lube_Veron_10Round,3,0.5,0.4545,0.5909,-0.13639999999999997,0.5061,0.4904,0.015699999999999992,0.4667,0.5333,-0.06659999999999999,4.0316,3.7796,2.657,2,2,0,0.0,0,1
2017/2018_Lube_Veron_10Round,3,0.5,0.4545,0.5909,-0.13639999999999997,0.5061,0.4904,0.015699999999999992,0.4667,0.5333,-0.06659999999999999,4.0316,3.7796,2.657,3,2,1,1.0,0,0
2017/2018_Milan_Sir S_4Round,1,0.0,0.6,0.5263,0.07369999999999999,0.4932,0.4856,0.007600000000000051,0.4167,0.6,-0.18329999999999996,3.7291,3.3816,-2.147,0,0,0,0.5,0,0
2017/2018_Milan_Sir S_4Round,1,0.0,0.6,0.5263,0.07369999999999999,0.4932,0.4856,0.007600000000000051,0.4167,0.6,-0.18329999999999996,3.7291,3.3816,-2.147,0,1,-1,0.0,0,1
2017/2018_Milan_Sir S_4Round,2,0.25,0.6,0.5263,0.07369999999999999,0.4932,0.4856,0.007600000000000051,0.4167,0.6,-0.18329999999999996,3.7291,3.3816,-2.147,1,1,0,1.0,0,1
2017/2018_Milan_Sir S_4Round,2,0.25,0.6,0.5263,0.07369999999999999,0.4932,0.4856,0.007600000000000051,0.4167,0.6,-0.18329999999999996,3.7291,3.3816,-2.147,2,1,1,1.0,0,1
2017/2018_Milan_Sir S_4Round,3,0.5,0.6,0.5263,0.07369999999999999,0.4932,0.4856,0.007600000000000051,0.4167,0.6,-0.18329999999999996,3.7291,3.3816,-2.147,3,1,2,1.0,0,1
2017/2018_Milan_Sir S_4Round,3,0.5,0.6,0.5263,0.07369999999999999,0.4932,0.4856,0.007600000000000051,0.4167,0.6,-0.18329999999999996,3.7291,3.3816,-2.147,4,1,3,1.0,0,0
2017/2018_Milan_Sir S_4Round,4,0.75,0.6,0.5263,0.07369999999999999,0.4932,0.4856,0.007600000000000051,0.4167,0.6,-0.18329999999999996,3.7291,3.3816,-2.147,4,2,2,0.0,0,0
2017/2018_Milan_Veron_11Round,1,0.0,0.6087,0.6087,0.0,0.4942,0.4907,0.0034999999999999476,0.4615,0.5333,-0.07179999999999997,3.7742,3.6179,-1.075,0,0,0,0.5,0,0
2017/2018_Milan_Veron_11Round,1,0.0,0.6087,0.6087,0.0,0.4942,0.4907,0.0034999999999999476,0.4615,0.5333,-0.07179999999999997,3.7742,3.6179,-1.075,0,1,-1,0.0,0,1
2017/2018_Milan_Veron_11Round,2,0.25,0.6087,0.6087,0.0,0.4942,0.4907,0.0034999999999999476,0.4615,0.5333,-0.07179999999999997,3.7742,3.6179,-1.075,1,1,0,1.0,0,0
2017/2018_Milan_Veron_11Round,2,0.25,0.6087,0.6087,0.0,0.4942,0.4907,0.0034999999999999476,0.4615,0.5333,-0.07179999999999997,3.7742,3.6179,-1.075,1,2,-1,0.0,0,0
2017/2018_Milan_Veron_11Round,3,0.5,0.6087,0.6087,0.0,0.4942,0.4907,0.0034999999999999476,0.4615,0.5333,-0.07179999999999997,3.7742,3.6179,-1.075,1,3,-2,0.0,0,0
2017/2018_Milan_Veron_11Round,3,0.5,0.6087,0.6087,0.0,0.4942,0.4907,0.0034999999999999476,0.4615,0.5333,-0.07179999999999997,3.7742,3.6179,-1.075,1,4,-3,0.0,0,1
2017/2018_Milan_Veron_11Round,4,0.75,0.6087,0.6087,0.0,0.4942,0.4907,0.0034999999999999476,0.4615,0.5333,-0.07179999999999997,3.7742,3.6179,-1.075,2,4,-2,1.0,0,1
2017/2018_Pool _Sigma_4Round,1,0.0,0.5,0.5833,-0.08330000000000004,0.4853,0.5245,-0.03919999999999996,0.5,0.5833,-0.08330000000000004,3.4655,3.8655,0.0,0,0,0,0.5,0,0
2017/2018_Pool _Sigma_4Round,1,0.0,0.5,0.5833,-0.08330000000000004,0.4853,0.5245,-0.03919999999999996,0.5,0.5833,-0.08330000000000004,3.4655,3.8655,0.0,0,1,-1,0.0,0,1
2017/2018_Pool _Sigma_4Round,2,0.25,0.5,0.5833,-0.08330000000000004,0.4853,0.5245,-0.03919999999999996,0.5,0.5833,-0.08330000000000004,3.4655,3.8655,0.0,1,1,0,1.0,0,0
2017/2018_Pool _Sigma_4Round,2,0.25,0.5,0.5833,-0.08330000000000004,0.4853,0.5245,-0.03919999999999996,0.5,0.5833,-0.08330000000000004,3.4655,3.8655,0.0,1,2,-1,0.0,0,0
2017/2018_Pool _Sigma_4Round,3,0.5,0.5,0.5833,-0.08330000000000004,0.4853,0.5245,-0.03919999999999996,0.5,0.5833,-0.08330000000000004,3.4655,3.8655,0.0,1,3,-2,0.0,0,0
2017/2018_Pool _Sigma_4Round,3,0.5,0.5,0.5833,-0.08330000000000004,0.4853,0.5245,-0.03919999999999996,0.5,0.5833,-0.08330000000000004,3.4655,3.8655,0.0,1,4,-3,0.0,0,0
2017/2018_Pool _Sigma_4Round,4,0.75,0.5,0.5833,-0.08330000000000004,0.4853,0.5245,-0.03919999999999996,0.5,0.5833,-0.08330000000000004,3.4655,3.8655,0.0,1,5,-4,0.0,0,0
2017/2018_Sir S_Veron_2Round,1,0.0,0.5556,0.5882,-0.03259999999999996,0.4887,0.4781,0.010599999999999998,0.4545,0.5333,-0.07879999999999998,3.4368,3.322,2.069,0,0,0,0.5,0,1
2017/2018_Sir S_Veron_2Round,1,0.0,0.5556,0.5882,-0.03259999999999996,0.4887,0.4781,0.010599999999999998,0.4545,0.5333,-0.07879999999999998,3.4368,3.322,2.069,1,0,1,1.0,0,0
2017/2018_Sir S_Veron_2Round,2,0.25,0.5556,0.5882,-0.03259999999999996,0.4887,0.4781,0.010599999999999998,0.4545,0.5333,-0.07879999999999998,3.4368,3.322,2.069,1,1,0,0.0,0,0
2017/2018_Sir S_Veron_2Round,2,0.25,0.5556,0.5882,-0.03259999999999996,0.4887,0.4781,0.010599999999999998,0.4545,0.5333,-0.07879999999999998,3.4368,3.322,2.069,1,2,-1,0.0,0,0
2017/2018_Sir S_Veron_2Round,3,0.5,0.5556,0.5882,-0.03259999999999996,0.4887,0.4781,0.010599999999999998,0.4545,0.5333,-0.07879999999999998,3.4368,3.322,2.069,1,3,-2,0.0,0,0
2017/2018_Sir S_Veron_2Round,3,0.5,0.5556,0.5882,-0.03259999999999996,0.4887,0.4781,0.010599999999999998,0.4545,0.5333,-0.07879999999999998,3.4368,3.322,2.069,1,4,-3,0.0,0,1
2017/2018_Sir S_Veron_2Round,4,0.75,0.5556,0.5882,-0.03259999999999996,0.4887,0.4781,0.010599999999999998,0.4545,0.5333,-0.07879999999999998,3.4368,3.322,2.069,2,4,-2,1.0,0,1
2018/2019_Azimu_Kioen_6Round,1,0.0,0.5,0.3704,0.1296,0.5236,0.4902,0.03339999999999993,0.4667,0.4667,0.0,3.9112,3.7275,2.49,0,0,0,0.5,0,1
2018/2019_Azimu_Kioen_6Round,1,0.0,0.5,0.3704,0.1296,0.5236,0.4902,0.03339999999999993,0.4667,0.4667,0.0,3.9112,3.7275,2.49,1,0,1,1.0,0,1
2018/2019_Azimu_Kioen_6Round,2,0.25,0.5,0.3704,0.1296,0.5236,0.4902,0.03339999999999993,0.4667,0.4667,0.0,3.9112,3.7275,2.49,2,0,2,1.0,0,1
2018/2019_Azimu_Kioen_6Round,2,0.25,0.5,0.3704,0.1296,0.5236,0.4902,0.03339999999999993,0.4667,0.4667,0.0,3.9112,3.7275,2.49,3,0,3,1.0,0,0
2018/2019_Azimu_Kioen_6Round,3,0.5,0.5,0.3704,0.1296,0.5236,0.4902,0.03339999999999993,0.4667,0.4667,0.0,3.9112,3.7275,2.49,3,1,2,0.0,0,1
2018/2019_Azimu_Kioen_6Round,3,0.5,0.5,0.3704,0.1296,0.5236,0.4902,0.03339999999999993,0.4667,0.4667,0.0,3.9112,3.7275,2.49,4,1,3,1.0,0,0
2018/2019_Azimu_Kioen_6Round,4,0.75,0.5,0.3704,0.1296,0.5236,0.4902,0.03339999999999993,0.4667,0.4667,0.0,3.9112,3.7275,2.49,4,2,2,0.0,0,1
2018/2019_Azimu_Kioen_6Round,5,1.0,0.5,0.3704,0.1296,0.5236,0.4902,0.03339999999999993,0.4667,0.4667,0.0,3.9112,3.7275,2.49,5,2,3,1.0,1,0
2018/2019_Azimu_Lube_8Round,1,0.0,0.5,0.4483,0.051700000000000024,0.5267,0.5069,0.01979999999999993,0.4667,0.5333,-0.06659999999999999,3.9985,3.9157,-0.645,0,0,0,0.5,0,1
2018/2019_Azimu_Lube_8Round,1,0.0,0.5,0.4483,0.051700000000000024,0.5267,0.5069,0.01979999999999993,0.4667,0.5333,-0.06659999999999999,3.9985,3.9157,-0.645,1,0,1,1.0,0,1
2018/2019_Azimu_Lube_8Round,2,0.25,0.5,0.4483,0.051700000000000024,0.5267,0.5069,0.01979999999999993,0.4667,0.5333,-0.06659999999999999,3.9985,3.9157,-0.645,2,0,2,1.0,0,1
2018/2019_Azimu_Lube_8Round,2,0.25,0.5,0.4483,0.051700000000000024,0.5267,0.5069,0.01979999999999993,0.4667,0.5333,-0.06659999999999999,3.9985,3.9157,-0.645,3,0,3,1.0,0,0
2018/2019_Azimu_Lube_8Round,3,0.5,0.5,0.4483,0.051700000000000024,0.5267,0.5069,0.01979999999999993,0.4667,0.5333,-0.06659999999999999,3.9985,3.9157,-0.645,3,1,2,0.0,0,1
2018/2019_Azimu_Lube_8Round,3,0.5,0.5,0.4483,0.051700000000000024,0.5267,0.5069,0.01979999999999993,0.4667,0.5333,-0.06659999999999999,3.9985,3.9157,-0.645,4,1,3,1.0,0,0
2018/2019_Azimu_Lube_8Round,4,0.75,0.5,0.4483,0.051700000000000024,0.5267,0.5069,0.01979999999999993,0.4667,0.5333,-0.06659999999999999,3.9985,3.9157,-0.645,4,2,2,0.0,0,1
2018/2019_Azimu_Lube_8Round,5,1.0,0.5,0.4483,0.051700000000000024,0.5267,0.5069,0.01979999999999993,0.4667,0.5333,-0.06659999999999999,3.9985,3.9157,-0.645,5,2,3,1.0,1,0
2018/2019_Azimu_Milan_4Round,1,0.0,0.4783,0.6,-0.12169999999999997,0.5081,0.492,0.016100000000000003,0.4,0.6,-0.19999999999999996,3.4638,3.6694,-0.755,0,0,0,0.5,0,1
2018/2019_Azimu_Milan_4Round,1,0.0,0.4783,0.6,-0.12169999999999997,0.5081,0.492,0.016100000000000003,0.4,0.6,-0.19999999999999996,3.4638,3.6694,-0.755,1,0,1,1.0,0,1
2018/2019_Azimu_Milan_4Round,2,0.25,0.4783,0.6,-0.12169999999999997,0.5081,0.492,0.016100000000000003,0.4,0.6,-0.19999999999999996,3.4638,3.6694,-0.755,2,0,2,1.0,0,1
2018/2019_Azimu_Milan_4Round,2,0.25,0.4783,0.6,-0.12169999999999997,0.5081,0.492,0.016100000000000003,0.4,0.6,-0.19999999999999996,3.4638,3.6694,-0.755,3,0,3,1.0,0,1
2018/2019_Azimu_Milan_4Round,3,0.5,0.4783,0.6,-0.12169999999999997,0.5081,0.492,0.016100000000000003,0.4,0.6,-0.19999999999999996,3.4638,3.6694,-0.755,4,0,4,1.0,0,1
2018/2019_Azimu_Milan_4Round,3,0.5,0.4783,0.6,-0.12169999999999997,0.5081,0.492,0.016100000000000003,0.4,0.6,-0.19999999999999996,3.4638,3.6694,-0.755,5,0,5,1.0,0,1
2018/2019_Azimu_Monza_10Round,1,0.0,0.5185,0.4483,0.07019999999999998,0.5303,0.5136,0.016700000000000048,0.5333,0.4667,0.06659999999999999,4.1402,3.5922,-1.565,0,0,0,0.5,0,0
2018/2019_Azimu_Monza_10Round,1,0.0,0.5185,0.4483,0.07019999999999998,0.5303,0.5136,0.016700000000000048,0.5333,0.4667,0.06659999999999999,4.1402,3.5922,-1.565,0,1,-1,0.0,0,0
2018/2019_Azimu_Monza_10Round,2,0.25,0.5185,0.4483,0.07019999999999998,0.5303,0.5136,0.016700000000000048,0.5333,0.4667,0.06659999999999999,4.1402,3.5922,-1.565,0,2,-2,0.0,0,0
2018/2019_Azimu_Monza_10Round,2,0.25,0.5185,0.4483,0.07019999999999998,0.5303,0.5136,0.016700000000000048,0.5333,0.4667,0.06659999999999999,4.1402,3.5922,-1.565,0,3,-3,0.0,0,0
2018/2019_Azimu_Monza_10Round,3,0.5,0.5185,0.4483,0.07019999999999998,0.5303,0.5136,0.016700000000000048,0.5333,0.4667,0.06659999999999999,4.1402,3.5922,-1.565,0,4,-4,0.0,0,0
2018/2019_Azimu_Monza_10Round,3,0.5,0.5185,0.4483,0.07019999999999998,0.5303,0.5136,0.016700000000000048,0.5333,0.4667,0.06659999999999999,4.1402,3.5922,-1.565,0,5,-5,0.0,0,1
2018/2019_Azimu_Monza_10Round,4,0.75,0.5185,0.4483,0.07019999999999998,0.5303,0.5136,0.016700000000000048,0.5333,0.4667,0.06659999999999999,4.1402,3.5922,-1.565,1,5,-4,1.0,0,0
2018/2019_Azimu_Sir S_7Round,1,0.0,0.52,0.5556,-0.035599999999999965,0.5277,0.4897,0.03799999999999992,0.4667,0.6,-0.13329999999999997,4.0659,3.8182,-2.21,0,0,0,0.5,0,1
2018/2019_Azimu_Sir S_7Round,1,0.0,0.52,0.5556,-0.035599999999999965,0.5277,0.4897,0.03799999999999992,0.4667,0.6,-0.13329999999999997,4.0659,3.8182,-2.21,1,0,1,1.0,0,1
2018/2019_Azimu_Sir S_7Round,2,0.25,0.52,0.5556,-0.035599999999999965,0.5277,0.4897,0.03799999999999992,0.4667,0.6,-0.13329999999999997,4.0659,3.8182,-2.21,2,0,2,1.0,0,1
2018/2019_Azimu_Sir S_7Round,2,0.25,0.52,0.5556,-0.035599999999999965,0.5277,0.4897,0.03799999999999992,0.4667,0.6,-0.13329999999999997,4.0659,3.8182,-2.21,3,0,3,1.0,0,0
2018/2019_Azimu_Sir S_7Round,3,0.5,0.52,0.5556,-0.035599999999999965,0.5277,0.4897,0.03799999999999992,0.4667,0.6,-0.13329999999999997,4.0659,3.8182,-2.21,3,1,2,0.0,0,0
2018/2019_Azimu_Sir S_7Round,3,0.5,0.52,0.5556,-0.035599999999999965,0.5277,0.4897,0.03799999999999992,0.4667,0.6,-0.13329999999999997,4.0659,3.8182,-2.21,3,2,1,0.0,0,0
2018/2019_Azimu_Sir S_7Round,4,0.75,0.52,0.5556,-0.035599999999999965,0.5277,0.4897,0.03799999999999992,0.4667,0.6,-0.13329999999999997,4.0659,3.8182,-2.21,3,3,0,0.0,0,0
2018/2019_Azimu_Sir S_7Round,4,0.75,0.52,0.5556,-0.035599999999999965,0.5277,0.4897,0.03799999999999992,0.4667,0.6,-0.13329999999999997,4.0659,3.8182,-2.21,3,4,-1,0.0,0,1
2018/2019_Azimu_Trent_12Round,1,0.0,0.5,0.4828,0.017199999999999993,0.5181,0.5045,0.013600000000000056,0.5333,0.4667,0.06659999999999999,3.4753,3.6583,-1.922,0,0,0,0.5,0,0
2018/2019_Azimu_Trent_12Round,1,0.0,0.5,0.4828,0.017199999999999993,0.5181,0.5045,0.013600000000000056,0.5333,0.4667,0.06659999999999999,3.4753,3.6583,-1.922,0,1,-1,0.0,0,0
2018/2019_Azimu_Trent_12Round,2,0.25,0.5,0.4828,0.017199999999999993,0.5181,0.5045,0.013600000000000056,0.5333,0.4667,0.06659999999999999,3.4753,3.6583,-1.922,0,2,-2,0.0,0,0
2018/2019_Azimu_Trent_12Round,2,0.25,0.5,0.4828,0.017199999999999993,0.5181,0.5045,0.013600000000000056,0.5333,0.4667,0.06659999999999999,3.4753,3.6583,-1.922,0,3,-3,0.0,0,1
2018/2019_Azimu_Trent_12Round,3,0.5,0.5,0.4828,0.017199999999999993,0.5181,0.5045,0.013600000000000056,0.5333,0.4667,0.06659999999999999,3.4753,3.6583,-1.922,1,3,-2,1.0,0,0
2018/2019_Azimu_Trent_12Round,3,0.5,0.5,0.4828,0.017199999999999993,0.5181,0.5045,0.013600000000000056,0.5333,0.4667,0.06659999999999999,3.4753,3.6583,-1.922,1,4,-3,0.0,0,1
2018/2019_Azimu_Trent_12Round,4,0.75,0.5,0.4828,0.017199999999999993,0.5181,0.5045,0.013600000000000056,0.5333,0.4667,0.06659999999999999,3.4753,3.6583,-1.922,2,4,-2,1.0,0,1
2018/2019_Azimu_Veron_13Round,1,0.0,0.4828,0.6,-0.11719999999999997,0.5154,0.4907,0.024699999999999944,0.4667,0.5333,-0.06659999999999999,3.384,3.5039,2.0,0,0,0,0.5,0,1
2018/2019_Azimu_Veron_13Round,1,0.0,0.4828,0.6,-0.11719999999999997,0.5154,0.4907,0.024699999999999944,0.4667,0.5333,-0.06659999999999999,3.384,3.5039,2.0,1,0,1,1.0,0,0
2018/2019_Azimu_Veron_13Round,2,0.25,0.4828,0.6,-0.11719999999999997,0.5154,0.4907,0.024699999999999944,0.4667,0.5333,-0.06659999999999999,3.384,3.5039,2.0,1,1,0,0.0,0,0
2018/2019_Azimu_Veron_13Round,2,0.25,0.4828,0.6,-0.11719999999999997,0.5154,0.4907,0.024699999999999944,0.4667,0.5333,-0.06659999999999999,3.384,3.5039,2.0,1,2,-1,0.0,0,0
2018/2019_Azimu_Veron_13Round,3,0.5,0.4828,0.6,-0.11719999999999997,0.5154,0.4907,0.024699999999999944,0.4667,0.5333,-0.06659999999999999,3.384,3.5039,2.0,1,3,-2,0.0,0,1
2018/2019_Azimu_Veron_13Round,3,0.5,0.4828,0.6,-0.11719999999999997,0.5154,0.4907,0.024699999999999944,0.4667,0.5333,-0.06659999999999999,3.384,3.5039,2.0,2,3,-1,1.0,0,1
2018/2019_Azimu_Veron_13Round,4,0.75,0.4828,0.6,-0.11719999999999997,0.5154,0.4907,0.024699999999999944,0.4667,0.5333,-0.06659999999999999,3.384,3.5039,2.0,3,3,0,1.0,0,1
2018/2019_Azimu_Veron_13Round,4,0.75,0.4828,0.6,-0.11719999999999997,0.5154,0.4907,0.024699999999999944,0.4667,0.5333,-0.06659999999999999,3.384,3.5039,2.0,4,3,1,1.0,0,1
2018/2019_Azimu_Veron_13Round,5,1.0,0.4828,0.6,-0.11719999999999997,0.5154,0.4907,0.024699999999999944,0.4667,0.5333,-0.06659999999999999,3.384,3.5039,2.0,5,3,2,1.0,1,0
2018/2019_BAM A_Piace_13Round,1,0.0,0.4545,0.5455,-0.09099999999999997,0.5,0.5051,-0.005099999999999993,0.4545,0.5,-0.045499999999999985,3.4533,3.6351,0.0,0,0,0,0.5,0,1
2018/2019_BAM A_Piace_13Round,1,0.0,0.4545,0.5455,-0.09099999999999997,0.5,0.5051,-0.005099999999999993,0.4545,0.5,-0.045499999999999985,3.4533,3.6351,0.0,1,0,1,1.0,0,1
2018/2019_BAM A_Piace_13Round,2,0.25,0.4545,0.5455,-0.09099999999999997,0.5,0.5051,-0.005099999999999993,0.4545,0.5,-0.045499999999999985,3.4533,3.6351,0.0,2,0,2,1.0,0,1
2018/2019_BAM A_Piace_13Round,2,0.25,0.4545,0.5455,-0.09099999999999997,0.5,0.5051,-0.005099999999999993,0.4545,0.5,-0.045499999999999985,3.4533,3.6351,0.0,3,0,3,1.0,0,1
2018/2019_BAM A_Piace_13Round,3,0.5,0.4545,0.5455,-0.09099999999999997,0.5,0.5051,-0.005099999999999993,0.4545,0.5,-0.045499999999999985,3.4533,3.6351,0.0,4,0,4,1.0,0,1
2018/2019_BAM A_Piace_13Round,3,0.5,0.4545,0.5455,-0.09099999999999997,0.5,0.5051,-0.005099999999999993,0.4545,0.5,-0.045499999999999985,3.4533,3.6351,0.0,5,0,5,1.0,0,1
2018/2019_BAM A_Videx_4Round,1,0.0,0.5,0.4545,0.045499999999999985,0.5,0.4949,0.005099999999999993,0.5,0.4545,0.045499999999999985,3.4986,3.5442,0.0,0,0,0,0.5,0,0
2018/2019_BAM A_Videx_4Round,1,0.0,0.5,0.4545,0.045499999999999985,0.5,0.4949,0.005099999999999993,0.5,0.4545,0.045499999999999985,3.4986,3.5442,0.0,0,1,-1,0.0,0,1
2018/2019_BAM A_Videx_4Round,2,0.25,0.5,0.4545,0.045499999999999985,0.5,0.4949,0.005099999999999993,0.5,0.4545,0.045499999999999985,3.4986,3.5442,0.0,1,1,0,1.0,0,0
2018/2019_BAM A_Videx_4Round,2,0.25,0.5,0.4545,0.045499999999999985,0.5,0.4949,0.005099999999999993,0.5,0.4545,0.045499999999999985,3.4986,3.5442,0.0,1,2,-1,0.0,0,1
2018/2019_BAM A_Videx_4Round,3,0.5,0.5,0.4545,0.045499999999999985,0.5,0.4949,0.005099999999999993,0.5,0.4545,0.045499999999999985,3.4986,3.5442,0.0,2,2,0,1.0,0,0
2018/2019_BAM A_Videx_4Round,3,0.5,0.5,0.4545,0.045499999999999985,0.5,0.4949,0.005099999999999993,0.5,0.4545,0.045499999999999985,3.4986,3.5442,0.0,2,3,-1,0.0,0,1
2018/2019_Centr_Geosa_2Round,1,0.0,0.5333,0.375,0.1583,0.5175,0.4674,0.05009999999999998,0.5714,0.4545,0.1169,3.8425,3.2475,0.0,0,0,0,0.5,0,1
2018/2019_Centr_Geosa_2Round,1,0.0,0.5333,0.375,0.1583,0.5175,0.4674,0.05009999999999998,0.5714,0.4545,0.1169,3.8425,3.2475,0.0,1,0,1,1.0,0,1
2018/2019_Centr_Geosa_2Round,2,0.25,0.5333,0.375,0.1583,0.5175,0.4674,0.05009999999999998,0.5714,0.4545,0.1169,3.8425,3.2475,0.0,2,0,2,1.0,0,1
2018/2019_Centr_Geosa_2Round,2,0.25,0.5333,0.375,0.1583,0.5175,0.4674,0.05009999999999998,0.5714,0.4545,0.1169,3.8425,3.2475,0.0,3,0,3,1.0,0,1
2018/2019_Centr_Geosa_2Round,3,0.5,0.5333,0.375,0.1583,0.5175,0.4674,0.05009999999999998,0.5714,0.4545,0.1169,3.8425,3.2475,0.0,4,0,4,1.0,0,1
2018/2019_Centr_Geosa_2Round,3,0.5,0.5333,0.375,0.1583,0.5175,0.4674,0.05009999999999998,0.5714,0.4545,0.1169,3.8425,3.2475,0.0,5,0,5,1.0,0,1
2018/2019_Centr_Mengh_10Round,1,0.0,0.5625,0.4545,0.10799999999999998,0.5426,0.4848,0.05779999999999996,0.6,0.4545,0.14549999999999996,4.0508,3.4533,0.0,0,0,0,0.5,0,1
2018/2019_Centr_Mengh_10Round,1,0.0,0.5625,0.4545,0.10799999999999998,0.5426,0.4848,0.05779999999999996,0.6,0.4545,0.14549999999999996,4.0508,3.4533,0.0,1,0,1,1.0,0,0
2018/2019_Centr_Mengh_10Round,2,0.25,0.5625,0.4545,0.10799999999999998,0.5426,0.4848,0.05779999999999996,0.6,0.4545,0.14549999999999996,4.0508,3.4533,0.0,1,1,0,0.0,0,0
2018/2019_Centr_Mengh_10Round,2,0.25,0.5625,0.4545,0.10799999999999998,0.5426,0.4848,0.05779999999999996,0.6,0.4545,0.14549999999999996,4.0508,3.4533,0.0,1,2,-1,0.0,0,0
2018/2019_Centr_Mengh_10Round,3,0.5,0.5625,0.4545,0.10799999999999998,0.5426,0.4848,0.05779999999999996,0.6,0.4545,0.14549999999999996,4.0508,3.4533,0.0,1,3,-2,0.0,0,1
2018/2019_Centr_Mengh_10Round,3,0.5,0.5625,0.4545,0.10799999999999998,0.5426,0.4848,0.05779999999999996,0.6,0.4545,0.14549999999999996,4.0508,3.4533,0.0,2,3,-1,1.0,0,1
2018/2019_Centr_Mengh_10Round,4,0.75,0.5625,0.4545,0.10799999999999998,0.5426,0.4848,0.05779999999999996,0.6,0.4545,0.14549999999999996,4.0508,3.4533,0.0,3,3,0,1.0,0,0
2018/2019_Centr_Mengh_10Round,4,0.75,0.5625,0.4545,0.10799999999999998,0.5426,0.4848,0.05779999999999996,0.6,0.4545,0.14549999999999996,4.0508,3.4533,0.0,3,4,-1,0.0,0,1
2018/2019_Centr_Mengh_10Round,5,1.0,0.5625,0.4545,0.10799999999999998,0.5426,0.4848,0.05779999999999996,0.6,0.4545,0.14549999999999996,4.0508,3.4533,0.0,4,4,0,1.0,1,1
2018/2019_Centr_Mengh_10Round,5,1.0,0.5625,0.4545,0.10799999999999998,0.5426,0.4848,0.05779999999999996,0.6,0.4545,0.14549999999999996,4.0508,3.4533,0.0,5,4,1,1.0,1,0
2018/2019_Emma _Raven_13Round,1,0.0,0.5714,0.5,0.07140000000000002,0.5159,0.5,0.015900000000000025,0.5,0.5,0.0,3.6133,3.4986,0.0,0,0,0,0.5,0,0
2018/2019_Emma _Raven_13Round,1,0.0,0.5714,0.5,0.07140000000000002,0.5159,0.5,0.015900000000000025,0.5,0.5,0.0,3.6133,3.4986,0.0,0,1,-1,0.0,0,0
2018/2019_Emma _Raven_13Round,2,0.25,0.5714,0.5,0.07140000000000002,0.5159,0.5,0.015900000000000025,0.5,0.5,0.0,3.6133,3.4986,0.0,0,2,-2,0.0,0,1
2018/2019_Emma _Raven_13Round,2,0.25,0.5714,0.5,0.07140000000000002,0.5159,0.5,0.015900000000000025,0.5,0.5,0.0,3.6133,3.4986,0.0,1,2,-1,1.0,0,1
2018/2019_Emma _Raven_13Round,3,0.5,0.5714,0.5,0.07140000000000002,0.5159,0.5,0.015900000000000025,0.5,0.5,0.0,3.6133,3.4986,0.0,2,2,0,1.0,0,0
2018/2019_Emma _Raven_13Round,3,0.5,0.5714,0.5,0.07140000000000002,0.5159,0.5,0.015900000000000025,0.5,0.5,0.0,3.6133,3.4986,0.0,2,3,-1,0.0,0,0
2018/2019_Emma _Raven_13Round,4,0.75,0.5714,0.5,0.07140000000000002,0.5159,0.5,0.015900000000000025,0.5,0.5,0.0,3.6133,3.4986,0.0,2,4,-2,0.0,0,1
2018/2019_Emma _Raven_13Round,4,0.75,0.5714,0.5,0.07140000000000002,0.5159,0.5,0.015900000000000025,0.5,0.5,0.0,3.6133,3.4986,0.0,3,4,-1,1.0,0,1
2018/2019_Emma _Raven_13Round,5,1.0,0.5714,0.5,0.07140000000000002,0.5159,0.5,0.015900000000000025,0.5,0.5,0.0,3.6133,3.4986,0.0,4,4,0,1.0,1,1
2018/2019_Emma _Raven_13Round,5,1.0,0.5714,0.5,0.07140000000000002,0.5159,0.5,0.015900000000000025,0.5,0.5,0.0,3.6133,3.4986,0.0,5,4,1,1.0,1,1
2018/2019_Geosa_Mengh_6Round,1,0.0,0.3529,0.5,-0.1471,0.4446,0.5,-0.055400000000000005,0.4,0.5,-0.09999999999999998,2.8734,3.4986,0.0,0,0,0,0.5,0,1
2018/2019_Geosa_Mengh_6Round,1,0.0,0.3529,0.5,-0.1471,0.4446,0.5,-0.055400000000000005,0.4,0.5,-0.09999999999999998,2.8734,3.4986,0.0,1,0,1,1.0,0,0
2018/2019_Geosa_Mengh_6Round,2,0.25,0.3529,0.5,-0.1471,0.4446,0.5,-0.055400000000000005,0.4,0.5,-0.09999999999999998,2.8734,3.4986,0.0,1,1,0,0.0,0,1
2018/2019_Geosa_Mengh_6Round,2,0.25,0.3529,0.5,-0.1471,0.4446,0.5,-0.055400000000000005,0.4,0.5,-0.09999999999999998,2.8734,3.4986,0.0,2,1,1,1.0,0,1
2018/2019_Geosa_Mengh_6Round,3,0.5,0.3529,0.5,-0.1471,0.4446,0.5,-0.055400000000000005,0.4,0.5,-0.09999999999999998,2.8734,3.4986,0.0,3,1,2,1.0,0,0
2018/2019_Geosa_Mengh_6Round,3,0.5,0.3529,0.5,-0.1471,0.4446,0.5,-0.055400000000000005,0.4,0.5,-0.09999999999999998,2.8734,3.4986,0.0,3,2,1,0.0,0,0
2018/2019_Geosa_Mengh_6Round,4,0.75,0.3529,0.5,-0.1471,0.4446,0.5,-0.055400000000000005,0.4,0.5,-0.09999999999999998,2.8734,3.4986,0.0,3,3,0,0.0,0,1
2018/2019_Geosa_Mengh_6Round,4,0.75,0.3529,0.5,-0.1471,0.4446,0.5,-0.055400000000000005,0.4,0.5,-0.09999999999999998,2.8734,3.4986,0.0,4,3,1,1.0,0,1
2018/2019_Geosa_Mengh_6Round,5,1.0,0.3529,0.5,-0.1471,0.4446,0.5,-0.055400000000000005,0.4,0.5,-0.09999999999999998,2.8734,3.4986,0.0,5,3,2,1.0,1,1
2018/2019_Kioen_Lube_1Round,1,0.0,0.4167,0.4583,-0.04159999999999997,0.489,0.5112,-0.022199999999999998,0.4667,0.4667,0.0,3.8065,3.9796,-2.412,0,0,0,0.5,0,0
2018/2019_Kioen_Lube_1Round,1,0.0,0.4167,0.4583,-0.04159999999999997,0.489,0.5112,-0.022199999999999998,0.4667,0.4667,0.0,3.8065,3.9796,-2.412,0,1,-1,0.0,0,1
2018/2019_Kioen_Lube_1Round,2,0.25,0.4167,0.4583,-0.04159999999999997,0.489,0.5112,-0.022199999999999998,0.4667,0.4667,0.0,3.8065,3.9796,-2.412,1,1,0,1.0,0,0
2018/2019_Kioen_Lube_1Round,2,0.25,0.4167,0.4583,-0.04159999999999997,0.489,0.5112,-0.022199999999999998,0.4667,0.4667,0.0,3.8065,3.9796,-2.412,1,2,-1,0.0,0,1
2018/2019_Kioen_Lube_1Round,3,0.5,0.4167,0.4583,-0.04159999999999997,0.489,0.5112,-0.022199999999999998,0.4667,0.4667,0.0,3.8065,3.9796,-2.412,2,2,0,1.0,0,0
2018/2019_Kioen_Lube_1Round,3,0.5,0.4167,0.4583,-0.04159999999999997,0.489,0.5112,-0.022199999999999998,0.4667,0.4667,0.0,3.8065,3.9796,-2.412,2,3,-1,0.0,0,1
2018/2019_Kioen_Milan_2Round,1,0.0,0.4,0.5833,-0.18330000000000002,0.4893,0.4917,-0.0024000000000000132,0.4667,0.6,-0.13329999999999997,3.6305,3.6104,-1.51,0,0,0,0.5,0,0
2018/2019_Kioen_Milan_2Round,1,0.0,0.4,0.5833,-0.18330000000000002,0.4893,0.4917,-0.0024000000000000132,0.4667,0.6,-0.13329999999999997,3.6305,3.6104,-1.51,0,1,-1,0.0,0,0
2018/2019_Kioen_Milan_2Round,2,0.25,0.4,0.5833,-0.18330000000000002,0.4893,0.4917,-0.0024000000000000132,0.4667,0.6,-0.13329999999999997,3.6305,3.6104,-1.51,0,2,-2,0.0,0,1
2018/2019_Kioen_Milan_2Round,2,0.25,0.4,0.5833,-0.18330000000000002,0.4893,0.4917,-0.0024000000000000132,0.4667,0.6,-0.13329999999999997,3.6305,3.6104,-1.51,1,2,-1,1.0,0,0
2018/2019_Kioen_Milan_2Round,3,0.5,0.4,0.5833,-0.18330000000000002,0.4893,0.4917,-0.0024000000000000132,0.4667,0.6,-0.13329999999999997,3.6305,3.6104,-1.51,1,3,-2,0.0,0,1
2018/2019_Kioen_Milan_2Round,3,0.5,0.4,0.5833,-0.18330000000000002,0.4893,0.4917,-0.0024000000000000132,0.4667,0.6,-0.13329999999999997,3.6305,3.6104,-1.51,2,3,-1,1.0,0,1
2018/2019_Kioen_Milan_2Round,4,0.75,0.4,0.5833,-0.18330000000000002,0.4893,0.4917,-0.0024000000000000132,0.4667,0.6,-0.13329999999999997,3.6305,3.6104,-1.51,3,3,0,1.0,0,0
2018/2019_Kioen_Milan_2Round,4,0.75,0.4,0.5833,-0.18330000000000002,0.4893,0.4917,-0.0024000000000000132,0.4667,0.6,-0.13329999999999997,3.6305,3.6104,-1.51,3,4,-1,0.0,0,1
2018/2019_Kioen_Monza_5Round,1,0.0,0.3846,0.44,-0.055400000000000005,0.4897,0.5214,-0.03169999999999995,0.4,0.5,-0.09999999999999998,3.6859,3.7205,-1.747,0,0,0,0.5,0,1
2018/2019_Kioen_Monza_5Round,1,0.0,0.3846,0.44,-0.055400000000000005,0.4897,0.5214,-0.03169999999999995,0.4,0.5,-0.09999999999999998,3.6859,3.7205,-1.747,1,0,1,1.0,0,1
2018/2019_Kioen_Monza_5Round,2,0.25,0.3846,0.44,-0.055400000000000005,0.4897,0.5214,-0.03169999999999995,0.4,0.5,-0.09999999999999998,3.6859,3.7205,-1.747,2,0,2,1.0,0,0
2018/2019_Kioen_Monza_5Round,2,0.25,0.3846,0.44,-0.055400000000000005,0.4897,0.5214,-0.03169999999999995,0.4,0.5,-0.09999999999999998,3.6859,3.7205,-1.747,2,1,1,0.0,0,1
2018/2019_Kioen_Monza_5Round,3,0.5,0.3846,0.44,-0.055400000000000005,0.4897,0.5214,-0.03169999999999995,0.4,0.5,-0.09999999999999998,3.6859,3.7205,-1.747,3,1,2,1.0,0,0
2018/2019_Kioen_Monza_5Round,3,0.5,0.3846,0.44,-0.055400000000000005,0.4897,0.5214,-0.03169999999999995,0.4,0.5,-0.09999999999999998,3.6859,3.7205,-1.747,3,2,1,0.0,0,0
2018/2019_Kioen_Monza_5Round,4,0.75,0.3846,0.44,-0.055400000000000005,0.4897,0.5214,-0.03169999999999995,0.4,0.5,-0.09999999999999998,3.6859,3.7205,-1.747,3,3,0,0.0,0,1
2018/2019_Kioen_Monza_5Round,4,0.75,0.3846,0.44,-0.055400000000000005,0.4897,0.5214,-0.03169999999999995,0.4,0.5,-0.09999999999999998,3.6859,3.7205,-1.747,4,3,1,1.0,0,0
2018/2019_Kioen_Sir S_11Round,1,0.0,0.4,0.5862,-0.18620000000000003,0.4911,0.5,-0.008900000000000019,0.4667,0.6,-0.13329999999999997,3.7033,4.2222,-2.853,0,0,0,0.5,0,1
2018/2019_Kioen_Sir S_11Round,1,0.0,0.4,0.5862,-0.18620000000000003,0.4911,0.5,-0.008900000000000019,0.4667,0.6,-0.13329999999999997,3.7033,4.2222,-2.853,1,0,1,1.0,0,1
2018/2019_Kioen_Sir S_11Round,2,0.25,0.4,0.5862,-0.18620000000000003,0.4911,0.5,-0.008900000000000019,0.4667,0.6,-0.13329999999999997,3.7033,4.2222,-2.853,2,0,2,1.0,0,1
2018/2019_Kioen_Sir S_11Round,2,0.25,0.4,0.5862,-0.18620000000000003,0.4911,0.5,-0.008900000000000019,0.4667,0.6,-0.13329999999999997,3.7033,4.2222,-2.853,3,0,3,1.0,0,1
2018/2019_Kioen_Sir S_11Round,3,0.5,0.4,0.5862,-0.18620000000000003,0.4911,0.5,-0.008900000000000019,0.4667,0.6,-0.13329999999999997,3.7033,4.2222,-2.853,4,0,4,1.0,0,1
2018/2019_Kioen_Sir S_11Round,3,0.5,0.4,0.5862,-0.18620000000000003,0.4911,0.5,-0.008900000000000019,0.4667,0.6,-0.13329999999999997,3.7033,4.2222,-2.853,5,0,5,1.0,0,0
2018/2019_Kioen_Sir S_11Round,4,0.75,0.4,0.5862,-0.18620000000000003,0.4911,0.5,-0.008900000000000019,0.4667,0.6,-0.13329999999999997,3.7033,4.2222,-2.853,5,1,4,0.0,0,1
2018/2019_Kioen_Trent_9Round,1,0.0,0.3571,0.5185,-0.1614,0.4858,0.5095,-0.023699999999999943,0.3333,0.5,-0.16670000000000001,3.566,4.1386,-3.0,0,0,0,0.5,0,1
2018/2019_Kioen_Trent_9Round,1,0.0,0.3571,0.5185,-0.1614,0.4858,0.5095,-0.023699999999999943,0.3333,0.5,-0.16670000000000001,3.566,4.1386,-3.0,1,0,1,1.0,0,1
2018/2019_Kioen_Trent_9Round,2,0.25,0.3571,0.5185,-0.1614,0.4858,0.5095,-0.023699999999999943,0.3333,0.5,-0.16670000000000001,3.566,4.1386,-3.0,2,0,2,1.0,0,1
2018/2019_Kioen_Trent_9Round,2,0.25,0.3571,0.5185,-0.1614,0.4858,0.5095,-0.023699999999999943,0.3333,0.5,-0.16670000000000001,3.566,4.1386,-3.0,3,0,3,1.0,0,0
2018/2019_Kioen_Trent_9Round,3,0.5,0.3571,0.5185,-0.1614,0.4858,0.5095,-0.023699999999999943,0.3333,0.5,-0.16670000000000001,3.566,4.1386,-3.0,3,1,2,0.0,0,1
2018/2019_Kioen_Trent_9Round,3,0.5,0.3571,0.5185,-0.1614,0.4858,0.5095,-0.023699999999999943,0.3333,0.5,-0.16670000000000001,3.566,4.1386,-3.0,4,1,3,1.0,0,0
2018/2019_Kioen_Trent_9Round,4,0.75,0.3571,0.5185,-0.1614,0.4858,0.5095,-0.023699999999999943,0.3333,0.5,-0.16670000000000001,3.566,4.1386,-3.0,4,2,2,0.0,0,0
2018/2019_Kioen_Veron_10Round,1,0.0,0.3793,0.6207,-0.2414,0.4885,0.4928,-0.004300000000000026,0.4,0.5333,-0.13329999999999997,3.6452,3.6461,-0.431,0,0,0,0.5,0,1
2018/2019_Kioen_Veron_10Round,1,0.0,0.3793,0.6207,-0.2414,0.4885,0.4928,-0.004300000000000026,0.4,0.5333,-0.13329999999999997,3.6452,3.6461,-0.431,1,0,1,1.0,0,0
2018/2019_Kioen_Veron_10Round,2,0.25,0.3793,0.6207,-0.2414,0.4885,0.4928,-0.004300000000000026,0.4,0.5333,-0.13329999999999997,3.6452,3.6461,-0.431,1,1,0,0.0,0,1
2018/2019_Kioen_Veron_10Round,2,0.25,0.3793,0.6207,-0.2414,0.4885,0.4928,-0.004300000000000026,0.4,0.5333,-0.13329999999999997,3.6452,3.6461,-0.431,2,1,1,1.0,0,1
2018/2019_Kioen_Veron_10Round,3,0.5,0.3793,0.6207,-0.2414,0.4885,0.4928,-0.004300000000000026,0.4,0.5333,-0.13329999999999997,3.6452,3.6461,-0.431,3,1,2,1.0,0,1
2018/2019_Kioen_Veron_10Round,3,0.5,0.3793,0.6207,-0.2414,0.4885,0.4928,-0.004300000000000026,0.4,0.5333,-0.13329999999999997,3.6452,3.6461,-0.431,4,1,3,1.0,0,0
2018/2019_Kioen_Veron_10Round,4,0.75,0.3793,0.6207,-0.2414,0.4885,0.4928,-0.004300000000000026,0.4,0.5333,-0.13329999999999997,3.6452,3.6461,-0.431,4,2,2,0.0,0,0
2018/2019_Lube_Milan_11Round,1,0.0,0.4333,0.5517,-0.11839999999999995,0.5022,0.4698,0.032399999999999984,0.4,0.5333,-0.13329999999999997,3.696,3.1931,0.786,0,0,0,0.5,0,1
2018/2019_Lube_Milan_11Round,1,0.0,0.4333,0.5517,-0.11839999999999995,0.5022,0.4698,0.032399999999999984,0.4,0.5333,-0.13329999999999997,3.696,3.1931,0.786,1,0,1,1.0,0,1
2018/2019_Lube_Milan_11Round,2,0.25,0.4333,0.5517,-0.11839999999999995,0.5022,0.4698,0.032399999999999984,0.4,0.5333,-0.13329999999999997,3.696,3.1931,0.786,2,0,2,1.0,0,1
2018/2019_Lube_Milan_11Round,2,0.25,0.4333,0.5517,-0.11839999999999995,0.5022,0.4698,0.032399999999999984,0.4,0.5333,-0.13329999999999997,3.696,3.1931,0.786,3,0,3,1.0,0,0
2018/2019_Lube_Milan_11Round,3,0.5,0.4333,0.5517,-0.11839999999999995,0.5022,0.4698,0.032399999999999984,0.4,0.5333,-0.13329999999999997,3.696,3.1931,0.786,3,1,2,0.0,0,1
2018/2019_Lube_Milan_11Round,3,0.5,0.4333,0.5517,-0.11839999999999995,0.5022,0.4698,0.032399999999999984,0.4,0.5333,-0.13329999999999997,3.696,3.1931,0.786,4,1,3,1.0,0,1
2018/2019_Lube_Milan_11Round,4,0.75,0.4333,0.5517,-0.11839999999999995,0.5022,0.4698,0.032399999999999984,0.4,0.5333,-0.13329999999999997,3.696,3.1931,0.786,5,1,4,1.0,0,1
2018/2019_Lube_Monza_6Round,1,0.0,0.4286,0.4615,-0.03290000000000004,0.5024,0.5205,-0.018100000000000005,0.4,0.5333,-0.13329999999999997,3.6696,3.7505,1.157,0,0,0,0.5,0,1
2018/2019_Lube_Monza_6Round,1,0.0,0.4286,0.4615,-0.03290000000000004,0.5024,0.5205,-0.018100000000000005,0.4,0.5333,-0.13329999999999997,3.6696,3.7505,1.157,1,0,1,1.0,0,1
2018/2019_Lube_Monza_6Round,2,0.25,0.4286,0.4615,-0.03290000000000004,0.5024,0.5205,-0.018100000000000005,0.4,0.5333,-0.13329999999999997,3.6696,3.7505,1.157,2,0,2,1.0,0,1
2018/2019_Lube_Monza_6Round,2,0.25,0.4286,0.4615,-0.03290000000000004,0.5024,0.5205,-0.018100000000000005,0.4,0.5333,-0.13329999999999997,3.6696,3.7505,1.157,3,0,3,1.0,0,0
2018/2019_Lube_Monza_6Round,3,0.5,0.4286,0.4615,-0.03290000000000004,0.5024,0.5205,-0.018100000000000005,0.4,0.5333,-0.13329999999999997,3.6696,3.7505,1.157,3,1,2,0.0,0,1
2018/2019_Lube_Monza_6Round,3,0.5,0.4286,0.4615,-0.03290000000000004,0.5024,0.5205,-0.018100000000000005,0.4,0.5333,-0.13329999999999997,3.6696,3.7505,1.157,4,1,3,1.0,0,1
2018/2019_Lube_Monza_6Round,4,0.75,0.4286,0.4615,-0.03290000000000004,0.5024,0.5205,-0.018100000000000005,0.4,0.5333,-0.13329999999999997,3.6696,3.7505,1.157,5,1,4,1.0,0,0
2018/2019_Lube_Monza_6Round,5,1.0,0.4286,0.4615,-0.03290000000000004,0.5024,0.5205,-0.018100000000000005,0.4,0.5333,-0.13329999999999997,3.6696,3.7505,1.157,5,2,3,0.0,1,0
2018/2019_Lube_Sir S_4Round,1,0.0,0.4615,0.5385,-0.07699999999999996,0.5078,0.4866,0.021200000000000052,0.4667,0.5333,-0.06659999999999999,3.7754,3.8126,-0.727,0,0,0,0.5,0,0
2018/2019_Lube_Sir S_4Round,1,0.0,0.4615,0.5385,-0.07699999999999996,0.5078,0.4866,0.021200000000000052,0.4667,0.5333,-0.06659999999999999,3.7754,3.8126,-0.727,0,1,-1,0.0,0,1
2018/2019_Lube_Sir S_4Round,2,0.25,0.4615,0.5385,-0.07699999999999996,0.5078,0.4866,0.021200000000000052,0.4667,0.5333,-0.06659999999999999,3.7754,3.8126,-0.727,1,1,0,1.0,0,0
2018/2019_Lube_Sir S_4Round,2,0.25,0.4615,0.5385,-0.07699999999999996,0.5078,0.4866,0.021200000000000052,0.4667,0.5333,-0.06659999999999999,3.7754,3.8126,-0.727,1,2,-1,0.0,0,1
2018/2019_Lube_Sir S_4Round,3,0.5,0.4615,0.5385,-0.07699999999999996,0.5078,0.4866,0.021200000000000052,0.4667,0.5333,-0.06659999999999999,3.7754,3.8126,-0.727,2,2,0,1.0,0,0
2018/2019_Lube_Sir S_4Round,3,0.5,0.4615,0.5385,-0.07699999999999996,0.5078,0.4866,0.021200000000000052,0.4667,0.5333,-0.06659999999999999,3.7754,3.8126,-0.727,2,3,-1,0.0,0,0
2018/2019_Lube_Sir S_4Round,4,0.75,0.4615,0.5385,-0.07699999999999996,0.5078,0.4866,0.021200000000000052,0.4667,0.5333,-0.06659999999999999,3.7754,3.8126,-0.727,2,4,-2,0.0,0,1
2018/2019_Lube_Trent_5Round,1,0.0,0.4444,0.48,-0.035599999999999965,0.505,0.4974,0.007599999999999996,0.4,0.4615,-0.0615,3.6026,3.4382,0.093,0,0,0,0.5,0,0
2018/2019_Lube_Trent_5Round,1,0.0,0.4444,0.48,-0.035599999999999965,0.505,0.4974,0.007599999999999996,0.4,0.4615,-0.0615,3.6026,3.4382,0.093,0,1,-1,0.0,0,0
2018/2019_Lube_Trent_5Round,2,0.25,0.4444,0.48,-0.035599999999999965,0.505,0.4974,0.007599999999999996,0.4,0.4615,-0.0615,3.6026,3.4382,0.093,0,2,-2,0.0,0,1
2018/2019_Lube_Trent_5Round,2,0.25,0.4444,0.48,-0.035599999999999965,0.505,0.4974,0.007599999999999996,0.4,0.4615,-0.0615,3.6026,3.4382,0.093,1,2,-1,1.0,0,1
2018/2019_Lube_Trent_5Round,3,0.5,0.4444,0.48,-0.035599999999999965,0.505,0.4974,0.007599999999999996,0.4,0.4615,-0.0615,3.6026,3.4382,0.093,2,2,0,1.0,0,0
2018/2019_Lube_Trent_5Round,3,0.5,0.4444,0.48,-0.035599999999999965,0.505,0.4974,0.007599999999999996,0.4,0.4615,-0.0615,3.6026,3.4382,0.093,2,3,-1,0.0,0,0
2018/2019_Lube_Trent_5Round,4,0.75,0.4444,0.48,-0.035599999999999965,0.505,0.4974,0.007599999999999996,0.4,0.4615,-0.0615,3.6026,3.4382,0.093,2,4,-2,0.0,0,1
2018/2019_Lube_Trent_5Round,4,0.75,0.4444,0.48,-0.035599999999999965,0.505,0.4974,0.007599999999999996,0.4,0.4615,-0.0615,3.6026,3.4382,0.093,3,4,-1,1.0,0,0
2018/2019_Lube_Trent_5Round,5,1.0,0.4444,0.48,-0.035599999999999965,0.505,0.4974,0.007599999999999996,0.4,0.4615,-0.0615,3.6026,3.4382,0.093,3,5,-2,0.0,1,1
2018/2019_Lube_Veron_3Round,1,0.0,0.48,0.6154,-0.13539999999999996,0.5109,0.4973,0.013600000000000001,0.4667,0.6,-0.13329999999999997,3.7551,3.8012,2.657,0,0,0,0.5,0,0
2018/2019_Lube_Veron_3Round,1,0.0,0.48,0.6154,-0.13539999999999996,0.5109,0.4973,0.013600000000000001,0.4667,0.6,-0.13329999999999997,3.7551,3.8012,2.657,0,1,-1,0.0,0,1
2018/2019_Lube_Veron_3Round,2,0.25,0.48,0.6154,-0.13539999999999996,0.5109,0.4973,0.013600000000000001,0.4667,0.6,-0.13329999999999997,3.7551,3.8012,2.657,1,1,0,1.0,0,0
2018/2019_Lube_Veron_3Round,2,0.25,0.48,0.6154,-0.13539999999999996,0.5109,0.4973,0.013600000000000001,0.4667,0.6,-0.13329999999999997,3.7551,3.8012,2.657,1,2,-1,0.0,0,1
2018/2019_Lube_Veron_3Round,3,0.5,0.48,0.6154,-0.13539999999999996,0.5109,0.4973,0.013600000000000001,0.4667,0.6,-0.13329999999999997,3.7551,3.8012,2.657,2,2,0,1.0,0,0
2018/2019_Lube_Veron_3Round,3,0.5,0.48,0.6154,-0.13539999999999996,0.5109,0.4973,0.013600000000000001,0.4667,0.6,-0.13329999999999997,3.7551,3.8012,2.657,2,3,-1,0.0,0,0
2018/2019_Lube_Veron_3Round,4,0.75,0.48,0.6154,-0.13539999999999996,0.5109,0.4973,0.013600000000000001,0.4667,0.6,-0.13329999999999997,3.7551,3.8012,2.657,2,4,-2,0.0,0,1
2018/2019_Lube_Veron_3Round,4,0.75,0.48,0.6154,-0.13539999999999996,0.5109,0.4973,0.013600000000000001,0.4667,0.6,-0.13329999999999997,3.7551,3.8012,2.657,3,4,-1,1.0,0,0
2018/2019_Lube_Veron_3Round,5,1.0,0.48,0.6154,-0.13539999999999996,0.5109,0.4973,0.013600000000000001,0.4667,0.6,-0.13329999999999997,3.7551,3.8012,2.657,3,5,-2,0.0,1,1
2018/2019_Milan_Monza_7Round,1,0.0,0.5769,0.4444,0.13249999999999995,0.4767,0.5148,-0.03810000000000002,0.4286,0.4667,-0.03810000000000002,2.9753,3.5848,-0.229,0,0,0,0.5,0,0
2018/2019_Milan_Monza_7Round,1,0.0,0.5769,0.4444,0.13249999999999995,0.4767,0.5148,-0.03810000000000002,0.4286,0.4667,-0.03810000000000002,2.9753,3.5848,-0.229,0,1,-1,0.0,0,0
2018/2019_Milan_Monza_7Round,2,0.25,0.5769,0.4444,0.13249999999999995,0.4767,0.5148,-0.03810000000000002,0.4286,0.4667,-0.03810000000000002,2.9753,3.5848,-0.229,0,2,-2,0.0,0,0
2018/2019_Milan_Monza_7Round,2,0.25,0.5769,0.4444,0.13249999999999995,0.4767,0.5148,-0.03810000000000002,0.4286,0.4667,-0.03810000000000002,2.9753,3.5848,-0.229,0,3,-3,0.0,0,0
2018/2019_Milan_Monza_7Round,3,0.5,0.5769,0.4444,0.13249999999999995,0.4767,0.5148,-0.03810000000000002,0.4286,0.4667,-0.03810000000000002,2.9753,3.5848,-0.229,0,4,-4,0.0,0,0
2018/2019_Milan_Monza_7Round,3,0.5,0.5769,0.4444,0.13249999999999995,0.4767,0.5148,-0.03810000000000002,0.4286,0.4667,-0.03810000000000002,2.9753,3.5848,-0.229,0,5,-5,0.0,0,1
2018/2019_Milan_Monza_7Round,4,0.75,0.5769,0.4444,0.13249999999999995,0.4767,0.5148,-0.03810000000000002,0.4286,0.4667,-0.03810000000000002,2.9753,3.5848,-0.229,1,5,-4,1.0,0,1
2018/2019_Milan_Monza_7Round,5,1.0,0.5769,0.4444,0.13249999999999995,0.4767,0.5148,-0.03810000000000002,0.4286,0.4667,-0.03810000000000002,2.9753,3.5848,-0.229,2,5,-3,1.0,1,0
2018/2019_Milan_Sir S_13Round,1,0.0,0.5333,0.5667,-0.033399999999999985,0.4595,0.4885,-0.02899999999999997,0.4667,0.6,-0.13329999999999997,2.7813,3.5143,-2.147,0,0,0,0.5,0,0
2018/2019_Milan_Sir S_13Round,1,0.0,0.5333,0.5667,-0.033399999999999985,0.4595,0.4885,-0.02899999999999997,0.4667,0.6,-0.13329999999999997,2.7813,3.5143,-2.147,0,1,-1,0.0,0,1
2018/2019_Milan_Sir S_13Round,2,0.25,0.5333,0.5667,-0.033399999999999985,0.4595,0.4885,-0.02899999999999997,0.4667,0.6,-0.13329999999999997,2.7813,3.5143,-2.147,1,1,0,1.0,0,1
2018/2019_Milan_Sir S_13Round,2,0.25,0.5333,0.5667,-0.033399999999999985,0.4595,0.4885,-0.02899999999999997,0.4667,0.6,-0.13329999999999997,2.7813,3.5143,-2.147,2,1,1,1.0,0,1
2018/2019_Milan_Sir S_13Round,3,0.5,0.5333,0.5667,-0.033399999999999985,0.4595,0.4885,-0.02899999999999997,0.4667,0.6,-0.13329999999999997,2.7813,3.5143,-2.147,3,1,2,1.0,0,1
2018/2019_Milan_Sir S_13Round,3,0.5,0.5333,0.5667,-0.033399999999999985,0.4595,0.4885,-0.02899999999999997,0.4667,0.6,-0.13329999999999997,2.7813,3.5143,-2.147,4,1,3,1.0,0,0
2018/2019_Milan_Sir S_13Round,4,0.75,0.5333,0.5667,-0.033399999999999985,0.4595,0.4885,-0.02899999999999997,0.4667,0.6,-0.13329999999999997,2.7813,3.5143,-2.147,4,2,2,0.0,0,1
2018/2019_Milan_Sir S_13Round,5,1.0,0.5333,0.5667,-0.033399999999999985,0.4595,0.4885,-0.02899999999999997,0.4667,0.6,-0.13329999999999997,2.7813,3.5143,-2.147,5,2,3,1.0,1,1
2018/2019_Milan_Trent_10Round,1,0.0,0.5357,0.5,0.035699999999999954,0.4664,0.5069,-0.040500000000000036,0.4,0.4667,-0.06669999999999998,2.9323,3.8598,-0.942,0,0,0,0.5,0,1
2018/2019_Milan_Trent_10Round,1,0.0,0.5357,0.5,0.035699999999999954,0.4664,0.5069,-0.040500000000000036,0.4,0.4667,-0.06669999999999998,2.9323,3.8598,-0.942,1,0,1,1.0,0,1
2018/2019_Milan_Trent_10Round,2,0.25,0.5357,0.5,0.035699999999999954,0.4664,0.5069,-0.040500000000000036,0.4,0.4667,-0.06669999999999998,2.9323,3.8598,-0.942,2,0,2,1.0,0,1
2018/2019_Milan_Trent_10Round,2,0.25,0.5357,0.5,0.035699999999999954,0.4664,0.5069,-0.040500000000000036,0.4,0.4667,-0.06669999999999998,2.9323,3.8598,-0.942,3,0,3,1.0,0,0
2018/2019_Milan_Trent_10Round,3,0.5,0.5357,0.5,0.035699999999999954,0.4664,0.5069,-0.040500000000000036,0.4,0.4667,-0.06669999999999998,2.9323,3.8598,-0.942,3,1,2,0.0,0,1
2018/2019_Milan_Trent_10Round,3,0.5,0.5357,0.5,0.035699999999999954,0.4664,0.5069,-0.040500000000000036,0.4,0.4667,-0.06669999999999998,2.9323,3.8598,-0.942,4,1,3,1.0,0,0
2018/2019_Milan_Trent_10Round,4,0.75,0.5357,0.5,0.035699999999999954,0.4664,0.5069,-0.040500000000000036,0.4,0.4667,-0.06669999999999998,2.9323,3.8598,-0.942,4,2,2,0.0,0,0
2018/2019_Milan_Veron_9Round,1,0.0,0.5556,0.6071,-0.05149999999999999,0.4678,0.4901,-0.022299999999999986,0.4,0.5333,-0.13329999999999997,2.8407,3.5672,-1.075,0,0,0,0.5,0,1
2018/2019_Milan_Veron_9Round,1,0.0,0.5556,0.6071,-0.05149999999999999,0.4678,0.4901,-0.022299999999999986,0.4,0.5333,-0.13329999999999997,2.8407,3.5672,-1.075,1,0,1,1.0,0,0
2018/2019_Milan_Veron_9Round,2,0.25,0.5556,0.6071,-0.05149999999999999,0.4678,0.4901,-0.022299999999999986,0.4,0.5333,-0.13329999999999997,2.8407,3.5672,-1.075,1,1,0,0.0,0,0
2018/2019_Milan_Veron_9Round,2,0.25,0.5556,0.6071,-0.05149999999999999,0.4678,0.4901,-0.022299999999999986,0.4,0.5333,-0.13329999999999997,2.8407,3.5672,-1.075,1,2,-1,0.0,0,1
2018/2019_Milan_Veron_9Round,3,0.5,0.5556,0.6071,-0.05149999999999999,0.4678,0.4901,-0.022299999999999986,0.4,0.5333,-0.13329999999999997,2.8407,3.5672,-1.075,2,2,0,1.0,0,0
2018/2019_Milan_Veron_9Round,3,0.5,0.5556,0.6071,-0.05149999999999999,0.4678,0.4901,-0.022299999999999986,0.4,0.5333,-0.13329999999999997,2.8407,3.5672,-1.075,2,3,-1,0.0,0,0
2018/2019_Milan_Veron_9Round,4,0.75,0.5556,0.6071,-0.05149999999999999,0.4678,0.4901,-0.022299999999999986,0.4,0.5333,-0.13329999999999997,2.8407,3.5672,-1.075,2,4,-2,0.0,0,1
2018/2019_Monza_Sir S_9Round,1,0.0,0.4643,0.5714,-0.10710000000000003,0.5236,0.4901,0.033499999999999974,0.5333,0.6,-0.06669999999999998,4.0426,3.8237,0.765,0,0,0,0.5,0,0
2018/2019_Monza_Sir S_9Round,1,0.0,0.4643,0.5714,-0.10710000000000003,0.5236,0.4901,0.033499999999999974,0.5333,0.6,-0.06669999999999998,4.0426,3.8237,0.765,0,1,-1,0.0,0,1
2018/2019_Monza_Sir S_9Round,2,0.25,0.4643,0.5714,-0.10710000000000003,0.5236,0.4901,0.033499999999999974,0.5333,0.6,-0.06669999999999998,4.0426,3.8237,0.765,1,1,0,1.0,0,0
2018/2019_Monza_Sir S_9Round,2,0.25,0.4643,0.5714,-0.10710000000000003,0.5236,0.4901,0.033499999999999974,0.5333,0.6,-0.06669999999999998,4.0426,3.8237,0.765,1,2,-1,0.0,0,0
2018/2019_Monza_Sir S_9Round,3,0.5,0.4643,0.5714,-0.10710000000000003,0.5236,0.4901,0.033499999999999974,0.5333,0.6,-0.06669999999999998,4.0426,3.8237,0.765,1,3,-2,0.0,0,0
2018/2019_Monza_Sir S_9Round,3,0.5,0.4643,0.5714,-0.10710000000000003,0.5236,0.4901,0.033499999999999974,0.5333,0.6,-0.06669999999999998,4.0426,3.8237,0.765,1,4,-3,0.0,0,1
2018/2019_Monza_Sir S_9Round,4,0.75,0.4643,0.5714,-0.10710000000000003,0.5236,0.4901,0.033499999999999974,0.5333,0.6,-0.06669999999999998,4.0426,3.8237,0.765,2,4,-2,1.0,0,0
2018/2019_Monza_Sir S_9Round,5,1.0,0.4643,0.5714,-0.10710000000000003,0.5236,0.4901,0.033499999999999974,0.5333,0.6,-0.06669999999999998,4.0426,3.8237,0.765,2,5,-3,0.0,1,0
2018/2019_Monza_Trent_13Round,1,0.0,0.4667,0.5,-0.033299999999999996,0.5243,0.5065,0.017800000000000038,0.5333,0.4667,0.06659999999999999,4.0655,3.7126,-1.208,0,0,0,0.5,0,1
2018/2019_Monza_Trent_13Round,1,0.0,0.4667,0.5,-0.033299999999999996,0.5243,0.5065,0.017800000000000038,0.5333,0.4667,0.06659999999999999,4.0655,3.7126,-1.208,1,0,1,1.0,0,1
2018/2019_Monza_Trent_13Round,2,0.25,0.4667,0.5,-0.033299999999999996,0.5243,0.5065,0.017800000000000038,0.5333,0.4667,0.06659999999999999,4.0655,3.7126,-1.208,2,0,2,1.0,0,0
2018/2019_Monza_Trent_13Round,2,0.25,0.4667,0.5,-0.033299999999999996,0.5243,0.5065,0.017800000000000038,0.5333,0.4667,0.06659999999999999,4.0655,3.7126,-1.208,2,1,1,0.0,0,0
2018/2019_Monza_Trent_13Round,3,0.5,0.4667,0.5,-0.033299999999999996,0.5243,0.5065,0.017800000000000038,0.5333,0.4667,0.06659999999999999,4.0655,3.7126,-1.208,2,2,0,0.0,0,1
2018/2019_Monza_Trent_13Round,3,0.5,0.4667,0.5,-0.033299999999999996,0.5243,0.5065,0.017800000000000038,0.5333,0.4667,0.06659999999999999,4.0655,3.7126,-1.208,3,2,1,1.0,0,1
2018/2019_Monza_Trent_13Round,4,0.75,0.4667,0.5,-0.033299999999999996,0.5243,0.5065,0.017800000000000038,0.5333,0.4667,0.06659999999999999,4.0655,3.7126,-1.208,4,2,2,1.0,0,0
2018/2019_Monza_Trent_13Round,4,0.75,0.4667,0.5,-0.033299999999999996,0.5243,0.5065,0.017800000000000038,0.5333,0.4667,0.06659999999999999,4.0655,3.7126,-1.208,4,3,1,0.0,0,1
2018/2019_Monza_Trent_13Round,5,1.0,0.4667,0.5,-0.033299999999999996,0.5243,0.5065,0.017800000000000038,0.5333,0.4667,0.06659999999999999,4.0655,3.7126,-1.208,5,3,2,1.0,1,0
2018/2019_Monza_Veron_1Round,1,0.0,0.4167,0.625,-0.20829999999999999,0.5194,0.494,0.025399999999999978,0.4667,0.6,-0.13329999999999997,3.6815,3.6725,-0.732,0,0,0,0.5,0,1
2018/2019_Monza_Veron_1Round,1,0.0,0.4167,0.625,-0.20829999999999999,0.5194,0.494,0.025399999999999978,0.4667,0.6,-0.13329999999999997,3.6815,3.6725,-0.732,1,0,1,1.0,0,1
2018/2019_Monza_Veron_1Round,2,0.25,0.4167,0.625,-0.20829999999999999,0.5194,0.494,0.025399999999999978,0.4667,0.6,-0.13329999999999997,3.6815,3.6725,-0.732,2,0,2,1.0,0,1
2018/2019_Monza_Veron_1Round,2,0.25,0.4167,0.625,-0.20829999999999999,0.5194,0.494,0.025399999999999978,0.4667,0.6,-0.13329999999999997,3.6815,3.6725,-0.732,3,0,3,1.0,0,0
2018/2019_Monza_Veron_1Round,3,0.5,0.4167,0.625,-0.20829999999999999,0.5194,0.494,0.025399999999999978,0.4667,0.6,-0.13329999999999997,3.6815,3.6725,-0.732,3,1,2,0.0,0,1
2018/2019_Monza_Veron_1Round,3,0.5,0.4167,0.625,-0.20829999999999999,0.5194,0.494,0.025399999999999978,0.4667,0.6,-0.13329999999999997,3.6815,3.6725,-0.732,4,1,3,1.0,0,0
2018/2019_Monza_Veron_1Round,4,0.75,0.4167,0.625,-0.20829999999999999,0.5194,0.494,0.025399999999999978,0.4667,0.6,-0.13329999999999997,3.6815,3.6725,-0.732,4,2,2,0.0,0,0
2018/2019_Piace_Videx_3Round,1,0.0,0.5,0.5,0.0,0.5,0.5,0.0,0.5,0.5,0.0,3.4986,3.4986,3.0,0,0,0,0.5,0,1
2018/2019_Piace_Videx_3Round,1,0.0,0.5,0.5,0.0,0.5,0.5,0.0,0.5,0.5,0.0,3.4986,3.4986,3.0,1,0,1,1.0,0,1
2018/2019_Piace_Videx_3Round,2,0.25,0.5,0.5,0.0,0.5,0.5,0.0,0.5,0.5,0.0,3.4986,3.4986,3.0,2,0,2,1.0,0,0
2018/2019_Piace_Videx_3Round,2,0.25,0.5,0.5,0.0,0.5,0.5,0.0,0.5,0.5,0.0,3.4986,3.4986,3.0,2,1,1,0.0,0,1
2018/2019_Piace_Videx_3Round,3,0.5,0.5,0.5,0.0,0.5,0.5,0.0,0.5,0.5,0.0,3.4986,3.4986,3.0,3,1,2,1.0,0,1
2018/2019_Piace_Videx_3Round,3,0.5,0.5,0.5,0.0,0.5,0.5,0.0,0.5,0.5,0.0,3.4986,3.4986,3.0,4,1,3,1.0,0,0
2018/2019_Piace_Videx_3Round,4,0.75,0.5,0.5,0.0,0.5,0.5,0.0,0.5,0.5,0.0,3.4986,3.4986,3.0,4,2,2,0.0,0,1
2018/2019_Piace_Videx_3Round,4,0.75,0.5,0.5,0.0,0.5,0.5,0.0,0.5,0.5,0.0,3.4986,3.4986,3.0,5,2,3,1.0,0,0
2018/2019_Piace_Videx_3Round,5,1.0,0.5,0.5,0.0,0.5,0.5,0.0,0.5,0.5,0.0,3.4986,3.4986,3.0,5,3,2,0.0,1,0
2018/2019_Pool _Tinet_13Round,1,0.0,0.4667,0.5,-0.033299999999999996,0.4825,0.5,-0.017500000000000016,0.4545,0.5,-0.045499999999999985,3.5687,3.4986,0.0,0,0,0,0.5,0,1
2018/2019_Pool _Tinet_13Round,1,0.0,0.4667,0.5,-0.033299999999999996,0.4825,0.5,-0.017500000000000016,0.4545,0.5,-0.045499999999999985,3.5687,3.4986,0.0,1,0,1,1.0,0,0
2018/2019_Pool _Tinet_13Round,2,0.25,0.4667,0.5,-0.033299999999999996,0.4825,0.5,-0.017500000000000016,0.4545,0.5,-0.045499999999999985,3.5687,3.4986,0.0,1,1,0,0.0,0,1
2018/2019_Pool _Tinet_13Round,2,0.25,0.4667,0.5,-0.033299999999999996,0.4825,0.5,-0.017500000000000016,0.4545,0.5,-0.045499999999999985,3.5687,3.4986,0.0,2,1,1,1.0,0,0
2018/2019_Pool _Tinet_13Round,3,0.5,0.4667,0.5,-0.033299999999999996,0.4825,0.5,-0.017500000000000016,0.4545,0.5,-0.045499999999999985,3.5687,3.4986,0.0,2,2,0,0.0,0,1
2018/2019_Pool _Tinet_13Round,3,0.5,0.4667,0.5,-0.033299999999999996,0.4825,0.5,-0.017500000000000016,0.4545,0.5,-0.045499999999999985,3.5687,3.4986,0.0,3,2,1,1.0,0,0
2018/2019_Sir S_Trent_3Round,1,0.0,0.52,0.5,0.020000000000000018,0.4722,0.5108,-0.03860000000000002,0.3846,0.5,-0.1154,3.2928,4.0394,-0.572,0,0,0,0.5,0,0
2018/2019_Sir S_Trent_3Round,1,0.0,0.52,0.5,0.020000000000000018,0.4722,0.5108,-0.03860000000000002,0.3846,0.5,-0.1154,3.2928,4.0394,-0.572,0,1,-1,0.0,0,1
2018/2019_Sir S_Trent_3Round,2,0.25,0.52,0.5,0.020000000000000018,0.4722,0.5108,-0.03860000000000002,0.3846,0.5,-0.1154,3.2928,4.0394,-0.572,1,1,0,1.0,0,1
2018/2019_Sir S_Trent_3Round,2,0.25,0.52,0.5,0.020000000000000018,0.4722,0.5108,-0.03860000000000002,0.3846,0.5,-0.1154,3.2928,4.0394,-0.572,2,1,1,1.0,0,1
2018/2019_Sir S_Trent_3Round,3,0.5,0.52,0.5,0.020000000000000018,0.4722,0.5108,-0.03860000000000002,0.3846,0.5,-0.1154,3.2928,4.0394,-0.572,3,1,2,1.0,0,1
2018/2019_Sir S_Trent_3Round,3,0.5,0.52,0.5,0.020000000000000018,0.4722,0.5108,-0.03860000000000002,0.3846,0.5,-0.1154,3.2928,4.0394,-0.572,4,1,3,1.0,0,1
2018/2019_Sir S_Trent_3Round,4,0.75,0.52,0.5,0.020000000000000018,0.4722,0.5108,-0.03860000000000002,0.3846,0.5,-0.1154,3.2928,4.0394,-0.572,5,1,4,1.0,0,1
2018/2019_Sir S_Veron_2Round,1,0.0,0.5417,0.6,-0.05830000000000002,0.4767,0.4914,-0.01469999999999999,0.4167,0.6,-0.18329999999999996,3.3374,3.5341,2.069,0,0,0,0.5,0,1
2018/2019_Sir S_Veron_2Round,1,0.0,0.5417,0.6,-0.05830000000000002,0.4767,0.4914,-0.01469999999999999,0.4167,0.6,-0.18329999999999996,3.3374,3.5341,2.069,1,0,1,1.0,0,0
2018/2019_Sir S_Veron_2Round,2,0.25,0.5417,0.6,-0.05830000000000002,0.4767,0.4914,-0.01469999999999999,0.4167,0.6,-0.18329999999999996,3.3374,3.5341,2.069,1,1,0,0.0,0,0
2018/2019_Sir S_Veron_2Round,2,0.25,0.5417,0.6,-0.05830000000000002,0.4767,0.4914,-0.01469999999999999,0.4167,0.6,-0.18329999999999996,3.3374,3.5341,2.069,1,2,-1,0.0,0,0
2018/2019_Sir S_Veron_2Round,3,0.5,0.5417,0.6,-0.05830000000000002,0.4767,0.4914,-0.01469999999999999,0.4167,0.6,-0.18329999999999996,3.3374,3.5341,2.069,1,3,-2,0.0,0,0
2018/2019_Sir S_Veron_2Round,3,0.5,0.5417,0.6,-0.05830000000000002,0.4767,0.4914,-0.01469999999999999,0.4167,0.6,-0.18329999999999996,3.3374,3.5341,2.069,1,4,-3,0.0,0,0
2018/2019_Sir S_Veron_2Round,4,0.75,0.5417,0.6,-0.05830000000000002,0.4767,0.4914,-0.01469999999999999,0.4167,0.6,-0.18329999999999996,3.3374,3.5341,2.069,1,5,-4,0.0,0,1
2018/2019_Sir S_Veron_2Round,5,1.0,0.5417,0.6,-0.05830000000000002,0.4767,0.4914,-0.01469999999999999,0.4167,0.6,-0.18329999999999996,3.3374,3.5341,2.069,2,5,-3,1.0,1,1
2018/2019_Trent_Veron_8Round,1,0.0,0.5,0.6296,-0.12960000000000005,0.5,0.5,0.0,0.5333,0.6,-0.06669999999999998,3.7324,3.999,-1.566,0,0,0,0.5,0,1
2018/2019_Trent_Veron_8Round,1,0.0,0.5,0.6296,-0.12960000000000005,0.5,0.5,0.0,0.5333,0.6,-0.06669999999999998,3.7324,3.999,-1.566,1,0,1,1.0,0,0
2018/2019_Trent_Veron_8Round,2,0.25,0.5,0.6296,-0.12960000000000005,0.5,0.5,0.0,0.5333,0.6,-0.06669999999999998,3.7324,3.999,-1.566,1,1,0,0.0,0,1
2018/2019_Trent_Veron_8Round,2,0.25,0.5,0.6296,-0.12960000000000005,0.5,0.5,0.0,0.5333,0.6,-0.06669999999999998,3.7324,3.999,-1.566,2,1,1,1.0,0,1
2018/2019_Trent_Veron_8Round,3,0.5,0.5,0.6296,-0.12960000000000005,0.5,0.5,0.0,0.5333,0.6,-0.06669999999999998,3.7324,3.999,-1.566,3,1,2,1.0,0,1
2018/2019_Trent_Veron_8Round,3,0.5,0.5,0.6296,-0.12960000000000005,0.5,0.5,0.0,0.5333,0.6,-0.06669999999999998,3.7324,3.999,-1.566,4,1,3,1.0,0,0
2018/2019_Trent_Veron_8Round,4,0.75,0.5,0.6296,-0.12960000000000005,0.5,0.5,0.0,0.5333,0.6,-0.06669999999999998,3.7324,3.999,-1.566,4,2,2,0.0,0,1
2018/2019_Trent_Veron_8Round,5,1.0,0.5,0.6296,-0.12960000000000005,0.5,0.5,0.0,0.5333,0.6,-0.06669999999999998,3.7324,3.999,-1.566,5,2,3,1.0,1,1
2019/2020_Bisco_Gibam_4Round,1,0.0,0.5,0.5,0.0,0.5,0.5,0.0,0.5,0.5,0.0,3.4986,3.4986,0.0,0,0,0,0.5,0,0
2019/2020_Bisco_Gibam_4Round,1,0.0,0.5,0.5,0.0,0.5,0.5,0.0,0.5,0.5,0.0,3.4986,3.4986,0.0,0,1,-1,0.0,0,0
2019/2020_Bisco_Gibam_4Round,2,0.25,0.5,0.5,0.0,0.5,0.5,0.0,0.5,0.5,0.0,3.4986,3.4986,0.0,0,2,-2,0.0,0,1
2019/2020_Bisco_Gibam_4Round,2,0.25,0.5,0.5,0.0,0.5,0.5,0.0,0.5,0.5,0.0,3.4986,3.4986,0.0,1,2,-1,1.0,0,1
2019/2020_Bisco_Gibam_4Round,3,0.5,0.5,0.5,0.0,0.5,0.5,0.0,0.5,0.5,0.0,3.4986,3.4986,0.0,2,2,0,1.0,0,0
2019/2020_Bisco_Gibam_4Round,3,0.5,0.5,0.5,0.0,0.5,0.5,0.0,0.5,0.5,0.0,3.4986,3.4986,0.0,2,3,-1,0.0,0,0
2019/2020_Bisco_Gibam_4Round,4,0.75,0.5,0.5,0.0,0.5,0.5,0.0,0.5,0.5,0.0,3.4986,3.4986,0.0,2,4,-2,0.0,0,1
2019/2020_Bisco_Gibam_4Round,4,0.75,0.5,0.5,0.0,0.5,0.5,0.0,0.5,0.5,0.0,3.4986,3.4986,0.0,3,4,-1,1.0,0,0
2019/2020_Bisco_Gibam_4Round,5,1.0,0.5,0.5,0.0,0.5,0.5,0.0,0.5,0.5,0.0,3.4986,3.4986,0.0,3,5,-2,0.0,1,1
2019/2020_Bisco_Tinet_9Round,1,0.0,0.4545,0.5833,-0.12880000000000003,0.4949,0.5167,-0.02180000000000004,0.4545,0.5833,-0.12880000000000003,3.5442,3.5655,0.0,0,0,0,0.5,0,1
2019/2020_Bisco_Tinet_9Round,1,0.0,0.4545,0.5833,-0.12880000000000003,0.4949,0.5167,-0.02180000000000004,0.4545,0.5833,-0.12880000000000003,3.5442,3.5655,0.0,1,0,1,1.0,0,0
2019/2020_Bisco_Tinet_9Round,2,0.25,0.4545,0.5833,-0.12880000000000003,0.4949,0.5167,-0.02180000000000004,0.4545,0.5833,-0.12880000000000003,3.5442,3.5655,0.0,1,1,0,0.0,0,0
2019/2020_Bisco_Tinet_9Round,2,0.25,0.4545,0.5833,-0.12880000000000003,0.4949,0.5167,-0.02180000000000004,0.4545,0.5833,-0.12880000000000003,3.5442,3.5655,0.0,1,2,-1,0.0,0,1
2019/2020_Bisco_Tinet_9Round,3,0.5,0.4545,0.5833,-0.12880000000000003,0.4949,0.5167,-0.02180000000000004,0.4545,0.5833,-0.12880000000000003,3.5442,3.5655,0.0,2,2,0,1.0,0,1
2019/2020_Bisco_Tinet_9Round,3,0.5,0.4545,0.5833,-0.12880000000000003,0.4949,0.5167,-0.02180000000000004,0.4545,0.5833,-0.12880000000000003,3.5442,3.5655,0.0,3,2,1,1.0,0,0
2019/2020_Bisco_Tinet_9Round,4,0.75,0.4545,0.5833,-0.12880000000000003,0.4949,0.5167,-0.02180000000000004,0.4545,0.5833,-0.12880000000000003,3.5442,3.5655,0.0,3,3,0,0.0,0,1
2019/2020_Bisco_Tinet_9Round,4,0.75,0.4545,0.5833,-0.12880000000000003,0.4949,0.5167,-0.02180000000000004,0.4545,0.5833,-0.12880000000000003,3.5442,3.5655,0.0,4,3,1,1.0,0,1
2019/2020_Bisco_Tinet_9Round,5,1.0,0.4545,0.5833,-0.12880000000000003,0.4949,0.5167,-0.02180000000000004,0.4545,0.5833,-0.12880000000000003,3.5442,3.5655,0.0,5,3,2,1.0,1,0
2019/2020_Emma _Geove_10Round,1,0.0,0.4,0.5882,-0.18819999999999992,0.4653,0.5363,-0.07100000000000001,0.4667,0.5833,-0.11660000000000004,3.2949,3.8614,0.0,0,0,0,0.5,0,1
2019/2020_Emma _Geove_10Round,2,0.25,0.4,0.5882,-0.18819999999999992,0.4653,0.5363,-0.07100000000000001,0.4667,0.5833,-0.11660000000000004,3.2949,3.8614,0.0,1,0,1,1.0,0,0
2019/2020_Emma _Geove_10Round,3,0.5,0.4,0.5882,-0.18819999999999992,0.4653,0.5363,-0.07100000000000001,0.4667,0.5833,-0.11660000000000004,3.2949,3.8614,0.0,1,1,0,0.0,0,0
2019/2020_Emma _Geove_10Round,4,0.75,0.4,0.5882,-0.18819999999999992,0.4653,0.5363,-0.07100000000000001,0.4667,0.5833,-0.11660000000000004,3.2949,3.8614,0.0,1,2,-1,0.0,0,0
2019/2020_Emma _Pool _5Round,1,0.0,0.625,0.4375,0.1875,0.5375,0.483,0.05449999999999999,0.5714,0.5,0.07140000000000002,4.0508,3.4977,0.0,0,0,0,0.5,0,1
2019/2020_Emma _Pool _5Round,1,0.0,0.625,0.4375,0.1875,0.5375,0.483,0.05449999999999999,0.5714,0.5,0.07140000000000002,4.0508,3.4977,0.0,1,0,1,1.0,0,0
2019/2020_Emma _Pool _5Round,2,0.25,0.625,0.4375,0.1875,0.5375,0.483,0.05449999999999999,0.5714,0.5,0.07140000000000002,4.0508,3.4977,0.0,1,1,0,0.0,0,1
2019/2020_Emma _Pool _5Round,2,0.25,0.625,0.4375,0.1875,0.5375,0.483,0.05449999999999999,0.5714,0.5,0.07140000000000002,4.0508,3.4977,0.0,2,1,1,1.0,0,0
2019/2020_Emma _Pool _5Round,3,0.5,0.625,0.4375,0.1875,0.5375,0.483,0.05449999999999999,0.5714,0.5,0.07140000000000002,4.0508,3.4977,0.0,2,2,0,0.0,0,1
2019/2020_Emma _Pool _5Round,3,0.5,0.625,0.4375,0.1875,0.5375,0.483,0.05449999999999999,0.5714,0.5,0.07140000000000002,4.0508,3.4977,0.0,3,2,1,1.0,0,0
2019/2020_Emma _Sarca_2Round,1,0.0,0.6,0.5294,0.0706,0.5225,0.5381,-0.015600000000000058,0.5385,0.4545,0.08399999999999996,3.8424,4.1085,0.0,0,0,0,0.5,0,0
2019/2020_Emma _Sarca_2Round,1,0.0,0.6,0.5294,0.0706,0.5225,0.5381,-0.015600000000000058,0.5385,0.4545,0.08399999999999996,3.8424,4.1085,0.0,0,1,-1,0.0,0,1
2019/2020_Emma _Sarca_2Round,2,0.25,0.6,0.5294,0.0706,0.5225,0.5381,-0.015600000000000058,0.5385,0.4545,0.08399999999999996,3.8424,4.1085,0.0,1,1,0,1.0,0,1
2019/2020_Emma _Sarca_2Round,2,0.25,0.6,0.5294,0.0706,0.5225,0.5381,-0.015600000000000058,0.5385,0.4545,0.08399999999999996,3.8424,4.1085,0.0,2,1,1,1.0,0,1
2019/2020_Emma _Sarca_2Round,3,0.5,0.6,0.5294,0.0706,0.5225,0.5381,-0.015600000000000058,0.5385,0.4545,0.08399999999999996,3.8424,4.1085,0.0,3,1,2,1.0,0,0
2019/2020_Emma _Sarca_2Round,3,0.5,0.6,0.5294,0.0706,0.5225,0.5381,-0.015600000000000058,0.5385,0.4545,0.08399999999999996,3.8424,4.1085,0.0,3,2,1,0.0,0,1
2019/2020_Emma _Sarca_2Round,4,0.75,0.6,0.5294,0.0706,0.5225,0.5381,-0.015600000000000058,0.5385,0.4545,0.08399999999999996,3.8424,4.1085,0.0,4,2,2,1.0,0,1
2019/2020_Emma _Sarca_2Round,4,0.75,0.6,0.5294,0.0706,0.5225,0.5381,-0.015600000000000058,0.5385,0.4545,0.08399999999999996,3.8424,4.1085,0.0,5,2,3,1.0,0,1
2019/2020_Geove_Pool _8Round,1,0.0,0.4706,0.3684,0.10220000000000001,0.4835,0.4611,0.022399999999999975,0.4167,0.4167,0.0,3.4363,3.3242,0.0,0,0,0,0.5,0,0
2019/2020_Geove_Pool _8Round,2,0.25,0.4706,0.3684,0.10220000000000001,0.4835,0.4611,0.022399999999999975,0.4167,0.4167,0.0,3.4363,3.3242,0.0,0,1,-1,0.0,0,1
2019/2020_Geove_Pool _8Round,3,0.5,0.4706,0.3684,0.10220000000000001,0.4835,0.4611,0.022399999999999975,0.4167,0.4167,0.0,3.4363,3.3242,0.0,1,1,0,1.0,0,0
2019/2020_Geove_Pool _8Round,4,0.75,0.4706,0.3684,0.10220000000000001,0.4835,0.4611,0.022399999999999975,0.4167,0.4167,0.0,3.4363,3.3242,0.0,1,2,-1,0.0,0,1
2019/2020_Geove_Pool _8Round,5,1.0,0.4706,0.3684,0.10220000000000001,0.4835,0.4611,0.022399999999999975,0.4167,0.4167,0.0,3.4363,3.3242,0.0,2,2,0,1.0,1,0
2019/2020_Geove_Sarca_4Round,1,0.0,0.3889,0.5,-0.11109999999999998,0.4599,0.5215,-0.06159999999999999,0.4667,0.4167,0.04999999999999999,3.3598,3.7596,0.0,0,0,0,0.5,0,0
2019/2020_Geove_Sarca_4Round,1,0.0,0.3889,0.5,-0.11109999999999998,0.4599,0.5215,-0.06159999999999999,0.4667,0.4167,0.04999999999999999,3.3598,3.7596,0.0,0,1,-1,0.0,0,1
2019/2020_Geove_Sarca_4Round,2,0.25,0.3889,0.5,-0.11109999999999998,0.4599,0.5215,-0.06159999999999999,0.4667,0.4167,0.04999999999999999,3.3598,3.7596,0.0,1,1,0,1.0,0,0
2019/2020_Geove_Sarca_4Round,2,0.25,0.3889,0.5,-0.11109999999999998,0.4599,0.5215,-0.06159999999999999,0.4667,0.4167,0.04999999999999999,3.3598,3.7596,0.0,1,2,-1,0.0,0,1
2019/2020_Geove_Sarca_4Round,3,0.5,0.3889,0.5,-0.11109999999999998,0.4599,0.5215,-0.06159999999999999,0.4667,0.4167,0.04999999999999999,3.3598,3.7596,0.0,2,2,0,1.0,0,0
2019/2020_Geove_Sarca_4Round,3,0.5,0.3889,0.5,-0.11109999999999998,0.4599,0.5215,-0.06159999999999999,0.4667,0.4167,0.04999999999999999,3.3598,3.7596,0.0,2,3,-1,0.0,0,1
2019/2020_Gibam_Tinet_6Round,1,0.0,0.5455,0.5455,0.0,0.5051,0.5,0.005099999999999993,0.5,0.5455,-0.045499999999999985,3.6351,3.4533,0.0,0,0,0,0.5,0,1
2019/2020_Gibam_Tinet_6Round,1,0.0,0.5455,0.5455,0.0,0.5051,0.5,0.005099999999999993,0.5,0.5455,-0.045499999999999985,3.6351,3.4533,0.0,1,0,1,1.0,0,0
2019/2020_Gibam_Tinet_6Round,2,0.25,0.5455,0.5455,0.0,0.5051,0.5,0.005099999999999993,0.5,0.5455,-0.045499999999999985,3.6351,3.4533,0.0,1,1,0,0.0,0,0
2019/2020_Gibam_Tinet_6Round,2,0.25,0.5455,0.5455,0.0,0.5051,0.5,0.005099999999999993,0.5,0.5455,-0.045499999999999985,3.6351,3.4533,0.0,1,2,-1,0.0,0,0
2019/2020_Gibam_Tinet_6Round,3,0.5,0.5455,0.5455,0.0,0.5051,0.5,0.005099999999999993,0.5,0.5455,-0.045499999999999985,3.6351,3.4533,0.0,1,3,-2,0.0,0,1
2019/2020_Gibam_Tinet_6Round,3,0.5,0.5455,0.5455,0.0,0.5051,0.5,0.005099999999999993,0.5,0.5455,-0.045499999999999985,3.6351,3.4533,0.0,2,3,-1,1.0,0,0
2019/2020_Gibam_Tinet_6Round,4,0.75,0.5455,0.5455,0.0,0.5051,0.5,0.005099999999999993,0.5,0.5455,-0.045499999999999985,3.6351,3.4533,0.0,2,4,-2,0.0,0,0
2019/2020_Gibam_Tinet_6Round,4,0.75,0.5455,0.5455,0.0,0.5051,0.5,0.005099999999999993,0.5,0.5455,-0.045499999999999985,3.6351,3.4533,0.0,2,5,-3,0.0,0,1
2019/2020_Gibam_Tinet_6Round,5,1.0,0.5455,0.5455,0.0,0.5051,0.5,0.005099999999999993,0.5,0.5455,-0.045499999999999985,3.6351,3.4533,0.0,3,5,-2,1.0,1,0
2019/2020_Kioen_Lube_12Round,1,0.0,0.4054,0.4474,-0.04200000000000004,0.4963,0.5182,-0.021899999999999975,0.4667,0.5333,-0.06659999999999999,3.1521,3.5646,-2.412,0,0,0,0.5,0,0
2019/2020_Kioen_Lube_12Round,2,0.25,0.4054,0.4474,-0.04200000000000004,0.4963,0.5182,-0.021899999999999975,0.4667,0.5333,-0.06659999999999999,3.1521,3.5646,-2.412,0,1,-1,0.0,0,0
2019/2020_Kioen_Lube_12Round,3,0.5,0.4054,0.4474,-0.04200000000000004,0.4963,0.5182,-0.021899999999999975,0.4667,0.5333,-0.06659999999999999,3.1521,3.5646,-2.412,0,2,-2,0.0,0,0
2019/2020_Kioen_Milan_10Round,1,0.0,0.3889,0.5,-0.11109999999999998,0.4944,0.4696,0.02479999999999999,0.4667,0.5333,-0.06659999999999999,3.1631,3.2548,-1.51,0,0,0,0.5,0,1
2019/2020_Kioen_Milan_10Round,2,0.25,0.3889,0.5,-0.11109999999999998,0.4944,0.4696,0.02479999999999999,0.4667,0.5333,-0.06659999999999999,3.1631,3.2548,-1.51,1,0,1,1.0,0,0
2019/2020_Kioen_Milan_10Round,3,0.5,0.3889,0.5,-0.11109999999999998,0.4944,0.4696,0.02479999999999999,0.4667,0.5333,-0.06659999999999999,3.1631,3.2548,-1.51,1,1,0,0.0,0,0
2019/2020_Kioen_Milan_10Round,4,0.75,0.3889,0.5,-0.11109999999999998,0.4944,0.4696,0.02479999999999999,0.4667,0.5333,-0.06659999999999999,3.1631,3.2548,-1.51,1,2,-1,0.0,0,1
2019/2020_Kioen_Milan_10Round,5,1.0,0.3889,0.5,-0.11109999999999998,0.4944,0.4696,0.02479999999999999,0.4667,0.5333,-0.06659999999999999,3.1631,3.2548,-1.51,2,2,0,1.0,1,1
2019/2020_Kioen_Moden_1Round,1,0.0,0.4194,0.5,-0.0806,0.5022,0.5169,-0.014700000000000046,0.5333,0.5,0.033299999999999996,4.1526,3.7172,-2.51,0,0,0,0.5,0,1
2019/2020_Kioen_Moden_1Round,1,0.0,0.4194,0.5,-0.0806,0.5022,0.5169,-0.014700000000000046,0.5333,0.5,0.033299999999999996,4.1526,3.7172,-2.51,1,0,1,1.0,0,1
2019/2020_Kioen_Moden_1Round,2,0.25,0.4194,0.5,-0.0806,0.5022,0.5169,-0.014700000000000046,0.5333,0.5,0.033299999999999996,4.1526,3.7172,-2.51,2,0,2,1.0,0,1
2019/2020_Kioen_Moden_1Round,2,0.25,0.4194,0.5,-0.0806,0.5022,0.5169,-0.014700000000000046,0.5333,0.5,0.033299999999999996,4.1526,3.7172,-2.51,3,0,3,1.0,0,0
2019/2020_Kioen_Moden_1Round,3,0.5,0.4194,0.5,-0.0806,0.5022,0.5169,-0.014700000000000046,0.5333,0.5,0.033299999999999996,4.1526,3.7172,-2.51,3,1,2,0.0,0,1
2019/2020_Kioen_Moden_1Round,3,0.5,0.4194,0.5,-0.0806,0.5022,0.5169,-0.014700000000000046,0.5333,0.5,0.033299999999999996,4.1526,3.7172,-2.51,4,1,3,1.0,0,1
2019/2020_Kioen_Moden_1Round,4,0.75,0.4194,0.5,-0.0806,0.5022,0.5169,-0.014700000000000046,0.5333,0.5,0.033299999999999996,4.1526,3.7172,-2.51,5,1,4,1.0,0,1
2019/2020_Kioen_Monza_13Round,1,0.0,0.5,0.3947,0.1053,0.5229,0.4908,0.03210000000000002,0.5333,0.4,0.13329999999999997,3.4701,2.4803,1.594,0,0,0,0.5,0,1
2019/2020_Kioen_Monza_13Round,2,0.25,0.5,0.3947,0.1053,0.5229,0.4908,0.03210000000000002,0.5333,0.4,0.13329999999999997,3.4701,2.4803,1.594,1,0,1,1.0,0,1
2019/2020_Kioen_Monza_13Round,3,0.5,0.5,0.3947,0.1053,0.5229,0.4908,0.03210000000000002,0.5333,0.4,0.13329999999999997,3.4701,2.4803,1.594,2,0,2,1.0,0,0
2019/2020_Kioen_Monza_13Round,4,0.75,0.5,0.3947,0.1053,0.5229,0.4908,0.03210000000000002,0.5333,0.4,0.13329999999999997,3.4701,2.4803,1.594,2,1,1,0.0,0,0
2019/2020_Kioen_Monza_13Round,5,1.0,0.5,0.3947,0.1053,0.5229,0.4908,0.03210000000000002,0.5333,0.4,0.13329999999999997,3.4701,2.4803,1.594,2,2,0,0.0,1,1
2019/2020_Kioen_Piace_9Round,1,0.0,0.5,0.4,0.09999999999999998,0.4778,0.4962,-0.018399999999999972,0.5,0.4,0.09999999999999998,3.5057,3.4833,1.037,0,0,0,0.5,0,1
2019/2020_Kioen_Piace_9Round,2,0.25,0.5,0.4,0.09999999999999998,0.4778,0.4962,-0.018399999999999972,0.5,0.4,0.09999999999999998,3.5057,3.4833,1.037,1,0,1,1.0,0,0
2019/2020_Kioen_Piace_9Round,3,0.5,0.5,0.4,0.09999999999999998,0.4778,0.4962,-0.018399999999999972,0.5,0.4,0.09999999999999998,3.5057,3.4833,1.037,1,1,0,0.0,0,1
2019/2020_Kioen_Piace_9Round,4,0.75,0.5,0.4,0.09999999999999998,0.4778,0.4962,-0.018399999999999972,0.5,0.4,0.09999999999999998,3.5057,3.4833,1.037,2,1,1,1.0,0,0
2019/2020_Kioen_Piace_9Round,5,1.0,0.5,0.4,0.09999999999999998,0.4778,0.4962,-0.018399999999999972,0.5,0.4,0.09999999999999998,3.5057,3.4833,1.037,2,2,0,0.0,1,1
2019/2020_Kioen_Sir S_5Round,1,0.0,0.4375,0.5588,-0.12129999999999996,0.5126,0.4939,0.01869999999999994,0.6,0.4667,0.13329999999999997,4.4791,4.0053,-2.853,0,0,0,0.5,0,0
2019/2020_Kioen_Sir S_5Round,1,0.0,0.4375,0.5588,-0.12129999999999996,0.5126,0.4939,0.01869999999999994,0.6,0.4667,0.13329999999999997,4.4791,4.0053,-2.853,0,1,-1,0.0,0,1
2019/2020_Kioen_Sir S_5Round,2,0.25,0.4375,0.5588,-0.12129999999999996,0.5126,0.4939,0.01869999999999994,0.6,0.4667,0.13329999999999997,4.4791,4.0053,-2.853,1,1,0,1.0,0,0
2019/2020_Kioen_Sir S_5Round,2,0.25,0.4375,0.5588,-0.12129999999999996,0.5126,0.4939,0.01869999999999994,0.6,0.4667,0.13329999999999997,4.4791,4.0053,-2.853,1,2,-1,0.0,0,1
2019/2020_Kioen_Sir S_5Round,3,0.5,0.4375,0.5588,-0.12129999999999996,0.5126,0.4939,0.01869999999999994,0.6,0.4667,0.13329999999999997,4.4791,4.0053,-2.853,2,2,0,1.0,0,1
2019/2020_Kioen_Sir S_5Round,3,0.5,0.4375,0.5588,-0.12129999999999996,0.5126,0.4939,0.01869999999999994,0.6,0.4667,0.13329999999999997,4.4791,4.0053,-2.853,3,2,1,1.0,0,0
2019/2020_Kioen_Sir S_5Round,4,0.75,0.4375,0.5588,-0.12129999999999996,0.5126,0.4939,0.01869999999999994,0.6,0.4667,0.13329999999999997,4.4791,4.0053,-2.853,3,3,0,0.0,0,0
2019/2020_Kioen_Sir S_5Round,4,0.75,0.4375,0.5588,-0.12129999999999996,0.5126,0.4939,0.01869999999999994,0.6,0.4667,0.13329999999999997,4.4791,4.0053,-2.853,3,4,-1,0.0,0,1
2019/2020_Kioen_Trent_7Round,1,0.0,0.4118,0.5429,-0.13110000000000005,0.5,0.5057,-0.005700000000000038,0.5333,0.6,-0.06669999999999998,3.3253,3.6566,-3.0,0,0,0,0.5,0,1
2019/2020_Kioen_Trent_7Round,1,0.0,0.4118,0.5429,-0.13110000000000005,0.5,0.5057,-0.005700000000000038,0.5333,0.6,-0.06669999999999998,3.3253,3.6566,-3.0,1,0,1,1.0,0,1
2019/2020_Kioen_Trent_7Round,2,0.25,0.4118,0.5429,-0.13110000000000005,0.5,0.5057,-0.005700000000000038,0.5333,0.6,-0.06669999999999998,3.3253,3.6566,-3.0,2,0,2,1.0,0,0
2019/2020_Kioen_Trent_7Round,2,0.25,0.4118,0.5429,-0.13110000000000005,0.5,0.5057,-0.005700000000000038,0.5333,0.6,-0.06669999999999998,3.3253,3.6566,-3.0,2,1,1,0.0,0,0
2019/2020_Kioen_Trent_7Round,3,0.5,0.4118,0.5429,-0.13110000000000005,0.5,0.5057,-0.005700000000000038,0.5333,0.6,-0.06669999999999998,3.3253,3.6566,-3.0,2,2,0,0.0,0,0
2019/2020_Kioen_Trent_7Round,3,0.5,0.4118,0.5429,-0.13110000000000005,0.5,0.5057,-0.005700000000000038,0.5333,0.6,-0.06669999999999998,3.3253,3.6566,-3.0,2,3,-1,0.0,0,0
2019/2020_Kioen_Trent_7Round,4,0.75,0.4118,0.5429,-0.13110000000000005,0.5,0.5057,-0.005700000000000038,0.5333,0.6,-0.06669999999999998,3.3253,3.6566,-3.0,2,4,-2,0.0,0,1
2019/2020_Kioen_Trent_7Round,4,0.75,0.4118,0.5429,-0.13110000000000005,0.5,0.5057,-0.005700000000000038,0.5333,0.6,-0.06669999999999998,3.3253,3.6566,-3.0,3,4,-1,1.0,0,1
2019/2020_Kioen_Trent_7Round,5,1.0,0.4118,0.5429,-0.13110000000000005,0.5,0.5057,-0.005700000000000038,0.5333,0.6,-0.06669999999999998,3.3253,3.6566,-3.0,4,4,0,1.0,1,0
2019/2020_Kioen_Trent_7Round,5,1.0,0.4118,0.5429,-0.13110000000000005,0.5,0.5057,-0.005700000000000038,0.5333,0.6,-0.06669999999999998,3.3253,3.6566,-3.0,4,5,-1,0.0,1,0
2019/2020_Kioen_Veron_6Round,1,0.0,0.4242,0.5429,-0.11870000000000003,0.5122,0.4783,0.033899999999999986,0.6,0.4,0.19999999999999996,4.2992,3.1047,-0.431,0,0,0,0.5,0,0
2019/2020_Kioen_Veron_6Round,1,0.0,0.4242,0.5429,-0.11870000000000003,0.5122,0.4783,0.033899999999999986,0.6,0.4,0.19999999999999996,4.2992,3.1047,-0.431,0,1,-1,0.0,0,0
2019/2020_Kioen_Veron_6Round,2,0.25,0.4242,0.5429,-0.11870000000000003,0.5122,0.4783,0.033899999999999986,0.6,0.4,0.19999999999999996,4.2992,3.1047,-0.431,0,2,-2,0.0,0,0
2019/2020_Kioen_Veron_6Round,2,0.25,0.4242,0.5429,-0.11870000000000003,0.5122,0.4783,0.033899999999999986,0.6,0.4,0.19999999999999996,4.2992,3.1047,-0.431,0,3,-3,0.0,0,0
2019/2020_Kioen_Veron_6Round,3,0.5,0.4242,0.5429,-0.11870000000000003,0.5122,0.4783,0.033899999999999986,0.6,0.4,0.19999999999999996,4.2992,3.1047,-0.431,0,4,-4,0.0,0,0
2019/2020_Kioen_Veron_6Round,3,0.5,0.4242,0.5429,-0.11870000000000003,0.5122,0.4783,0.033899999999999986,0.6,0.4,0.19999999999999996,4.2992,3.1047,-0.431,0,5,-5,0.0,0,0
2019/2020_Lube_Milan_2Round,1,0.0,0.4375,0.5312,-0.0937,0.5126,0.4703,0.04229999999999995,0.4667,0.4667,0.0,3.8566,3.3944,0.786,0,0,0,0.5,0,0
2019/2020_Lube_Milan_2Round,1,0.0,0.4375,0.5312,-0.0937,0.5126,0.4703,0.04229999999999995,0.4667,0.4667,0.0,3.8566,3.3944,0.786,0,1,-1,0.0,0,0
2019/2020_Lube_Milan_2Round,2,0.25,0.4375,0.5312,-0.0937,0.5126,0.4703,0.04229999999999995,0.4667,0.4667,0.0,3.8566,3.3944,0.786,0,2,-2,0.0,0,0
2019/2020_Lube_Milan_2Round,2,0.25,0.4375,0.5312,-0.0937,0.5126,0.4703,0.04229999999999995,0.4667,0.4667,0.0,3.8566,3.3944,0.786,0,3,-3,0.0,0,1
2019/2020_Lube_Milan_2Round,3,0.5,0.4375,0.5312,-0.0937,0.5126,0.4703,0.04229999999999995,0.4667,0.4667,0.0,3.8566,3.3944,0.786,1,3,-2,1.0,0,0
2019/2020_Lube_Milan_2Round,3,0.5,0.4375,0.5312,-0.0937,0.5126,0.4703,0.04229999999999995,0.4667,0.4667,0.0,3.8566,3.3944,0.786,1,4,-3,0.0,0,1
2019/2020_Lube_Milan_2Round,4,0.75,0.4375,0.5312,-0.0937,0.5126,0.4703,0.04229999999999995,0.4667,0.4667,0.0,3.8566,3.3944,0.786,2,4,-2,1.0,0,0
2019/2020_Lube_Milan_2Round,5,1.0,0.4375,0.5312,-0.0937,0.5126,0.4703,0.04229999999999995,0.4667,0.4667,0.0,3.8566,3.3944,0.786,2,5,-3,0.0,1,0
2019/2020_Lube_Moden_6Round,1,0.0,0.4118,0.4688,-0.056999999999999995,0.504,0.506,-0.0020000000000000018,0.4667,0.4545,0.012199999999999989,3.351,3.1455,0.226,0,0,0,0.5,0,1
2019/2020_Lube_Moden_6Round,1,0.0,0.4118,0.4688,-0.056999999999999995,0.504,0.506,-0.0020000000000000018,0.4667,0.4545,0.012199999999999989,3.351,3.1455,0.226,1,0,1,1.0,0,0
2019/2020_Lube_Moden_6Round,2,0.25,0.4118,0.4688,-0.056999999999999995,0.504,0.506,-0.0020000000000000018,0.4667,0.4545,0.012199999999999989,3.351,3.1455,0.226,1,1,0,0.0,0,1
2019/2020_Lube_Moden_6Round,2,0.25,0.4118,0.4688,-0.056999999999999995,0.504,0.506,-0.0020000000000000018,0.4667,0.4545,0.012199999999999989,3.351,3.1455,0.226,2,1,1,1.0,0,1
2019/2020_Lube_Moden_6Round,3,0.5,0.4118,0.4688,-0.056999999999999995,0.504,0.506,-0.0020000000000000018,0.4667,0.4545,0.012199999999999989,3.351,3.1455,0.226,3,1,2,1.0,0,1
2019/2020_Lube_Moden_6Round,3,0.5,0.4118,0.4688,-0.056999999999999995,0.504,0.506,-0.0020000000000000018,0.4667,0.4545,0.012199999999999989,3.351,3.1455,0.226,4,1,3,1.0,0,1
2019/2020_Lube_Moden_6Round,4,0.75,0.4118,0.4688,-0.056999999999999995,0.504,0.506,-0.0020000000000000018,0.4667,0.4545,0.012199999999999989,3.351,3.1455,0.226,5,1,4,1.0,0,1
2019/2020_Lube_Monza_9Round,1,0.0,0.4286,0.5,-0.07140000000000002,0.5135,0.5275,-0.014000000000000012,0.4667,0.6,-0.13329999999999997,3.9301,3.9933,1.157,0,0,0,0.5,0,1
2019/2020_Lube_Monza_9Round,2,0.25,0.4286,0.5,-0.07140000000000002,0.5135,0.5275,-0.014000000000000012,0.4667,0.6,-0.13329999999999997,3.9301,3.9933,1.157,1,0,1,1.0,0,1
2019/2020_Lube_Monza_9Round,3,0.5,0.4286,0.5,-0.07140000000000002,0.5135,0.5275,-0.014000000000000012,0.4667,0.6,-0.13329999999999997,3.9301,3.9933,1.157,2,0,2,1.0,0,0
2019/2020_Lube_Monza_9Round,4,0.75,0.4286,0.5,-0.07140000000000002,0.5135,0.5275,-0.014000000000000012,0.4667,0.6,-0.13329999999999997,3.9301,3.9933,1.157,2,1,1,0.0,0,1
2019/2020_Lube_Piace_1Round,1,0.0,0.4516,0.5,-0.0484,0.5129,0.4722,0.040700000000000014,0.4667,0.4545,0.012199999999999989,4.1474,3.4988,0.5,0,0,0,0.5,0,1
2019/2020_Lube_Piace_1Round,1,0.0,0.4516,0.5,-0.0484,0.5129,0.4722,0.040700000000000014,0.4667,0.4545,0.012199999999999989,4.1474,3.4988,0.5,1,0,1,1.0,0,0
2019/2020_Lube_Piace_1Round,2,0.25,0.4516,0.5,-0.0484,0.5129,0.4722,0.040700000000000014,0.4667,0.4545,0.012199999999999989,4.1474,3.4988,0.5,1,1,0,0.0,0,1
2019/2020_Lube_Piace_1Round,2,0.25,0.4516,0.5,-0.0484,0.5129,0.4722,0.040700000000000014,0.4667,0.4545,0.012199999999999989,4.1474,3.4988,0.5,2,1,1,1.0,0,0
2019/2020_Lube_Piace_1Round,3,0.5,0.4516,0.5,-0.0484,0.5129,0.4722,0.040700000000000014,0.4667,0.4545,0.012199999999999989,4.1474,3.4988,0.5,2,2,0,0.0,0,1
2019/2020_Lube_Piace_1Round,3,0.5,0.4516,0.5,-0.0484,0.5129,0.4722,0.040700000000000014,0.4667,0.4545,0.012199999999999989,4.1474,3.4988,0.5,3,2,1,1.0,0,0
2019/2020_Lube_Sir S_11Round,1,0.0,0.4324,0.5833,-0.15090000000000003,0.5147,0.4962,0.018500000000000072,0.4667,0.5333,-0.06659999999999999,3.7479,3.9373,-0.727,0,0,0,0.5,0,1
2019/2020_Lube_Sir S_11Round,2,0.25,0.4324,0.5833,-0.15090000000000003,0.5147,0.4962,0.018500000000000072,0.4667,0.5333,-0.06659999999999999,3.7479,3.9373,-0.727,1,0,1,1.0,0,1
2019/2020_Lube_Sir S_11Round,3,0.5,0.4324,0.5833,-0.15090000000000003,0.5147,0.4962,0.018500000000000072,0.4667,0.5333,-0.06659999999999999,3.7479,3.9373,-0.727,2,0,2,1.0,0,0
2019/2020_Lube_Sir S_11Round,4,0.75,0.4324,0.5833,-0.15090000000000003,0.5147,0.4962,0.018500000000000072,0.4667,0.5333,-0.06659999999999999,3.7479,3.9373,-0.727,2,1,1,0.0,0,1
2019/2020_Lube_Trent_10Round,1,0.0,0.4444,0.5676,-0.12319999999999998,0.5172,0.5088,0.008399999999999963,0.4667,0.6667,-0.19999999999999996,3.696,4.0708,0.093,0,0,0,0.5,0,0
2019/2020_Lube_Trent_10Round,1,0.0,0.4444,0.5676,-0.12319999999999998,0.5172,0.5088,0.008399999999999963,0.4667,0.6667,-0.19999999999999996,3.696,4.0708,0.093,0,1,-1,0.0,0,0
2019/2020_Lube_Trent_10Round,2,0.25,0.4444,0.5676,-0.12319999999999998,0.5172,0.5088,0.008399999999999963,0.4667,0.6667,-0.19999999999999996,3.696,4.0708,0.093,0,2,-2,0.0,0,1
2019/2020_Lube_Trent_10Round,2,0.25,0.4444,0.5676,-0.12319999999999998,0.5172,0.5088,0.008399999999999963,0.4667,0.6667,-0.19999999999999996,3.696,4.0708,0.093,1,2,-1,1.0,0,0
2019/2020_Lube_Trent_10Round,3,0.5,0.4444,0.5676,-0.12319999999999998,0.5172,0.5088,0.008399999999999963,0.4667,0.6667,-0.19999999999999996,3.696,4.0708,0.093,1,3,-2,0.0,0,0
2019/2020_Lube_Trent_10Round,3,0.5,0.4444,0.5676,-0.12319999999999998,0.5172,0.5088,0.008399999999999963,0.4667,0.6667,-0.19999999999999996,3.696,4.0708,0.093,1,4,-3,0.0,0,1
2019/2020_Lube_Trent_10Round,4,0.75,0.4444,0.5676,-0.12319999999999998,0.5172,0.5088,0.008399999999999963,0.4667,0.6667,-0.19999999999999996,3.696,4.0708,0.093,2,4,-2,1.0,0,1
2019/2020_Lube_Trent_10Round,4,0.75,0.4444,0.5676,-0.12319999999999998,0.5172,0.5088,0.008399999999999963,0.4667,0.6667,-0.19999999999999996,3.696,4.0708,0.093,3,4,-1,1.0,0,0
2019/2020_Lube_Trent_10Round,5,1.0,0.4444,0.5676,-0.12319999999999998,0.5172,0.5088,0.008399999999999963,0.4667,0.6667,-0.19999999999999996,3.696,4.0708,0.093,3,5,-2,0.0,1,1
2019/2020_Lube_Veron_5Round,1,0.0,0.4242,0.5294,-0.10519999999999996,0.5041,0.4778,0.02629999999999999,0.4667,0.3333,0.13340000000000002,3.4393,3.0934,2.657,0,0,0,0.5,0,1
2019/2020_Lube_Veron_5Round,1,0.0,0.4242,0.5294,-0.10519999999999996,0.5041,0.4778,0.02629999999999999,0.4667,0.3333,0.13340000000000002,3.4393,3.0934,2.657,1,0,1,1.0,0,0
2019/2020_Lube_Veron_5Round,2,0.25,0.4242,0.5294,-0.10519999999999996,0.5041,0.4778,0.02629999999999999,0.4667,0.3333,0.13340000000000002,3.4393,3.0934,2.657,1,1,0,0.0,0,1
2019/2020_Lube_Veron_5Round,2,0.25,0.4242,0.5294,-0.10519999999999996,0.5041,0.4778,0.02629999999999999,0.4667,0.3333,0.13340000000000002,3.4393,3.0934,2.657,2,1,1,1.0,0,0
2019/2020_Lube_Veron_5Round,3,0.5,0.4242,0.5294,-0.10519999999999996,0.5041,0.4778,0.02629999999999999,0.4667,0.3333,0.13340000000000002,3.4393,3.0934,2.657,2,2,0,0.0,0,1
2019/2020_Lube_Veron_5Round,3,0.5,0.4242,0.5294,-0.10519999999999996,0.5041,0.4778,0.02629999999999999,0.4667,0.3333,0.13340000000000002,3.4393,3.0934,2.657,3,2,1,1.0,0,0
2019/2020_Milan_Moden_7Round,1,0.0,0.5143,0.4545,0.059799999999999964,0.4689,0.4961,-0.027200000000000002,0.4667,0.4167,0.04999999999999999,3.3068,2.7256,0.01,0,0,0,0.5,0,0
2019/2020_Milan_Moden_7Round,1,0.0,0.5143,0.4545,0.059799999999999964,0.4689,0.4961,-0.027200000000000002,0.4667,0.4167,0.04999999999999999,3.3068,2.7256,0.01,0,1,-1,0.0,0,1
2019/2020_Milan_Moden_7Round,2,0.25,0.5143,0.4545,0.059799999999999964,0.4689,0.4961,-0.027200000000000002,0.4667,0.4167,0.04999999999999999,3.3068,2.7256,0.01,1,1,0,1.0,0,0
2019/2020_Milan_Moden_7Round,2,0.25,0.5143,0.4545,0.059799999999999964,0.4689,0.4961,-0.027200000000000002,0.4667,0.4167,0.04999999999999999,3.3068,2.7256,0.01,1,2,-1,0.0,0,1
2019/2020_Milan_Moden_7Round,3,0.5,0.5143,0.4545,0.059799999999999964,0.4689,0.4961,-0.027200000000000002,0.4667,0.4167,0.04999999999999999,3.3068,2.7256,0.01,2,2,0,1.0,0,0
2019/2020_Milan_Moden_7Round,3,0.5,0.5143,0.4545,0.059799999999999964,0.4689,0.4961,-0.027200000000000002,0.4667,0.4167,0.04999999999999999,3.3068,2.7256,0.01,2,3,-1,0.0,0,1
2019/2020_Milan_Monza_1Round,1,0.0,0.5484,0.4839,0.0645,0.4696,0.5254,-0.05579999999999996,0.4667,0.5333,-0.06659999999999999,3.4967,4.207,-0.229,0,0,0,0.5,0,1
2019/2020_Milan_Monza_1Round,1,0.0,0.5484,0.4839,0.0645,0.4696,0.5254,-0.05579999999999996,0.4667,0.5333,-0.06659999999999999,3.4967,4.207,-0.229,1,0,1,1.0,0,0
2019/2020_Milan_Monza_1Round,2,0.25,0.5484,0.4839,0.0645,0.4696,0.5254,-0.05579999999999996,0.4667,0.5333,-0.06659999999999999,3.4967,4.207,-0.229,1,1,0,0.0,0,1
2019/2020_Milan_Monza_1Round,2,0.25,0.5484,0.4839,0.0645,0.4696,0.5254,-0.05579999999999996,0.4667,0.5333,-0.06659999999999999,3.4967,4.207,-0.229,2,1,1,1.0,0,0
2019/2020_Milan_Monza_1Round,3,0.5,0.5484,0.4839,0.0645,0.4696,0.5254,-0.05579999999999996,0.4667,0.5333,-0.06659999999999999,3.4967,4.207,-0.229,2,2,0,0.0,0,1
2019/2020_Milan_Monza_1Round,3,0.5,0.5484,0.4839,0.0645,0.4696,0.5254,-0.05579999999999996,0.4667,0.5333,-0.06659999999999999,3.4967,4.207,-0.229,3,2,1,1.0,0,0
2019/2020_Milan_Piace_11Round,1,0.0,0.4865,0.5263,-0.0398,0.4682,0.4818,-0.013600000000000001,0.4,0.5,-0.09999999999999998,2.9981,3.433,-1.937,0,0,0,0.5,0,1
2019/2020_Milan_Piace_11Round,2,0.25,0.4865,0.5263,-0.0398,0.4682,0.4818,-0.013600000000000001,0.4,0.5,-0.09999999999999998,2.9981,3.433,-1.937,1,0,1,1.0,0,0
2019/2020_Milan_Piace_11Round,3,0.5,0.4865,0.5263,-0.0398,0.4682,0.4818,-0.013600000000000001,0.4,0.5,-0.09999999999999998,2.9981,3.433,-1.937,1,1,0,0.0,0,1
2019/2020_Milan_Piace_11Round,4,0.75,0.4865,0.5263,-0.0398,0.4682,0.4818,-0.013600000000000001,0.4,0.5,-0.09999999999999998,2.9981,3.433,-1.937,2,1,1,1.0,0,1
2019/2020_Milan_Sir S_4Round,1,0.0,0.5455,0.5455,0.0,0.4795,0.4814,-0.0019000000000000128,0.4667,0.4667,0.0,3.9477,3.4662,-2.147,0,0,0,0.5,0,0
2019/2020_Milan_Sir S_4Round,1,0.0,0.5455,0.5455,0.0,0.4795,0.4814,-0.0019000000000000128,0.4667,0.4667,0.0,3.9477,3.4662,-2.147,0,1,-1,0.0,0,0
2019/2020_Milan_Sir S_4Round,2,0.25,0.5455,0.5455,0.0,0.4795,0.4814,-0.0019000000000000128,0.4667,0.4667,0.0,3.9477,3.4662,-2.147,0,2,-2,0.0,0,0
2019/2020_Milan_Sir S_4Round,2,0.25,0.5455,0.5455,0.0,0.4795,0.4814,-0.0019000000000000128,0.4667,0.4667,0.0,3.9477,3.4662,-2.147,0,3,-3,0.0,0,0
2019/2020_Milan_Sir S_4Round,3,0.5,0.5455,0.5455,0.0,0.4795,0.4814,-0.0019000000000000128,0.4667,0.4667,0.0,3.9477,3.4662,-2.147,0,4,-4,0.0,0,0
2019/2020_Milan_Sir S_4Round,3,0.5,0.5455,0.5455,0.0,0.4795,0.4814,-0.0019000000000000128,0.4667,0.4667,0.0,3.9477,3.4662,-2.147,0,5,-5,0.0,0,0
2019/2020_Milan_Trent_6Round,1,0.0,0.5294,0.5294,0.0,0.4679,0.5058,-0.037900000000000045,0.4667,0.5333,-0.06659999999999999,3.0761,3.57,-0.942,0,0,0,0.5,0,1
2019/2020_Milan_Trent_6Round,1,0.0,0.5294,0.5294,0.0,0.4679,0.5058,-0.037900000000000045,0.4667,0.5333,-0.06659999999999999,3.0761,3.57,-0.942,1,0,1,1.0,0,0
2019/2020_Milan_Trent_6Round,2,0.25,0.5294,0.5294,0.0,0.4679,0.5058,-0.037900000000000045,0.4667,0.5333,-0.06659999999999999,3.0761,3.57,-0.942,1,1,0,0.0,0,1
2019/2020_Milan_Trent_6Round,2,0.25,0.5294,0.5294,0.0,0.4679,0.5058,-0.037900000000000045,0.4667,0.5333,-0.06659999999999999,3.0761,3.57,-0.942,2,1,1,1.0,0,0
2019/2020_Milan_Trent_6Round,3,0.5,0.5294,0.5294,0.0,0.4679,0.5058,-0.037900000000000045,0.4667,0.5333,-0.06659999999999999,3.0761,3.57,-0.942,2,2,0,0.0,0,1
2019/2020_Milan_Trent_6Round,3,0.5,0.5294,0.5294,0.0,0.4679,0.5058,-0.037900000000000045,0.4667,0.5333,-0.06659999999999999,3.0761,3.57,-0.942,3,2,1,1.0,0,0
2019/2020_Milan_Trent_6Round,4,0.75,0.5294,0.5294,0.0,0.4679,0.5058,-0.037900000000000045,0.4667,0.5333,-0.06659999999999999,3.0761,3.57,-0.942,3,3,0,0.0,0,0
2019/2020_Milan_Trent_6Round,4,0.75,0.5294,0.5294,0.0,0.4679,0.5058,-0.037900000000000045,0.4667,0.5333,-0.06659999999999999,3.0761,3.57,-0.942,3,4,-1,0.0,0,1
2019/2020_Milan_Veron_13Round,1,0.0,0.5789,0.5,0.07889999999999997,0.4963,0.4722,0.02410000000000001,0.5,0.4667,0.033299999999999996,3.7523,3.0346,1.607,0,0,0,0.5,0,0
2019/2020_Milan_Veron_13Round,2,0.25,0.5789,0.5,0.07889999999999997,0.4963,0.4722,0.02410000000000001,0.5,0.4667,0.033299999999999996,3.7523,3.0346,1.607,0,1,-1,0.0,0,0
2019/2020_Milan_Veron_13Round,3,0.5,0.5789,0.5,0.07889999999999997,0.4963,0.4722,0.02410000000000001,0.5,0.4667,0.033299999999999996,3.7523,3.0346,1.607,0,2,-2,0.0,0,1
2019/2020_Milan_Veron_13Round,4,0.75,0.5789,0.5,0.07889999999999997,0.4963,0.4722,0.02410000000000001,0.5,0.4667,0.033299999999999996,3.7523,3.0346,1.607,1,2,-1,1.0,0,0
2019/2020_Moden_Monza_10Round,1,0.0,0.4571,0.4865,-0.02939999999999998,0.4963,0.5236,-0.027299999999999935,0.4,0.5333,-0.13329999999999997,3.1431,3.3015,-1.565,0,0,0,0.5,0,1
2019/2020_Moden_Monza_10Round,1,0.0,0.4571,0.4865,-0.02939999999999998,0.4963,0.5236,-0.027299999999999935,0.4,0.5333,-0.13329999999999997,3.1431,3.3015,-1.565,1,0,1,1.0,0,0
2019/2020_Moden_Monza_10Round,2,0.25,0.4571,0.4865,-0.02939999999999998,0.4963,0.5236,-0.027299999999999935,0.4,0.5333,-0.13329999999999997,3.1431,3.3015,-1.565,1,1,0,0.0,0,0
2019/2020_Moden_Monza_10Round,2,0.25,0.4571,0.4865,-0.02939999999999998,0.4963,0.5236,-0.027299999999999935,0.4,0.5333,-0.13329999999999997,3.1431,3.3015,-1.565,1,2,-1,0.0,0,1
2019/2020_Moden_Monza_10Round,3,0.5,0.4571,0.4865,-0.02939999999999998,0.4963,0.5236,-0.027299999999999935,0.4,0.5333,-0.13329999999999997,3.1431,3.3015,-1.565,2,2,0,1.0,0,1
2019/2020_Moden_Monza_10Round,3,0.5,0.4571,0.4865,-0.02939999999999998,0.4963,0.5236,-0.027299999999999935,0.4,0.5333,-0.13329999999999997,3.1431,3.3015,-1.565,3,2,1,1.0,0,0
2019/2020_Moden_Monza_10Round,4,0.75,0.4571,0.4865,-0.02939999999999998,0.4963,0.5236,-0.027299999999999935,0.4,0.5333,-0.13329999999999997,3.1431,3.3015,-1.565,3,3,0,0.0,0,1
2019/2020_Moden_Monza_10Round,4,0.75,0.4571,0.4865,-0.02939999999999998,0.4963,0.5236,-0.027299999999999935,0.4,0.5333,-0.13329999999999997,3.1431,3.3015,-1.565,4,3,1,1.0,0,0
2019/2020_Moden_Piace_2Round,1,0.0,0.4839,0.5385,-0.05459999999999998,0.5062,0.4725,0.03370000000000001,0.4667,0.5,-0.033299999999999996,3.1463,3.4643,2.406,0,0,0,0.5,0,1
2019/2020_Moden_Piace_2Round,1,0.0,0.4839,0.5385,-0.05459999999999998,0.5062,0.4725,0.03370000000000001,0.4667,0.5,-0.033299999999999996,3.1463,3.4643,2.406,1,0,1,1.0,0,0
2019/2020_Moden_Piace_2Round,2,0.25,0.4839,0.5385,-0.05459999999999998,0.5062,0.4725,0.03370000000000001,0.4667,0.5,-0.033299999999999996,3.1463,3.4643,2.406,1,1,0,0.0,0,1
2019/2020_Moden_Piace_2Round,2,0.25,0.4839,0.5385,-0.05459999999999998,0.5062,0.4725,0.03370000000000001,0.4667,0.5,-0.033299999999999996,3.1463,3.4643,2.406,2,1,1,1.0,0,0
2019/2020_Moden_Piace_2Round,3,0.5,0.4839,0.5385,-0.05459999999999998,0.5062,0.4725,0.03370000000000001,0.4667,0.5,-0.033299999999999996,3.1463,3.4643,2.406,2,2,0,0.0,0,1
2019/2020_Moden_Piace_2Round,3,0.5,0.4839,0.5385,-0.05459999999999998,0.5062,0.4725,0.03370000000000001,0.4667,0.5,-0.033299999999999996,3.1463,3.4643,2.406,3,2,1,1.0,0,0
2019/2020_Moden_Sir S_12Round,1,0.0,0.5676,0.4324,0.1352,0.4925,0.4947,-0.0021999999999999797,0.4667,0.4615,0.005199999999999982,3.2619,3.0694,2.343,0,0,0,0.5,0,1
2019/2020_Moden_Sir S_12Round,2,0.25,0.5676,0.4324,0.1352,0.4925,0.4947,-0.0021999999999999797,0.4667,0.4615,0.005199999999999982,3.2619,3.0694,2.343,1,0,1,1.0,0,0
2019/2020_Moden_Sir S_12Round,3,0.5,0.5676,0.4324,0.1352,0.4925,0.4947,-0.0021999999999999797,0.4667,0.4615,0.005199999999999982,3.2619,3.0694,2.343,1,1,0,0.0,0,1
2019/2020_Moden_Sir S_12Round,4,0.75,0.5676,0.4324,0.1352,0.4925,0.4947,-0.0021999999999999797,0.4667,0.4615,0.005199999999999982,3.2619,3.0694,2.343,2,1,1,1.0,0,1
2019/2020_Moden_Trent_8Round,1,0.0,0.4706,0.5556,-0.08499999999999996,0.4962,0.5091,-0.012900000000000023,0.4667,0.6,-0.13329999999999997,2.845,4.1524,-1.922,0,0,0,0.5,0,0
2019/2020_Moden_Trent_8Round,1,0.0,0.4706,0.5556,-0.08499999999999996,0.4962,0.5091,-0.012900000000000023,0.4667,0.6,-0.13329999999999997,2.845,4.1524,-1.922,0,1,-1,0.0,0,0
2019/2020_Moden_Trent_8Round,2,0.25,0.4706,0.5556,-0.08499999999999996,0.4962,0.5091,-0.012900000000000023,0.4667,0.6,-0.13329999999999997,2.845,4.1524,-1.922,0,2,-2,0.0,0,1
2019/2020_Moden_Trent_8Round,2,0.25,0.4706,0.5556,-0.08499999999999996,0.4962,0.5091,-0.012900000000000023,0.4667,0.6,-0.13329999999999997,2.845,4.1524,-1.922,1,2,-1,1.0,0,1
2019/2020_Moden_Trent_8Round,3,0.5,0.4706,0.5556,-0.08499999999999996,0.4962,0.5091,-0.012900000000000023,0.4667,0.6,-0.13329999999999997,2.845,4.1524,-1.922,2,2,0,1.0,0,0
2019/2020_Moden_Trent_8Round,3,0.5,0.4706,0.5556,-0.08499999999999996,0.4962,0.5091,-0.012900000000000023,0.4667,0.6,-0.13329999999999997,2.845,4.1524,-1.922,2,3,-1,0.0,0,1
2019/2020_Moden_Trent_8Round,4,0.75,0.4706,0.5556,-0.08499999999999996,0.4962,0.5091,-0.012900000000000023,0.4667,0.6,-0.13329999999999997,2.845,4.1524,-1.922,3,3,0,1.0,0,1
2019/2020_Moden_Trent_8Round,4,0.75,0.4706,0.5556,-0.08499999999999996,0.4962,0.5091,-0.012900000000000023,0.4667,0.6,-0.13329999999999997,2.845,4.1524,-1.922,4,3,1,1.0,0,0
2019/2020_Moden_Veron_11Round,1,0.0,0.4444,0.5676,-0.12319999999999998,0.4964,0.4944,0.0020000000000000018,0.4,0.5333,-0.13329999999999997,3.3556,4.0134,2.0,0,0,0,0.5,0,0
2019/2020_Moden_Veron_11Round,2,0.25,0.4444,0.5676,-0.12319999999999998,0.4964,0.4944,0.0020000000000000018,0.4,0.5333,-0.13329999999999997,3.3556,4.0134,2.0,0,1,-1,0.0,0,0
2019/2020_Moden_Veron_11Round,3,0.5,0.4444,0.5676,-0.12319999999999998,0.4964,0.4944,0.0020000000000000018,0.4,0.5333,-0.13329999999999997,3.3556,4.0134,2.0,0,2,-2,0.0,0,1
2019/2020_Moden_Veron_11Round,4,0.75,0.4444,0.5676,-0.12319999999999998,0.4964,0.4944,0.0020000000000000018,0.4,0.5333,-0.13329999999999997,3.3556,4.0134,2.0,1,2,-1,1.0,0,1
2019/2020_Moden_Veron_11Round,5,1.0,0.4444,0.5676,-0.12319999999999998,0.4964,0.4944,0.0020000000000000018,0.4,0.5333,-0.13329999999999997,3.3556,4.0134,2.0,2,2,0,1.0,1,0
2019/2020_Monza_Piace_6Round,1,0.0,0.5,0.5625,-0.0625,0.5275,0.4915,0.035999999999999976,0.5333,0.5385,-0.005199999999999982,3.9441,3.7054,-1.95,0,0,0,0.5,0,1
2019/2020_Monza_Piace_6Round,1,0.0,0.5,0.5625,-0.0625,0.5275,0.4915,0.035999999999999976,0.5333,0.5385,-0.005199999999999982,3.9441,3.7054,-1.95,1,0,1,1.0,0,0
2019/2020_Monza_Piace_6Round,2,0.25,0.5,0.5625,-0.0625,0.5275,0.4915,0.035999999999999976,0.5333,0.5385,-0.005199999999999982,3.9441,3.7054,-1.95,1,1,0,0.0,0,1
2019/2020_Monza_Piace_6Round,2,0.25,0.5,0.5625,-0.0625,0.5275,0.4915,0.035999999999999976,0.5333,0.5385,-0.005199999999999982,3.9441,3.7054,-1.95,2,1,1,1.0,0,0
2019/2020_Monza_Piace_6Round,3,0.5,0.5,0.5625,-0.0625,0.5275,0.4915,0.035999999999999976,0.5333,0.5385,-0.005199999999999982,3.9441,3.7054,-1.95,2,2,0,0.0,0,0
2019/2020_Monza_Piace_6Round,3,0.5,0.5,0.5625,-0.0625,0.5275,0.4915,0.035999999999999976,0.5333,0.5385,-0.005199999999999982,3.9441,3.7054,-1.95,2,3,-1,0.0,0,1
2019/2020_Monza_Piace_6Round,4,0.75,0.5,0.5625,-0.0625,0.5275,0.4915,0.035999999999999976,0.5333,0.5385,-0.005199999999999982,3.9441,3.7054,-1.95,3,3,0,1.0,0,1
2019/2020_Monza_Piace_6Round,4,0.75,0.5,0.5625,-0.0625,0.5275,0.4915,0.035999999999999976,0.5333,0.5385,-0.005199999999999982,3.9441,3.7054,-1.95,4,3,1,1.0,0,1
2019/2020_Monza_Piace_6Round,5,1.0,0.5,0.5625,-0.0625,0.5275,0.4915,0.035999999999999976,0.5333,0.5385,-0.005199999999999982,3.9441,3.7054,-1.95,5,3,2,1.0,1,1
2019/2020_Monza_Sir S_3Round,1,0.0,0.4848,0.5625,-0.07769999999999999,0.5243,0.4851,0.03920000000000001,0.4667,0.5333,-0.06659999999999999,3.6785,3.5998,0.765,0,0,0,0.5,0,0
2019/2020_Monza_Sir S_3Round,1,0.0,0.4848,0.5625,-0.07769999999999999,0.5243,0.4851,0.03920000000000001,0.4667,0.5333,-0.06659999999999999,3.6785,3.5998,0.765,0,1,-1,0.0,0,1
2019/2020_Monza_Sir S_3Round,2,0.25,0.4848,0.5625,-0.07769999999999999,0.5243,0.4851,0.03920000000000001,0.4667,0.5333,-0.06659999999999999,3.6785,3.5998,0.765,1,1,0,1.0,0,1
2019/2020_Monza_Sir S_3Round,2,0.25,0.4848,0.5625,-0.07769999999999999,0.5243,0.4851,0.03920000000000001,0.4667,0.5333,-0.06659999999999999,3.6785,3.5998,0.765,2,1,1,1.0,0,1
2019/2020_Monza_Sir S_3Round,3,0.5,0.4848,0.5625,-0.07769999999999999,0.5243,0.4851,0.03920000000000001,0.4667,0.5333,-0.06659999999999999,3.6785,3.5998,0.765,3,1,2,1.0,0,1
2019/2020_Monza_Sir S_3Round,3,0.5,0.4848,0.5625,-0.07769999999999999,0.5243,0.4851,0.03920000000000001,0.4667,0.5333,-0.06659999999999999,3.6785,3.5998,0.765,4,1,3,1.0,0,0
2019/2020_Monza_Sir S_3Round,4,0.75,0.4848,0.5625,-0.07769999999999999,0.5243,0.4851,0.03920000000000001,0.4667,0.5333,-0.06659999999999999,3.6785,3.5998,0.765,4,2,2,0.0,0,1
2019/2020_Monza_Sir S_3Round,5,1.0,0.4848,0.5625,-0.07769999999999999,0.5243,0.4851,0.03920000000000001,0.4667,0.5333,-0.06659999999999999,3.6785,3.5998,0.765,5,2,3,1.0,1,0
2019/2020_Monza_Trent_2Round,1,0.0,0.5,0.4839,0.016100000000000003,0.5248,0.5042,0.020600000000000063,0.5333,0.4667,0.06659999999999999,3.899,3.7527,-1.208,0,0,0,0.5,0,0
2019/2020_Monza_Trent_2Round,1,0.0,0.5,0.4839,0.016100000000000003,0.5248,0.5042,0.020600000000000063,0.5333,0.4667,0.06659999999999999,3.899,3.7527,-1.208,0,1,-1,0.0,0,1
2019/2020_Monza_Trent_2Round,2,0.25,0.5,0.4839,0.016100000000000003,0.5248,0.5042,0.020600000000000063,0.5333,0.4667,0.06659999999999999,3.899,3.7527,-1.208,1,1,0,1.0,0,0
2019/2020_Monza_Trent_2Round,2,0.25,0.5,0.4839,0.016100000000000003,0.5248,0.5042,0.020600000000000063,0.5333,0.4667,0.06659999999999999,3.899,3.7527,-1.208,1,2,-1,0.0,0,1
2019/2020_Monza_Trent_2Round,3,0.5,0.5,0.4839,0.016100000000000003,0.5248,0.5042,0.020600000000000063,0.5333,0.4667,0.06659999999999999,3.899,3.7527,-1.208,2,2,0,1.0,0,0
2019/2020_Monza_Trent_2Round,3,0.5,0.5,0.4839,0.016100000000000003,0.5248,0.5042,0.020600000000000063,0.5333,0.4667,0.06659999999999999,3.899,3.7527,-1.208,2,3,-1,0.0,0,1
2019/2020_Monza_Veron_8Round,1,0.0,0.5143,0.5556,-0.0413,0.5321,0.4903,0.041800000000000004,0.5333,0.4667,0.06659999999999999,4.3502,3.7618,-0.732,0,0,0,0.5,0,1
2019/2020_Monza_Veron_8Round,1,0.0,0.5143,0.5556,-0.0413,0.5321,0.4903,0.041800000000000004,0.5333,0.4667,0.06659999999999999,4.3502,3.7618,-0.732,1,0,1,1.0,0,0
2019/2020_Monza_Veron_8Round,2,0.25,0.5143,0.5556,-0.0413,0.5321,0.4903,0.041800000000000004,0.5333,0.4667,0.06659999999999999,4.3502,3.7618,-0.732,1,1,0,0.0,0,0
2019/2020_Monza_Veron_8Round,2,0.25,0.5143,0.5556,-0.0413,0.5321,0.4903,0.041800000000000004,0.5333,0.4667,0.06659999999999999,4.3502,3.7618,-0.732,1,2,-1,0.0,0,1
2019/2020_Monza_Veron_8Round,3,0.5,0.5143,0.5556,-0.0413,0.5321,0.4903,0.041800000000000004,0.5333,0.4667,0.06659999999999999,4.3502,3.7618,-0.732,2,2,0,1.0,0,0
2019/2020_Monza_Veron_8Round,3,0.5,0.5143,0.5556,-0.0413,0.5321,0.4903,0.041800000000000004,0.5333,0.4667,0.06659999999999999,4.3502,3.7618,-0.732,2,3,-1,0.0,0,0
2019/2020_Monza_Veron_8Round,4,0.75,0.5143,0.5556,-0.0413,0.5321,0.4903,0.041800000000000004,0.5333,0.4667,0.06659999999999999,4.3502,3.7618,-0.732,2,4,-2,0.0,0,0
2019/2020_Monza_Veron_8Round,5,1.0,0.5143,0.5556,-0.0413,0.5321,0.4903,0.041800000000000004,0.5333,0.4667,0.06659999999999999,4.3502,3.7618,-0.732,2,5,-3,0.0,1,1
2019/2020_Piace_Sir S_7Round,1,0.0,0.5294,0.5714,-0.04200000000000004,0.4806,0.4941,-0.013499999999999956,0.5385,0.4667,0.07179999999999997,3.596,3.965,-1.763,0,0,0,0.5,0,0
2019/2020_Piace_Sir S_7Round,1,0.0,0.5294,0.5714,-0.04200000000000004,0.4806,0.4941,-0.013499999999999956,0.5385,0.4667,0.07179999999999997,3.596,3.965,-1.763,0,1,-1,0.0,0,0
2019/2020_Piace_Sir S_7Round,2,0.25,0.5294,0.5714,-0.04200000000000004,0.4806,0.4941,-0.013499999999999956,0.5385,0.4667,0.07179999999999997,3.596,3.965,-1.763,0,2,-2,0.0,0,0
2019/2020_Piace_Sir S_7Round,2,0.25,0.5294,0.5714,-0.04200000000000004,0.4806,0.4941,-0.013499999999999956,0.5385,0.4667,0.07179999999999997,3.596,3.965,-1.763,0,3,-3,0.0,0,1
2019/2020_Piace_Sir S_7Round,3,0.5,0.5294,0.5714,-0.04200000000000004,0.4806,0.4941,-0.013499999999999956,0.5385,0.4667,0.07179999999999997,3.596,3.965,-1.763,1,3,-2,1.0,0,0
2019/2020_Piace_Sir S_7Round,3,0.5,0.5294,0.5714,-0.04200000000000004,0.4806,0.4941,-0.013499999999999956,0.5385,0.4667,0.07179999999999997,3.596,3.965,-1.763,1,4,-3,0.0,0,1
2019/2020_Piace_Sir S_7Round,4,0.75,0.5294,0.5714,-0.04200000000000004,0.4806,0.4941,-0.013499999999999956,0.5385,0.4667,0.07179999999999997,3.596,3.965,-1.763,2,4,-2,1.0,0,1
2019/2020_Piace_Trent_5Round,1,0.0,0.6,0.5152,0.08479999999999999,0.4907,0.506,-0.01529999999999998,0.5833,0.4667,0.11660000000000004,3.6896,3.4495,-1.665,0,0,0,0.5,0,1
2019/2020_Piace_Trent_5Round,1,0.0,0.6,0.5152,0.08479999999999999,0.4907,0.506,-0.01529999999999998,0.5833,0.4667,0.11660000000000004,3.6896,3.4495,-1.665,1,0,1,1.0,0,1
2019/2020_Piace_Trent_5Round,2,0.25,0.6,0.5152,0.08479999999999999,0.4907,0.506,-0.01529999999999998,0.5833,0.4667,0.11660000000000004,3.6896,3.4495,-1.665,2,0,2,1.0,0,1
2019/2020_Piace_Trent_5Round,2,0.25,0.6,0.5152,0.08479999999999999,0.4907,0.506,-0.01529999999999998,0.5833,0.4667,0.11660000000000004,3.6896,3.4495,-1.665,3,0,3,1.0,0,0
2019/2020_Piace_Trent_5Round,3,0.5,0.6,0.5152,0.08479999999999999,0.4907,0.506,-0.01529999999999998,0.5833,0.4667,0.11660000000000004,3.6896,3.4495,-1.665,3,1,2,0.0,0,0
2019/2020_Piace_Trent_5Round,3,0.5,0.6,0.5152,0.08479999999999999,0.4907,0.506,-0.01529999999999998,0.5833,0.4667,0.11660000000000004,3.6896,3.4495,-1.665,3,2,1,0.0,0,0
2019/2020_Piace_Trent_5Round,4,0.75,0.6,0.5152,0.08479999999999999,0.4907,0.506,-0.01529999999999998,0.5833,0.4667,0.11660000000000004,3.6896,3.4495,-1.665,3,3,0,0.0,0,0
2019/2020_Piace_Trent_5Round,4,0.75,0.6,0.5152,0.08479999999999999,0.4907,0.506,-0.01529999999999998,0.5833,0.4667,0.11660000000000004,3.6896,3.4495,-1.665,3,4,-1,0.0,0,1
2019/2020_Piace_Veron_3Round,1,0.0,0.5714,0.5625,0.008900000000000019,0.4735,0.4851,-0.0116,0.5455,0.4,0.14549999999999996,3.4261,3.4708,0.359,0,0,0,0.5,0,1
2019/2020_Piace_Veron_3Round,1,0.0,0.5714,0.5625,0.008900000000000019,0.4735,0.4851,-0.0116,0.5455,0.4,0.14549999999999996,3.4261,3.4708,0.359,1,0,1,1.0,0,1
2019/2020_Piace_Veron_3Round,2,0.25,0.5714,0.5625,0.008900000000000019,0.4735,0.4851,-0.0116,0.5455,0.4,0.14549999999999996,3.4261,3.4708,0.359,2,0,2,1.0,0,0
2019/2020_Piace_Veron_3Round,2,0.25,0.5714,0.5625,0.008900000000000019,0.4735,0.4851,-0.0116,0.5455,0.4,0.14549999999999996,3.4261,3.4708,0.359,2,1,1,0.0,0,1
2019/2020_Piace_Veron_3Round,3,0.5,0.5714,0.5625,0.008900000000000019,0.4735,0.4851,-0.0116,0.5455,0.4,0.14549999999999996,3.4261,3.4708,0.359,3,1,2,1.0,0,1
2019/2020_Piace_Veron_3Round,3,0.5,0.5714,0.5625,0.008900000000000019,0.4735,0.4851,-0.0116,0.5455,0.4,0.14549999999999996,3.4261,3.4708,0.359,4,1,3,1.0,0,0
2019/2020_Piace_Veron_3Round,4,0.75,0.5714,0.5625,0.008900000000000019,0.4735,0.4851,-0.0116,0.5455,0.4,0.14549999999999996,3.4261,3.4708,0.359,4,2,2,0.0,0,1
2019/2020_Piace_Veron_3Round,4,0.75,0.5714,0.5625,0.008900000000000019,0.4735,0.4851,-0.0116,0.5455,0.4,0.14549999999999996,3.4261,3.4708,0.359,5,2,3,1.0,0,0
2019/2020_Piace_Veron_3Round,5,1.0,0.5714,0.5625,0.008900000000000019,0.4735,0.4851,-0.0116,0.5455,0.4,0.14549999999999996,3.4261,3.4708,0.359,5,3,2,0.0,1,1
2019/2020_Pool _Sarca_10Round,1,0.0,0.5263,0.4444,0.08189999999999997,0.5209,0.4798,0.041100000000000025,0.5333,0.5333,0.0,3.6225,3.2517,0.0,0,0,0,0.5,0,1
2019/2020_Pool _Sarca_10Round,2,0.25,0.5263,0.4444,0.08189999999999997,0.5209,0.4798,0.041100000000000025,0.5333,0.5333,0.0,3.6225,3.2517,0.0,1,0,1,1.0,0,0
2019/2020_Pool _Sarca_10Round,3,0.5,0.5263,0.4444,0.08189999999999997,0.5209,0.4798,0.041100000000000025,0.5333,0.5333,0.0,3.6225,3.2517,0.0,1,1,0,0.0,0,0
2019/2020_Pool _Sarca_10Round,4,0.75,0.5263,0.4444,0.08189999999999997,0.5209,0.4798,0.041100000000000025,0.5333,0.5333,0.0,3.6225,3.2517,0.0,1,2,-1,0.0,0,0
2019/2020_Sir S_Trent_13Round,1,0.0,0.5789,0.5789,0.0,0.5102,0.4963,0.013899999999999968,0.5333,0.5333,0.0,4.2349,3.2211,-0.572,0,0,0,0.5,0,0
2019/2020_Sir S_Trent_13Round,2,0.25,0.5789,0.5789,0.0,0.5102,0.4963,0.013899999999999968,0.5333,0.5333,0.0,4.2349,3.2211,-0.572,0,1,-1,0.0,0,1
2019/2020_Sir S_Trent_13Round,3,0.5,0.5789,0.5789,0.0,0.5102,0.4963,0.013899999999999968,0.5333,0.5333,0.0,4.2349,3.2211,-0.572,1,1,0,1.0,0,0
2019/2020_Sir S_Trent_13Round,4,0.75,0.5789,0.5789,0.0,0.5102,0.4963,0.013899999999999968,0.5333,0.5333,0.0,4.2349,3.2211,-0.572,1,2,-1,0.0,0,0
2019/2020_Sir S_Veron_2Round,1,0.0,0.5484,0.5806,-0.032200000000000006,0.4801,0.4889,-0.008799999999999975,0.4286,0.4667,-0.03810000000000002,3.2052,3.6043,2.069,0,0,0,0.5,0,1
2019/2020_Sir S_Veron_2Round,1,0.0,0.5484,0.5806,-0.032200000000000006,0.4801,0.4889,-0.008799999999999975,0.4286,0.4667,-0.03810000000000002,3.2052,3.6043,2.069,1,0,1,1.0,0,0
2019/2020_Sir S_Veron_2Round,2,0.25,0.5484,0.5806,-0.032200000000000006,0.4801,0.4889,-0.008799999999999975,0.4286,0.4667,-0.03810000000000002,3.2052,3.6043,2.069,1,1,0,0.0,0,1
2019/2020_Sir S_Veron_2Round,2,0.25,0.5484,0.5806,-0.032200000000000006,0.4801,0.4889,-0.008799999999999975,0.4286,0.4667,-0.03810000000000002,3.2052,3.6043,2.069,2,1,1,1.0,0,1
2019/2020_Sir S_Veron_2Round,3,0.5,0.5484,0.5806,-0.032200000000000006,0.4801,0.4889,-0.008799999999999975,0.4286,0.4667,-0.03810000000000002,3.2052,3.6043,2.069,3,1,2,1.0,0,1
2019/2020_Sir S_Veron_2Round,3,0.5,0.5484,0.5806,-0.032200000000000006,0.4801,0.4889,-0.008799999999999975,0.4286,0.4667,-0.03810000000000002,3.2052,3.6043,2.069,4,1,3,1.0,0,1
2019/2020_Sir S_Veron_2Round,4,0.75,0.5484,0.5806,-0.032200000000000006,0.4801,0.4889,-0.008799999999999975,0.4286,0.4667,-0.03810000000000002,3.2052,3.6043,2.069,5,1,4,1.0,0,0
2019/2020_Sir S_Veron_2Round,5,1.0,0.5484,0.5806,-0.032200000000000006,0.4801,0.4889,-0.008799999999999975,0.4286,0.4667,-0.03810000000000002,3.2052,3.6043,2.069,5,2,3,0.0,1,0
2019/2020_Trent_Veron_4Round,1,0.0,0.5,0.5455,-0.045499999999999985,0.5041,0.4795,0.02460000000000001,0.5333,0.4,0.13329999999999997,3.5763,3.3747,-1.566,0,0,0,0.5,0,1
2019/2020_Trent_Veron_4Round,2,0.25,0.5,0.5455,-0.045499999999999985,0.5041,0.4795,0.02460000000000001,0.5333,0.4,0.13329999999999997,3.5763,3.3747,-1.566,1,0,1,1.0,0,1
2019/2020_Trent_Veron_4Round,3,0.5,0.5,0.5455,-0.045499999999999985,0.5041,0.4795,0.02460000000000001,0.5333,0.4,0.13329999999999997,3.5763,3.3747,-1.566,2,0,2,1.0,0,0
2019/2020_Trent_Veron_4Round,4,0.75,0.5,0.5455,-0.045499999999999985,0.5041,0.4795,0.02460000000000001,0.5333,0.4,0.13329999999999997,3.5763,3.3747,-1.566,2,1,1,0.0,0,0
2019/2020_Trent_Veron_4Round,5,1.0,0.5,0.5455,-0.045499999999999985,0.5041,0.4795,0.02460000000000001,0.5333,0.4,0.13329999999999997,3.5763,3.3747,-1.566,2,2,0,0.0,1,1
2020/2021_Cave _Emma _3Round,1,0.0,0.4091,0.5789,-0.16979999999999995,0.477,0.5263,-0.04930000000000001,0.4667,0.6154,-0.14869999999999994,3.5128,3.4406,0.0,0,0,0,0.5,0,0
2020/2021_Cave _Emma _3Round,1,0.0,0.4091,0.5789,-0.16979999999999995,0.477,0.5263,-0.04930000000000001,0.4667,0.6154,-0.14869999999999994,3.5128,3.4406,0.0,0,1,-1,0.0,0,1
2020/2021_Cave _Emma _3Round,2,0.25,0.4091,0.5789,-0.16979999999999995,0.477,0.5263,-0.04930000000000001,0.4667,0.6154,-0.14869999999999994,3.5128,3.4406,0.0,1,1,0,1.0,0,0
2020/2021_Cave _Emma _3Round,2,0.25,0.4091,0.5789,-0.16979999999999995,0.477,0.5263,-0.04930000000000001,0.4667,0.6154,-0.14869999999999994,3.5128,3.4406,0.0,1,2,-1,0.0,0,0
2020/2021_Cave _Emma _3Round,3,0.5,0.4091,0.5789,-0.16979999999999995,0.477,0.5263,-0.04930000000000001,0.4667,0.6154,-0.14869999999999994,3.5128,3.4406,0.0,1,3,-2,0.0,0,0
2020/2021_Cave _Emma _3Round,3,0.5,0.4091,0.5789,-0.16979999999999995,0.477,0.5263,-0.04930000000000001,0.4667,0.6154,-0.14869999999999994,3.5128,3.4406,0.0,1,4,-3,0.0,0,1
2020/2021_Cave _Emma _3Round,4,0.75,0.4091,0.5789,-0.16979999999999995,0.477,0.5263,-0.04930000000000001,0.4667,0.6154,-0.14869999999999994,3.5128,3.4406,0.0,2,4,-2,1.0,0,1
2020/2021_Cave _Grupp_2Round,1,0.0,0.381,0.5238,-0.14280000000000004,0.4586,0.5262,-0.0676,0.4667,0.4615,0.005199999999999982,2.9566,3.684,0.0,0,0,0,0.5,0,1
2020/2021_Cave _Grupp_2Round,1,0.0,0.381,0.5238,-0.14280000000000004,0.4586,0.5262,-0.0676,0.4667,0.4615,0.005199999999999982,2.9566,3.684,0.0,1,0,1,1.0,0,1
2020/2021_Cave _Grupp_2Round,2,0.25,0.381,0.5238,-0.14280000000000004,0.4586,0.5262,-0.0676,0.4667,0.4615,0.005199999999999982,2.9566,3.684,0.0,2,0,2,1.0,0,1
2020/2021_Cave _Grupp_2Round,2,0.25,0.381,0.5238,-0.14280000000000004,0.4586,0.5262,-0.0676,0.4667,0.4615,0.005199999999999982,2.9566,3.684,0.0,3,0,3,1.0,0,1
2020/2021_Cave _Grupp_2Round,3,0.5,0.381,0.5238,-0.14280000000000004,0.4586,0.5262,-0.0676,0.4667,0.4615,0.005199999999999982,2.9566,3.684,0.0,4,0,4,1.0,0,1
2020/2021_Cave _Grupp_2Round,3,0.5,0.381,0.5238,-0.14280000000000004,0.4586,0.5262,-0.0676,0.4667,0.4615,0.005199999999999982,2.9566,3.684,0.0,5,0,5,1.0,0,0
2020/2021_Cave _Grupp_2Round,4,0.75,0.381,0.5238,-0.14280000000000004,0.4586,0.5262,-0.0676,0.4667,0.4615,0.005199999999999982,2.9566,3.684,0.0,5,1,4,0.0,0,1
2020/2021_Cave _Pool _4Round,1,0.0,0.3913,0.5238,-0.13250000000000006,0.4749,0.5071,-0.032200000000000006,0.4667,0.6,-0.13329999999999997,3.4244,3.7144,0.0,0,0,0,0.5,0,0
2020/2021_Cave _Pool _4Round,1,0.0,0.3913,0.5238,-0.13250000000000006,0.4749,0.5071,-0.032200000000000006,0.4667,0.6,-0.13329999999999997,3.4244,3.7144,0.0,0,1,-1,0.0,0,0
2020/2021_Cave _Pool _4Round,2,0.25,0.3913,0.5238,-0.13250000000000006,0.4749,0.5071,-0.032200000000000006,0.4667,0.6,-0.13329999999999997,3.4244,3.7144,0.0,0,2,-2,0.0,0,0
2020/2021_Cave _Pool _4Round,2,0.25,0.3913,0.5238,-0.13250000000000006,0.4749,0.5071,-0.032200000000000006,0.4667,0.6,-0.13329999999999997,3.4244,3.7144,0.0,0,3,-3,0.0,0,1
2020/2021_Cave _Pool _4Round,3,0.5,0.3913,0.5238,-0.13250000000000006,0.4749,0.5071,-0.032200000000000006,0.4667,0.6,-0.13329999999999997,3.4244,3.7144,0.0,1,3,-2,1.0,0,0
2020/2021_Cave _Pool _4Round,3,0.5,0.3913,0.5238,-0.13250000000000006,0.4749,0.5071,-0.032200000000000006,0.4667,0.6,-0.13329999999999997,3.4244,3.7144,0.0,1,4,-3,0.0,0,1
2020/2021_Cave _Pool _4Round,4,0.75,0.3913,0.5238,-0.13250000000000006,0.4749,0.5071,-0.032200000000000006,0.4667,0.6,-0.13329999999999997,3.4244,3.7144,0.0,2,4,-2,1.0,0,1
2020/2021_Cave _Prism_11Round,1,0.0,0.375,0.4615,-0.08650000000000002,0.4729,0.5,-0.027100000000000013,0.4,0.4615,-0.0615,3.3577,3.4782,0.0,0,0,0,0.5,0,0
2020/2021_Cave _Prism_11Round,1,0.0,0.375,0.4615,-0.08650000000000002,0.4729,0.5,-0.027100000000000013,0.4,0.4615,-0.0615,3.3577,3.4782,0.0,0,1,-1,0.0,0,0
2020/2021_Cave _Prism_11Round,2,0.25,0.375,0.4615,-0.08650000000000002,0.4729,0.5,-0.027100000000000013,0.4,0.4615,-0.0615,3.3577,3.4782,0.0,0,2,-2,0.0,0,1
2020/2021_Cave _Prism_11Round,2,0.25,0.375,0.4615,-0.08650000000000002,0.4729,0.5,-0.027100000000000013,0.4,0.4615,-0.0615,3.3577,3.4782,0.0,1,2,-1,1.0,0,0
2020/2021_Cave _Prism_11Round,3,0.5,0.375,0.4615,-0.08650000000000002,0.4729,0.5,-0.027100000000000013,0.4,0.4615,-0.0615,3.3577,3.4782,0.0,1,3,-2,0.0,0,1
2020/2021_Cave _Prism_11Round,3,0.5,0.375,0.4615,-0.08650000000000002,0.4729,0.5,-0.027100000000000013,0.4,0.4615,-0.0615,3.3577,3.4782,0.0,2,3,-1,1.0,0,1
2020/2021_Cave _Prism_11Round,4,0.75,0.375,0.4615,-0.08650000000000002,0.4729,0.5,-0.027100000000000013,0.4,0.4615,-0.0615,3.3577,3.4782,0.0,3,3,0,1.0,0,0
2020/2021_Cave _Prism_11Round,4,0.75,0.375,0.4615,-0.08650000000000002,0.4729,0.5,-0.027100000000000013,0.4,0.4615,-0.0615,3.3577,3.4782,0.0,3,4,-1,0.0,0,1
2020/2021_Delta_Med S_8Round,1,0.0,0.5714,0.5,0.07140000000000002,0.5216,0.4868,0.03479999999999994,0.5714,0.5,0.07140000000000002,3.8039,3.5155,0.0,0,0,0,0.5,0,0
2020/2021_Delta_Med S_8Round,1,0.0,0.5714,0.5,0.07140000000000002,0.5216,0.4868,0.03479999999999994,0.5714,0.5,0.07140000000000002,3.8039,3.5155,0.0,0,1,-1,0.0,0,0
2020/2021_Delta_Med S_8Round,2,0.25,0.5714,0.5,0.07140000000000002,0.5216,0.4868,0.03479999999999994,0.5714,0.5,0.07140000000000002,3.8039,3.5155,0.0,0,2,-2,0.0,0,0
2020/2021_Delta_Med S_8Round,2,0.25,0.5714,0.5,0.07140000000000002,0.5216,0.4868,0.03479999999999994,0.5714,0.5,0.07140000000000002,3.8039,3.5155,0.0,0,3,-3,0.0,0,0
2020/2021_Delta_Med S_8Round,3,0.5,0.5714,0.5,0.07140000000000002,0.5216,0.4868,0.03479999999999994,0.5714,0.5,0.07140000000000002,3.8039,3.5155,0.0,0,4,-4,0.0,0,1
2020/2021_Delta_Med S_8Round,3,0.5,0.5714,0.5,0.07140000000000002,0.5216,0.4868,0.03479999999999994,0.5714,0.5,0.07140000000000002,3.8039,3.5155,0.0,1,4,-3,1.0,0,1
2020/2021_Delta_Med S_8Round,4,0.75,0.5714,0.5,0.07140000000000002,0.5216,0.4868,0.03479999999999994,0.5714,0.5,0.07140000000000002,3.8039,3.5155,0.0,2,4,-2,1.0,0,0
2020/2021_Delta_Med S_8Round,4,0.75,0.5714,0.5,0.07140000000000002,0.5216,0.4868,0.03479999999999994,0.5714,0.5,0.07140000000000002,3.8039,3.5155,0.0,2,5,-3,0.0,0,0
2020/2021_Delta_Prata_5Round,1,0.0,0.5385,0.5385,0.0,0.5178,0.5096,0.008199999999999985,0.5385,0.5385,0.0,3.8012,3.5982,0.0,0,0,0,0.5,0,1
2020/2021_Delta_Prata_5Round,1,0.0,0.5385,0.5385,0.0,0.5178,0.5096,0.008199999999999985,0.5385,0.5385,0.0,3.8012,3.5982,0.0,1,0,1,1.0,0,0
2020/2021_Delta_Prata_5Round,2,0.25,0.5385,0.5385,0.0,0.5178,0.5096,0.008199999999999985,0.5385,0.5385,0.0,3.8012,3.5982,0.0,1,1,0,0.0,0,1
2020/2021_Delta_Prata_5Round,2,0.25,0.5385,0.5385,0.0,0.5178,0.5096,0.008199999999999985,0.5385,0.5385,0.0,3.8012,3.5982,0.0,2,1,1,1.0,0,1
2020/2021_Delta_Prata_5Round,3,0.5,0.5385,0.5385,0.0,0.5178,0.5096,0.008199999999999985,0.5385,0.5385,0.0,3.8012,3.5982,0.0,3,1,2,1.0,0,1
2020/2021_Delta_Prata_5Round,3,0.5,0.5385,0.5385,0.0,0.5178,0.5096,0.008199999999999985,0.5385,0.5385,0.0,3.8012,3.5982,0.0,4,1,3,1.0,0,0
2020/2021_Delta_Prata_5Round,4,0.75,0.5385,0.5385,0.0,0.5178,0.5096,0.008199999999999985,0.5385,0.5385,0.0,3.8012,3.5982,0.0,4,2,2,0.0,0,0
2020/2021_Delta_Vigil_2Round,1,0.0,0.5,0.5,0.0,0.5,0.4907,0.009299999999999975,0.5,0.5455,-0.045499999999999985,3.6322,3.6488,0.0,0,0,0,0.5,0,0
2020/2021_Delta_Vigil_2Round,1,0.0,0.5,0.5,0.0,0.5,0.4907,0.009299999999999975,0.5,0.5455,-0.045499999999999985,3.6322,3.6488,0.0,0,1,-1,0.0,0,1
2020/2021_Delta_Vigil_2Round,2,0.25,0.5,0.5,0.0,0.5,0.4907,0.009299999999999975,0.5,0.5455,-0.045499999999999985,3.6322,3.6488,0.0,1,1,0,1.0,0,1
2020/2021_Delta_Vigil_2Round,2,0.25,0.5,0.5,0.0,0.5,0.4907,0.009299999999999975,0.5,0.5455,-0.045499999999999985,3.6322,3.6488,0.0,2,1,1,1.0,0,1
2020/2021_Delta_Vigil_2Round,3,0.5,0.5,0.5,0.0,0.5,0.4907,0.009299999999999975,0.5,0.5455,-0.045499999999999985,3.6322,3.6488,0.0,3,1,2,1.0,0,1
2020/2021_Delta_Vigil_2Round,3,0.5,0.5,0.5,0.0,0.5,0.4907,0.009299999999999975,0.5,0.5455,-0.045499999999999985,3.6322,3.6488,0.0,4,1,3,1.0,0,1
2020/2021_Delta_Vigil_2Round,4,0.75,0.5,0.5,0.0,0.5,0.4907,0.009299999999999975,0.5,0.5455,-0.045499999999999985,3.6322,3.6488,0.0,5,1,4,1.0,0,0
2020/2021_Delta_Vigil_2Round,5,1.0,0.5,0.5,0.0,0.5,0.4907,0.009299999999999975,0.5,0.5455,-0.045499999999999985,3.6322,3.6488,0.0,5,2,3,0.0,1,1
2020/2021_Emma _Grupp_5Round,1,0.0,0.6,0.5,0.09999999999999998,0.5286,0.5094,0.019199999999999995,0.5333,0.4286,0.10470000000000002,3.5309,3.2248,0.0,0,0,0,0.5,0,0
2020/2021_Emma _Grupp_5Round,1,0.0,0.6,0.5,0.09999999999999998,0.5286,0.5094,0.019199999999999995,0.5333,0.4286,0.10470000000000002,3.5309,3.2248,0.0,0,1,-1,0.0,0,1
2020/2021_Emma _Grupp_5Round,2,0.25,0.6,0.5,0.09999999999999998,0.5286,0.5094,0.019199999999999995,0.5333,0.4286,0.10470000000000002,3.5309,3.2248,0.0,1,1,0,1.0,0,0
2020/2021_Emma _Grupp_5Round,2,0.25,0.6,0.5,0.09999999999999998,0.5286,0.5094,0.019199999999999995,0.5333,0.4286,0.10470000000000002,3.5309,3.2248,0.0,1,2,-1,0.0,0,1
2020/2021_Emma _Grupp_5Round,3,0.5,0.6,0.5,0.09999999999999998,0.5286,0.5094,0.019199999999999995,0.5333,0.4286,0.10470000000000002,3.5309,3.2248,0.0,2,2,0,1.0,0,0
2020/2021_Emma _Grupp_5Round,3,0.5,0.6,0.5,0.09999999999999998,0.5286,0.5094,0.019199999999999995,0.5333,0.4286,0.10470000000000002,3.5309,3.2248,0.0,2,3,-1,0.0,0,0
2020/2021_Emma _Grupp_5Round,4,0.75,0.6,0.5,0.09999999999999998,0.5286,0.5094,0.019199999999999995,0.5333,0.4286,0.10470000000000002,3.5309,3.2248,0.0,2,4,-2,0.0,0,0
2020/2021_Emma _Grupp_5Round,4,0.75,0.6,0.5,0.09999999999999998,0.5286,0.5094,0.019199999999999995,0.5333,0.4286,0.10470000000000002,3.5309,3.2248,0.0,2,5,-3,0.0,0,1
2020/2021_Emma _Grupp_5Round,5,1.0,0.6,0.5,0.09999999999999998,0.5286,0.5094,0.019199999999999995,0.5333,0.4286,0.10470000000000002,3.5309,3.2248,0.0,3,5,-2,1.0,1,0
2020/2021_Emma _Pool _1Round,1,0.0,0.6111,0.4737,0.13739999999999997,0.5444,0.488,0.056400000000000006,0.5333,0.6,-0.06669999999999998,3.7062,3.2436,0.0,0,0,0,0.5,0,0
2020/2021_Emma _Pool _1Round,1,0.0,0.6111,0.4737,0.13739999999999997,0.5444,0.488,0.056400000000000006,0.5333,0.6,-0.06669999999999998,3.7062,3.2436,0.0,0,1,-1,0.0,0,0
2020/2021_Emma _Pool _1Round,2,0.25,0.6111,0.4737,0.13739999999999997,0.5444,0.488,0.056400000000000006,0.5333,0.6,-0.06669999999999998,3.7062,3.2436,0.0,0,2,-2,0.0,0,0
2020/2021_Emma _Pool _1Round,2,0.25,0.6111,0.4737,0.13739999999999997,0.5444,0.488,0.056400000000000006,0.5333,0.6,-0.06669999999999998,3.7062,3.2436,0.0,0,3,-3,0.0,0,0
2020/2021_Emma _Pool _1Round,3,0.5,0.6111,0.4737,0.13739999999999997,0.5444,0.488,0.056400000000000006,0.5333,0.6,-0.06669999999999998,3.7062,3.2436,0.0,0,4,-4,0.0,0,0
2020/2021_Emma _Pool _1Round,3,0.5,0.6111,0.4737,0.13739999999999997,0.5444,0.488,0.056400000000000006,0.5333,0.6,-0.06669999999999998,3.7062,3.2436,0.0,0,5,-5,0.0,0,1
2020/2021_Emma _Pool _1Round,4,0.75,0.6111,0.4737,0.13739999999999997,0.5444,0.488,0.056400000000000006,0.5333,0.6,-0.06669999999999998,3.7062,3.2436,0.0,1,5,-4,1.0,0,1
2020/2021_Emma _Pool _1Round,5,1.0,0.6111,0.4737,0.13739999999999997,0.5444,0.488,0.056400000000000006,0.5333,0.6,-0.06669999999999998,3.7062,3.2436,0.0,2,5,-3,1.0,1,0
2020/2021_Emma _Prism_7Round,1,0.0,0.5714,0.4167,0.1547,0.5166,0.4722,0.04439999999999994,0.4667,0.4167,0.04999999999999999,3.4439,3.2988,0.0,0,0,0,0.5,0,0
2020/2021_Emma _Prism_7Round,1,0.0,0.5714,0.4167,0.1547,0.5166,0.4722,0.04439999999999994,0.4667,0.4167,0.04999999999999999,3.4439,3.2988,0.0,0,1,-1,0.0,0,1
2020/2021_Emma _Prism_7Round,2,0.25,0.5714,0.4167,0.1547,0.5166,0.4722,0.04439999999999994,0.4667,0.4167,0.04999999999999999,3.4439,3.2988,0.0,1,1,0,1.0,0,0
2020/2021_Emma _Prism_7Round,2,0.25,0.5714,0.4167,0.1547,0.5166,0.4722,0.04439999999999994,0.4667,0.4167,0.04999999999999999,3.4439,3.2988,0.0,1,2,-1,0.0,0,0
2020/2021_Emma _Prism_7Round,3,0.5,0.5714,0.4167,0.1547,0.5166,0.4722,0.04439999999999994,0.4667,0.4167,0.04999999999999999,3.4439,3.2988,0.0,1,3,-2,0.0,0,0
2020/2021_Emma _Prism_7Round,3,0.5,0.5714,0.4167,0.1547,0.5166,0.4722,0.04439999999999994,0.4667,0.4167,0.04999999999999999,3.4439,3.2988,0.0,1,4,-3,0.0,0,0
2020/2021_Emma _Prism_7Round,4,0.75,0.5714,0.4167,0.1547,0.5166,0.4722,0.04439999999999994,0.4667,0.4167,0.04999999999999999,3.4439,3.2988,0.0,1,5,-4,0.0,0,0
2020/2021_Grupp_Pool _11Round,1,0.0,0.5217,0.5455,-0.023799999999999932,0.5177,0.5101,0.007600000000000051,0.5333,0.6667,-0.13339999999999996,3.7242,3.7379,0.0,0,0,0,0.5,0,1
2020/2021_Grupp_Pool _11Round,1,0.0,0.5217,0.5455,-0.023799999999999932,0.5177,0.5101,0.007600000000000051,0.5333,0.6667,-0.13339999999999996,3.7242,3.7379,0.0,1,0,1,1.0,0,0
2020/2021_Grupp_Pool _11Round,2,0.25,0.5217,0.5455,-0.023799999999999932,0.5177,0.5101,0.007600000000000051,0.5333,0.6667,-0.13339999999999996,3.7242,3.7379,0.0,1,1,0,0.0,0,0
2020/2021_Grupp_Pool _11Round,2,0.25,0.5217,0.5455,-0.023799999999999932,0.5177,0.5101,0.007600000000000051,0.5333,0.6667,-0.13339999999999996,3.7242,3.7379,0.0,1,2,-1,0.0,0,1
2020/2021_Grupp_Pool _11Round,3,0.5,0.5217,0.5455,-0.023799999999999932,0.5177,0.5101,0.007600000000000051,0.5333,0.6667,-0.13339999999999996,3.7242,3.7379,0.0,2,2,0,1.0,0,1
2020/2021_Grupp_Pool _11Round,3,0.5,0.5217,0.5455,-0.023799999999999932,0.5177,0.5101,0.007600000000000051,0.5333,0.6667,-0.13339999999999996,3.7242,3.7379,0.0,3,2,1,1.0,0,0
2020/2021_Grupp_Pool _11Round,4,0.75,0.5217,0.5455,-0.023799999999999932,0.5177,0.5101,0.007600000000000051,0.5333,0.6667,-0.13339999999999996,3.7242,3.7379,0.0,3,3,0,0.0,0,1
2020/2021_Grupp_Pool _11Round,4,0.75,0.5217,0.5455,-0.023799999999999932,0.5177,0.5101,0.007600000000000051,0.5333,0.6667,-0.13339999999999996,3.7242,3.7379,0.0,4,3,1,1.0,0,0
2020/2021_Grupp_Prism_1Round,1,0.0,0.5,0.5,0.0,0.5139,0.5,0.013900000000000023,0.5333,0.5,0.033299999999999996,3.2153,3.4986,0.0,0,0,0,0.5,0,1
2020/2021_Grupp_Prism_1Round,1,0.0,0.5,0.5,0.0,0.5139,0.5,0.013900000000000023,0.5333,0.5,0.033299999999999996,3.2153,3.4986,0.0,1,0,1,1.0,0,1
2020/2021_Grupp_Prism_1Round,2,0.25,0.5,0.5,0.0,0.5139,0.5,0.013900000000000023,0.5333,0.5,0.033299999999999996,3.2153,3.4986,0.0,2,0,2,1.0,0,1
2020/2021_Grupp_Prism_1Round,2,0.25,0.5,0.5,0.0,0.5139,0.5,0.013900000000000023,0.5333,0.5,0.033299999999999996,3.2153,3.4986,0.0,3,0,3,1.0,0,0
2020/2021_Grupp_Prism_1Round,3,0.5,0.5,0.5,0.0,0.5139,0.5,0.013900000000000023,0.5333,0.5,0.033299999999999996,3.2153,3.4986,0.0,3,1,2,0.0,0,1
2020/2021_Grupp_Prism_1Round,3,0.5,0.5,0.5,0.0,0.5139,0.5,0.013900000000000023,0.5333,0.5,0.033299999999999996,3.2153,3.4986,0.0,4,1,3,1.0,0,1
2020/2021_Grupp_Prism_1Round,4,0.75,0.5,0.5,0.0,0.5139,0.5,0.013900000000000023,0.5333,0.5,0.033299999999999996,3.2153,3.4986,0.0,5,1,4,1.0,0,0
2020/2021_Grupp_Prism_1Round,5,1.0,0.5,0.5,0.0,0.5139,0.5,0.013900000000000023,0.5333,0.5,0.033299999999999996,3.2153,3.4986,0.0,5,2,3,0.0,1,1
2020/2021_Kioen_Lube_6Round,1,0.0,0.3571,0.4419,-0.08480000000000004,0.49,0.528,-0.038000000000000034,0.4,0.5333,-0.13329999999999997,3.3359,3.7605,-2.412,0,0,0,0.5,0,0
2020/2021_Kioen_Lube_6Round,1,0.0,0.3571,0.4419,-0.08480000000000004,0.49,0.528,-0.038000000000000034,0.4,0.5333,-0.13329999999999997,3.3359,3.7605,-2.412,0,1,-1,0.0,0,1
2020/2021_Kioen_Lube_6Round,2,0.25,0.3571,0.4419,-0.08480000000000004,0.49,0.528,-0.038000000000000034,0.4,0.5333,-0.13329999999999997,3.3359,3.7605,-2.412,1,1,0,1.0,0,0
2020/2021_Kioen_Lube_6Round,2,0.25,0.3571,0.4419,-0.08480000000000004,0.49,0.528,-0.038000000000000034,0.4,0.5333,-0.13329999999999997,3.3359,3.7605,-2.412,1,2,-1,0.0,0,1
2020/2021_Kioen_Lube_6Round,3,0.5,0.3571,0.4419,-0.08480000000000004,0.49,0.528,-0.038000000000000034,0.4,0.5333,-0.13329999999999997,3.3359,3.7605,-2.412,2,2,0,1.0,0,0
2020/2021_Kioen_Lube_6Round,3,0.5,0.3571,0.4419,-0.08480000000000004,0.49,0.528,-0.038000000000000034,0.4,0.5333,-0.13329999999999997,3.3359,3.7605,-2.412,2,3,-1,0.0,0,1
2020/2021_Kioen_Milan_9Round,1,0.0,0.3778,0.4773,-0.09949999999999998,0.4938,0.4763,0.017500000000000016,0.4667,0.4667,0.0,3.8168,3.7535,-1.51,0,0,0,0.5,0,0
2020/2021_Kioen_Milan_9Round,1,0.0,0.3778,0.4773,-0.09949999999999998,0.4938,0.4763,0.017500000000000016,0.4667,0.4667,0.0,3.8168,3.7535,-1.51,0,1,-1,0.0,0,0
2020/2021_Kioen_Milan_9Round,2,0.25,0.3778,0.4773,-0.09949999999999998,0.4938,0.4763,0.017500000000000016,0.4667,0.4667,0.0,3.8168,3.7535,-1.51,0,2,-2,0.0,0,1
2020/2021_Kioen_Milan_9Round,2,0.25,0.3778,0.4773,-0.09949999999999998,0.4938,0.4763,0.017500000000000016,0.4667,0.4667,0.0,3.8168,3.7535,-1.51,1,2,-1,1.0,0,1
2020/2021_Kioen_Milan_9Round,3,0.5,0.3778,0.4773,-0.09949999999999998,0.4938,0.4763,0.017500000000000016,0.4667,0.4667,0.0,3.8168,3.7535,-1.51,2,2,0,1.0,0,1
2020/2021_Kioen_Milan_9Round,3,0.5,0.3778,0.4773,-0.09949999999999998,0.4938,0.4763,0.017500000000000016,0.4667,0.4667,0.0,3.8168,3.7535,-1.51,3,2,1,1.0,0,0
2020/2021_Kioen_Milan_9Round,4,0.75,0.3778,0.4773,-0.09949999999999998,0.4938,0.4763,0.017500000000000016,0.4667,0.4667,0.0,3.8168,3.7535,-1.51,3,3,0,0.0,0,1
2020/2021_Kioen_Milan_9Round,4,0.75,0.3778,0.4773,-0.09949999999999998,0.4938,0.4763,0.017500000000000016,0.4667,0.4667,0.0,3.8168,3.7535,-1.51,4,3,1,1.0,0,1
2020/2021_Kioen_Milan_9Round,5,1.0,0.3778,0.4773,-0.09949999999999998,0.4938,0.4763,0.017500000000000016,0.4667,0.4667,0.0,3.8168,3.7535,-1.51,5,3,2,1.0,1,0
2020/2021_Kioen_Moden_7Round,1,0.0,0.3488,0.4286,-0.07979999999999998,0.4902,0.4952,-0.004999999999999949,0.3333,0.4667,-0.13340000000000002,3.2691,3.4599,-2.51,0,0,0,0.5,0,0
2020/2021_Kioen_Moden_7Round,1,0.0,0.3488,0.4286,-0.07979999999999998,0.4902,0.4952,-0.004999999999999949,0.3333,0.4667,-0.13340000000000002,3.2691,3.4599,-2.51,0,1,-1,0.0,0,1
2020/2021_Kioen_Moden_7Round,2,0.25,0.3488,0.4286,-0.07979999999999998,0.4902,0.4952,-0.004999999999999949,0.3333,0.4667,-0.13340000000000002,3.2691,3.4599,-2.51,1,1,0,1.0,0,1
2020/2021_Kioen_Moden_7Round,2,0.25,0.3488,0.4286,-0.07979999999999998,0.4902,0.4952,-0.004999999999999949,0.3333,0.4667,-0.13340000000000002,3.2691,3.4599,-2.51,2,1,1,1.0,0,0
2020/2021_Kioen_Moden_7Round,3,0.5,0.3488,0.4286,-0.07979999999999998,0.4902,0.4952,-0.004999999999999949,0.3333,0.4667,-0.13340000000000002,3.2691,3.4599,-2.51,2,2,0,0.0,0,1
2020/2021_Kioen_Moden_7Round,3,0.5,0.3488,0.4286,-0.07979999999999998,0.4902,0.4952,-0.004999999999999949,0.3333,0.4667,-0.13340000000000002,3.2691,3.4599,-2.51,3,2,1,1.0,0,1
2020/2021_Kioen_Moden_7Round,4,0.75,0.3488,0.4286,-0.07979999999999998,0.4902,0.4952,-0.004999999999999949,0.3333,0.4667,-0.13340000000000002,3.2691,3.4599,-2.51,4,2,2,1.0,0,0
2020/2021_Kioen_Monza_5Round,1,0.0,0.3659,0.5581,-0.19220000000000004,0.4896,0.536,-0.04640000000000005,0.4,0.6,-0.19999999999999996,2.7814,4.3064,-1.747,0,0,0,0.5,0,1
2020/2021_Kioen_Monza_5Round,1,0.0,0.3659,0.5581,-0.19220000000000004,0.4896,0.536,-0.04640000000000005,0.4,0.6,-0.19999999999999996,2.7814,4.3064,-1.747,1,0,1,1.0,0,0
2020/2021_Kioen_Monza_5Round,2,0.25,0.3659,0.5581,-0.19220000000000004,0.4896,0.536,-0.04640000000000005,0.4,0.6,-0.19999999999999996,2.7814,4.3064,-1.747,1,1,0,0.0,0,1
2020/2021_Kioen_Monza_5Round,2,0.25,0.3659,0.5581,-0.19220000000000004,0.4896,0.536,-0.04640000000000005,0.4,0.6,-0.19999999999999996,2.7814,4.3064,-1.747,2,1,1,1.0,0,1
2020/2021_Kioen_Monza_5Round,3,0.5,0.3659,0.5581,-0.19220000000000004,0.4896,0.536,-0.04640000000000005,0.4,0.6,-0.19999999999999996,2.7814,4.3064,-1.747,3,1,2,1.0,0,0
2020/2021_Kioen_Monza_5Round,3,0.5,0.3659,0.5581,-0.19220000000000004,0.4896,0.536,-0.04640000000000005,0.4,0.6,-0.19999999999999996,2.7814,4.3064,-1.747,3,2,1,0.0,0,0
2020/2021_Kioen_Monza_5Round,4,0.75,0.3659,0.5581,-0.19220000000000004,0.4896,0.536,-0.04640000000000005,0.4,0.6,-0.19999999999999996,2.7814,4.3064,-1.747,3,3,0,0.0,0,0
2020/2021_Kioen_Monza_5Round,4,0.75,0.3659,0.5581,-0.19220000000000004,0.4896,0.536,-0.04640000000000005,0.4,0.6,-0.19999999999999996,2.7814,4.3064,-1.747,3,4,-1,0.0,0,1
2020/2021_Kioen_Monza_5Round,5,1.0,0.3659,0.5581,-0.19220000000000004,0.4896,0.536,-0.04640000000000005,0.4,0.6,-0.19999999999999996,2.7814,4.3064,-1.747,4,4,0,1.0,1,0
2020/2021_Kioen_Monza_5Round,5,1.0,0.3659,0.5581,-0.19220000000000004,0.4896,0.536,-0.04640000000000005,0.4,0.6,-0.19999999999999996,2.7814,4.3064,-1.747,4,5,-1,0.0,1,1
2020/2021_Kioen_Piace_8Round,1,0.0,0.3636,0.5417,-0.17809999999999998,0.492,0.4818,0.010199999999999987,0.4,0.5333,-0.13329999999999997,3.4531,3.3416,-1.516,0,0,0,0.5,0,1
2020/2021_Kioen_Piace_8Round,1,0.0,0.3636,0.5417,-0.17809999999999998,0.492,0.4818,0.010199999999999987,0.4,0.5333,-0.13329999999999997,3.4531,3.3416,-1.516,1,0,1,1.0,0,0
2020/2021_Kioen_Piace_8Round,2,0.25,0.3636,0.5417,-0.17809999999999998,0.492,0.4818,0.010199999999999987,0.4,0.5333,-0.13329999999999997,3.4531,3.3416,-1.516,1,1,0,0.0,0,1
2020/2021_Kioen_Piace_8Round,2,0.25,0.3636,0.5417,-0.17809999999999998,0.492,0.4818,0.010199999999999987,0.4,0.5333,-0.13329999999999997,3.4531,3.3416,-1.516,2,1,1,1.0,0,1
2020/2021_Kioen_Piace_8Round,3,0.5,0.3636,0.5417,-0.17809999999999998,0.492,0.4818,0.010199999999999987,0.4,0.5333,-0.13329999999999997,3.4531,3.3416,-1.516,3,1,2,1.0,0,1
2020/2021_Kioen_Piace_8Round,3,0.5,0.3636,0.5417,-0.17809999999999998,0.492,0.4818,0.010199999999999987,0.4,0.5333,-0.13329999999999997,3.4531,3.3416,-1.516,4,1,3,1.0,0,0
2020/2021_Kioen_Piace_8Round,4,0.75,0.3636,0.5417,-0.17809999999999998,0.492,0.4818,0.010199999999999987,0.4,0.5333,-0.13329999999999997,3.4531,3.3416,-1.516,4,2,2,0.0,0,0
2020/2021_Kioen_Piace_8Round,4,0.75,0.3636,0.5417,-0.17809999999999998,0.492,0.4818,0.010199999999999987,0.4,0.5333,-0.13329999999999997,3.4531,3.3416,-1.516,4,3,1,0.0,0,1
2020/2021_Kioen_Piace_8Round,5,1.0,0.3636,0.5417,-0.17809999999999998,0.492,0.4818,0.010199999999999987,0.4,0.5333,-0.13329999999999997,3.4531,3.3416,-1.516,5,3,2,1.0,1,0
2020/2021_Kioen_Sir S_3Round,1,0.0,0.375,0.575,-0.19999999999999996,0.4894,0.4982,-0.008799999999999975,0.4,0.5333,-0.13329999999999997,2.6425,3.1695,-2.853,0,0,0,0.5,0,0
2020/2021_Kioen_Sir S_3Round,1,0.0,0.375,0.575,-0.19999999999999996,0.4894,0.4982,-0.008799999999999975,0.4,0.5333,-0.13329999999999997,2.6425,3.1695,-2.853,0,1,-1,0.0,0,1
2020/2021_Kioen_Sir S_3Round,2,0.25,0.375,0.575,-0.19999999999999996,0.4894,0.4982,-0.008799999999999975,0.4,0.5333,-0.13329999999999997,2.6425,3.1695,-2.853,1,1,0,1.0,0,0
2020/2021_Kioen_Sir S_3Round,2,0.25,0.375,0.575,-0.19999999999999996,0.4894,0.4982,-0.008799999999999975,0.4,0.5333,-0.13329999999999997,2.6425,3.1695,-2.853,1,2,-1,0.0,0,1
2020/2021_Kioen_Sir S_3Round,3,0.5,0.375,0.575,-0.19999999999999996,0.4894,0.4982,-0.008799999999999975,0.4,0.5333,-0.13329999999999997,2.6425,3.1695,-2.853,2,2,0,1.0,0,0
2020/2021_Kioen_Sir S_3Round,3,0.5,0.375,0.575,-0.19999999999999996,0.4894,0.4982,-0.008799999999999975,0.4,0.5333,-0.13329999999999997,2.6425,3.1695,-2.853,2,3,-1,0.0,0,1
2020/2021_Kioen_Trent_1Round,1,0.0,0.3846,0.5641,-0.17950000000000005,0.4892,0.5068,-0.017600000000000005,0.4,0.6667,-0.26669999999999994,2.445,3.4614,-3.0,0,0,0,0.5,0,0
2020/2021_Kioen_Trent_1Round,1,0.0,0.3846,0.5641,-0.17950000000000005,0.4892,0.5068,-0.017600000000000005,0.4,0.6667,-0.26669999999999994,2.445,3.4614,-3.0,0,1,-1,0.0,0,1
2020/2021_Kioen_Trent_1Round,2,0.25,0.3846,0.5641,-0.17950000000000005,0.4892,0.5068,-0.017600000000000005,0.4,0.6667,-0.26669999999999994,2.445,3.4614,-3.0,1,1,0,1.0,0,0
2020/2021_Kioen_Trent_1Round,2,0.25,0.3846,0.5641,-0.17950000000000005,0.4892,0.5068,-0.017600000000000005,0.4,0.6667,-0.26669999999999994,2.445,3.4614,-3.0,1,2,-1,0.0,0,1
2020/2021_Kioen_Trent_1Round,3,0.5,0.3846,0.5641,-0.17950000000000005,0.4892,0.5068,-0.017600000000000005,0.4,0.6667,-0.26669999999999994,2.445,3.4614,-3.0,2,2,0,1.0,0,0
2020/2021_Kioen_Trent_1Round,3,0.5,0.3846,0.5641,-0.17950000000000005,0.4892,0.5068,-0.017600000000000005,0.4,0.6667,-0.26669999999999994,2.445,3.4614,-3.0,2,3,-1,0.0,0,1
2020/2021_Kioen_Veron_11Round,1,0.0,0.3913,0.587,-0.19569999999999999,0.4955,0.4893,0.006199999999999983,0.5333,0.5333,0.0,4.0753,3.5056,-0.431,0,0,0,0.5,0,0
2020/2021_Kioen_Veron_11Round,1,0.0,0.3913,0.587,-0.19569999999999999,0.4955,0.4893,0.006199999999999983,0.5333,0.5333,0.0,4.0753,3.5056,-0.431,0,1,-1,0.0,0,0
2020/2021_Kioen_Veron_11Round,2,0.25,0.3913,0.587,-0.19569999999999999,0.4955,0.4893,0.006199999999999983,0.5333,0.5333,0.0,4.0753,3.5056,-0.431,0,2,-2,0.0,0,1
2020/2021_Kioen_Veron_11Round,2,0.25,0.3913,0.587,-0.19569999999999999,0.4955,0.4893,0.006199999999999983,0.5333,0.5333,0.0,4.0753,3.5056,-0.431,1,2,-1,1.0,0,1
2020/2021_Kioen_Veron_11Round,3,0.5,0.3913,0.587,-0.19569999999999999,0.4955,0.4893,0.006199999999999983,0.5333,0.5333,0.0,4.0753,3.5056,-0.431,2,2,0,1.0,0,0
2020/2021_Kioen_Veron_11Round,3,0.5,0.3913,0.587,-0.19569999999999999,0.4955,0.4893,0.006199999999999983,0.5333,0.5333,0.0,4.0753,3.5056,-0.431,2,3,-1,0.0,0,1
2020/2021_Kioen_Veron_11Round,4,0.75,0.3913,0.587,-0.19569999999999999,0.4955,0.4893,0.006199999999999983,0.5333,0.5333,0.0,4.0753,3.5056,-0.431,3,3,0,1.0,0,0
2020/2021_Kioen_Veron_11Round,4,0.75,0.3913,0.587,-0.19569999999999999,0.4955,0.4893,0.006199999999999983,0.5333,0.5333,0.0,4.0753,3.5056,-0.431,3,4,-1,0.0,0,0
2020/2021_Kioen_Veron_11Round,5,1.0,0.3913,0.587,-0.19569999999999999,0.4955,0.4893,0.006199999999999983,0.5333,0.5333,0.0,4.0753,3.5056,-0.431,3,5,-2,0.0,1,1
2020/2021_Lube_Milan_7Round,1,0.0,0.4545,0.5,-0.045499999999999985,0.5275,0.4784,0.04909999999999998,0.4667,0.4667,0.0,3.5676,3.9404,0.786,0,0,0,0.5,0,1
2020/2021_Lube_Milan_7Round,1,0.0,0.4545,0.5,-0.045499999999999985,0.5275,0.4784,0.04909999999999998,0.4667,0.4667,0.0,3.5676,3.9404,0.786,1,0,1,1.0,0,0
2020/2021_Lube_Milan_7Round,2,0.25,0.4545,0.5,-0.045499999999999985,0.5275,0.4784,0.04909999999999998,0.4667,0.4667,0.0,3.5676,3.9404,0.786,1,1,0,0.0,0,1
2020/2021_Lube_Milan_7Round,2,0.25,0.4545,0.5,-0.045499999999999985,0.5275,0.4784,0.04909999999999998,0.4667,0.4667,0.0,3.5676,3.9404,0.786,2,1,1,1.0,0,1
2020/2021_Lube_Milan_7Round,3,0.5,0.4545,0.5,-0.045499999999999985,0.5275,0.4784,0.04909999999999998,0.4667,0.4667,0.0,3.5676,3.9404,0.786,3,1,2,1.0,0,1
2020/2021_Lube_Milan_7Round,3,0.5,0.4545,0.5,-0.045499999999999985,0.5275,0.4784,0.04909999999999998,0.4667,0.4667,0.0,3.5676,3.9404,0.786,4,1,3,1.0,0,1
2020/2021_Lube_Milan_7Round,4,0.75,0.4545,0.5,-0.045499999999999985,0.5275,0.4784,0.04909999999999998,0.4667,0.4667,0.0,3.5676,3.9404,0.786,5,1,4,1.0,0,0
2020/2021_Lube_Milan_7Round,5,1.0,0.4545,0.5,-0.045499999999999985,0.5275,0.4784,0.04909999999999998,0.4667,0.4667,0.0,3.5676,3.9404,0.786,5,2,3,0.0,1,0
2020/2021_Lube_Moden_8Round,1,0.0,0.4667,0.4186,0.048099999999999976,0.5299,0.4938,0.03610000000000002,0.4667,0.4667,0.0,3.8975,3.3565,0.226,0,0,0,0.5,0,1
2020/2021_Lube_Moden_8Round,1,0.0,0.4667,0.4186,0.048099999999999976,0.5299,0.4938,0.03610000000000002,0.4667,0.4667,0.0,3.8975,3.3565,0.226,1,0,1,1.0,0,0
2020/2021_Lube_Moden_8Round,2,0.25,0.4667,0.4186,0.048099999999999976,0.5299,0.4938,0.03610000000000002,0.4667,0.4667,0.0,3.8975,3.3565,0.226,1,1,0,0.0,0,0
2020/2021_Lube_Moden_8Round,2,0.25,0.4667,0.4186,0.048099999999999976,0.5299,0.4938,0.03610000000000002,0.4667,0.4667,0.0,3.8975,3.3565,0.226,1,2,-1,0.0,0,0
2020/2021_Lube_Moden_8Round,3,0.5,0.4667,0.4186,0.048099999999999976,0.5299,0.4938,0.03610000000000002,0.4667,0.4667,0.0,3.8975,3.3565,0.226,1,3,-2,0.0,0,0
2020/2021_Lube_Moden_8Round,3,0.5,0.4667,0.4186,0.048099999999999976,0.5299,0.4938,0.03610000000000002,0.4667,0.4667,0.0,3.8975,3.3565,0.226,1,4,-3,0.0,0,1
2020/2021_Lube_Moden_8Round,4,0.75,0.4667,0.4186,0.048099999999999976,0.5299,0.4938,0.03610000000000002,0.4667,0.4667,0.0,3.8975,3.3565,0.226,2,4,-2,1.0,0,0
2020/2021_Lube_Moden_8Round,5,1.0,0.4667,0.4186,0.048099999999999976,0.5299,0.4938,0.03610000000000002,0.4667,0.4667,0.0,3.8975,3.3565,0.226,2,5,-3,0.0,1,1
2020/2021_Lube_Monza_4Round,1,0.0,0.4634,0.5476,-0.0842,0.5312,0.5352,-0.0040000000000000036,0.5333,0.6,-0.06669999999999998,3.9546,4.4806,1.157,0,0,0,0.5,0,1
2020/2021_Lube_Monza_4Round,1,0.0,0.4634,0.5476,-0.0842,0.5312,0.5352,-0.0040000000000000036,0.5333,0.6,-0.06669999999999998,3.9546,4.4806,1.157,1,0,1,1.0,0,0
2020/2021_Lube_Monza_4Round,2,0.25,0.4634,0.5476,-0.0842,0.5312,0.5352,-0.0040000000000000036,0.5333,0.6,-0.06669999999999998,3.9546,4.4806,1.157,1,1,0,0.0,0,0
2020/2021_Lube_Monza_4Round,2,0.25,0.4634,0.5476,-0.0842,0.5312,0.5352,-0.0040000000000000036,0.5333,0.6,-0.06669999999999998,3.9546,4.4806,1.157,1,2,-1,0.0,0,1
2020/2021_Lube_Monza_4Round,3,0.5,0.4634,0.5476,-0.0842,0.5312,0.5352,-0.0040000000000000036,0.5333,0.6,-0.06669999999999998,3.9546,4.4806,1.157,2,2,0,1.0,0,0
2020/2021_Lube_Monza_4Round,3,0.5,0.4634,0.5476,-0.0842,0.5312,0.5352,-0.0040000000000000036,0.5333,0.6,-0.06669999999999998,3.9546,4.4806,1.157,2,3,-1,0.0,0,0
2020/2021_Lube_Monza_4Round,4,0.75,0.4634,0.5476,-0.0842,0.5312,0.5352,-0.0040000000000000036,0.5333,0.6,-0.06669999999999998,3.9546,4.4806,1.157,2,4,-2,0.0,0,1
2020/2021_Lube_Piace_5Round,1,0.0,0.4524,0.5,-0.047599999999999976,0.5288,0.48,0.048800000000000066,0.4667,0.4667,0.0,3.7063,3.2482,0.5,0,0,0,0.5,0,1
2020/2021_Lube_Piace_5Round,1,0.0,0.4524,0.5,-0.047599999999999976,0.5288,0.48,0.048800000000000066,0.4667,0.4667,0.0,3.7063,3.2482,0.5,1,0,1,1.0,0,0
2020/2021_Lube_Piace_5Round,2,0.25,0.4524,0.5,-0.047599999999999976,0.5288,0.48,0.048800000000000066,0.4667,0.4667,0.0,3.7063,3.2482,0.5,1,1,0,0.0,0,0
2020/2021_Lube_Piace_5Round,2,0.25,0.4524,0.5,-0.047599999999999976,0.5288,0.48,0.048800000000000066,0.4667,0.4667,0.0,3.7063,3.2482,0.5,1,2,-1,0.0,0,0
2020/2021_Lube_Piace_5Round,3,0.5,0.4524,0.5,-0.047599999999999976,0.5288,0.48,0.048800000000000066,0.4667,0.4667,0.0,3.7063,3.2482,0.5,1,3,-2,0.0,0,1
2020/2021_Lube_Piace_5Round,3,0.5,0.4524,0.5,-0.047599999999999976,0.5288,0.48,0.048800000000000066,0.4667,0.4667,0.0,3.7063,3.2482,0.5,2,3,-1,1.0,0,1
2020/2021_Lube_Piace_5Round,4,0.75,0.4524,0.5,-0.047599999999999976,0.5288,0.48,0.048800000000000066,0.4667,0.4667,0.0,3.7063,3.2482,0.5,3,3,0,1.0,0,1
2020/2021_Lube_Piace_5Round,4,0.75,0.4524,0.5,-0.047599999999999976,0.5288,0.48,0.048800000000000066,0.4667,0.4667,0.0,3.7063,3.2482,0.5,4,3,1,1.0,0,0
2020/2021_Lube_Sir S_10Round,1,0.0,0.4565,0.5556,-0.09909999999999997,0.5261,0.4889,0.03720000000000001,0.4667,0.5333,-0.06659999999999999,3.6625,3.1676,-0.727,0,0,0,0.5,0,1
2020/2021_Lube_Sir S_10Round,1,0.0,0.4565,0.5556,-0.09909999999999997,0.5261,0.4889,0.03720000000000001,0.4667,0.5333,-0.06659999999999999,3.6625,3.1676,-0.727,1,0,1,1.0,0,1
2020/2021_Lube_Sir S_10Round,2,0.25,0.4565,0.5556,-0.09909999999999997,0.5261,0.4889,0.03720000000000001,0.4667,0.5333,-0.06659999999999999,3.6625,3.1676,-0.727,2,0,2,1.0,0,0
2020/2021_Lube_Sir S_10Round,2,0.25,0.4565,0.5556,-0.09909999999999997,0.5261,0.4889,0.03720000000000001,0.4667,0.5333,-0.06659999999999999,3.6625,3.1676,-0.727,2,1,1,0.0,0,0
2020/2021_Lube_Sir S_10Round,3,0.5,0.4565,0.5556,-0.09909999999999997,0.5261,0.4889,0.03720000000000001,0.4667,0.5333,-0.06659999999999999,3.6625,3.1676,-0.727,2,2,0,0.0,0,0
2020/2021_Lube_Sir S_10Round,3,0.5,0.4565,0.5556,-0.09909999999999997,0.5261,0.4889,0.03720000000000001,0.4667,0.5333,-0.06659999999999999,3.6625,3.1676,-0.727,2,3,-1,0.0,0,1
2020/2021_Lube_Sir S_10Round,4,0.75,0.4565,0.5556,-0.09909999999999997,0.5261,0.4889,0.03720000000000001,0.4667,0.5333,-0.06659999999999999,3.6625,3.1676,-0.727,3,3,0,1.0,0,0
2020/2021_Lube_Sir S_10Round,4,0.75,0.4565,0.5556,-0.09909999999999997,0.5261,0.4889,0.03720000000000001,0.4667,0.5333,-0.06659999999999999,3.6625,3.1676,-0.727,3,4,-1,0.0,0,1
2020/2021_Lube_Sir S_10Round,5,1.0,0.4565,0.5556,-0.09909999999999997,0.5261,0.4889,0.03720000000000001,0.4667,0.5333,-0.06659999999999999,3.6625,3.1676,-0.727,4,4,0,1.0,1,0
2020/2021_Lube_Sir S_10Round,5,1.0,0.4565,0.5556,-0.09909999999999997,0.5261,0.4889,0.03720000000000001,0.4667,0.5333,-0.06659999999999999,3.6625,3.1676,-0.727,4,5,-1,0.0,1,0
2020/2021_Lube_Trent_3Round,1,0.0,0.45,0.561,-0.11100000000000004,0.5212,0.5,0.021199999999999997,0.5333,0.6667,-0.13339999999999996,3.3408,3.061,0.093,0,0,0,0.5,0,1
2020/2021_Lube_Trent_3Round,1,0.0,0.45,0.561,-0.11100000000000004,0.5212,0.5,0.021199999999999997,0.5333,0.6667,-0.13339999999999996,3.3408,3.061,0.093,1,0,1,1.0,0,1
2020/2021_Lube_Trent_3Round,2,0.25,0.45,0.561,-0.11100000000000004,0.5212,0.5,0.021199999999999997,0.5333,0.6667,-0.13339999999999996,3.3408,3.061,0.093,2,0,2,1.0,0,1
2020/2021_Lube_Trent_3Round,2,0.25,0.45,0.561,-0.11100000000000004,0.5212,0.5,0.021199999999999997,0.5333,0.6667,-0.13339999999999996,3.3408,3.061,0.093,3,0,3,1.0,0,1
2020/2021_Lube_Trent_3Round,3,0.5,0.45,0.561,-0.11100000000000004,0.5212,0.5,0.021199999999999997,0.5333,0.6667,-0.13339999999999996,3.3408,3.061,0.093,4,0,4,1.0,0,1
2020/2021_Lube_Trent_3Round,3,0.5,0.45,0.561,-0.11100000000000004,0.5212,0.5,0.021199999999999997,0.5333,0.6667,-0.13339999999999996,3.3408,3.061,0.093,5,0,5,1.0,0,1
2020/2021_Lube_Veron_1Round,1,0.0,0.4615,0.5641,-0.10260000000000002,0.5236,0.4927,0.030899999999999928,0.5333,0.6,-0.06669999999999998,3.434,3.1204,2.657,0,0,0,0.5,0,1
2020/2021_Lube_Veron_1Round,1,0.0,0.4615,0.5641,-0.10260000000000002,0.5236,0.4927,0.030899999999999928,0.5333,0.6,-0.06669999999999998,3.434,3.1204,2.657,1,0,1,1.0,0,0
2020/2021_Lube_Veron_1Round,2,0.25,0.4615,0.5641,-0.10260000000000002,0.5236,0.4927,0.030899999999999928,0.5333,0.6,-0.06669999999999998,3.434,3.1204,2.657,1,1,0,0.0,0,0
2020/2021_Lube_Veron_1Round,2,0.25,0.4615,0.5641,-0.10260000000000002,0.5236,0.4927,0.030899999999999928,0.5333,0.6,-0.06669999999999998,3.434,3.1204,2.657,1,2,-1,0.0,0,1
2020/2021_Lube_Veron_1Round,3,0.5,0.4615,0.5641,-0.10260000000000002,0.5236,0.4927,0.030899999999999928,0.5333,0.6,-0.06669999999999998,3.434,3.1204,2.657,2,2,0,1.0,0,0
2020/2021_Lube_Veron_1Round,3,0.5,0.4615,0.5641,-0.10260000000000002,0.5236,0.4927,0.030899999999999928,0.5333,0.6,-0.06669999999999998,3.434,3.1204,2.657,2,3,-1,0.0,0,0
2020/2021_Lube_Veron_1Round,4,0.75,0.4615,0.5641,-0.10260000000000002,0.5236,0.4927,0.030899999999999928,0.5333,0.6,-0.06669999999999998,3.434,3.1204,2.657,2,4,-2,0.0,0,1
2020/2021_Med S_Prata_10Round,1,0.0,0.5385,0.4667,0.07179999999999997,0.5043,0.4872,0.01709999999999995,0.5,0.5,0.0,3.6882,3.3843,0.0,0,0,0,0.5,0,0
2020/2021_Med S_Prata_10Round,1,0.0,0.5385,0.4667,0.07179999999999997,0.5043,0.4872,0.01709999999999995,0.5,0.5,0.0,3.6882,3.3843,0.0,0,1,-1,0.0,0,0
2020/2021_Med S_Prata_10Round,2,0.25,0.5385,0.4667,0.07179999999999997,0.5043,0.4872,0.01709999999999995,0.5,0.5,0.0,3.6882,3.3843,0.0,0,2,-2,0.0,0,0
2020/2021_Med S_Prata_10Round,2,0.25,0.5385,0.4667,0.07179999999999997,0.5043,0.4872,0.01709999999999995,0.5,0.5,0.0,3.6882,3.3843,0.0,0,3,-3,0.0,0,1
2020/2021_Med S_Prata_10Round,3,0.5,0.5385,0.4667,0.07179999999999997,0.5043,0.4872,0.01709999999999995,0.5,0.5,0.0,3.6882,3.3843,0.0,1,3,-2,1.0,0,0
2020/2021_Med S_Prata_10Round,3,0.5,0.5385,0.4667,0.07179999999999997,0.5043,0.4872,0.01709999999999995,0.5,0.5,0.0,3.6882,3.3843,0.0,1,4,-3,0.0,0,0
2020/2021_Med S_Prata_10Round,4,0.75,0.5385,0.4667,0.07179999999999997,0.5043,0.4872,0.01709999999999995,0.5,0.5,0.0,3.6882,3.3843,0.0,1,5,-4,0.0,0,0
2020/2021_Med S_Vigil_11Round,1,0.0,0.5,0.5,0.0,0.4832,0.4916,-0.008399999999999963,0.4545,0.5385,-0.08399999999999996,3.4487,3.7493,0.0,0,0,0,0.5,0,1
2020/2021_Med S_Vigil_11Round,1,0.0,0.5,0.5,0.0,0.4832,0.4916,-0.008399999999999963,0.4545,0.5385,-0.08399999999999996,3.4487,3.7493,0.0,1,0,1,1.0,0,1
2020/2021_Med S_Vigil_11Round,2,0.25,0.5,0.5,0.0,0.4832,0.4916,-0.008399999999999963,0.4545,0.5385,-0.08399999999999996,3.4487,3.7493,0.0,2,0,2,1.0,0,0
2020/2021_Med S_Vigil_11Round,2,0.25,0.5,0.5,0.0,0.4832,0.4916,-0.008399999999999963,0.4545,0.5385,-0.08399999999999996,3.4487,3.7493,0.0,2,1,1,0.0,0,0
2020/2021_Med S_Vigil_11Round,3,0.5,0.5,0.5,0.0,0.4832,0.4916,-0.008399999999999963,0.4545,0.5385,-0.08399999999999996,3.4487,3.7493,0.0,2,2,0,0.0,0,1
2020/2021_Med S_Vigil_11Round,3,0.5,0.5,0.5,0.0,0.4832,0.4916,-0.008399999999999963,0.4545,0.5385,-0.08399999999999996,3.4487,3.7493,0.0,3,2,1,1.0,0,1
2020/2021_Med S_Vigil_11Round,4,0.75,0.5,0.5,0.0,0.4832,0.4916,-0.008399999999999963,0.4545,0.5385,-0.08399999999999996,3.4487,3.7493,0.0,4,2,2,1.0,0,0
2020/2021_Med S_Vigil_11Round,4,0.75,0.5,0.5,0.0,0.4832,0.4916,-0.008399999999999963,0.4545,0.5385,-0.08399999999999996,3.4487,3.7493,0.0,4,3,1,0.0,0,0
2020/2021_Med S_Vigil_11Round,5,1.0,0.5,0.5,0.0,0.4832,0.4916,-0.008399999999999963,0.4545,0.5385,-0.08399999999999996,3.4487,3.7493,0.0,4,4,0,0.0,1,1
2020/2021_Med S_Vigil_11Round,5,1.0,0.5,0.5,0.0,0.4832,0.4916,-0.008399999999999963,0.4545,0.5385,-0.08399999999999996,3.4487,3.7493,0.0,5,4,1,1.0,1,0
2020/2021_Milan_Moden_4Round,1,0.0,0.5,0.4103,0.0897,0.4717,0.4914,-0.019699999999999995,0.4,0.4286,-0.02859999999999996,3.0765,3.006,0.01,0,0,0,0.5,0,0
2020/2021_Milan_Moden_4Round,1,0.0,0.5,0.4103,0.0897,0.4717,0.4914,-0.019699999999999995,0.4,0.4286,-0.02859999999999996,3.0765,3.006,0.01,0,1,-1,0.0,0,0
2020/2021_Milan_Moden_4Round,2,0.25,0.5,0.4103,0.0897,0.4717,0.4914,-0.019699999999999995,0.4,0.4286,-0.02859999999999996,3.0765,3.006,0.01,0,2,-2,0.0,0,0
2020/2021_Milan_Moden_4Round,2,0.25,0.5,0.4103,0.0897,0.4717,0.4914,-0.019699999999999995,0.4,0.4286,-0.02859999999999996,3.0765,3.006,0.01,0,3,-3,0.0,0,1
2020/2021_Milan_Moden_4Round,3,0.5,0.5,0.4103,0.0897,0.4717,0.4914,-0.019699999999999995,0.4,0.4286,-0.02859999999999996,3.0765,3.006,0.01,1,3,-2,1.0,0,1
2020/2021_Milan_Moden_4Round,3,0.5,0.5,0.4103,0.0897,0.4717,0.4914,-0.019699999999999995,0.4,0.4286,-0.02859999999999996,3.0765,3.006,0.01,2,3,-1,1.0,0,1
2020/2021_Milan_Moden_4Round,4,0.75,0.5,0.4103,0.0897,0.4717,0.4914,-0.019699999999999995,0.4,0.4286,-0.02859999999999996,3.0765,3.006,0.01,3,3,0,1.0,0,0
2020/2021_Milan_Moden_4Round,4,0.75,0.5,0.4103,0.0897,0.4717,0.4914,-0.019699999999999995,0.4,0.4286,-0.02859999999999996,3.0765,3.006,0.01,3,4,-1,0.0,0,0
2020/2021_Milan_Moden_4Round,5,1.0,0.5,0.4103,0.0897,0.4717,0.4914,-0.019699999999999995,0.4,0.4286,-0.02859999999999996,3.0765,3.006,0.01,3,5,-2,0.0,1,1
2020/2021_Milan_Monza_2Round,1,0.0,0.5128,0.525,-0.012199999999999989,0.4762,0.5236,-0.04739999999999994,0.4,0.6,-0.19999999999999996,3.0596,3.5187,-0.229,0,0,0,0.5,0,0
2020/2021_Milan_Monza_2Round,1,0.0,0.5128,0.525,-0.012199999999999989,0.4762,0.5236,-0.04739999999999994,0.4,0.6,-0.19999999999999996,3.0596,3.5187,-0.229,0,1,-1,0.0,0,0
2020/2021_Milan_Monza_2Round,2,0.25,0.5128,0.525,-0.012199999999999989,0.4762,0.5236,-0.04739999999999994,0.4,0.6,-0.19999999999999996,3.0596,3.5187,-0.229,0,2,-2,0.0,0,1
2020/2021_Milan_Monza_2Round,2,0.25,0.5128,0.525,-0.012199999999999989,0.4762,0.5236,-0.04739999999999994,0.4,0.6,-0.19999999999999996,3.0596,3.5187,-0.229,1,2,-1,1.0,0,0
2020/2021_Milan_Monza_2Round,3,0.5,0.5128,0.525,-0.012199999999999989,0.4762,0.5236,-0.04739999999999994,0.4,0.6,-0.19999999999999996,3.0596,3.5187,-0.229,1,3,-2,0.0,0,0
2020/2021_Milan_Monza_2Round,3,0.5,0.5128,0.525,-0.012199999999999989,0.4762,0.5236,-0.04739999999999994,0.4,0.6,-0.19999999999999996,3.0596,3.5187,-0.229,1,4,-3,0.0,0,1
2020/2021_Milan_Monza_2Round,4,0.75,0.5128,0.525,-0.012199999999999989,0.4762,0.5236,-0.04739999999999994,0.4,0.6,-0.19999999999999996,3.0596,3.5187,-0.229,2,4,-2,1.0,0,1
2020/2021_Milan_Monza_2Round,4,0.75,0.5128,0.525,-0.012199999999999989,0.4762,0.5236,-0.04739999999999994,0.4,0.6,-0.19999999999999996,3.0596,3.5187,-0.229,3,4,-1,1.0,0,0
2020/2021_Milan_Monza_2Round,5,1.0,0.5128,0.525,-0.012199999999999989,0.4762,0.5236,-0.04739999999999994,0.4,0.6,-0.19999999999999996,3.0596,3.5187,-0.229,3,5,-2,0.0,1,0
2020/2021_Milan_Piace_11Round,1,0.0,0.4783,0.5185,-0.04019999999999996,0.4849,0.4948,-0.00990000000000002,0.4667,0.5333,-0.06659999999999999,4.2948,4.0256,-1.937,0,0,0,0.5,0,1
2020/2021_Milan_Piace_11Round,1,0.0,0.4783,0.5185,-0.04019999999999996,0.4849,0.4948,-0.00990000000000002,0.4667,0.5333,-0.06659999999999999,4.2948,4.0256,-1.937,1,0,1,1.0,0,1
2020/2021_Milan_Piace_11Round,2,0.25,0.4783,0.5185,-0.04019999999999996,0.4849,0.4948,-0.00990000000000002,0.4667,0.5333,-0.06659999999999999,4.2948,4.0256,-1.937,2,0,2,1.0,0,0
2020/2021_Milan_Piace_11Round,2,0.25,0.4783,0.5185,-0.04019999999999996,0.4849,0.4948,-0.00990000000000002,0.4667,0.5333,-0.06659999999999999,4.2948,4.0256,-1.937,2,1,1,0.0,0,0
2020/2021_Milan_Piace_11Round,3,0.5,0.4783,0.5185,-0.04019999999999996,0.4849,0.4948,-0.00990000000000002,0.4667,0.5333,-0.06659999999999999,4.2948,4.0256,-1.937,2,2,0,0.0,0,1
2020/2021_Milan_Piace_11Round,3,0.5,0.4783,0.5185,-0.04019999999999996,0.4849,0.4948,-0.00990000000000002,0.4667,0.5333,-0.06659999999999999,4.2948,4.0256,-1.937,3,2,1,1.0,0,0
2020/2021_Milan_Piace_11Round,4,0.75,0.4783,0.5185,-0.04019999999999996,0.4849,0.4948,-0.00990000000000002,0.4667,0.5333,-0.06659999999999999,4.2948,4.0256,-1.937,3,3,0,0.0,0,0
2020/2021_Milan_Piace_11Round,4,0.75,0.4783,0.5185,-0.04019999999999996,0.4849,0.4948,-0.00990000000000002,0.4667,0.5333,-0.06659999999999999,4.2948,4.0256,-1.937,3,4,-1,0.0,0,0
2020/2021_Milan_Piace_11Round,5,1.0,0.4783,0.5185,-0.04019999999999996,0.4849,0.4948,-0.00990000000000002,0.4667,0.5333,-0.06659999999999999,4.2948,4.0256,-1.937,3,5,-2,0.0,1,1
2020/2021_Milan_Sir S_8Round,1,0.0,0.4884,0.5581,-0.06970000000000004,0.4757,0.49,-0.01429999999999998,0.4667,0.5333,-0.06659999999999999,3.6953,2.9015,-2.147,0,0,0,0.5,0,1
2020/2021_Milan_Sir S_8Round,1,0.0,0.4884,0.5581,-0.06970000000000004,0.4757,0.49,-0.01429999999999998,0.4667,0.5333,-0.06659999999999999,3.6953,2.9015,-2.147,1,0,1,1.0,0,1
2020/2021_Milan_Sir S_8Round,2,0.25,0.4884,0.5581,-0.06970000000000004,0.4757,0.49,-0.01429999999999998,0.4667,0.5333,-0.06659999999999999,3.6953,2.9015,-2.147,2,0,2,1.0,0,0
2020/2021_Milan_Sir S_8Round,2,0.25,0.4884,0.5581,-0.06970000000000004,0.4757,0.49,-0.01429999999999998,0.4667,0.5333,-0.06659999999999999,3.6953,2.9015,-2.147,2,1,1,0.0,0,0
2020/2021_Milan_Sir S_8Round,3,0.5,0.4884,0.5581,-0.06970000000000004,0.4757,0.49,-0.01429999999999998,0.4667,0.5333,-0.06659999999999999,3.6953,2.9015,-2.147,2,2,0,0.0,0,1
2020/2021_Milan_Sir S_8Round,3,0.5,0.4884,0.5581,-0.06970000000000004,0.4757,0.49,-0.01429999999999998,0.4667,0.5333,-0.06659999999999999,3.6953,2.9015,-2.147,3,2,1,1.0,0,0
2020/2021_Milan_Sir S_8Round,4,0.75,0.4884,0.5581,-0.06970000000000004,0.4757,0.49,-0.01429999999999998,0.4667,0.5333,-0.06659999999999999,3.6953,2.9015,-2.147,3,3,0,0.0,0,0
2020/2021_Milan_Sir S_8Round,4,0.75,0.4884,0.5581,-0.06970000000000004,0.4757,0.49,-0.01429999999999998,0.4667,0.5333,-0.06659999999999999,3.6953,2.9015,-2.147,3,4,-1,0.0,0,1
2020/2021_Milan_Trent_10Round,1,0.0,0.4667,0.5435,-0.07679999999999998,0.4755,0.4928,-0.017300000000000038,0.4667,0.4667,0.0,3.7952,3.6566,-0.942,0,0,0,0.5,0,1
2020/2021_Milan_Trent_10Round,1,0.0,0.4667,0.5435,-0.07679999999999998,0.4755,0.4928,-0.017300000000000038,0.4667,0.4667,0.0,3.7952,3.6566,-0.942,1,0,1,1.0,0,1
2020/2021_Milan_Trent_10Round,2,0.25,0.4667,0.5435,-0.07679999999999998,0.4755,0.4928,-0.017300000000000038,0.4667,0.4667,0.0,3.7952,3.6566,-0.942,2,0,2,1.0,0,1
2020/2021_Milan_Trent_10Round,2,0.25,0.4667,0.5435,-0.07679999999999998,0.4755,0.4928,-0.017300000000000038,0.4667,0.4667,0.0,3.7952,3.6566,-0.942,3,0,3,1.0,0,1
2020/2021_Milan_Trent_10Round,3,0.5,0.4667,0.5435,-0.07679999999999998,0.4755,0.4928,-0.017300000000000038,0.4667,0.4667,0.0,3.7952,3.6566,-0.942,4,0,4,1.0,0,1
2020/2021_Milan_Trent_10Round,3,0.5,0.4667,0.5435,-0.07679999999999998,0.4755,0.4928,-0.017300000000000038,0.4667,0.4667,0.0,3.7952,3.6566,-0.942,5,0,5,1.0,0,1
2020/2021_Milan_Veron_6Round,1,0.0,0.4878,0.5814,-0.09360000000000002,0.4709,0.4951,-0.0242,0.4,0.6,-0.19999999999999996,3.3144,3.4394,-1.075,0,0,0,0.5,0,0
2020/2021_Milan_Veron_6Round,1,0.0,0.4878,0.5814,-0.09360000000000002,0.4709,0.4951,-0.0242,0.4,0.6,-0.19999999999999996,3.3144,3.4394,-1.075,0,1,-1,0.0,0,0
2020/2021_Milan_Veron_6Round,2,0.25,0.4878,0.5814,-0.09360000000000002,0.4709,0.4951,-0.0242,0.4,0.6,-0.19999999999999996,3.3144,3.4394,-1.075,0,2,-2,0.0,0,1
2020/2021_Milan_Veron_6Round,2,0.25,0.4878,0.5814,-0.09360000000000002,0.4709,0.4951,-0.0242,0.4,0.6,-0.19999999999999996,3.3144,3.4394,-1.075,1,2,-1,1.0,0,1
2020/2021_Milan_Veron_6Round,3,0.5,0.4878,0.5814,-0.09360000000000002,0.4709,0.4951,-0.0242,0.4,0.6,-0.19999999999999996,3.3144,3.4394,-1.075,2,2,0,1.0,0,1
2020/2021_Milan_Veron_6Round,3,0.5,0.4878,0.5814,-0.09360000000000002,0.4709,0.4951,-0.0242,0.4,0.6,-0.19999999999999996,3.3144,3.4394,-1.075,3,2,1,1.0,0,1
2020/2021_Milan_Veron_6Round,4,0.75,0.4878,0.5814,-0.09360000000000002,0.4709,0.4951,-0.0242,0.4,0.6,-0.19999999999999996,3.3144,3.4394,-1.075,4,2,2,1.0,0,1
2020/2021_Milan_Veron_6Round,4,0.75,0.4878,0.5814,-0.09360000000000002,0.4709,0.4951,-0.0242,0.4,0.6,-0.19999999999999996,3.3144,3.4394,-1.075,5,2,3,1.0,0,1
2020/2021_Moden_Monza_1Round,1,0.0,0.4211,0.5128,-0.09170000000000006,0.4912,0.5243,-0.03309999999999996,0.4,0.6,-0.19999999999999996,2.6429,3.3673,-1.565,0,0,0,0.5,0,0
2020/2021_Moden_Monza_1Round,1,0.0,0.4211,0.5128,-0.09170000000000006,0.4912,0.5243,-0.03309999999999996,0.4,0.6,-0.19999999999999996,2.6429,3.3673,-1.565,0,1,-1,0.0,0,1
2020/2021_Moden_Monza_1Round,2,0.25,0.4211,0.5128,-0.09170000000000006,0.4912,0.5243,-0.03309999999999996,0.4,0.6,-0.19999999999999996,2.6429,3.3673,-1.565,1,1,0,1.0,0,0
2020/2021_Moden_Monza_1Round,2,0.25,0.4211,0.5128,-0.09170000000000006,0.4912,0.5243,-0.03309999999999996,0.4,0.6,-0.19999999999999996,2.6429,3.3673,-1.565,1,2,-1,0.0,0,1
2020/2021_Moden_Monza_1Round,3,0.5,0.4211,0.5128,-0.09170000000000006,0.4912,0.5243,-0.03309999999999996,0.4,0.6,-0.19999999999999996,2.6429,3.3673,-1.565,2,2,0,1.0,0,1
2020/2021_Moden_Monza_1Round,3,0.5,0.4211,0.5128,-0.09170000000000006,0.4912,0.5243,-0.03309999999999996,0.4,0.6,-0.19999999999999996,2.6429,3.3673,-1.565,3,2,1,1.0,0,0
2020/2021_Moden_Monza_1Round,4,0.75,0.4211,0.5128,-0.09170000000000006,0.4912,0.5243,-0.03309999999999996,0.4,0.6,-0.19999999999999996,2.6429,3.3673,-1.565,3,3,0,0.0,0,0
2020/2021_Moden_Monza_1Round,4,0.75,0.4211,0.5128,-0.09170000000000006,0.4912,0.5243,-0.03309999999999996,0.4,0.6,-0.19999999999999996,2.6429,3.3673,-1.565,3,4,-1,0.0,0,1
2020/2021_Moden_Piace_6Round,1,0.0,0.439,0.5217,-0.08270000000000005,0.4951,0.4812,0.013899999999999968,0.4,0.5333,-0.13329999999999997,3.6053,3.402,2.406,0,0,0,0.5,0,1
2020/2021_Moden_Piace_6Round,1,0.0,0.439,0.5217,-0.08270000000000005,0.4951,0.4812,0.013899999999999968,0.4,0.5333,-0.13329999999999997,3.6053,3.402,2.406,1,0,1,1.0,0,0
2020/2021_Moden_Piace_6Round,2,0.25,0.439,0.5217,-0.08270000000000005,0.4951,0.4812,0.013899999999999968,0.4,0.5333,-0.13329999999999997,3.6053,3.402,2.406,1,1,0,0.0,0,1
2020/2021_Moden_Piace_6Round,2,0.25,0.439,0.5217,-0.08270000000000005,0.4951,0.4812,0.013899999999999968,0.4,0.5333,-0.13329999999999997,3.6053,3.402,2.406,2,1,1,1.0,0,0
2020/2021_Moden_Piace_6Round,3,0.5,0.439,0.5217,-0.08270000000000005,0.4951,0.4812,0.013899999999999968,0.4,0.5333,-0.13329999999999997,3.6053,3.402,2.406,2,2,0,0.0,0,1
2020/2021_Moden_Piace_6Round,3,0.5,0.439,0.5217,-0.08270000000000005,0.4951,0.4812,0.013899999999999968,0.4,0.5333,-0.13329999999999997,3.6053,3.402,2.406,3,2,1,1.0,0,0
2020/2021_Moden_Sir S_9Round,1,0.0,0.4318,0.5682,-0.13640000000000002,0.497,0.4903,0.006699999999999984,0.4,0.5333,-0.13329999999999997,3.7465,3.194,-2.21,0,0,0,0.5,0,1
2020/2021_Moden_Sir S_9Round,1,0.0,0.4318,0.5682,-0.13640000000000002,0.497,0.4903,0.006699999999999984,0.4,0.5333,-0.13329999999999997,3.7465,3.194,-2.21,1,0,1,1.0,0,1
2020/2021_Moden_Sir S_9Round,2,0.25,0.4318,0.5682,-0.13640000000000002,0.497,0.4903,0.006699999999999984,0.4,0.5333,-0.13329999999999997,3.7465,3.194,-2.21,2,0,2,1.0,0,1
2020/2021_Moden_Sir S_9Round,2,0.25,0.4318,0.5682,-0.13640000000000002,0.497,0.4903,0.006699999999999984,0.4,0.5333,-0.13329999999999997,3.7465,3.194,-2.21,3,0,3,1.0,0,0
2020/2021_Moden_Sir S_9Round,3,0.5,0.4318,0.5682,-0.13640000000000002,0.497,0.4903,0.006699999999999984,0.4,0.5333,-0.13329999999999997,3.7465,3.194,-2.21,3,1,2,0.0,0,1
2020/2021_Moden_Sir S_9Round,3,0.5,0.4318,0.5682,-0.13640000000000002,0.497,0.4903,0.006699999999999984,0.4,0.5333,-0.13329999999999997,3.7465,3.194,-2.21,4,1,3,1.0,0,0
2020/2021_Moden_Sir S_9Round,4,0.75,0.4318,0.5682,-0.13640000000000002,0.497,0.4903,0.006699999999999984,0.4,0.5333,-0.13329999999999997,3.7465,3.194,-2.21,4,2,2,0.0,0,0
2020/2021_Moden_Trent_5Round,1,0.0,0.425,0.5581,-0.13310000000000005,0.4934,0.4906,0.0028000000000000247,0.3333,0.6,-0.2667,3.4886,2.6023,-1.922,0,0,0,0.5,0,0
2020/2021_Moden_Trent_5Round,1,0.0,0.425,0.5581,-0.13310000000000005,0.4934,0.4906,0.0028000000000000247,0.3333,0.6,-0.2667,3.4886,2.6023,-1.922,0,1,-1,0.0,0,1
2020/2021_Moden_Trent_5Round,2,0.25,0.425,0.5581,-0.13310000000000005,0.4934,0.4906,0.0028000000000000247,0.3333,0.6,-0.2667,3.4886,2.6023,-1.922,1,1,0,1.0,0,1
2020/2021_Moden_Trent_5Round,2,0.25,0.425,0.5581,-0.13310000000000005,0.4934,0.4906,0.0028000000000000247,0.3333,0.6,-0.2667,3.4886,2.6023,-1.922,2,1,1,1.0,0,0
2020/2021_Moden_Trent_5Round,3,0.5,0.425,0.5581,-0.13310000000000005,0.4934,0.4906,0.0028000000000000247,0.3333,0.6,-0.2667,3.4886,2.6023,-1.922,2,2,0,0.0,0,1
2020/2021_Moden_Trent_5Round,3,0.5,0.425,0.5581,-0.13310000000000005,0.4934,0.4906,0.0028000000000000247,0.3333,0.6,-0.2667,3.4886,2.6023,-1.922,3,2,1,1.0,0,1
2020/2021_Moden_Trent_5Round,4,0.75,0.425,0.5581,-0.13310000000000005,0.4934,0.4906,0.0028000000000000247,0.3333,0.6,-0.2667,3.4886,2.6023,-1.922,4,2,2,1.0,0,0
2020/2021_Moden_Veron_10Round,1,0.0,0.4444,0.5778,-0.13339999999999996,0.4985,0.4891,0.00940000000000002,0.4667,0.5333,-0.06659999999999999,3.7903,3.3414,2.0,0,0,0,0.5,0,1
2020/2021_Moden_Veron_10Round,1,0.0,0.4444,0.5778,-0.13339999999999996,0.4985,0.4891,0.00940000000000002,0.4667,0.5333,-0.06659999999999999,3.7903,3.3414,2.0,1,0,1,1.0,0,0
2020/2021_Moden_Veron_10Round,2,0.25,0.4444,0.5778,-0.13339999999999996,0.4985,0.4891,0.00940000000000002,0.4667,0.5333,-0.06659999999999999,3.7903,3.3414,2.0,1,1,0,0.0,0,1
2020/2021_Moden_Veron_10Round,2,0.25,0.4444,0.5778,-0.13339999999999996,0.4985,0.4891,0.00940000000000002,0.4667,0.5333,-0.06659999999999999,3.7903,3.3414,2.0,2,1,1,1.0,0,0
2020/2021_Moden_Veron_10Round,3,0.5,0.4444,0.5778,-0.13339999999999996,0.4985,0.4891,0.00940000000000002,0.4667,0.5333,-0.06659999999999999,3.7903,3.3414,2.0,2,2,0,0.0,0,0
2020/2021_Moden_Veron_10Round,3,0.5,0.4444,0.5778,-0.13339999999999996,0.4985,0.4891,0.00940000000000002,0.4667,0.5333,-0.06659999999999999,3.7903,3.3414,2.0,2,3,-1,0.0,0,1
2020/2021_Moden_Veron_10Round,4,0.75,0.4444,0.5778,-0.13339999999999996,0.4985,0.4891,0.00940000000000002,0.4667,0.5333,-0.06659999999999999,3.7903,3.3414,2.0,3,3,0,1.0,0,1
2020/2021_Moden_Veron_10Round,4,0.75,0.4444,0.5778,-0.13339999999999996,0.4985,0.4891,0.00940000000000002,0.4667,0.5333,-0.06659999999999999,3.7903,3.3414,2.0,4,3,1,1.0,0,0
2020/2021_Monza_Piace_10Round,1,0.0,0.5778,0.5,0.07779999999999998,0.5367,0.4809,0.05579999999999996,0.6,0.4667,0.13329999999999997,4.7286,3.5748,-1.95,0,0,0,0.5,0,0
2020/2021_Monza_Piace_10Round,1,0.0,0.5778,0.5,0.07779999999999998,0.5367,0.4809,0.05579999999999996,0.6,0.4667,0.13329999999999997,4.7286,3.5748,-1.95,0,1,-1,0.0,0,0
2020/2021_Monza_Piace_10Round,2,0.25,0.5778,0.5,0.07779999999999998,0.5367,0.4809,0.05579999999999996,0.6,0.4667,0.13329999999999997,4.7286,3.5748,-1.95,0,2,-2,0.0,0,0
2020/2021_Monza_Piace_10Round,2,0.25,0.5778,0.5,0.07779999999999998,0.5367,0.4809,0.05579999999999996,0.6,0.4667,0.13329999999999997,4.7286,3.5748,-1.95,0,3,-3,0.0,0,1
2020/2021_Monza_Piace_10Round,3,0.5,0.5778,0.5,0.07779999999999998,0.5367,0.4809,0.05579999999999996,0.6,0.4667,0.13329999999999997,4.7286,3.5748,-1.95,1,3,-2,1.0,0,0
2020/2021_Monza_Piace_10Round,3,0.5,0.5778,0.5,0.07779999999999998,0.5367,0.4809,0.05579999999999996,0.6,0.4667,0.13329999999999997,4.7286,3.5748,-1.95,1,4,-3,0.0,0,0
2020/2021_Monza_Piace_10Round,4,0.75,0.5778,0.5,0.07779999999999998,0.5367,0.4809,0.05579999999999996,0.6,0.4667,0.13329999999999997,4.7286,3.5748,-1.95,1,5,-4,0.0,0,0
2020/2021_Monza_Sir S_11Round,1,0.0,0.5652,0.5652,0.0,0.5288,0.4923,0.03650000000000003,0.5333,0.5333,0.0,3.7784,3.8528,0.765,0,0,0,0.5,0,1
2020/2021_Monza_Sir S_11Round,1,0.0,0.5652,0.5652,0.0,0.5288,0.4923,0.03650000000000003,0.5333,0.5333,0.0,3.7784,3.8528,0.765,1,0,1,1.0,0,0
2020/2021_Monza_Sir S_11Round,2,0.25,0.5652,0.5652,0.0,0.5288,0.4923,0.03650000000000003,0.5333,0.5333,0.0,3.7784,3.8528,0.765,1,1,0,0.0,0,1
2020/2021_Monza_Sir S_11Round,2,0.25,0.5652,0.5652,0.0,0.5288,0.4923,0.03650000000000003,0.5333,0.5333,0.0,3.7784,3.8528,0.765,2,1,1,1.0,0,0
2020/2021_Monza_Sir S_11Round,3,0.5,0.5652,0.5652,0.0,0.5288,0.4923,0.03650000000000003,0.5333,0.5333,0.0,3.7784,3.8528,0.765,2,2,0,0.0,0,1
2020/2021_Monza_Sir S_11Round,3,0.5,0.5652,0.5652,0.0,0.5288,0.4923,0.03650000000000003,0.5333,0.5333,0.0,3.7784,3.8528,0.765,3,2,1,1.0,0,0
2020/2021_Monza_Trent_7Round,1,0.0,0.5682,0.5556,0.012600000000000056,0.5348,0.4955,0.03930000000000006,0.6,0.5333,0.06669999999999998,4.416,3.5557,-1.208,0,0,0,0.5,0,1
2020/2021_Monza_Trent_7Round,1,0.0,0.5682,0.5556,0.012600000000000056,0.5348,0.4955,0.03930000000000006,0.6,0.5333,0.06669999999999998,4.416,3.5557,-1.208,1,0,1,1.0,0,1
2020/2021_Monza_Trent_7Round,2,0.25,0.5682,0.5556,0.012600000000000056,0.5348,0.4955,0.03930000000000006,0.6,0.5333,0.06669999999999998,4.416,3.5557,-1.208,2,0,2,1.0,0,0
2020/2021_Monza_Trent_7Round,2,0.25,0.5682,0.5556,0.012600000000000056,0.5348,0.4955,0.03930000000000006,0.6,0.5333,0.06669999999999998,4.416,3.5557,-1.208,2,1,1,0.0,0,0
2020/2021_Monza_Trent_7Round,3,0.5,0.5682,0.5556,0.012600000000000056,0.5348,0.4955,0.03930000000000006,0.6,0.5333,0.06669999999999998,4.416,3.5557,-1.208,2,2,0,0.0,0,1
2020/2021_Monza_Trent_7Round,3,0.5,0.5682,0.5556,0.012600000000000056,0.5348,0.4955,0.03930000000000006,0.6,0.5333,0.06669999999999998,4.416,3.5557,-1.208,3,2,1,1.0,0,0
2020/2021_Monza_Trent_7Round,4,0.75,0.5682,0.5556,0.012600000000000056,0.5348,0.4955,0.03930000000000006,0.6,0.5333,0.06669999999999998,4.416,3.5557,-1.208,3,3,0,0.0,0,1
2020/2021_Monza_Trent_7Round,4,0.75,0.5682,0.5556,0.012600000000000056,0.5348,0.4955,0.03930000000000006,0.6,0.5333,0.06669999999999998,4.416,3.5557,-1.208,4,3,1,1.0,0,0
2020/2021_Monza_Trent_7Round,5,1.0,0.5682,0.5556,0.012600000000000056,0.5348,0.4955,0.03930000000000006,0.6,0.5333,0.06669999999999998,4.416,3.5557,-1.208,4,4,0,0.0,1,1
2020/2021_Monza_Trent_7Round,5,1.0,0.5682,0.5556,0.012600000000000056,0.5348,0.4955,0.03930000000000006,0.6,0.5333,0.06669999999999998,4.416,3.5557,-1.208,5,4,1,1.0,1,1
2020/2021_Monza_Veron_3Round,1,0.0,0.5366,0.5854,-0.048800000000000066,0.5278,0.5017,0.026100000000000012,0.5333,0.6667,-0.13339999999999996,4.0802,3.9572,-0.732,0,0,0,0.5,0,1
2020/2021_Monza_Veron_3Round,1,0.0,0.5366,0.5854,-0.048800000000000066,0.5278,0.5017,0.026100000000000012,0.5333,0.6667,-0.13339999999999996,4.0802,3.9572,-0.732,1,0,1,1.0,0,1
2020/2021_Monza_Veron_3Round,2,0.25,0.5366,0.5854,-0.048800000000000066,0.5278,0.5017,0.026100000000000012,0.5333,0.6667,-0.13339999999999996,4.0802,3.9572,-0.732,2,0,2,1.0,0,1
2020/2021_Monza_Veron_3Round,2,0.25,0.5366,0.5854,-0.048800000000000066,0.5278,0.5017,0.026100000000000012,0.5333,0.6667,-0.13339999999999996,4.0802,3.9572,-0.732,3,0,3,1.0,0,0
2020/2021_Monza_Veron_3Round,3,0.5,0.5366,0.5854,-0.048800000000000066,0.5278,0.5017,0.026100000000000012,0.5333,0.6667,-0.13339999999999996,4.0802,3.9572,-0.732,3,1,2,0.0,0,1
2020/2021_Monza_Veron_3Round,3,0.5,0.5366,0.5854,-0.048800000000000066,0.5278,0.5017,0.026100000000000012,0.5333,0.6667,-0.13339999999999996,4.0802,3.9572,-0.732,4,1,3,1.0,0,1
2020/2021_Monza_Veron_3Round,4,0.75,0.5366,0.5854,-0.048800000000000066,0.5278,0.5017,0.026100000000000012,0.5333,0.6667,-0.13339999999999996,4.0802,3.9572,-0.732,5,1,4,1.0,0,1
2020/2021_Norma_Pinet_6Round,1,0.0,0.5333,0.5,0.033299999999999996,0.5175,0.5,0.01749999999999996,0.4545,0.5,-0.045499999999999985,3.6481,3.4986,0.0,0,0,0,0.5,0,1
2020/2021_Norma_Pinet_6Round,1,0.0,0.5333,0.5,0.033299999999999996,0.5175,0.5,0.01749999999999996,0.4545,0.5,-0.045499999999999985,3.6481,3.4986,0.0,1,0,1,1.0,0,1
2020/2021_Norma_Pinet_6Round,2,0.25,0.5333,0.5,0.033299999999999996,0.5175,0.5,0.01749999999999996,0.4545,0.5,-0.045499999999999985,3.6481,3.4986,0.0,2,0,2,1.0,0,1
2020/2021_Norma_Pinet_6Round,2,0.25,0.5333,0.5,0.033299999999999996,0.5175,0.5,0.01749999999999996,0.4545,0.5,-0.045499999999999985,3.6481,3.4986,0.0,3,0,3,1.0,0,1
2020/2021_Norma_Pinet_6Round,3,0.5,0.5333,0.5,0.033299999999999996,0.5175,0.5,0.01749999999999996,0.4545,0.5,-0.045499999999999985,3.6481,3.4986,0.0,4,0,4,1.0,0,1
2020/2021_Norma_Pinet_6Round,3,0.5,0.5333,0.5,0.033299999999999996,0.5175,0.5,0.01749999999999996,0.4545,0.5,-0.045499999999999985,3.6481,3.4986,0.0,5,0,5,1.0,0,1
2020/2021_Norma_Siste_5Round,1,0.0,0.5714,0.5,0.07140000000000002,0.523,0.5,0.02300000000000002,0.5,0.5,0.0,3.7427,3.4986,0.0,0,0,0,0.5,0,0
2020/2021_Norma_Siste_5Round,1,0.0,0.5714,0.5,0.07140000000000002,0.523,0.5,0.02300000000000002,0.5,0.5,0.0,3.7427,3.4986,0.0,0,1,-1,0.0,0,0
2020/2021_Norma_Siste_5Round,2,0.25,0.5714,0.5,0.07140000000000002,0.523,0.5,0.02300000000000002,0.5,0.5,0.0,3.7427,3.4986,0.0,0,2,-2,0.0,0,0
2020/2021_Norma_Siste_5Round,2,0.25,0.5714,0.5,0.07140000000000002,0.523,0.5,0.02300000000000002,0.5,0.5,0.0,3.7427,3.4986,0.0,0,3,-3,0.0,0,1
2020/2021_Norma_Siste_5Round,3,0.5,0.5714,0.5,0.07140000000000002,0.523,0.5,0.02300000000000002,0.5,0.5,0.0,3.7427,3.4986,0.0,1,3,-2,1.0,0,0
2020/2021_Norma_Siste_5Round,3,0.5,0.5714,0.5,0.07140000000000002,0.523,0.5,0.02300000000000002,0.5,0.5,0.0,3.7427,3.4986,0.0,1,4,-3,0.0,0,1
2020/2021_Norma_Siste_5Round,4,0.75,0.5714,0.5,0.07140000000000002,0.523,0.5,0.02300000000000002,0.5,0.5,0.0,3.7427,3.4986,0.0,2,4,-2,1.0,0,1
2020/2021_Piace_Sir S_2Round,1,0.0,0.5,0.5897,-0.0897,0.4746,0.5,-0.025399999999999978,0.5333,0.6,-0.06669999999999998,3.0754,3.1913,-1.763,0,0,0,0.5,0,0
2020/2021_Piace_Sir S_2Round,1,0.0,0.5,0.5897,-0.0897,0.4746,0.5,-0.025399999999999978,0.5333,0.6,-0.06669999999999998,3.0754,3.1913,-1.763,0,1,-1,0.0,0,1
2020/2021_Piace_Sir S_2Round,2,0.25,0.5,0.5897,-0.0897,0.4746,0.5,-0.025399999999999978,0.5333,0.6,-0.06669999999999998,3.0754,3.1913,-1.763,1,1,0,1.0,0,1
2020/2021_Piace_Sir S_2Round,2,0.25,0.5,0.5897,-0.0897,0.4746,0.5,-0.025399999999999978,0.5333,0.6,-0.06669999999999998,3.0754,3.1913,-1.763,2,1,1,1.0,0,0
2020/2021_Piace_Sir S_2Round,3,0.5,0.5,0.5897,-0.0897,0.4746,0.5,-0.025399999999999978,0.5333,0.6,-0.06669999999999998,3.0754,3.1913,-1.763,2,2,0,0.0,0,1
2020/2021_Piace_Sir S_2Round,3,0.5,0.5,0.5897,-0.0897,0.4746,0.5,-0.025399999999999978,0.5333,0.6,-0.06669999999999998,3.0754,3.1913,-1.763,3,2,1,1.0,0,1
2020/2021_Piace_Sir S_2Round,4,0.75,0.5,0.5897,-0.0897,0.4746,0.5,-0.025399999999999978,0.5333,0.6,-0.06669999999999998,3.0754,3.1913,-1.763,4,2,2,1.0,0,0
2020/2021_Piace_Trent_4Round,1,0.0,0.5238,0.5476,-0.023799999999999932,0.4793,0.4905,-0.011199999999999988,0.5333,0.6,-0.06669999999999998,3.267,2.3902,-1.665,0,0,0,0.5,0,0
2020/2021_Piace_Trent_4Round,1,0.0,0.5238,0.5476,-0.023799999999999932,0.4793,0.4905,-0.011199999999999988,0.5333,0.6,-0.06669999999999998,3.267,2.3902,-1.665,0,1,-1,0.0,0,1
2020/2021_Piace_Trent_4Round,2,0.25,0.5238,0.5476,-0.023799999999999932,0.4793,0.4905,-0.011199999999999988,0.5333,0.6,-0.06669999999999998,3.267,2.3902,-1.665,1,1,0,1.0,0,0
2020/2021_Piace_Trent_4Round,2,0.25,0.5238,0.5476,-0.023799999999999932,0.4793,0.4905,-0.011199999999999988,0.5333,0.6,-0.06669999999999998,3.267,2.3902,-1.665,1,2,-1,0.0,0,1
2020/2021_Piace_Trent_4Round,3,0.5,0.5238,0.5476,-0.023799999999999932,0.4793,0.4905,-0.011199999999999988,0.5333,0.6,-0.06669999999999998,3.267,2.3902,-1.665,2,2,0,1.0,0,0
2020/2021_Piace_Trent_4Round,3,0.5,0.5238,0.5476,-0.023799999999999932,0.4793,0.4905,-0.011199999999999988,0.5333,0.6,-0.06669999999999998,3.267,2.3902,-1.665,2,3,-1,0.0,0,1
2020/2021_Piace_Veron_9Round,1,0.0,0.52,0.5682,-0.04820000000000002,0.48,0.4888,-0.00880000000000003,0.4667,0.5333,-0.06659999999999999,3.4758,3.1095,0.359,0,0,0,0.5,0,1
2020/2021_Piace_Veron_9Round,1,0.0,0.52,0.5682,-0.04820000000000002,0.48,0.4888,-0.00880000000000003,0.4667,0.5333,-0.06659999999999999,3.4758,3.1095,0.359,1,0,1,1.0,0,0
2020/2021_Piace_Veron_9Round,2,0.25,0.52,0.5682,-0.04820000000000002,0.48,0.4888,-0.00880000000000003,0.4667,0.5333,-0.06659999999999999,3.4758,3.1095,0.359,1,1,0,0.0,0,0
2020/2021_Piace_Veron_9Round,2,0.25,0.52,0.5682,-0.04820000000000002,0.48,0.4888,-0.00880000000000003,0.4667,0.5333,-0.06659999999999999,3.4758,3.1095,0.359,1,2,-1,0.0,0,1
2020/2021_Piace_Veron_9Round,3,0.5,0.52,0.5682,-0.04820000000000002,0.48,0.4888,-0.00880000000000003,0.4667,0.5333,-0.06659999999999999,3.4758,3.1095,0.359,2,2,0,1.0,0,1
2020/2021_Piace_Veron_9Round,3,0.5,0.52,0.5682,-0.04820000000000002,0.48,0.4888,-0.00880000000000003,0.4667,0.5333,-0.06659999999999999,3.4758,3.1095,0.359,3,2,1,1.0,0,0
2020/2021_Piace_Veron_9Round,4,0.75,0.52,0.5682,-0.04820000000000002,0.48,0.4888,-0.00880000000000003,0.4667,0.5333,-0.06659999999999999,3.4758,3.1095,0.359,3,3,0,0.0,0,1
2020/2021_Piace_Veron_9Round,4,0.75,0.52,0.5682,-0.04820000000000002,0.48,0.4888,-0.00880000000000003,0.4667,0.5333,-0.06659999999999999,3.4758,3.1095,0.359,4,3,1,1.0,0,0
2020/2021_Pinet_Siste_10Round,1,0.0,0.4545,0.5455,-0.09099999999999997,0.4545,0.5065,-0.051999999999999935,0.5,0.5455,-0.045499999999999985,3.1805,3.5442,0.0,0,0,0,0.5,0,1
2020/2021_Pinet_Siste_10Round,1,0.0,0.4545,0.5455,-0.09099999999999997,0.4545,0.5065,-0.051999999999999935,0.5,0.5455,-0.045499999999999985,3.1805,3.5442,0.0,1,0,1,1.0,0,1
2020/2021_Pinet_Siste_10Round,2,0.25,0.4545,0.5455,-0.09099999999999997,0.4545,0.5065,-0.051999999999999935,0.5,0.5455,-0.045499999999999985,3.1805,3.5442,0.0,2,0,2,1.0,0,1
2020/2021_Pinet_Siste_10Round,2,0.25,0.4545,0.5455,-0.09099999999999997,0.4545,0.5065,-0.051999999999999935,0.5,0.5455,-0.045499999999999985,3.1805,3.5442,0.0,3,0,3,1.0,0,0
2020/2021_Pinet_Siste_10Round,3,0.5,0.4545,0.5455,-0.09099999999999997,0.4545,0.5065,-0.051999999999999935,0.5,0.5455,-0.045499999999999985,3.1805,3.5442,0.0,3,1,2,0.0,0,1
2020/2021_Pinet_Siste_10Round,3,0.5,0.4545,0.5455,-0.09099999999999997,0.4545,0.5065,-0.051999999999999935,0.5,0.5455,-0.045499999999999985,3.1805,3.5442,0.0,4,1,3,1.0,0,0
2020/2021_Pinet_Siste_10Round,4,0.75,0.4545,0.5455,-0.09099999999999997,0.4545,0.5065,-0.051999999999999935,0.5,0.5455,-0.045499999999999985,3.1805,3.5442,0.0,4,2,2,0.0,0,0
2020/2021_Pool _Prism_2Round,1,0.0,0.5,0.4545,0.045499999999999985,0.5037,0.4773,0.026400000000000035,0.3846,0.4545,-0.06990000000000002,3.6854,3.3624,0.0,0,0,0,0.5,0,1
2020/2021_Pool _Prism_2Round,1,0.0,0.5,0.4545,0.045499999999999985,0.5037,0.4773,0.026400000000000035,0.3846,0.4545,-0.06990000000000002,3.6854,3.3624,0.0,1,0,1,1.0,0,1
2020/2021_Pool _Prism_2Round,2,0.25,0.5,0.4545,0.045499999999999985,0.5037,0.4773,0.026400000000000035,0.3846,0.4545,-0.06990000000000002,3.6854,3.3624,0.0,2,0,2,1.0,0,1
2020/2021_Pool _Prism_2Round,2,0.25,0.5,0.4545,0.045499999999999985,0.5037,0.4773,0.026400000000000035,0.3846,0.4545,-0.06990000000000002,3.6854,3.3624,0.0,3,0,3,1.0,0,0
2020/2021_Pool _Prism_2Round,3,0.5,0.5,0.4545,0.045499999999999985,0.5037,0.4773,0.026400000000000035,0.3846,0.4545,-0.06990000000000002,3.6854,3.3624,0.0,3,1,2,0.0,0,1
2020/2021_Pool _Prism_2Round,3,0.5,0.5,0.4545,0.045499999999999985,0.5037,0.4773,0.026400000000000035,0.3846,0.4545,-0.06990000000000002,3.6854,3.3624,0.0,4,1,3,1.0,0,0
2020/2021_Pool _Prism_2Round,4,0.75,0.5,0.4545,0.045499999999999985,0.5037,0.4773,0.026400000000000035,0.3846,0.4545,-0.06990000000000002,3.6854,3.3624,0.0,4,2,2,0.0,0,0
2020/2021_Prata_Vigil_8Round,1,0.0,0.5,0.4615,0.03849999999999998,0.5046,0.4734,0.03120000000000006,0.5,0.5,0.0,3.5421,3.5405,0.0,0,0,0,0.5,0,0
2020/2021_Prata_Vigil_8Round,1,0.0,0.5,0.4615,0.03849999999999998,0.5046,0.4734,0.03120000000000006,0.5,0.5,0.0,3.5421,3.5405,0.0,0,1,-1,0.0,0,1
2020/2021_Prata_Vigil_8Round,2,0.25,0.5,0.4615,0.03849999999999998,0.5046,0.4734,0.03120000000000006,0.5,0.5,0.0,3.5421,3.5405,0.0,1,1,0,1.0,0,0
2020/2021_Prata_Vigil_8Round,2,0.25,0.5,0.4615,0.03849999999999998,0.5046,0.4734,0.03120000000000006,0.5,0.5,0.0,3.5421,3.5405,0.0,1,2,-1,0.0,0,0
2020/2021_Prata_Vigil_8Round,3,0.5,0.5,0.4615,0.03849999999999998,0.5046,0.4734,0.03120000000000006,0.5,0.5,0.0,3.5421,3.5405,0.0,1,3,-2,0.0,0,0
2020/2021_Prata_Vigil_8Round,3,0.5,0.5,0.4615,0.03849999999999998,0.5046,0.4734,0.03120000000000006,0.5,0.5,0.0,3.5421,3.5405,0.0,1,4,-3,0.0,0,1
2020/2021_Prata_Vigil_8Round,4,0.75,0.5,0.4615,0.03849999999999998,0.5046,0.4734,0.03120000000000006,0.5,0.5,0.0,3.5421,3.5405,0.0,2,4,-2,1.0,0,0
2020/2021_Prata_Vigil_8Round,5,1.0,0.5,0.4615,0.03849999999999998,0.5046,0.4734,0.03120000000000006,0.5,0.5,0.0,3.5421,3.5405,0.0,2,5,-3,0.0,1,0
2020/2021_Sir S_Trent_6Round,1,0.0,0.5714,0.5455,0.025900000000000034,0.4966,0.4893,0.007299999999999973,0.5333,0.5333,0.0,3.141,2.7513,-0.572,0,0,0,0.5,0,0
2020/2021_Sir S_Trent_6Round,1,0.0,0.5714,0.5455,0.025900000000000034,0.4966,0.4893,0.007299999999999973,0.5333,0.5333,0.0,3.141,2.7513,-0.572,0,1,-1,0.0,0,1
2020/2021_Sir S_Trent_6Round,2,0.25,0.5714,0.5455,0.025900000000000034,0.4966,0.4893,0.007299999999999973,0.5333,0.5333,0.0,3.141,2.7513,-0.572,1,1,0,1.0,0,0
2020/2021_Sir S_Trent_6Round,2,0.25,0.5714,0.5455,0.025900000000000034,0.4966,0.4893,0.007299999999999973,0.5333,0.5333,0.0,3.141,2.7513,-0.572,1,2,-1,0.0,0,1
2020/2021_Sir S_Trent_6Round,3,0.5,0.5714,0.5455,0.025900000000000034,0.4966,0.4893,0.007299999999999973,0.5333,0.5333,0.0,3.141,2.7513,-0.572,2,2,0,1.0,0,0
2020/2021_Sir S_Trent_6Round,3,0.5,0.5714,0.5455,0.025900000000000034,0.4966,0.4893,0.007299999999999973,0.5333,0.5333,0.0,3.141,2.7513,-0.572,2,3,-1,0.0,0,0
2020/2021_Sir S_Trent_6Round,4,0.75,0.5714,0.5455,0.025900000000000034,0.4966,0.4893,0.007299999999999973,0.5333,0.5333,0.0,3.141,2.7513,-0.572,2,4,-2,0.0,0,0
2020/2021_Sir S_Trent_6Round,4,0.75,0.5714,0.5455,0.025900000000000034,0.4966,0.4893,0.007299999999999973,0.5333,0.5333,0.0,3.141,2.7513,-0.572,2,5,-3,0.0,0,0
2020/2021_Sir S_Veron_4Round,1,0.0,0.5854,0.5714,0.014000000000000012,0.4982,0.4933,0.00489999999999996,0.5333,0.6,-0.06669999999999998,3.1532,3.251,2.069,0,0,0,0.5,0,1
2020/2021_Sir S_Veron_4Round,1,0.0,0.5854,0.5714,0.014000000000000012,0.4982,0.4933,0.00489999999999996,0.5333,0.6,-0.06669999999999998,3.1532,3.251,2.069,1,0,1,1.0,0,0
2020/2021_Sir S_Veron_4Round,2,0.25,0.5854,0.5714,0.014000000000000012,0.4982,0.4933,0.00489999999999996,0.5333,0.6,-0.06669999999999998,3.1532,3.251,2.069,1,1,0,0.0,0,0
2020/2021_Sir S_Veron_4Round,2,0.25,0.5854,0.5714,0.014000000000000012,0.4982,0.4933,0.00489999999999996,0.5333,0.6,-0.06669999999999998,3.1532,3.251,2.069,1,2,-1,0.0,0,1
2020/2021_Sir S_Veron_4Round,3,0.5,0.5854,0.5714,0.014000000000000012,0.4982,0.4933,0.00489999999999996,0.5333,0.6,-0.06669999999999998,3.1532,3.251,2.069,2,2,0,1.0,0,0
2020/2021_Sir S_Veron_4Round,3,0.5,0.5854,0.5714,0.014000000000000012,0.4982,0.4933,0.00489999999999996,0.5333,0.6,-0.06669999999999998,3.1532,3.251,2.069,2,3,-1,0.0,0,0
2020/2021_Sir S_Veron_4Round,4,0.75,0.5854,0.5714,0.014000000000000012,0.4982,0.4933,0.00489999999999996,0.5333,0.6,-0.06669999999999998,3.1532,3.251,2.069,2,4,-2,0.0,0,1
2020/2021_Trent_Veron_2Round,1,0.0,0.575,0.575,0.0,0.5066,0.4947,0.011900000000000077,0.5333,0.6667,-0.13339999999999996,3.3601,3.3444,-1.566,0,0,0,0.5,0,0
2020/2021_Trent_Veron_2Round,1,0.0,0.575,0.575,0.0,0.5066,0.4947,0.011900000000000077,0.5333,0.6667,-0.13339999999999996,3.3601,3.3444,-1.566,0,1,-1,0.0,0,1
2020/2021_Trent_Veron_2Round,2,0.25,0.575,0.575,0.0,0.5066,0.4947,0.011900000000000077,0.5333,0.6667,-0.13339999999999996,3.3601,3.3444,-1.566,1,1,0,1.0,0,0
2020/2021_Trent_Veron_2Round,2,0.25,0.575,0.575,0.0,0.5066,0.4947,0.011900000000000077,0.5333,0.6667,-0.13339999999999996,3.3601,3.3444,-1.566,1,2,-1,0.0,0,1
2020/2021_Trent_Veron_2Round,3,0.5,0.575,0.575,0.0,0.5066,0.4947,0.011900000000000077,0.5333,0.6667,-0.13339999999999996,3.3601,3.3444,-1.566,2,2,0,1.0,0,0
2020/2021_Trent_Veron_2Round,3,0.5,0.575,0.575,0.0,0.5066,0.4947,0.011900000000000077,0.5333,0.6667,-0.13339999999999996,3.3601,3.3444,-1.566,2,3,-1,0.0,0,0
2020/2021_Trent_Veron_2Round,4,0.75,0.575,0.575,0.0,0.5066,0.4947,0.011900000000000077,0.5333,0.6667,-0.13339999999999996,3.3601,3.3444,-1.566,2,4,-2,0.0,0,0
2020/2021_Trent_Veron_2Round,5,1.0,0.575,0.575,0.0,0.5066,0.4947,0.011900000000000077,0.5333,0.6667,-0.13339999999999996,3.3601,3.3444,-1.566,2,5,-3,0.0,1,0
2021/2022_Cave _Delta_1Round,1,0.0,0.36,0.5333,-0.1733,0.4743,0.5041,-0.029799999999999993,0.4,0.5,-0.09999999999999998,3.4874,3.598,0.0,0,0,0,0.5,0,0
2021/2022_Cave _Delta_1Round,1,0.0,0.36,0.5333,-0.1733,0.4743,0.5041,-0.029799999999999993,0.4,0.5,-0.09999999999999998,3.4874,3.598,0.0,0,1,-1,0.0,0,1
2021/2022_Cave _Delta_1Round,2,0.25,0.36,0.5333,-0.1733,0.4743,0.5041,-0.029799999999999993,0.4,0.5,-0.09999999999999998,3.4874,3.598,0.0,1,1,0,1.0,0,0
2021/2022_Cave _Delta_1Round,2,0.25,0.36,0.5333,-0.1733,0.4743,0.5041,-0.029799999999999993,0.4,0.5,-0.09999999999999998,3.4874,3.598,0.0,1,2,-1,0.0,0,1
2021/2022_Cave _Delta_1Round,3,0.5,0.36,0.5333,-0.1733,0.4743,0.5041,-0.029799999999999993,0.4,0.5,-0.09999999999999998,3.4874,3.598,0.0,2,2,0,1.0,0,0
2021/2022_Cave _Delta_1Round,3,0.5,0.36,0.5333,-0.1733,0.4743,0.5041,-0.029799999999999993,0.4,0.5,-0.09999999999999998,3.4874,3.598,0.0,2,3,-1,0.0,0,0
2021/2022_Cave _Delta_1Round,4,0.75,0.36,0.5333,-0.1733,0.4743,0.5041,-0.029799999999999993,0.4,0.5,-0.09999999999999998,3.4874,3.598,0.0,2,4,-2,0.0,0,1
2021/2022_Cave _Delta_1Round,4,0.75,0.36,0.5333,-0.1733,0.4743,0.5041,-0.029799999999999993,0.4,0.5,-0.09999999999999998,3.4874,3.598,0.0,3,4,-1,1.0,0,0
2021/2022_Cave _Delta_1Round,5,1.0,0.36,0.5333,-0.1733,0.4743,0.5041,-0.029799999999999993,0.4,0.5,-0.09999999999999998,3.4874,3.598,0.0,3,5,-2,0.0,1,1
2021/2022_Cave _Emma _5Round,1,0.0,0.3704,0.5455,-0.17509999999999998,0.487,0.5,-0.013000000000000012,0.4,0.6429,-0.2429,4.0316,3.0499,0.0,0,0,0,0.5,0,1
2021/2022_Cave _Emma _5Round,1,0.0,0.3704,0.5455,-0.17509999999999998,0.487,0.5,-0.013000000000000012,0.4,0.6429,-0.2429,4.0316,3.0499,0.0,1,0,1,1.0,0,1
2021/2022_Cave _Emma _5Round,2,0.25,0.3704,0.5455,-0.17509999999999998,0.487,0.5,-0.013000000000000012,0.4,0.6429,-0.2429,4.0316,3.0499,0.0,2,0,2,1.0,0,1
2021/2022_Cave _Emma _5Round,2,0.25,0.3704,0.5455,-0.17509999999999998,0.487,0.5,-0.013000000000000012,0.4,0.6429,-0.2429,4.0316,3.0499,0.0,3,0,3,1.0,0,1
2021/2022_Cave _Emma _5Round,3,0.5,0.3704,0.5455,-0.17509999999999998,0.487,0.5,-0.013000000000000012,0.4,0.6429,-0.2429,4.0316,3.0499,0.0,4,0,4,1.0,0,0
2021/2022_Cave _Emma _5Round,3,0.5,0.3704,0.5455,-0.17509999999999998,0.487,0.5,-0.013000000000000012,0.4,0.6429,-0.2429,4.0316,3.0499,0.0,4,1,3,0.0,0,0
2021/2022_Cave _Emma _5Round,4,0.75,0.3704,0.5455,-0.17509999999999998,0.487,0.5,-0.013000000000000012,0.4,0.6429,-0.2429,4.0316,3.0499,0.0,4,2,2,0.0,0,0
2021/2022_Cave _Emma _5Round,4,0.75,0.3704,0.5455,-0.17509999999999998,0.487,0.5,-0.013000000000000012,0.4,0.6429,-0.2429,4.0316,3.0499,0.0,4,3,1,0.0,0,1
2021/2022_Cave _Emma _5Round,5,1.0,0.3704,0.5455,-0.17509999999999998,0.487,0.5,-0.013000000000000012,0.4,0.6429,-0.2429,4.0316,3.0499,0.0,5,3,2,1.0,1,1
2021/2022_Cave _Grupp_9Round,1,0.0,0.3929,0.52,-0.1271,0.4951,0.5189,-0.023800000000000043,0.4667,0.5333,-0.06659999999999999,4.362,3.7694,0.0,0,0,0,0.5,0,1
2021/2022_Cave _Grupp_9Round,1,0.0,0.3929,0.52,-0.1271,0.4951,0.5189,-0.023800000000000043,0.4667,0.5333,-0.06659999999999999,4.362,3.7694,0.0,1,0,1,1.0,0,1
2021/2022_Cave _Grupp_9Round,2,0.25,0.3929,0.52,-0.1271,0.4951,0.5189,-0.023800000000000043,0.4667,0.5333,-0.06659999999999999,4.362,3.7694,0.0,2,0,2,1.0,0,0
2021/2022_Cave _Grupp_9Round,2,0.25,0.3929,0.52,-0.1271,0.4951,0.5189,-0.023800000000000043,0.4667,0.5333,-0.06659999999999999,4.362,3.7694,0.0,2,1,1,0.0,0,1
2021/2022_Cave _Grupp_9Round,3,0.5,0.3929,0.52,-0.1271,0.4951,0.5189,-0.023800000000000043,0.4667,0.5333,-0.06659999999999999,4.362,3.7694,0.0,3,1,2,1.0,0,1
2021/2022_Cave _Grupp_9Round,3,0.5,0.3929,0.52,-0.1271,0.4951,0.5189,-0.023800000000000043,0.4667,0.5333,-0.06659999999999999,4.362,3.7694,0.0,4,1,3,1.0,0,0
2021/2022_Cave _Grupp_9Round,4,0.75,0.3929,0.52,-0.1271,0.4951,0.5189,-0.023800000000000043,0.4667,0.5333,-0.06659999999999999,4.362,3.7694,0.0,4,2,2,0.0,0,1
2021/2022_Cave _Grupp_9Round,4,0.75,0.3929,0.52,-0.1271,0.4951,0.5189,-0.023800000000000043,0.4667,0.5333,-0.06659999999999999,4.362,3.7694,0.0,5,2,3,1.0,0,1
2021/2022_Cave _Pool _3Round,1,0.0,0.3462,0.5652,-0.21900000000000003,0.473,0.5095,-0.03649999999999998,0.4,0.6667,-0.26669999999999994,3.5831,3.7572,0.0,0,0,0,0.5,0,1
2021/2022_Cave _Pool _3Round,1,0.0,0.3462,0.5652,-0.21900000000000003,0.473,0.5095,-0.03649999999999998,0.4,0.6667,-0.26669999999999994,3.5831,3.7572,0.0,1,0,1,1.0,0,0
2021/2022_Cave _Pool _3Round,2,0.25,0.3462,0.5652,-0.21900000000000003,0.473,0.5095,-0.03649999999999998,0.4,0.6667,-0.26669999999999994,3.5831,3.7572,0.0,1,1,0,0.0,0,1
2021/2022_Cave _Pool _3Round,2,0.25,0.3462,0.5652,-0.21900000000000003,0.473,0.5095,-0.03649999999999998,0.4,0.6667,-0.26669999999999994,3.5831,3.7572,0.0,2,1,1,1.0,0,1
2021/2022_Cave _Pool _3Round,3,0.5,0.3462,0.5652,-0.21900000000000003,0.473,0.5095,-0.03649999999999998,0.4,0.6667,-0.26669999999999994,3.5831,3.7572,0.0,3,1,2,1.0,0,1
2021/2022_Cave _Pool _3Round,3,0.5,0.3462,0.5652,-0.21900000000000003,0.473,0.5095,-0.03649999999999998,0.4,0.6667,-0.26669999999999994,3.5831,3.7572,0.0,4,1,3,1.0,0,1
2021/2022_Cave _Pool _3Round,4,0.75,0.3462,0.5652,-0.21900000000000003,0.473,0.5095,-0.03649999999999998,0.4,0.6667,-0.26669999999999994,3.5831,3.7572,0.0,5,1,4,1.0,0,1
2021/2022_Consa_Gioie_2Round,1,0.0,0.4545,0.5,-0.045499999999999985,0.4909,0.5,-0.009099999999999997,0.5,0.5,0.0,3.5442,3.5239,0.0,0,0,0,0.5,0,0
2021/2022_Consa_Gioie_2Round,1,0.0,0.4545,0.5,-0.045499999999999985,0.4909,0.5,-0.009099999999999997,0.5,0.5,0.0,3.5442,3.5239,0.0,0,1,-1,0.0,0,1
2021/2022_Consa_Gioie_2Round,2,0.25,0.4545,0.5,-0.045499999999999985,0.4909,0.5,-0.009099999999999997,0.5,0.5,0.0,3.5442,3.5239,0.0,1,1,0,1.0,0,0
2021/2022_Consa_Gioie_2Round,2,0.25,0.4545,0.5,-0.045499999999999985,0.4909,0.5,-0.009099999999999997,0.5,0.5,0.0,3.5442,3.5239,0.0,1,2,-1,0.0,0,1
2021/2022_Consa_Gioie_2Round,3,0.5,0.4545,0.5,-0.045499999999999985,0.4909,0.5,-0.009099999999999997,0.5,0.5,0.0,3.5442,3.5239,0.0,2,2,0,1.0,0,0
2021/2022_Consa_Gioie_2Round,3,0.5,0.4545,0.5,-0.045499999999999985,0.4909,0.5,-0.009099999999999997,0.5,0.5,0.0,3.5442,3.5239,0.0,2,3,-1,0.0,0,1
2021/2022_Delta_Emma _8Round,1,0.0,0.5294,0.5,0.02939999999999998,0.5036,0.4886,0.015000000000000069,0.5333,0.6,-0.06669999999999998,3.627,3.1151,0.0,0,0,0,0.5,0,1
2021/2022_Delta_Emma _8Round,1,0.0,0.5294,0.5,0.02939999999999998,0.5036,0.4886,0.015000000000000069,0.5333,0.6,-0.06669999999999998,3.627,3.1151,0.0,1,0,1,1.0,0,1
2021/2022_Delta_Emma _8Round,2,0.25,0.5294,0.5,0.02939999999999998,0.5036,0.4886,0.015000000000000069,0.5333,0.6,-0.06669999999999998,3.627,3.1151,0.0,2,0,2,1.0,0,1
2021/2022_Delta_Emma _8Round,2,0.25,0.5294,0.5,0.02939999999999998,0.5036,0.4886,0.015000000000000069,0.5333,0.6,-0.06669999999999998,3.627,3.1151,0.0,3,0,3,1.0,0,1
2021/2022_Delta_Emma _8Round,3,0.5,0.5294,0.5,0.02939999999999998,0.5036,0.4886,0.015000000000000069,0.5333,0.6,-0.06669999999999998,3.627,3.1151,0.0,4,0,4,1.0,0,1
2021/2022_Delta_Emma _8Round,3,0.5,0.5294,0.5,0.02939999999999998,0.5036,0.4886,0.015000000000000069,0.5333,0.6,-0.06669999999999998,3.627,3.1151,0.0,5,0,5,1.0,0,1
2021/2022_Delta_Grupp_10Round,1,0.0,0.5556,0.5,0.05559999999999998,0.5247,0.5078,0.016900000000000026,0.5333,0.5333,0.0,3.9291,3.4163,0.0,0,0,0,0.5,0,0
2021/2022_Delta_Grupp_10Round,1,0.0,0.5556,0.5,0.05559999999999998,0.5247,0.5078,0.016900000000000026,0.5333,0.5333,0.0,3.9291,3.4163,0.0,0,1,-1,0.0,0,1
2021/2022_Delta_Grupp_10Round,2,0.25,0.5556,0.5,0.05559999999999998,0.5247,0.5078,0.016900000000000026,0.5333,0.5333,0.0,3.9291,3.4163,0.0,1,1,0,1.0,0,0
2021/2022_Delta_Grupp_10Round,2,0.25,0.5556,0.5,0.05559999999999998,0.5247,0.5078,0.016900000000000026,0.5333,0.5333,0.0,3.9291,3.4163,0.0,1,2,-1,0.0,0,0
2021/2022_Delta_Grupp_10Round,3,0.5,0.5556,0.5,0.05559999999999998,0.5247,0.5078,0.016900000000000026,0.5333,0.5333,0.0,3.9291,3.4163,0.0,1,3,-2,0.0,0,1
2021/2022_Delta_Grupp_10Round,3,0.5,0.5556,0.5,0.05559999999999998,0.5247,0.5078,0.016900000000000026,0.5333,0.5333,0.0,3.9291,3.4163,0.0,2,3,-1,1.0,0,1
2021/2022_Delta_Grupp_10Round,4,0.75,0.5556,0.5,0.05559999999999998,0.5247,0.5078,0.016900000000000026,0.5333,0.5333,0.0,3.9291,3.4163,0.0,3,3,0,1.0,0,1
2021/2022_Delta_Grupp_10Round,4,0.75,0.5556,0.5,0.05559999999999998,0.5247,0.5078,0.016900000000000026,0.5333,0.5333,0.0,3.9291,3.4163,0.0,4,3,1,1.0,0,0
2021/2022_Delta_Grupp_10Round,5,1.0,0.5556,0.5,0.05559999999999998,0.5247,0.5078,0.016900000000000026,0.5333,0.5333,0.0,3.9291,3.4163,0.0,4,4,0,0.0,1,0
2021/2022_Delta_Grupp_10Round,5,1.0,0.5556,0.5,0.05559999999999998,0.5247,0.5078,0.016900000000000026,0.5333,0.5333,0.0,3.9291,3.4163,0.0,4,5,-1,0.0,1,1
2021/2022_Delta_Pool _6Round,1,0.0,0.5625,0.5417,0.02080000000000004,0.5075,0.4939,0.013599999999999945,0.5333,0.6,-0.06669999999999998,3.7458,3.2482,0.0,0,0,0,0.5,0,0
2021/2022_Delta_Pool _6Round,1,0.0,0.5625,0.5417,0.02080000000000004,0.5075,0.4939,0.013599999999999945,0.5333,0.6,-0.06669999999999998,3.7458,3.2482,0.0,0,1,-1,0.0,0,0
2021/2022_Delta_Pool _6Round,2,0.25,0.5625,0.5417,0.02080000000000004,0.5075,0.4939,0.013599999999999945,0.5333,0.6,-0.06669999999999998,3.7458,3.2482,0.0,0,2,-2,0.0,0,0
2021/2022_Delta_Pool _6Round,2,0.25,0.5625,0.5417,0.02080000000000004,0.5075,0.4939,0.013599999999999945,0.5333,0.6,-0.06669999999999998,3.7458,3.2482,0.0,0,3,-3,0.0,0,1
2021/2022_Delta_Pool _6Round,3,0.5,0.5625,0.5417,0.02080000000000004,0.5075,0.4939,0.013599999999999945,0.5333,0.6,-0.06669999999999998,3.7458,3.2482,0.0,1,3,-2,1.0,0,0
2021/2022_Delta_Pool _6Round,3,0.5,0.5625,0.5417,0.02080000000000004,0.5075,0.4939,0.013599999999999945,0.5333,0.6,-0.06669999999999998,3.7458,3.2482,0.0,1,4,-3,0.0,0,1
2021/2022_Delta_Pool _6Round,4,0.75,0.5625,0.5417,0.02080000000000004,0.5075,0.4939,0.013599999999999945,0.5333,0.6,-0.06669999999999998,3.7458,3.2482,0.0,2,4,-2,1.0,0,1
2021/2022_Emma _Grupp_7Round,1,0.0,0.5217,0.5,0.021700000000000053,0.4911,0.5168,-0.025700000000000056,0.4,0.4667,-0.06669999999999998,3.0886,3.7493,0.0,0,0,0,0.5,0,0
2021/2022_Emma _Grupp_7Round,1,0.0,0.5217,0.5,0.021700000000000053,0.4911,0.5168,-0.025700000000000056,0.4,0.4667,-0.06669999999999998,3.0886,3.7493,0.0,0,1,-1,0.0,0,1
2021/2022_Emma _Grupp_7Round,2,0.25,0.5217,0.5,0.021700000000000053,0.4911,0.5168,-0.025700000000000056,0.4,0.4667,-0.06669999999999998,3.0886,3.7493,0.0,1,1,0,1.0,0,0
2021/2022_Emma _Grupp_7Round,2,0.25,0.5217,0.5,0.021700000000000053,0.4911,0.5168,-0.025700000000000056,0.4,0.4667,-0.06669999999999998,3.0886,3.7493,0.0,1,2,-1,0.0,0,1
2021/2022_Emma _Grupp_7Round,3,0.5,0.5217,0.5,0.021700000000000053,0.4911,0.5168,-0.025700000000000056,0.4,0.4667,-0.06669999999999998,3.0886,3.7493,0.0,2,2,0,1.0,0,0
2021/2022_Emma _Grupp_7Round,3,0.5,0.5217,0.5,0.021700000000000053,0.4911,0.5168,-0.025700000000000056,0.4,0.4667,-0.06669999999999998,3.0886,3.7493,0.0,2,3,-1,0.0,0,0
2021/2022_Emma _Grupp_7Round,4,0.75,0.5217,0.5,0.021700000000000053,0.4911,0.5168,-0.025700000000000056,0.4,0.4667,-0.06669999999999998,3.0886,3.7493,0.0,2,4,-2,0.0,0,1
2021/2022_Emma _Pool _12Round,1,0.0,0.48,0.56,-0.08000000000000007,0.4722,0.4971,-0.024899999999999978,0.3333,0.6,-0.2667,2.5928,3.4085,0.0,0,0,0,0.5,0,1
2021/2022_Emma _Pool _12Round,1,0.0,0.48,0.56,-0.08000000000000007,0.4722,0.4971,-0.024899999999999978,0.3333,0.6,-0.2667,2.5928,3.4085,0.0,1,0,1,1.0,0,0
2021/2022_Emma _Pool _12Round,2,0.25,0.48,0.56,-0.08000000000000007,0.4722,0.4971,-0.024899999999999978,0.3333,0.6,-0.2667,2.5928,3.4085,0.0,1,1,0,0.0,0,0
2021/2022_Emma _Pool _12Round,2,0.25,0.48,0.56,-0.08000000000000007,0.4722,0.4971,-0.024899999999999978,0.3333,0.6,-0.2667,2.5928,3.4085,0.0,1,2,-1,0.0,0,0
2021/2022_Emma _Pool _12Round,3,0.5,0.48,0.56,-0.08000000000000007,0.4722,0.4971,-0.024899999999999978,0.3333,0.6,-0.2667,2.5928,3.4085,0.0,1,3,-2,0.0,0,0
2021/2022_Emma _Pool _12Round,3,0.5,0.48,0.56,-0.08000000000000007,0.4722,0.4971,-0.024899999999999978,0.3333,0.6,-0.2667,2.5928,3.4085,0.0,1,4,-3,0.0,0,0
2021/2022_Emma _Pool _12Round,4,0.75,0.48,0.56,-0.08000000000000007,0.4722,0.4971,-0.024899999999999978,0.3333,0.6,-0.2667,2.5928,3.4085,0.0,1,5,-4,0.0,0,1
2021/2022_Emma _Pool _12Round,5,1.0,0.48,0.56,-0.08000000000000007,0.4722,0.4971,-0.024899999999999978,0.3333,0.6,-0.2667,2.5928,3.4085,0.0,2,5,-3,1.0,1,0
2021/2022_Grupp_Pool _13Round,1,0.0,0.5185,0.5769,-0.05840000000000001,0.5073,0.5083,-0.0010000000000000009,0.4667,0.6,-0.13329999999999997,3.7233,3.8957,0.0,0,0,0,0.5,0,1
2021/2022_Grupp_Pool _13Round,1,0.0,0.5185,0.5769,-0.05840000000000001,0.5073,0.5083,-0.0010000000000000009,0.4667,0.6,-0.13329999999999997,3.7233,3.8957,0.0,1,0,1,1.0,0,1
2021/2022_Grupp_Pool _13Round,2,0.25,0.5185,0.5769,-0.05840000000000001,0.5073,0.5083,-0.0010000000000000009,0.4667,0.6,-0.13329999999999997,3.7233,3.8957,0.0,2,0,2,1.0,0,1
2021/2022_Grupp_Pool _13Round,2,0.25,0.5185,0.5769,-0.05840000000000001,0.5073,0.5083,-0.0010000000000000009,0.4667,0.6,-0.13329999999999997,3.7233,3.8957,0.0,3,0,3,1.0,0,0
2021/2022_Grupp_Pool _13Round,3,0.5,0.5185,0.5769,-0.05840000000000001,0.5073,0.5083,-0.0010000000000000009,0.4667,0.6,-0.13329999999999997,3.7233,3.8957,0.0,3,1,2,0.0,0,1
2021/2022_Grupp_Pool _13Round,3,0.5,0.5185,0.5769,-0.05840000000000001,0.5073,0.5083,-0.0010000000000000009,0.4667,0.6,-0.13329999999999997,3.7233,3.8957,0.0,4,1,3,1.0,0,0
2021/2022_Grupp_Pool _13Round,4,0.75,0.5185,0.5769,-0.05840000000000001,0.5073,0.5083,-0.0010000000000000009,0.4667,0.6,-0.13329999999999997,3.7233,3.8957,0.0,4,2,2,0.0,0,1
2021/2022_Grupp_Pool _13Round,5,1.0,0.5185,0.5769,-0.05840000000000001,0.5073,0.5083,-0.0010000000000000009,0.4667,0.6,-0.13329999999999997,3.7233,3.8957,0.0,5,2,3,1.0,1,0
2021/2022_Kioen_Leo S_13Round,1,0.0,0.3704,0.4717,-0.1013,0.4962,0.51,-0.013800000000000034,0.4667,0.5333,-0.06659999999999999,4.1158,4.3596,-2.51,0,0,0,0.5,0,0
2021/2022_Kioen_Leo S_13Round,1,0.0,0.3704,0.4717,-0.1013,0.4962,0.51,-0.013800000000000034,0.4667,0.5333,-0.06659999999999999,4.1158,4.3596,-2.51,0,1,-1,0.0,0,1
2021/2022_Kioen_Leo S_13Round,2,0.25,0.3704,0.4717,-0.1013,0.4962,0.51,-0.013800000000000034,0.4667,0.5333,-0.06659999999999999,4.1158,4.3596,-2.51,1,1,0,1.0,0,0
2021/2022_Kioen_Leo S_13Round,2,0.25,0.3704,0.4717,-0.1013,0.4962,0.51,-0.013800000000000034,0.4667,0.5333,-0.06659999999999999,4.1158,4.3596,-2.51,1,2,-1,0.0,0,1
2021/2022_Kioen_Leo S_13Round,3,0.5,0.3704,0.4717,-0.1013,0.4962,0.51,-0.013800000000000034,0.4667,0.5333,-0.06659999999999999,4.1158,4.3596,-2.51,2,2,0,1.0,0,0
2021/2022_Kioen_Leo S_13Round,3,0.5,0.3704,0.4717,-0.1013,0.4962,0.51,-0.013800000000000034,0.4667,0.5333,-0.06659999999999999,4.1158,4.3596,-2.51,2,3,-1,0.0,0,0
2021/2022_Kioen_Leo S_13Round,4,0.75,0.3704,0.4717,-0.1013,0.4962,0.51,-0.013800000000000034,0.4667,0.5333,-0.06659999999999999,4.1158,4.3596,-2.51,2,4,-2,0.0,0,1
2021/2022_Kioen_Lube_1Round,1,0.0,0.383,0.4468,-0.06379999999999997,0.4941,0.5223,-0.028200000000000003,0.5333,0.6,-0.06669999999999998,4.0231,3.7324,-2.412,0,0,0,0.5,0,0
2021/2022_Kioen_Lube_1Round,1,0.0,0.383,0.4468,-0.06379999999999997,0.4941,0.5223,-0.028200000000000003,0.5333,0.6,-0.06669999999999998,4.0231,3.7324,-2.412,0,1,-1,0.0,0,1
2021/2022_Kioen_Lube_1Round,2,0.25,0.383,0.4468,-0.06379999999999997,0.4941,0.5223,-0.028200000000000003,0.5333,0.6,-0.06669999999999998,4.0231,3.7324,-2.412,1,1,0,1.0,0,0
2021/2022_Kioen_Lube_1Round,2,0.25,0.383,0.4468,-0.06379999999999997,0.4941,0.5223,-0.028200000000000003,0.5333,0.6,-0.06669999999999998,4.0231,3.7324,-2.412,1,2,-1,0.0,0,1
2021/2022_Kioen_Lube_1Round,3,0.5,0.383,0.4468,-0.06379999999999997,0.4941,0.5223,-0.028200000000000003,0.5333,0.6,-0.06669999999999998,4.0231,3.7324,-2.412,2,2,0,1.0,0,0
2021/2022_Kioen_Lube_1Round,3,0.5,0.383,0.4468,-0.06379999999999997,0.4941,0.5223,-0.028200000000000003,0.5333,0.6,-0.06669999999999998,4.0231,3.7324,-2.412,2,3,-1,0.0,0,1
2021/2022_Kioen_Milan_10Round,1,0.0,0.3654,0.5,-0.1346,0.4908,0.4921,-0.0012999999999999678,0.4,0.4667,-0.06669999999999998,3.6829,4.4265,-1.51,0,0,0,0.5,0,0
2021/2022_Kioen_Milan_10Round,1,0.0,0.3654,0.5,-0.1346,0.4908,0.4921,-0.0012999999999999678,0.4,0.4667,-0.06669999999999998,3.6829,4.4265,-1.51,0,1,-1,0.0,0,1
2021/2022_Kioen_Milan_10Round,2,0.25,0.3654,0.5,-0.1346,0.4908,0.4921,-0.0012999999999999678,0.4,0.4667,-0.06669999999999998,3.6829,4.4265,-1.51,1,1,0,1.0,0,0
2021/2022_Kioen_Milan_10Round,2,0.25,0.3654,0.5,-0.1346,0.4908,0.4921,-0.0012999999999999678,0.4,0.4667,-0.06669999999999998,3.6829,4.4265,-1.51,1,2,-1,0.0,0,1
2021/2022_Kioen_Milan_10Round,3,0.5,0.3654,0.5,-0.1346,0.4908,0.4921,-0.0012999999999999678,0.4,0.4667,-0.06669999999999998,3.6829,4.4265,-1.51,2,2,0,1.0,0,0
2021/2022_Kioen_Milan_10Round,3,0.5,0.3654,0.5,-0.1346,0.4908,0.4921,-0.0012999999999999678,0.4,0.4667,-0.06669999999999998,3.6829,4.4265,-1.51,2,3,-1,0.0,0,0
2021/2022_Kioen_Milan_10Round,4,0.75,0.3654,0.5,-0.1346,0.4908,0.4921,-0.0012999999999999678,0.4,0.4667,-0.06669999999999998,3.6829,4.4265,-1.51,2,4,-2,0.0,0,1
2021/2022_Kioen_Monza_8Round,1,0.0,0.38,0.549,-0.16900000000000004,0.4959,0.5301,-0.03420000000000001,0.4667,0.6,-0.13329999999999997,4.1393,4.032,-1.747,0,0,0,0.5,0,0
2021/2022_Kioen_Monza_8Round,1,0.0,0.38,0.549,-0.16900000000000004,0.4959,0.5301,-0.03420000000000001,0.4667,0.6,-0.13329999999999997,4.1393,4.032,-1.747,0,1,-1,0.0,0,0
2021/2022_Kioen_Monza_8Round,2,0.25,0.38,0.549,-0.16900000000000004,0.4959,0.5301,-0.03420000000000001,0.4667,0.6,-0.13329999999999997,4.1393,4.032,-1.747,0,2,-2,0.0,0,0
2021/2022_Kioen_Monza_8Round,2,0.25,0.38,0.549,-0.16900000000000004,0.4959,0.5301,-0.03420000000000001,0.4667,0.6,-0.13329999999999997,4.1393,4.032,-1.747,0,3,-3,0.0,0,1
2021/2022_Kioen_Monza_8Round,3,0.5,0.38,0.549,-0.16900000000000004,0.4959,0.5301,-0.03420000000000001,0.4667,0.6,-0.13329999999999997,4.1393,4.032,-1.747,1,3,-2,1.0,0,0
2021/2022_Kioen_Monza_8Round,3,0.5,0.38,0.549,-0.16900000000000004,0.4959,0.5301,-0.03420000000000001,0.4667,0.6,-0.13329999999999997,4.1393,4.032,-1.747,1,4,-3,0.0,0,0
2021/2022_Kioen_Monza_8Round,4,0.75,0.38,0.549,-0.16900000000000004,0.4959,0.5301,-0.03420000000000001,0.4667,0.6,-0.13329999999999997,4.1393,4.032,-1.747,1,5,-4,0.0,0,1
2021/2022_Kioen_Monza_8Round,5,1.0,0.38,0.549,-0.16900000000000004,0.4959,0.5301,-0.03420000000000001,0.4667,0.6,-0.13329999999999997,4.1393,4.032,-1.747,2,5,-3,1.0,1,0
2021/2022_Kioen_Piace_7Round,1,0.0,0.3673,0.5312,-0.1639,0.4902,0.4936,-0.0033999999999999586,0.4667,0.5333,-0.06659999999999999,3.556,3.4358,-1.516,0,0,0,0.5,0,0
2021/2022_Kioen_Piace_7Round,1,0.0,0.3673,0.5312,-0.1639,0.4902,0.4936,-0.0033999999999999586,0.4667,0.5333,-0.06659999999999999,3.556,3.4358,-1.516,0,1,-1,0.0,0,1
2021/2022_Kioen_Piace_7Round,2,0.25,0.3673,0.5312,-0.1639,0.4902,0.4936,-0.0033999999999999586,0.4667,0.5333,-0.06659999999999999,3.556,3.4358,-1.516,1,1,0,1.0,0,1
2021/2022_Kioen_Piace_7Round,2,0.25,0.3673,0.5312,-0.1639,0.4902,0.4936,-0.0033999999999999586,0.4667,0.5333,-0.06659999999999999,3.556,3.4358,-1.516,2,1,1,1.0,0,0
2021/2022_Kioen_Piace_7Round,3,0.5,0.3673,0.5312,-0.1639,0.4902,0.4936,-0.0033999999999999586,0.4667,0.5333,-0.06659999999999999,3.556,3.4358,-1.516,2,2,0,0.0,0,1
2021/2022_Kioen_Piace_7Round,3,0.5,0.3673,0.5312,-0.1639,0.4902,0.4936,-0.0033999999999999586,0.4667,0.5333,-0.06659999999999999,3.556,3.4358,-1.516,3,2,1,1.0,0,1
2021/2022_Kioen_Piace_7Round,4,0.75,0.3673,0.5312,-0.1639,0.4902,0.4936,-0.0033999999999999586,0.4667,0.5333,-0.06659999999999999,3.556,3.4358,-1.516,4,2,2,1.0,0,1
2021/2022_Kioen_Piace_7Round,5,1.0,0.3673,0.5312,-0.1639,0.4902,0.4936,-0.0033999999999999586,0.4667,0.5333,-0.06659999999999999,3.556,3.4358,-1.516,5,2,3,1.0,1,1
2021/2022_Kioen_Sir S_9Round,1,0.0,0.3725,0.5882,-0.21569999999999995,0.4906,0.5014,-0.010799999999999976,0.4,0.5333,-0.13329999999999997,3.5879,4.3871,-2.853,0,0,0,0.5,0,0
2021/2022_Kioen_Sir S_9Round,1,0.0,0.3725,0.5882,-0.21569999999999995,0.4906,0.5014,-0.010799999999999976,0.4,0.5333,-0.13329999999999997,3.5879,4.3871,-2.853,0,1,-1,0.0,0,0
2021/2022_Kioen_Sir S_9Round,2,0.25,0.3725,0.5882,-0.21569999999999995,0.4906,0.5014,-0.010799999999999976,0.4,0.5333,-0.13329999999999997,3.5879,4.3871,-2.853,0,2,-2,0.0,0,1
2021/2022_Kioen_Sir S_9Round,2,0.25,0.3725,0.5882,-0.21569999999999995,0.4906,0.5014,-0.010799999999999976,0.4,0.5333,-0.13329999999999997,3.5879,4.3871,-2.853,1,2,-1,1.0,0,1
2021/2022_Kioen_Sir S_9Round,3,0.5,0.3725,0.5882,-0.21569999999999995,0.4906,0.5014,-0.010799999999999976,0.4,0.5333,-0.13329999999999997,3.5879,4.3871,-2.853,2,2,0,1.0,0,1
2021/2022_Kioen_Sir S_9Round,3,0.5,0.3725,0.5882,-0.21569999999999995,0.4906,0.5014,-0.010799999999999976,0.4,0.5333,-0.13329999999999997,3.5879,4.3871,-2.853,3,2,1,1.0,0,0
2021/2022_Kioen_Sir S_9Round,4,0.75,0.3725,0.5882,-0.21569999999999995,0.4906,0.5014,-0.010799999999999976,0.4,0.5333,-0.13329999999999997,3.5879,4.3871,-2.853,3,3,0,0.0,0,0
2021/2022_Kioen_Sir S_9Round,4,0.75,0.3725,0.5882,-0.21569999999999995,0.4906,0.5014,-0.010799999999999976,0.4,0.5333,-0.13329999999999997,3.5879,4.3871,-2.853,3,4,-1,0.0,0,1
2021/2022_Kioen_Trent_4Round,1,0.0,0.375,0.5306,-0.15559999999999996,0.4942,0.4865,0.007699999999999985,0.5333,0.4,0.13329999999999997,3.7494,3.4434,-3.0,0,0,0,0.5,0,0
2021/2022_Kioen_Trent_4Round,1,0.0,0.375,0.5306,-0.15559999999999996,0.4942,0.4865,0.007699999999999985,0.5333,0.4,0.13329999999999997,3.7494,3.4434,-3.0,0,1,-1,0.0,0,1
2021/2022_Kioen_Trent_4Round,2,0.25,0.375,0.5306,-0.15559999999999996,0.4942,0.4865,0.007699999999999985,0.5333,0.4,0.13329999999999997,3.7494,3.4434,-3.0,1,1,0,1.0,0,0
2021/2022_Kioen_Trent_4Round,2,0.25,0.375,0.5306,-0.15559999999999996,0.4942,0.4865,0.007699999999999985,0.5333,0.4,0.13329999999999997,3.7494,3.4434,-3.0,1,2,-1,0.0,0,0
2021/2022_Kioen_Trent_4Round,3,0.5,0.375,0.5306,-0.15559999999999996,0.4942,0.4865,0.007699999999999985,0.5333,0.4,0.13329999999999997,3.7494,3.4434,-3.0,1,3,-2,0.0,0,0
2021/2022_Kioen_Trent_4Round,3,0.5,0.375,0.5306,-0.15559999999999996,0.4942,0.4865,0.007699999999999985,0.5333,0.4,0.13329999999999997,3.7494,3.4434,-3.0,1,4,-3,0.0,0,1
2021/2022_Kioen_Trent_4Round,4,0.75,0.375,0.5306,-0.15559999999999996,0.4942,0.4865,0.007699999999999985,0.5333,0.4,0.13329999999999997,3.7494,3.4434,-3.0,2,4,-2,1.0,0,0
2021/2022_Kioen_Trent_4Round,4,0.75,0.375,0.5306,-0.15559999999999996,0.4942,0.4865,0.007699999999999985,0.5333,0.4,0.13329999999999997,3.7494,3.4434,-3.0,2,5,-3,0.0,0,1
2021/2022_Kioen_Trent_4Round,5,1.0,0.375,0.5306,-0.15559999999999996,0.4942,0.4865,0.007699999999999985,0.5333,0.4,0.13329999999999997,3.7494,3.4434,-3.0,3,5,-2,1.0,1,0
2021/2022_Kioen_Veron_11Round,1,0.0,0.3585,0.5385,-0.18,0.4897,0.4787,0.01100000000000001,0.4,0.3333,0.06670000000000004,3.5068,3.1674,-0.431,0,0,0,0.5,0,1
2021/2022_Kioen_Veron_11Round,1,0.0,0.3585,0.5385,-0.18,0.4897,0.4787,0.01100000000000001,0.4,0.3333,0.06670000000000004,3.5068,3.1674,-0.431,1,0,1,1.0,0,0
2021/2022_Kioen_Veron_11Round,2,0.25,0.3585,0.5385,-0.18,0.4897,0.4787,0.01100000000000001,0.4,0.3333,0.06670000000000004,3.5068,3.1674,-0.431,1,1,0,0.0,0,1
2021/2022_Kioen_Veron_11Round,2,0.25,0.3585,0.5385,-0.18,0.4897,0.4787,0.01100000000000001,0.4,0.3333,0.06670000000000004,3.5068,3.1674,-0.431,2,1,1,1.0,0,1
2021/2022_Kioen_Veron_11Round,3,0.5,0.3585,0.5385,-0.18,0.4897,0.4787,0.01100000000000001,0.4,0.3333,0.06670000000000004,3.5068,3.1674,-0.431,3,1,2,1.0,0,1
2021/2022_Kioen_Veron_11Round,3,0.5,0.3585,0.5385,-0.18,0.4897,0.4787,0.01100000000000001,0.4,0.3333,0.06670000000000004,3.5068,3.1674,-0.431,4,1,3,1.0,0,1
2021/2022_Kioen_Veron_11Round,4,0.75,0.3585,0.5385,-0.18,0.4897,0.4787,0.01100000000000001,0.4,0.3333,0.06670000000000004,3.5068,3.1674,-0.431,5,1,4,1.0,0,1
2021/2022_Leo S_Lube_6Round,1,0.0,0.4375,0.4615,-0.02400000000000002,0.5014,0.5201,-0.01870000000000005,0.4667,0.6,-0.13329999999999997,3.9562,3.6466,-0.645,0,0,0,0.5,0,1
2021/2022_Leo S_Lube_6Round,1,0.0,0.4375,0.4615,-0.02400000000000002,0.5014,0.5201,-0.01870000000000005,0.4667,0.6,-0.13329999999999997,3.9562,3.6466,-0.645,1,0,1,1.0,0,0
2021/2022_Leo S_Lube_6Round,2,0.25,0.4375,0.4615,-0.02400000000000002,0.5014,0.5201,-0.01870000000000005,0.4667,0.6,-0.13329999999999997,3.9562,3.6466,-0.645,1,1,0,0.0,0,1
2021/2022_Leo S_Lube_6Round,2,0.25,0.4375,0.4615,-0.02400000000000002,0.5014,0.5201,-0.01870000000000005,0.4667,0.6,-0.13329999999999997,3.9562,3.6466,-0.645,2,1,1,1.0,0,0
2021/2022_Leo S_Lube_6Round,3,0.5,0.4375,0.4615,-0.02400000000000002,0.5014,0.5201,-0.01870000000000005,0.4667,0.6,-0.13329999999999997,3.9562,3.6466,-0.645,2,2,0,0.0,0,1
2021/2022_Leo S_Lube_6Round,3,0.5,0.4375,0.4615,-0.02400000000000002,0.5014,0.5201,-0.01870000000000005,0.4667,0.6,-0.13329999999999997,3.9562,3.6466,-0.645,3,2,1,1.0,0,1
2021/2022_Leo S_Lube_6Round,4,0.75,0.4375,0.4615,-0.02400000000000002,0.5014,0.5201,-0.01870000000000005,0.4667,0.6,-0.13329999999999997,3.9562,3.6466,-0.645,4,2,2,1.0,0,1
2021/2022_Leo S_Lube_6Round,4,0.75,0.4375,0.4615,-0.02400000000000002,0.5014,0.5201,-0.01870000000000005,0.4667,0.6,-0.13329999999999997,3.9562,3.6466,-0.645,5,2,3,1.0,0,1
2021/2022_Leo S_Milan_11Round,1,0.0,0.4615,0.5094,-0.04789999999999994,0.5076,0.4936,0.014000000000000068,0.5333,0.5333,0.0,4.2034,4.2731,-0.755,0,0,0,0.5,0,1
2021/2022_Leo S_Milan_11Round,1,0.0,0.4615,0.5094,-0.04789999999999994,0.5076,0.4936,0.014000000000000068,0.5333,0.5333,0.0,4.2034,4.2731,-0.755,1,0,1,1.0,0,1
2021/2022_Leo S_Milan_11Round,2,0.25,0.4615,0.5094,-0.04789999999999994,0.5076,0.4936,0.014000000000000068,0.5333,0.5333,0.0,4.2034,4.2731,-0.755,2,0,2,1.0,0,1
2021/2022_Leo S_Milan_11Round,2,0.25,0.4615,0.5094,-0.04789999999999994,0.5076,0.4936,0.014000000000000068,0.5333,0.5333,0.0,4.2034,4.2731,-0.755,3,0,3,1.0,0,0
2021/2022_Leo S_Milan_11Round,3,0.5,0.4615,0.5094,-0.04789999999999994,0.5076,0.4936,0.014000000000000068,0.5333,0.5333,0.0,4.2034,4.2731,-0.755,3,1,2,0.0,0,1
2021/2022_Leo S_Milan_11Round,3,0.5,0.4615,0.5094,-0.04789999999999994,0.5076,0.4936,0.014000000000000068,0.5333,0.5333,0.0,4.2034,4.2731,-0.755,4,1,3,1.0,0,0
2021/2022_Leo S_Milan_11Round,4,0.75,0.4615,0.5094,-0.04789999999999994,0.5076,0.4936,0.014000000000000068,0.5333,0.5333,0.0,4.2034,4.2731,-0.755,4,2,2,0.0,0,1
2021/2022_Leo S_Milan_11Round,5,1.0,0.4615,0.5094,-0.04789999999999994,0.5076,0.4936,0.014000000000000068,0.5333,0.5333,0.0,4.2034,4.2731,-0.755,5,2,3,1.0,1,0
2021/2022_Leo S_Monza_1Round,1,0.0,0.4348,0.5532,-0.1184,0.4985,0.5283,-0.029799999999999993,0.4667,0.6667,-0.19999999999999996,3.8217,3.5778,-1.565,0,0,0,0.5,0,1
2021/2022_Leo S_Monza_1Round,1,0.0,0.4348,0.5532,-0.1184,0.4985,0.5283,-0.029799999999999993,0.4667,0.6667,-0.19999999999999996,3.8217,3.5778,-1.565,1,0,1,1.0,0,0
2021/2022_Leo S_Monza_1Round,2,0.25,0.4348,0.5532,-0.1184,0.4985,0.5283,-0.029799999999999993,0.4667,0.6667,-0.19999999999999996,3.8217,3.5778,-1.565,1,1,0,0.0,0,1
2021/2022_Leo S_Monza_1Round,2,0.25,0.4348,0.5532,-0.1184,0.4985,0.5283,-0.029799999999999993,0.4667,0.6667,-0.19999999999999996,3.8217,3.5778,-1.565,2,1,1,1.0,0,1
2021/2022_Leo S_Monza_1Round,3,0.5,0.4348,0.5532,-0.1184,0.4985,0.5283,-0.029799999999999993,0.4667,0.6667,-0.19999999999999996,3.8217,3.5778,-1.565,3,1,2,1.0,0,1
2021/2022_Leo S_Monza_1Round,3,0.5,0.4348,0.5532,-0.1184,0.4985,0.5283,-0.029799999999999993,0.4667,0.6667,-0.19999999999999996,3.8217,3.5778,-1.565,4,1,3,1.0,0,1
2021/2022_Leo S_Monza_1Round,4,0.75,0.4348,0.5532,-0.1184,0.4985,0.5283,-0.029799999999999993,0.4667,0.6667,-0.19999999999999996,3.8217,3.5778,-1.565,5,1,4,1.0,0,1
2021/2022_Leo S_Piace_4Round,1,0.0,0.4468,0.5333,-0.08650000000000002,0.5057,0.5,0.005700000000000038,0.5333,0.5333,0.0,4.3169,4.0876,2.406,0,0,0,0.5,0,1
2021/2022_Leo S_Piace_4Round,1,0.0,0.4468,0.5333,-0.08650000000000002,0.5057,0.5,0.005700000000000038,0.5333,0.5333,0.0,4.3169,4.0876,2.406,1,0,1,1.0,0,0
2021/2022_Leo S_Piace_4Round,2,0.25,0.4468,0.5333,-0.08650000000000002,0.5057,0.5,0.005700000000000038,0.5333,0.5333,0.0,4.3169,4.0876,2.406,1,1,0,0.0,0,0
2021/2022_Leo S_Piace_4Round,2,0.25,0.4468,0.5333,-0.08650000000000002,0.5057,0.5,0.005700000000000038,0.5333,0.5333,0.0,4.3169,4.0876,2.406,1,2,-1,0.0,0,0
2021/2022_Leo S_Piace_4Round,3,0.5,0.4468,0.5333,-0.08650000000000002,0.5057,0.5,0.005700000000000038,0.5333,0.5333,0.0,4.3169,4.0876,2.406,1,3,-2,0.0,0,1
2021/2022_Leo S_Piace_4Round,3,0.5,0.4468,0.5333,-0.08650000000000002,0.5057,0.5,0.005700000000000038,0.5333,0.5333,0.0,4.3169,4.0876,2.406,2,3,-1,1.0,0,0
2021/2022_Leo S_Piace_4Round,4,0.75,0.4468,0.5333,-0.08650000000000002,0.5057,0.5,0.005700000000000038,0.5333,0.5333,0.0,4.3169,4.0876,2.406,2,4,-2,0.0,0,0
2021/2022_Leo S_Piace_4Round,4,0.75,0.4468,0.5333,-0.08650000000000002,0.5057,0.5,0.005700000000000038,0.5333,0.5333,0.0,4.3169,4.0876,2.406,2,5,-3,0.0,0,1
2021/2022_Leo S_Piace_4Round,5,1.0,0.4468,0.5333,-0.08650000000000002,0.5057,0.5,0.005700000000000038,0.5333,0.5333,0.0,4.3169,4.0876,2.406,3,5,-2,1.0,1,0
2021/2022_Leo S_Sir S_8Round,1,0.0,0.46,0.58,-0.11999999999999994,0.5093,0.4986,0.010699999999999987,0.5333,0.5333,0.0,4.5058,3.904,-2.21,0,0,0,0.5,0,0
2021/2022_Leo S_Sir S_8Round,1,0.0,0.46,0.58,-0.11999999999999994,0.5093,0.4986,0.010699999999999987,0.5333,0.5333,0.0,4.5058,3.904,-2.21,0,1,-1,0.0,0,0
2021/2022_Leo S_Sir S_8Round,2,0.25,0.46,0.58,-0.11999999999999994,0.5093,0.4986,0.010699999999999987,0.5333,0.5333,0.0,4.5058,3.904,-2.21,0,2,-2,0.0,0,0
2021/2022_Leo S_Sir S_8Round,2,0.25,0.46,0.58,-0.11999999999999994,0.5093,0.4986,0.010699999999999987,0.5333,0.5333,0.0,4.5058,3.904,-2.21,0,3,-3,0.0,0,0
2021/2022_Leo S_Sir S_8Round,3,0.5,0.46,0.58,-0.11999999999999994,0.5093,0.4986,0.010699999999999987,0.5333,0.5333,0.0,4.5058,3.904,-2.21,0,4,-4,0.0,0,1
2021/2022_Leo S_Sir S_8Round,3,0.5,0.46,0.58,-0.11999999999999994,0.5093,0.4986,0.010699999999999987,0.5333,0.5333,0.0,4.5058,3.904,-2.21,1,4,-3,1.0,0,1
2021/2022_Leo S_Sir S_8Round,4,0.75,0.46,0.58,-0.11999999999999994,0.5093,0.4986,0.010699999999999987,0.5333,0.5333,0.0,4.5058,3.904,-2.21,2,4,-2,1.0,0,1
2021/2022_Leo S_Sir S_8Round,4,0.75,0.46,0.58,-0.11999999999999994,0.5093,0.4986,0.010699999999999987,0.5333,0.5333,0.0,4.5058,3.904,-2.21,3,4,-1,1.0,0,1
2021/2022_Leo S_Sir S_8Round,5,1.0,0.46,0.58,-0.11999999999999994,0.5093,0.4986,0.010699999999999987,0.5333,0.5333,0.0,4.5058,3.904,-2.21,4,4,0,1.0,1,0
2021/2022_Leo S_Sir S_8Round,5,1.0,0.46,0.58,-0.11999999999999994,0.5093,0.4986,0.010699999999999987,0.5333,0.5333,0.0,4.5058,3.904,-2.21,4,5,-1,0.0,1,0
2021/2022_Leo S_Trent_7Round,1,0.0,0.449,0.5385,-0.08949999999999997,0.5068,0.4861,0.02070000000000005,0.5333,0.4667,0.06659999999999999,4.4179,3.6437,-1.922,0,0,0,0.5,0,1
2021/2022_Leo S_Trent_7Round,1,0.0,0.449,0.5385,-0.08949999999999997,0.5068,0.4861,0.02070000000000005,0.5333,0.4667,0.06659999999999999,4.4179,3.6437,-1.922,1,0,1,1.0,0,1
2021/2022_Leo S_Trent_7Round,2,0.25,0.449,0.5385,-0.08949999999999997,0.5068,0.4861,0.02070000000000005,0.5333,0.4667,0.06659999999999999,4.4179,3.6437,-1.922,2,0,2,1.0,0,1
2021/2022_Leo S_Trent_7Round,2,0.25,0.449,0.5385,-0.08949999999999997,0.5068,0.4861,0.02070000000000005,0.5333,0.4667,0.06659999999999999,4.4179,3.6437,-1.922,3,0,3,1.0,0,1
2021/2022_Leo S_Trent_7Round,3,0.5,0.449,0.5385,-0.08949999999999997,0.5068,0.4861,0.02070000000000005,0.5333,0.4667,0.06659999999999999,4.4179,3.6437,-1.922,4,0,4,1.0,0,1
2021/2022_Leo S_Trent_7Round,3,0.5,0.449,0.5385,-0.08949999999999997,0.5068,0.4861,0.02070000000000005,0.5333,0.4667,0.06659999999999999,4.4179,3.6437,-1.922,5,0,5,1.0,0,0
2021/2022_Leo S_Trent_7Round,4,0.75,0.449,0.5385,-0.08949999999999997,0.5068,0.4861,0.02070000000000005,0.5333,0.4667,0.06659999999999999,4.4179,3.6437,-1.922,5,1,4,0.0,0,0
2021/2022_Leo S_Trent_7Round,5,1.0,0.449,0.5385,-0.08949999999999997,0.5068,0.4861,0.02070000000000005,0.5333,0.4667,0.06659999999999999,4.4179,3.6437,-1.922,5,2,3,0.0,1,0
2021/2022_Leo S_Veron_9Round,1,0.0,0.451,0.549,-0.09800000000000003,0.5065,0.4797,0.026799999999999935,0.5333,0.4,0.13329999999999997,4.328,3.1994,2.0,0,0,0,0.5,0,1
2021/2022_Leo S_Veron_9Round,1,0.0,0.451,0.549,-0.09800000000000003,0.5065,0.4797,0.026799999999999935,0.5333,0.4,0.13329999999999997,4.328,3.1994,2.0,1,0,1,1.0,0,0
2021/2022_Leo S_Veron_9Round,2,0.25,0.451,0.549,-0.09800000000000003,0.5065,0.4797,0.026799999999999935,0.5333,0.4,0.13329999999999997,4.328,3.1994,2.0,1,1,0,0.0,0,1
2021/2022_Leo S_Veron_9Round,2,0.25,0.451,0.549,-0.09800000000000003,0.5065,0.4797,0.026799999999999935,0.5333,0.4,0.13329999999999997,4.328,3.1994,2.0,2,1,1,1.0,0,0
2021/2022_Leo S_Veron_9Round,3,0.5,0.451,0.549,-0.09800000000000003,0.5065,0.4797,0.026799999999999935,0.5333,0.4,0.13329999999999997,4.328,3.1994,2.0,2,2,0,0.0,0,1
2021/2022_Leo S_Veron_9Round,3,0.5,0.451,0.549,-0.09800000000000003,0.5065,0.4797,0.026799999999999935,0.5333,0.4,0.13329999999999997,4.328,3.1994,2.0,3,2,1,1.0,0,1
2021/2022_Leo S_Veron_9Round,4,0.75,0.451,0.549,-0.09800000000000003,0.5065,0.4797,0.026799999999999935,0.5333,0.4,0.13329999999999997,4.328,3.1994,2.0,4,2,2,1.0,0,0
2021/2022_Lube_Milan_5Round,1,0.0,0.4706,0.4694,0.0012000000000000344,0.5204,0.4861,0.0343,0.4667,0.4667,0.0,3.8808,4.3489,0.786,0,0,0,0.5,0,1
2021/2022_Lube_Milan_5Round,1,0.0,0.4706,0.4694,0.0012000000000000344,0.5204,0.4861,0.0343,0.4667,0.4667,0.0,3.8808,4.3489,0.786,1,0,1,1.0,0,0
2021/2022_Lube_Milan_5Round,2,0.25,0.4706,0.4694,0.0012000000000000344,0.5204,0.4861,0.0343,0.4667,0.4667,0.0,3.8808,4.3489,0.786,1,1,0,0.0,0,1
2021/2022_Lube_Milan_5Round,2,0.25,0.4706,0.4694,0.0012000000000000344,0.5204,0.4861,0.0343,0.4667,0.4667,0.0,3.8808,4.3489,0.786,2,1,1,1.0,0,0
2021/2022_Lube_Milan_5Round,3,0.5,0.4706,0.4694,0.0012000000000000344,0.5204,0.4861,0.0343,0.4667,0.4667,0.0,3.8808,4.3489,0.786,2,2,0,0.0,0,1
2021/2022_Lube_Milan_5Round,3,0.5,0.4706,0.4694,0.0012000000000000344,0.5204,0.4861,0.0343,0.4667,0.4667,0.0,3.8808,4.3489,0.786,3,2,1,1.0,0,0
2021/2022_Lube_Monza_11Round,1,0.0,0.4528,0.5577,-0.1049,0.5144,0.5346,-0.020199999999999996,0.4667,0.6,-0.13329999999999997,3.2379,4.4798,1.157,0,0,0,0.5,0,1
2021/2022_Lube_Monza_11Round,1,0.0,0.4528,0.5577,-0.1049,0.5144,0.5346,-0.020199999999999996,0.4667,0.6,-0.13329999999999997,3.2379,4.4798,1.157,1,0,1,1.0,0,0
2021/2022_Lube_Monza_11Round,2,0.25,0.4528,0.5577,-0.1049,0.5144,0.5346,-0.020199999999999996,0.4667,0.6,-0.13329999999999997,3.2379,4.4798,1.157,1,1,0,0.0,0,1
2021/2022_Lube_Monza_11Round,2,0.25,0.4528,0.5577,-0.1049,0.5144,0.5346,-0.020199999999999996,0.4667,0.6,-0.13329999999999997,3.2379,4.4798,1.157,2,1,1,1.0,0,0
2021/2022_Lube_Monza_11Round,3,0.5,0.4528,0.5577,-0.1049,0.5144,0.5346,-0.020199999999999996,0.4667,0.6,-0.13329999999999997,3.2379,4.4798,1.157,2,2,0,0.0,0,1
2021/2022_Lube_Monza_11Round,3,0.5,0.4528,0.5577,-0.1049,0.5144,0.5346,-0.020199999999999996,0.4667,0.6,-0.13329999999999997,3.2379,4.4798,1.157,3,2,1,1.0,0,0
2021/2022_Lube_Piace_2Round,1,0.0,0.4583,0.5357,-0.07739999999999997,0.5219,0.4975,0.024400000000000033,0.4,0.6,-0.19999999999999996,3.5448,4.1648,0.5,0,0,0,0.5,0,1
2021/2022_Lube_Piace_2Round,1,0.0,0.4583,0.5357,-0.07739999999999997,0.5219,0.4975,0.024400000000000033,0.4,0.6,-0.19999999999999996,3.5448,4.1648,0.5,1,0,1,1.0,0,0
2021/2022_Lube_Piace_2Round,2,0.25,0.4583,0.5357,-0.07739999999999997,0.5219,0.4975,0.024400000000000033,0.4,0.6,-0.19999999999999996,3.5448,4.1648,0.5,1,1,0,0.0,0,0
2021/2022_Lube_Piace_2Round,2,0.25,0.4583,0.5357,-0.07739999999999997,0.5219,0.4975,0.024400000000000033,0.4,0.6,-0.19999999999999996,3.5448,4.1648,0.5,1,2,-1,0.0,0,0
2021/2022_Lube_Piace_2Round,3,0.5,0.4583,0.5357,-0.07739999999999997,0.5219,0.4975,0.024400000000000033,0.4,0.6,-0.19999999999999996,3.5448,4.1648,0.5,1,3,-2,0.0,0,0
2021/2022_Lube_Piace_2Round,3,0.5,0.4583,0.5357,-0.07739999999999997,0.5219,0.4975,0.024400000000000033,0.4,0.6,-0.19999999999999996,3.5448,4.1648,0.5,1,4,-3,0.0,0,1
2021/2022_Lube_Piace_2Round,4,0.75,0.4583,0.5357,-0.07739999999999997,0.5219,0.4975,0.024400000000000033,0.4,0.6,-0.19999999999999996,3.5448,4.1648,0.5,2,4,-2,1.0,0,0
2021/2022_Lube_Piace_2Round,5,1.0,0.4583,0.5357,-0.07739999999999997,0.5219,0.4975,0.024400000000000033,0.4,0.6,-0.19999999999999996,3.5448,4.1648,0.5,2,5,-3,0.0,1,0
2021/2022_Lube_Sir S_13Round,1,0.0,0.4444,0.6111,-0.16669999999999996,0.5142,0.5026,0.011599999999999944,0.4667,0.6,-0.13329999999999997,3.1934,4.0759,-0.727,0,0,0,0.5,0,0
2021/2022_Lube_Sir S_13Round,1,0.0,0.4444,0.6111,-0.16669999999999996,0.5142,0.5026,0.011599999999999944,0.4667,0.6,-0.13329999999999997,3.1934,4.0759,-0.727,0,1,-1,0.0,0,1
2021/2022_Lube_Sir S_13Round,2,0.25,0.4444,0.6111,-0.16669999999999996,0.5142,0.5026,0.011599999999999944,0.4667,0.6,-0.13329999999999997,3.1934,4.0759,-0.727,1,1,0,1.0,0,1
2021/2022_Lube_Sir S_13Round,2,0.25,0.4444,0.6111,-0.16669999999999996,0.5142,0.5026,0.011599999999999944,0.4667,0.6,-0.13329999999999997,3.1934,4.0759,-0.727,2,1,1,1.0,0,0
2021/2022_Lube_Sir S_13Round,3,0.5,0.4444,0.6111,-0.16669999999999996,0.5142,0.5026,0.011599999999999944,0.4667,0.6,-0.13329999999999997,3.1934,4.0759,-0.727,2,2,0,0.0,0,1
2021/2022_Lube_Sir S_13Round,3,0.5,0.4444,0.6111,-0.16669999999999996,0.5142,0.5026,0.011599999999999944,0.4667,0.6,-0.13329999999999997,3.1934,4.0759,-0.727,3,2,1,1.0,0,1
2021/2022_Lube_Sir S_13Round,4,0.75,0.4444,0.6111,-0.16669999999999996,0.5142,0.5026,0.011599999999999944,0.4667,0.6,-0.13329999999999997,3.1934,4.0759,-0.727,4,2,2,1.0,0,0
2021/2022_Lube_Trent_3Round,1,0.0,0.449,0.5417,-0.09269999999999995,0.5157,0.4903,0.025400000000000034,0.4,0.4667,-0.06669999999999998,3.1733,3.5893,0.093,0,0,0,0.5,0,0
2021/2022_Lube_Trent_3Round,1,0.0,0.449,0.5417,-0.09269999999999995,0.5157,0.4903,0.025400000000000034,0.4,0.4667,-0.06669999999999998,3.1733,3.5893,0.093,0,1,-1,0.0,0,1
2021/2022_Lube_Trent_3Round,2,0.25,0.449,0.5417,-0.09269999999999995,0.5157,0.4903,0.025400000000000034,0.4,0.4667,-0.06669999999999998,3.1733,3.5893,0.093,1,1,0,1.0,0,0
2021/2022_Lube_Trent_3Round,2,0.25,0.449,0.5417,-0.09269999999999995,0.5157,0.4903,0.025400000000000034,0.4,0.4667,-0.06669999999999998,3.1733,3.5893,0.093,1,2,-1,0.0,0,1
2021/2022_Lube_Trent_3Round,3,0.5,0.449,0.5417,-0.09269999999999995,0.5157,0.4903,0.025400000000000034,0.4,0.4667,-0.06669999999999998,3.1733,3.5893,0.093,2,2,0,1.0,0,1
2021/2022_Lube_Trent_3Round,3,0.5,0.449,0.5417,-0.09269999999999995,0.5157,0.4903,0.025400000000000034,0.4,0.4667,-0.06669999999999998,3.1733,3.5893,0.093,3,2,1,1.0,0,0
2021/2022_Lube_Trent_3Round,4,0.75,0.449,0.5417,-0.09269999999999995,0.5157,0.4903,0.025400000000000034,0.4,0.4667,-0.06669999999999998,3.1733,3.5893,0.093,3,3,0,0.0,0,1
2021/2022_Lube_Trent_3Round,4,0.75,0.449,0.5417,-0.09269999999999995,0.5157,0.4903,0.025400000000000034,0.4,0.4667,-0.06669999999999998,3.1733,3.5893,0.093,4,3,1,1.0,0,1
2021/2022_Lube_Trent_3Round,5,1.0,0.449,0.5417,-0.09269999999999995,0.5157,0.4903,0.025400000000000034,0.4,0.4667,-0.06669999999999998,3.1733,3.5893,0.093,5,3,2,1.0,1,1
2021/2022_Lube_Veron_4Round,1,0.0,0.46,0.5714,-0.1114,0.5194,0.4844,0.034999999999999976,0.4667,0.5333,-0.06659999999999999,3.87,3.3072,2.657,0,0,0,0.5,0,1
2021/2022_Lube_Veron_4Round,1,0.0,0.46,0.5714,-0.1114,0.5194,0.4844,0.034999999999999976,0.4667,0.5333,-0.06659999999999999,3.87,3.3072,2.657,1,0,1,1.0,0,0
2021/2022_Lube_Veron_4Round,2,0.25,0.46,0.5714,-0.1114,0.5194,0.4844,0.034999999999999976,0.4667,0.5333,-0.06659999999999999,3.87,3.3072,2.657,1,1,0,0.0,0,1
2021/2022_Lube_Veron_4Round,2,0.25,0.46,0.5714,-0.1114,0.5194,0.4844,0.034999999999999976,0.4667,0.5333,-0.06659999999999999,3.87,3.3072,2.657,2,1,1,1.0,0,1
2021/2022_Lube_Veron_4Round,3,0.5,0.46,0.5714,-0.1114,0.5194,0.4844,0.034999999999999976,0.4667,0.5333,-0.06659999999999999,3.87,3.3072,2.657,3,1,2,1.0,0,1
2021/2022_Lube_Veron_4Round,3,0.5,0.46,0.5714,-0.1114,0.5194,0.4844,0.034999999999999976,0.4667,0.5333,-0.06659999999999999,3.87,3.3072,2.657,4,1,3,1.0,0,0
2021/2022_Lube_Veron_4Round,4,0.75,0.46,0.5714,-0.1114,0.5194,0.4844,0.034999999999999976,0.4667,0.5333,-0.06659999999999999,3.87,3.3072,2.657,4,2,2,0.0,0,0
2021/2022_Med S_Pinet_9Round,1,0.0,0.5,0.5385,-0.03849999999999998,0.4894,0.5,-0.010599999999999998,0.4615,0.4545,0.007000000000000006,3.7537,3.3005,0.0,0,0,0,0.5,0,1
2021/2022_Med S_Pinet_9Round,1,0.0,0.5,0.5385,-0.03849999999999998,0.4894,0.5,-0.010599999999999998,0.4615,0.4545,0.007000000000000006,3.7537,3.3005,0.0,1,0,1,1.0,0,1
2021/2022_Med S_Pinet_9Round,2,0.25,0.5,0.5385,-0.03849999999999998,0.4894,0.5,-0.010599999999999998,0.4615,0.4545,0.007000000000000006,3.7537,3.3005,0.0,2,0,2,1.0,0,1
2021/2022_Med S_Pinet_9Round,2,0.25,0.5,0.5385,-0.03849999999999998,0.4894,0.5,-0.010599999999999998,0.4615,0.4545,0.007000000000000006,3.7537,3.3005,0.0,3,0,3,1.0,0,0
2021/2022_Med S_Pinet_9Round,3,0.5,0.5,0.5385,-0.03849999999999998,0.4894,0.5,-0.010599999999999998,0.4615,0.4545,0.007000000000000006,3.7537,3.3005,0.0,3,1,2,0.0,0,1
2021/2022_Med S_Pinet_9Round,3,0.5,0.5,0.5385,-0.03849999999999998,0.4894,0.5,-0.010599999999999998,0.4615,0.4545,0.007000000000000006,3.7537,3.3005,0.0,4,1,3,1.0,0,0
2021/2022_Med S_Pinet_9Round,4,0.75,0.5,0.5385,-0.03849999999999998,0.4894,0.5,-0.010599999999999998,0.4615,0.4545,0.007000000000000006,3.7537,3.3005,0.0,4,2,2,0.0,0,1
2021/2022_Med S_Pinet_9Round,5,1.0,0.5,0.5385,-0.03849999999999998,0.4894,0.5,-0.010599999999999998,0.4615,0.4545,0.007000000000000006,3.7537,3.3005,0.0,5,2,3,1.0,1,1
2021/2022_Med S_Prata_1Round,1,0.0,0.4667,0.5,-0.033299999999999996,0.4848,0.5082,-0.023399999999999976,0.4167,0.5333,-0.11659999999999998,3.608,3.69,0.0,0,0,0,0.5,0,1
2021/2022_Med S_Prata_1Round,1,0.0,0.4667,0.5,-0.033299999999999996,0.4848,0.5082,-0.023399999999999976,0.4167,0.5333,-0.11659999999999998,3.608,3.69,0.0,1,0,1,1.0,0,1
2021/2022_Med S_Prata_1Round,2,0.25,0.4667,0.5,-0.033299999999999996,0.4848,0.5082,-0.023399999999999976,0.4167,0.5333,-0.11659999999999998,3.608,3.69,0.0,2,0,2,1.0,0,0
2021/2022_Med S_Prata_1Round,2,0.25,0.4667,0.5,-0.033299999999999996,0.4848,0.5082,-0.023399999999999976,0.4167,0.5333,-0.11659999999999998,3.608,3.69,0.0,2,1,1,0.0,0,1
2021/2022_Med S_Prata_1Round,3,0.5,0.4667,0.5,-0.033299999999999996,0.4848,0.5082,-0.023399999999999976,0.4167,0.5333,-0.11659999999999998,3.608,3.69,0.0,3,1,2,1.0,0,0
2021/2022_Med S_Prata_1Round,3,0.5,0.4667,0.5,-0.033299999999999996,0.4848,0.5082,-0.023399999999999976,0.4167,0.5333,-0.11659999999999998,3.608,3.69,0.0,3,2,1,0.0,0,0
2021/2022_Med S_Prata_1Round,4,0.75,0.4667,0.5,-0.033299999999999996,0.4848,0.5082,-0.023399999999999976,0.4167,0.5333,-0.11659999999999998,3.608,3.69,0.0,3,3,0,0.0,0,1
2021/2022_Med S_Prata_1Round,4,0.75,0.4667,0.5,-0.033299999999999996,0.4848,0.5082,-0.023399999999999976,0.4167,0.5333,-0.11659999999999998,3.608,3.69,0.0,4,3,1,1.0,0,1
2021/2022_Med S_Prata_1Round,5,1.0,0.4667,0.5,-0.033299999999999996,0.4848,0.5082,-0.023399999999999976,0.4167,0.5333,-0.11659999999999998,3.608,3.69,0.0,5,3,2,1.0,1,0
2021/2022_Med S_Vigil_13Round,1,0.0,0.5294,0.5294,0.0,0.5034,0.4756,0.027799999999999936,0.5,0.5333,-0.033299999999999996,4.0036,3.4481,0.0,0,0,0,0.5,0,1
2021/2022_Med S_Vigil_13Round,1,0.0,0.5294,0.5294,0.0,0.5034,0.4756,0.027799999999999936,0.5,0.5333,-0.033299999999999996,4.0036,3.4481,0.0,1,0,1,1.0,0,1
2021/2022_Med S_Vigil_13Round,2,0.25,0.5294,0.5294,0.0,0.5034,0.4756,0.027799999999999936,0.5,0.5333,-0.033299999999999996,4.0036,3.4481,0.0,2,0,2,1.0,0,0
2021/2022_Med S_Vigil_13Round,2,0.25,0.5294,0.5294,0.0,0.5034,0.4756,0.027799999999999936,0.5,0.5333,-0.033299999999999996,4.0036,3.4481,0.0,2,1,1,0.0,0,0
2021/2022_Med S_Vigil_13Round,3,0.5,0.5294,0.5294,0.0,0.5034,0.4756,0.027799999999999936,0.5,0.5333,-0.033299999999999996,4.0036,3.4481,0.0,2,2,0,0.0,0,1
2021/2022_Med S_Vigil_13Round,3,0.5,0.5294,0.5294,0.0,0.5034,0.4756,0.027799999999999936,0.5,0.5333,-0.033299999999999996,4.0036,3.4481,0.0,3,2,1,1.0,0,1
2021/2022_Med S_Vigil_13Round,4,0.75,0.5294,0.5294,0.0,0.5034,0.4756,0.027799999999999936,0.5,0.5333,-0.033299999999999996,4.0036,3.4481,0.0,4,2,2,1.0,0,1
2021/2022_Med S_Vigil_13Round,4,0.75,0.5294,0.5294,0.0,0.5034,0.4756,0.027799999999999936,0.5,0.5333,-0.033299999999999996,4.0036,3.4481,0.0,5,2,3,1.0,0,0
2021/2022_Med S_Vigil_13Round,5,1.0,0.5294,0.5294,0.0,0.5034,0.4756,0.027799999999999936,0.5,0.5333,-0.033299999999999996,4.0036,3.4481,0.0,5,3,2,0.0,1,0
2021/2022_Milan_Monza_2Round,1,0.0,0.4681,0.5417,-0.07359999999999994,0.4839,0.5208,-0.036900000000000044,0.4667,0.6,-0.13329999999999997,4.1776,2.961,-0.229,0,0,0,0.5,0,0
2021/2022_Milan_Monza_2Round,1,0.0,0.4681,0.5417,-0.07359999999999994,0.4839,0.5208,-0.036900000000000044,0.4667,0.6,-0.13329999999999997,4.1776,2.961,-0.229,0,1,-1,0.0,0,0
2021/2022_Milan_Monza_2Round,2,0.25,0.4681,0.5417,-0.07359999999999994,0.4839,0.5208,-0.036900000000000044,0.4667,0.6,-0.13329999999999997,4.1776,2.961,-0.229,0,2,-2,0.0,0,0
2021/2022_Milan_Monza_2Round,2,0.25,0.4681,0.5417,-0.07359999999999994,0.4839,0.5208,-0.036900000000000044,0.4667,0.6,-0.13329999999999997,4.1776,2.961,-0.229,0,3,-3,0.0,0,1
2021/2022_Milan_Monza_2Round,3,0.5,0.4681,0.5417,-0.07359999999999994,0.4839,0.5208,-0.036900000000000044,0.4667,0.6,-0.13329999999999997,4.1776,2.961,-0.229,1,3,-2,1.0,0,0
2021/2022_Milan_Monza_2Round,3,0.5,0.4681,0.5417,-0.07359999999999994,0.4839,0.5208,-0.036900000000000044,0.4667,0.6,-0.13329999999999997,4.1776,2.961,-0.229,1,4,-3,0.0,0,1
2021/2022_Milan_Monza_2Round,4,0.75,0.4681,0.5417,-0.07359999999999994,0.4839,0.5208,-0.036900000000000044,0.4667,0.6,-0.13329999999999997,4.1776,2.961,-0.229,2,4,-2,1.0,0,0
2021/2022_Milan_Monza_2Round,5,1.0,0.4681,0.5417,-0.07359999999999994,0.4839,0.5208,-0.036900000000000044,0.4667,0.6,-0.13329999999999997,4.1776,2.961,-0.229,2,5,-3,0.0,1,1
2021/2022_Milan_Piace_3Round,1,0.0,0.4583,0.5517,-0.09339999999999998,0.4814,0.5072,-0.02579999999999999,0.4667,0.6,-0.13329999999999997,3.8582,4.4656,-1.937,0,0,0,0.5,0,1
2021/2022_Milan_Piace_3Round,1,0.0,0.4583,0.5517,-0.09339999999999998,0.4814,0.5072,-0.02579999999999999,0.4667,0.6,-0.13329999999999997,3.8582,4.4656,-1.937,1,0,1,1.0,0,0
2021/2022_Milan_Piace_3Round,2,0.25,0.4583,0.5517,-0.09339999999999998,0.4814,0.5072,-0.02579999999999999,0.4667,0.6,-0.13329999999999997,3.8582,4.4656,-1.937,1,1,0,0.0,0,1
2021/2022_Milan_Piace_3Round,2,0.25,0.4583,0.5517,-0.09339999999999998,0.4814,0.5072,-0.02579999999999999,0.4667,0.6,-0.13329999999999997,3.8582,4.4656,-1.937,2,1,1,1.0,0,0
2021/2022_Milan_Piace_3Round,3,0.5,0.4583,0.5517,-0.09339999999999998,0.4814,0.5072,-0.02579999999999999,0.4667,0.6,-0.13329999999999997,3.8582,4.4656,-1.937,2,2,0,0.0,0,1
2021/2022_Milan_Piace_3Round,3,0.5,0.4583,0.5517,-0.09339999999999998,0.4814,0.5072,-0.02579999999999999,0.4667,0.6,-0.13329999999999997,3.8582,4.4656,-1.937,3,2,1,1.0,0,1
2021/2022_Milan_Piace_3Round,4,0.75,0.4583,0.5517,-0.09339999999999998,0.4814,0.5072,-0.02579999999999999,0.4667,0.6,-0.13329999999999997,3.8582,4.4656,-1.937,4,2,2,1.0,0,1
2021/2022_Milan_Piace_3Round,4,0.75,0.4583,0.5517,-0.09339999999999998,0.4814,0.5072,-0.02579999999999999,0.4667,0.6,-0.13329999999999997,3.8582,4.4656,-1.937,5,2,3,1.0,0,0
2021/2022_Milan_Piace_3Round,5,1.0,0.4583,0.5517,-0.09339999999999998,0.4814,0.5072,-0.02579999999999999,0.4667,0.6,-0.13329999999999997,3.8582,4.4656,-1.937,5,3,2,0.0,1,1
2021/2022_Milan_Sir S_6Round,1,0.0,0.48,0.5918,-0.11180000000000001,0.4863,0.5,-0.01369999999999999,0.4667,0.6,-0.13329999999999997,3.9772,4.2449,-2.147,0,0,0,0.5,0,0
2021/2022_Milan_Sir S_6Round,1,0.0,0.48,0.5918,-0.11180000000000001,0.4863,0.5,-0.01369999999999999,0.4667,0.6,-0.13329999999999997,3.9772,4.2449,-2.147,0,1,-1,0.0,0,1
2021/2022_Milan_Sir S_6Round,2,0.25,0.48,0.5918,-0.11180000000000001,0.4863,0.5,-0.01369999999999999,0.4667,0.6,-0.13329999999999997,3.9772,4.2449,-2.147,1,1,0,1.0,0,1
2021/2022_Milan_Sir S_6Round,2,0.25,0.48,0.5918,-0.11180000000000001,0.4863,0.5,-0.01369999999999999,0.4667,0.6,-0.13329999999999997,3.9772,4.2449,-2.147,2,1,1,1.0,0,0
2021/2022_Milan_Sir S_6Round,3,0.5,0.48,0.5918,-0.11180000000000001,0.4863,0.5,-0.01369999999999999,0.4667,0.6,-0.13329999999999997,3.9772,4.2449,-2.147,2,2,0,0.0,0,1
2021/2022_Milan_Sir S_6Round,3,0.5,0.48,0.5918,-0.11180000000000001,0.4863,0.5,-0.01369999999999999,0.4667,0.6,-0.13329999999999997,3.9772,4.2449,-2.147,3,2,1,1.0,0,1
2021/2022_Milan_Sir S_6Round,4,0.75,0.48,0.5918,-0.11180000000000001,0.4863,0.5,-0.01369999999999999,0.4667,0.6,-0.13329999999999997,3.9772,4.2449,-2.147,4,2,2,1.0,0,0
2021/2022_Milan_Trent_12Round,1,0.0,0.5,0.537,-0.03700000000000003,0.4912,0.4842,0.007000000000000006,0.5333,0.5333,0.0,3.9212,3.6076,-0.942,0,0,0,0.5,0,0
2021/2022_Milan_Trent_12Round,1,0.0,0.5,0.537,-0.03700000000000003,0.4912,0.4842,0.007000000000000006,0.5333,0.5333,0.0,3.9212,3.6076,-0.942,0,1,-1,0.0,0,0
2021/2022_Milan_Trent_12Round,2,0.25,0.5,0.537,-0.03700000000000003,0.4912,0.4842,0.007000000000000006,0.5333,0.5333,0.0,3.9212,3.6076,-0.942,0,2,-2,0.0,0,0
2021/2022_Milan_Trent_12Round,2,0.25,0.5,0.537,-0.03700000000000003,0.4912,0.4842,0.007000000000000006,0.5333,0.5333,0.0,3.9212,3.6076,-0.942,0,3,-3,0.0,0,1
2021/2022_Milan_Trent_12Round,3,0.5,0.5,0.537,-0.03700000000000003,0.4912,0.4842,0.007000000000000006,0.5333,0.5333,0.0,3.9212,3.6076,-0.942,1,3,-2,1.0,0,0
2021/2022_Milan_Trent_12Round,3,0.5,0.5,0.537,-0.03700000000000003,0.4912,0.4842,0.007000000000000006,0.5333,0.5333,0.0,3.9212,3.6076,-0.942,1,4,-3,0.0,0,1
2021/2022_Milan_Trent_12Round,4,0.75,0.5,0.537,-0.03700000000000003,0.4912,0.4842,0.007000000000000006,0.5333,0.5333,0.0,3.9212,3.6076,-0.942,2,4,-2,1.0,0,0
2021/2022_Milan_Trent_12Round,5,1.0,0.5,0.537,-0.03700000000000003,0.4912,0.4842,0.007000000000000006,0.5333,0.5333,0.0,3.9212,3.6076,-0.942,2,5,-3,0.0,1,1
2021/2022_Milan_Veron_7Round,1,0.0,0.4902,0.56,-0.06980000000000003,0.4879,0.4833,0.004599999999999993,0.5333,0.4667,0.06659999999999999,3.9562,3.2443,-1.075,0,0,0,0.5,0,0
2021/2022_Milan_Veron_7Round,1,0.0,0.4902,0.56,-0.06980000000000003,0.4879,0.4833,0.004599999999999993,0.5333,0.4667,0.06659999999999999,3.9562,3.2443,-1.075,0,1,-1,0.0,0,0
2021/2022_Milan_Veron_7Round,2,0.25,0.4902,0.56,-0.06980000000000003,0.4879,0.4833,0.004599999999999993,0.5333,0.4667,0.06659999999999999,3.9562,3.2443,-1.075,0,2,-2,0.0,0,1
2021/2022_Milan_Veron_7Round,2,0.25,0.4902,0.56,-0.06980000000000003,0.4879,0.4833,0.004599999999999993,0.5333,0.4667,0.06659999999999999,3.9562,3.2443,-1.075,1,2,-1,1.0,0,1
2021/2022_Milan_Veron_7Round,3,0.5,0.4902,0.56,-0.06980000000000003,0.4879,0.4833,0.004599999999999993,0.5333,0.4667,0.06659999999999999,3.9562,3.2443,-1.075,2,2,0,1.0,0,0
2021/2022_Milan_Veron_7Round,3,0.5,0.4902,0.56,-0.06980000000000003,0.4879,0.4833,0.004599999999999993,0.5333,0.4667,0.06659999999999999,3.9562,3.2443,-1.075,2,3,-1,0.0,0,1
2021/2022_Milan_Veron_7Round,4,0.75,0.4902,0.56,-0.06980000000000003,0.4879,0.4833,0.004599999999999993,0.5333,0.4667,0.06659999999999999,3.9562,3.2443,-1.075,3,3,0,1.0,0,1
2021/2022_Milan_Veron_7Round,4,0.75,0.4902,0.56,-0.06980000000000003,0.4879,0.4833,0.004599999999999993,0.5333,0.4667,0.06659999999999999,3.9562,3.2443,-1.075,4,3,1,1.0,0,1
2021/2022_Milan_Veron_7Round,5,1.0,0.4902,0.56,-0.06980000000000003,0.4879,0.4833,0.004599999999999993,0.5333,0.4667,0.06659999999999999,3.9562,3.2443,-1.075,5,3,2,1.0,1,1
2021/2022_Monza_Piace_5Round,1,0.0,0.551,0.5484,0.0026000000000000467,0.5231,0.5066,0.01649999999999996,0.5333,0.6,-0.06669999999999998,3.4787,4.4259,-1.95,0,0,0,0.5,0,1
2021/2022_Monza_Piace_5Round,1,0.0,0.551,0.5484,0.0026000000000000467,0.5231,0.5066,0.01649999999999996,0.5333,0.6,-0.06669999999999998,3.4787,4.4259,-1.95,1,0,1,1.0,0,1
2021/2022_Monza_Piace_5Round,2,0.25,0.551,0.5484,0.0026000000000000467,0.5231,0.5066,0.01649999999999996,0.5333,0.6,-0.06669999999999998,3.4787,4.4259,-1.95,2,0,2,1.0,0,1
2021/2022_Monza_Piace_5Round,2,0.25,0.551,0.5484,0.0026000000000000467,0.5231,0.5066,0.01649999999999996,0.5333,0.6,-0.06669999999999998,3.4787,4.4259,-1.95,3,0,3,1.0,0,1
2021/2022_Monza_Piace_5Round,3,0.5,0.551,0.5484,0.0026000000000000467,0.5231,0.5066,0.01649999999999996,0.5333,0.6,-0.06669999999999998,3.4787,4.4259,-1.95,4,0,4,1.0,0,1
2021/2022_Monza_Piace_5Round,3,0.5,0.551,0.5484,0.0026000000000000467,0.5231,0.5066,0.01649999999999996,0.5333,0.6,-0.06669999999999998,3.4787,4.4259,-1.95,5,0,5,1.0,0,1
2021/2022_Monza_Sir S_12Round,1,0.0,0.566,0.6038,-0.037800000000000056,0.5341,0.5026,0.03149999999999997,0.4667,0.6,-0.13329999999999997,4.0672,4.1454,0.765,0,0,0,0.5,0,0
2021/2022_Monza_Sir S_12Round,1,0.0,0.566,0.6038,-0.037800000000000056,0.5341,0.5026,0.03149999999999997,0.4667,0.6,-0.13329999999999997,4.0672,4.1454,0.765,0,1,-1,0.0,0,1
2021/2022_Monza_Sir S_12Round,2,0.25,0.566,0.6038,-0.037800000000000056,0.5341,0.5026,0.03149999999999997,0.4667,0.6,-0.13329999999999997,4.0672,4.1454,0.765,1,1,0,1.0,0,1
2021/2022_Monza_Sir S_12Round,2,0.25,0.566,0.6038,-0.037800000000000056,0.5341,0.5026,0.03149999999999997,0.4667,0.6,-0.13329999999999997,4.0672,4.1454,0.765,2,1,1,1.0,0,1
2021/2022_Monza_Sir S_12Round,3,0.5,0.566,0.6038,-0.037800000000000056,0.5341,0.5026,0.03149999999999997,0.4667,0.6,-0.13329999999999997,4.0672,4.1454,0.765,3,1,2,1.0,0,0
2021/2022_Monza_Sir S_12Round,3,0.5,0.566,0.6038,-0.037800000000000056,0.5341,0.5026,0.03149999999999997,0.4667,0.6,-0.13329999999999997,4.0672,4.1454,0.765,3,2,1,0.0,0,0
2021/2022_Monza_Sir S_12Round,4,0.75,0.566,0.6038,-0.037800000000000056,0.5341,0.5026,0.03149999999999997,0.4667,0.6,-0.13329999999999997,4.0672,4.1454,0.765,3,3,0,0.0,0,0
2021/2022_Monza_Sir S_12Round,4,0.75,0.566,0.6038,-0.037800000000000056,0.5341,0.5026,0.03149999999999997,0.4667,0.6,-0.13329999999999997,4.0672,4.1454,0.765,3,4,-1,0.0,0,1
2021/2022_Monza_Trent_6Round,1,0.0,0.56,0.5294,0.03060000000000007,0.5308,0.4858,0.04500000000000004,0.5333,0.4,0.13329999999999997,4.085,3.5321,-1.208,0,0,0,0.5,0,1
2021/2022_Monza_Trent_6Round,1,0.0,0.56,0.5294,0.03060000000000007,0.5308,0.4858,0.04500000000000004,0.5333,0.4,0.13329999999999997,4.085,3.5321,-1.208,1,0,1,1.0,0,0
2021/2022_Monza_Trent_6Round,2,0.25,0.56,0.5294,0.03060000000000007,0.5308,0.4858,0.04500000000000004,0.5333,0.4,0.13329999999999997,4.085,3.5321,-1.208,1,1,0,0.0,0,1
2021/2022_Monza_Trent_6Round,2,0.25,0.56,0.5294,0.03060000000000007,0.5308,0.4858,0.04500000000000004,0.5333,0.4,0.13329999999999997,4.085,3.5321,-1.208,2,1,1,1.0,0,0
2021/2022_Monza_Trent_6Round,3,0.5,0.56,0.5294,0.03060000000000007,0.5308,0.4858,0.04500000000000004,0.5333,0.4,0.13329999999999997,4.085,3.5321,-1.208,2,2,0,0.0,0,1
2021/2022_Monza_Trent_6Round,3,0.5,0.56,0.5294,0.03060000000000007,0.5308,0.4858,0.04500000000000004,0.5333,0.4,0.13329999999999997,4.085,3.5321,-1.208,3,2,1,1.0,0,0
2021/2022_Monza_Trent_6Round,4,0.75,0.56,0.5294,0.03060000000000007,0.5308,0.4858,0.04500000000000004,0.5333,0.4,0.13329999999999997,4.085,3.5321,-1.208,3,3,0,0.0,0,0
2021/2022_Monza_Trent_6Round,4,0.75,0.56,0.5294,0.03060000000000007,0.5308,0.4858,0.04500000000000004,0.5333,0.4,0.13329999999999997,4.085,3.5321,-1.208,3,4,-1,0.0,0,1
2021/2022_Monza_Veron_13Round,1,0.0,0.5556,0.5185,0.03710000000000002,0.5334,0.4681,0.06529999999999997,0.4,0.3333,0.06670000000000004,4.0209,2.541,-0.732,0,0,0,0.5,0,1
2021/2022_Monza_Veron_13Round,1,0.0,0.5556,0.5185,0.03710000000000002,0.5334,0.4681,0.06529999999999997,0.4,0.3333,0.06670000000000004,4.0209,2.541,-0.732,1,0,1,1.0,0,0
2021/2022_Monza_Veron_13Round,2,0.25,0.5556,0.5185,0.03710000000000002,0.5334,0.4681,0.06529999999999997,0.4,0.3333,0.06670000000000004,4.0209,2.541,-0.732,1,1,0,0.0,0,1
2021/2022_Monza_Veron_13Round,2,0.25,0.5556,0.5185,0.03710000000000002,0.5334,0.4681,0.06529999999999997,0.4,0.3333,0.06670000000000004,4.0209,2.541,-0.732,2,1,1,1.0,0,0
2021/2022_Monza_Veron_13Round,3,0.5,0.5556,0.5185,0.03710000000000002,0.5334,0.4681,0.06529999999999997,0.4,0.3333,0.06670000000000004,4.0209,2.541,-0.732,2,2,0,0.0,0,1
2021/2022_Monza_Veron_13Round,3,0.5,0.5556,0.5185,0.03710000000000002,0.5334,0.4681,0.06529999999999997,0.4,0.3333,0.06670000000000004,4.0209,2.541,-0.732,3,2,1,1.0,0,1
2021/2022_Monza_Veron_13Round,4,0.75,0.5556,0.5185,0.03710000000000002,0.5334,0.4681,0.06529999999999997,0.4,0.3333,0.06670000000000004,4.0209,2.541,-0.732,4,2,2,1.0,0,0
2021/2022_Monza_Veron_13Round,4,0.75,0.5556,0.5185,0.03710000000000002,0.5334,0.4681,0.06529999999999997,0.4,0.3333,0.06670000000000004,4.0209,2.541,-0.732,4,3,1,0.0,0,1
2021/2022_Monza_Veron_13Round,5,1.0,0.5556,0.5185,0.03710000000000002,0.5334,0.4681,0.06529999999999997,0.4,0.3333,0.06670000000000004,4.0209,2.541,-0.732,5,3,2,1.0,1,1
2021/2022_Piace_Sir S_11Round,1,0.0,0.5,0.5962,-0.09619999999999995,0.486,0.5013,-0.01529999999999998,0.4667,0.6,-0.13329999999999997,3.351,4.2449,-1.763,0,0,0,0.5,0,0
2021/2022_Piace_Sir S_11Round,1,0.0,0.5,0.5962,-0.09619999999999995,0.486,0.5013,-0.01529999999999998,0.4667,0.6,-0.13329999999999997,3.351,4.2449,-1.763,0,1,-1,0.0,0,1
2021/2022_Piace_Sir S_11Round,2,0.25,0.5,0.5962,-0.09619999999999995,0.486,0.5013,-0.01529999999999998,0.4667,0.6,-0.13329999999999997,3.351,4.2449,-1.763,1,1,0,1.0,0,0
2021/2022_Piace_Sir S_11Round,2,0.25,0.5,0.5962,-0.09619999999999995,0.486,0.5013,-0.01529999999999998,0.4667,0.6,-0.13329999999999997,3.351,4.2449,-1.763,1,2,-1,0.0,0,0
2021/2022_Piace_Sir S_11Round,3,0.5,0.5,0.5962,-0.09619999999999995,0.486,0.5013,-0.01529999999999998,0.4667,0.6,-0.13329999999999997,3.351,4.2449,-1.763,1,3,-2,0.0,0,0
2021/2022_Piace_Sir S_11Round,3,0.5,0.5,0.5962,-0.09619999999999995,0.486,0.5013,-0.01529999999999998,0.4667,0.6,-0.13329999999999997,3.351,4.2449,-1.763,1,4,-3,0.0,0,1
2021/2022_Piace_Sir S_11Round,4,0.75,0.5,0.5962,-0.09619999999999995,0.486,0.5013,-0.01529999999999998,0.4667,0.6,-0.13329999999999997,3.351,4.2449,-1.763,2,4,-2,1.0,0,1
2021/2022_Piace_Trent_10Round,1,0.0,0.5152,0.5283,-0.0131,0.4856,0.4839,0.0016999999999999793,0.4667,0.4667,0.0,3.1407,3.4793,-1.665,0,0,0,0.5,0,1
2021/2022_Piace_Trent_10Round,1,0.0,0.5152,0.5283,-0.0131,0.4856,0.4839,0.0016999999999999793,0.4667,0.4667,0.0,3.1407,3.4793,-1.665,1,0,1,1.0,0,1
2021/2022_Piace_Trent_10Round,2,0.25,0.5152,0.5283,-0.0131,0.4856,0.4839,0.0016999999999999793,0.4667,0.4667,0.0,3.1407,3.4793,-1.665,2,0,2,1.0,0,0
2021/2022_Piace_Trent_10Round,2,0.25,0.5152,0.5283,-0.0131,0.4856,0.4839,0.0016999999999999793,0.4667,0.4667,0.0,3.1407,3.4793,-1.665,2,1,1,0.0,0,0
2021/2022_Piace_Trent_10Round,3,0.5,0.5152,0.5283,-0.0131,0.4856,0.4839,0.0016999999999999793,0.4667,0.4667,0.0,3.1407,3.4793,-1.665,2,2,0,0.0,0,1
2021/2022_Piace_Trent_10Round,3,0.5,0.5152,0.5283,-0.0131,0.4856,0.4839,0.0016999999999999793,0.4667,0.4667,0.0,3.1407,3.4793,-1.665,3,2,1,1.0,0,0
2021/2022_Piace_Trent_10Round,4,0.75,0.5152,0.5283,-0.0131,0.4856,0.4839,0.0016999999999999793,0.4667,0.4667,0.0,3.1407,3.4793,-1.665,3,3,0,0.0,0,0
2021/2022_Piace_Trent_10Round,4,0.75,0.5152,0.5283,-0.0131,0.4856,0.4839,0.0016999999999999793,0.4667,0.4667,0.0,3.1407,3.4793,-1.665,3,4,-1,0.0,0,1
2021/2022_Piace_Veron_12Round,1,0.0,0.4857,0.5283,-0.04259999999999997,0.4845,0.4726,0.011899999999999966,0.4,0.3333,0.06670000000000004,3.2872,2.6576,0.359,0,0,0,0.5,0,1
2021/2022_Piace_Veron_12Round,1,0.0,0.4857,0.5283,-0.04259999999999997,0.4845,0.4726,0.011899999999999966,0.4,0.3333,0.06670000000000004,3.2872,2.6576,0.359,1,0,1,1.0,0,0
2021/2022_Piace_Veron_12Round,2,0.25,0.4857,0.5283,-0.04259999999999997,0.4845,0.4726,0.011899999999999966,0.4,0.3333,0.06670000000000004,3.2872,2.6576,0.359,1,1,0,0.0,0,1
2021/2022_Piace_Veron_12Round,2,0.25,0.4857,0.5283,-0.04259999999999997,0.4845,0.4726,0.011899999999999966,0.4,0.3333,0.06670000000000004,3.2872,2.6576,0.359,2,1,1,1.0,0,1
2021/2022_Piace_Veron_12Round,3,0.5,0.4857,0.5283,-0.04259999999999997,0.4845,0.4726,0.011899999999999966,0.4,0.3333,0.06670000000000004,3.2872,2.6576,0.359,3,1,2,1.0,0,1
2021/2022_Piace_Veron_12Round,3,0.5,0.4857,0.5283,-0.04259999999999997,0.4845,0.4726,0.011899999999999966,0.4,0.3333,0.06670000000000004,3.2872,2.6576,0.359,4,1,3,1.0,0,0
2021/2022_Piace_Veron_12Round,4,0.75,0.4857,0.5283,-0.04259999999999997,0.4845,0.4726,0.011899999999999966,0.4,0.3333,0.06670000000000004,3.2872,2.6576,0.359,4,2,2,0.0,0,1
2021/2022_Piace_Veron_12Round,5,1.0,0.4857,0.5283,-0.04259999999999997,0.4845,0.4726,0.011899999999999966,0.4,0.3333,0.06670000000000004,3.2872,2.6576,0.359,5,2,3,1.0,1,1
2021/2022_Pinet_Prata_2Round,1,0.0,0.5,0.4706,0.02939999999999998,0.4679,0.5037,-0.035800000000000054,0.5455,0.4667,0.07879999999999998,3.1155,3.7077,0.0,0,0,0,0.5,0,1
2021/2022_Pinet_Prata_2Round,1,0.0,0.5,0.4706,0.02939999999999998,0.4679,0.5037,-0.035800000000000054,0.5455,0.4667,0.07879999999999998,3.1155,3.7077,0.0,1,0,1,1.0,0,1
2021/2022_Pinet_Prata_2Round,2,0.25,0.5,0.4706,0.02939999999999998,0.4679,0.5037,-0.035800000000000054,0.5455,0.4667,0.07879999999999998,3.1155,3.7077,0.0,2,0,2,1.0,0,1
2021/2022_Pinet_Prata_2Round,2,0.25,0.5,0.4706,0.02939999999999998,0.4679,0.5037,-0.035800000000000054,0.5455,0.4667,0.07879999999999998,3.1155,3.7077,0.0,3,0,3,1.0,0,1
2021/2022_Pinet_Prata_2Round,3,0.5,0.5,0.4706,0.02939999999999998,0.4679,0.5037,-0.035800000000000054,0.5455,0.4667,0.07879999999999998,3.1155,3.7077,0.0,4,0,4,1.0,0,1
2021/2022_Pinet_Prata_2Round,3,0.5,0.5,0.4706,0.02939999999999998,0.4679,0.5037,-0.035800000000000054,0.5455,0.4667,0.07879999999999998,3.1155,3.7077,0.0,5,0,5,1.0,0,0
2021/2022_Pinet_Prata_2Round,4,0.75,0.5,0.4706,0.02939999999999998,0.4679,0.5037,-0.035800000000000054,0.5455,0.4667,0.07879999999999998,3.1155,3.7077,0.0,5,1,4,0.0,0,1
2021/2022_Pinet_Vigil_12Round,1,0.0,0.5,0.5625,-0.0625,0.4796,0.4928,-0.01319999999999999,0.5833,0.6,-0.016699999999999937,3.1984,3.8345,0.0,0,0,0,0.5,0,1
2021/2022_Pinet_Vigil_12Round,1,0.0,0.5,0.5625,-0.0625,0.4796,0.4928,-0.01319999999999999,0.5833,0.6,-0.016699999999999937,3.1984,3.8345,0.0,1,0,1,1.0,0,1
2021/2022_Pinet_Vigil_12Round,2,0.25,0.5,0.5625,-0.0625,0.4796,0.4928,-0.01319999999999999,0.5833,0.6,-0.016699999999999937,3.1984,3.8345,0.0,2,0,2,1.0,0,1
2021/2022_Pinet_Vigil_12Round,2,0.25,0.5,0.5625,-0.0625,0.4796,0.4928,-0.01319999999999999,0.5833,0.6,-0.016699999999999937,3.1984,3.8345,0.0,3,0,3,1.0,0,0
2021/2022_Pinet_Vigil_12Round,3,0.5,0.5,0.5625,-0.0625,0.4796,0.4928,-0.01319999999999999,0.5833,0.6,-0.016699999999999937,3.1984,3.8345,0.0,3,1,2,0.0,0,1
2021/2022_Pinet_Vigil_12Round,3,0.5,0.5,0.5625,-0.0625,0.4796,0.4928,-0.01319999999999999,0.5833,0.6,-0.016699999999999937,3.1984,3.8345,0.0,4,1,3,1.0,0,1
2021/2022_Pinet_Vigil_12Round,4,0.75,0.5,0.5625,-0.0625,0.4796,0.4928,-0.01319999999999999,0.5833,0.6,-0.016699999999999937,3.1984,3.8345,0.0,5,1,4,1.0,0,1
2021/2022_Prata_Vigil_5Round,1,0.0,0.4444,0.5333,-0.08889999999999998,0.4857,0.4924,-0.006699999999999984,0.4545,0.5714,-0.1169,3.3234,3.8535,0.0,0,0,0,0.5,0,0
2021/2022_Prata_Vigil_5Round,1,0.0,0.4444,0.5333,-0.08889999999999998,0.4857,0.4924,-0.006699999999999984,0.4545,0.5714,-0.1169,3.3234,3.8535,0.0,0,1,-1,0.0,0,0
2021/2022_Prata_Vigil_5Round,2,0.25,0.4444,0.5333,-0.08889999999999998,0.4857,0.4924,-0.006699999999999984,0.4545,0.5714,-0.1169,3.3234,3.8535,0.0,0,2,-2,0.0,0,1
2021/2022_Prata_Vigil_5Round,2,0.25,0.4444,0.5333,-0.08889999999999998,0.4857,0.4924,-0.006699999999999984,0.4545,0.5714,-0.1169,3.3234,3.8535,0.0,1,2,-1,1.0,0,1
2021/2022_Prata_Vigil_5Round,3,0.5,0.4444,0.5333,-0.08889999999999998,0.4857,0.4924,-0.006699999999999984,0.4545,0.5714,-0.1169,3.3234,3.8535,0.0,2,2,0,1.0,0,0
2021/2022_Prata_Vigil_5Round,3,0.5,0.4444,0.5333,-0.08889999999999998,0.4857,0.4924,-0.006699999999999984,0.4545,0.5714,-0.1169,3.3234,3.8535,0.0,2,3,-1,0.0,0,1
2021/2022_Prata_Vigil_5Round,4,0.75,0.4444,0.5333,-0.08889999999999998,0.4857,0.4924,-0.006699999999999984,0.4545,0.5714,-0.1169,3.3234,3.8535,0.0,3,3,0,1.0,0,1
2021/2022_Prata_Vigil_5Round,4,0.75,0.4444,0.5333,-0.08889999999999998,0.4857,0.4924,-0.006699999999999984,0.4545,0.5714,-0.1169,3.3234,3.8535,0.0,4,3,1,1.0,0,0
2021/2022_Shedi_Siste_11Round,1,0.0,0.4545,0.5385,-0.08399999999999996,0.5,0.505,-0.0050000000000000044,0.4545,0.5,-0.045499999999999985,3.4533,3.6351,0.0,0,0,0,0.5,0,0
2021/2022_Shedi_Siste_11Round,1,0.0,0.4545,0.5385,-0.08399999999999996,0.5,0.505,-0.0050000000000000044,0.4545,0.5,-0.045499999999999985,3.4533,3.6351,0.0,0,1,-1,0.0,0,0
2021/2022_Shedi_Siste_11Round,2,0.25,0.4545,0.5385,-0.08399999999999996,0.5,0.505,-0.0050000000000000044,0.4545,0.5,-0.045499999999999985,3.4533,3.6351,0.0,0,2,-2,0.0,0,0
2021/2022_Shedi_Siste_11Round,2,0.25,0.4545,0.5385,-0.08399999999999996,0.5,0.505,-0.0050000000000000044,0.4545,0.5,-0.045499999999999985,3.4533,3.6351,0.0,0,3,-3,0.0,0,0
2021/2022_Shedi_Siste_11Round,3,0.5,0.4545,0.5385,-0.08399999999999996,0.5,0.505,-0.0050000000000000044,0.4545,0.5,-0.045499999999999985,3.4533,3.6351,0.0,0,4,-4,0.0,0,0
2021/2022_Shedi_Siste_11Round,3,0.5,0.4545,0.5385,-0.08399999999999996,0.5,0.505,-0.0050000000000000044,0.4545,0.5,-0.045499999999999985,3.4533,3.6351,0.0,0,5,-5,0.0,0,1
2021/2022_Shedi_Siste_11Round,4,0.75,0.4545,0.5385,-0.08399999999999996,0.5,0.505,-0.0050000000000000044,0.4545,0.5,-0.045499999999999985,3.4533,3.6351,0.0,1,5,-4,1.0,0,1
2021/2022_Shedi_Siste_11Round,5,1.0,0.4545,0.5385,-0.08399999999999996,0.5,0.505,-0.0050000000000000044,0.4545,0.5,-0.045499999999999985,3.4533,3.6351,0.0,2,5,-3,1.0,1,0
2021/2022_Shedi_Wow G_1Round,1,0.0,0.5,0.5625,-0.0625,0.5,0.5426,-0.04259999999999997,0.5,0.5714,-0.07140000000000002,3.4986,3.8977,0.0,0,0,0,0.5,0,0
2021/2022_Shedi_Wow G_1Round,1,0.0,0.5,0.5625,-0.0625,0.5,0.5426,-0.04259999999999997,0.5,0.5714,-0.07140000000000002,3.4986,3.8977,0.0,0,1,-1,0.0,0,1
2021/2022_Shedi_Wow G_1Round,2,0.25,0.5,0.5625,-0.0625,0.5,0.5426,-0.04259999999999997,0.5,0.5714,-0.07140000000000002,3.4986,3.8977,0.0,1,1,0,1.0,0,0
2021/2022_Shedi_Wow G_1Round,2,0.25,0.5,0.5625,-0.0625,0.5,0.5426,-0.04259999999999997,0.5,0.5714,-0.07140000000000002,3.4986,3.8977,0.0,1,2,-1,0.0,0,1
2021/2022_Shedi_Wow G_1Round,3,0.5,0.5,0.5625,-0.0625,0.5,0.5426,-0.04259999999999997,0.5,0.5714,-0.07140000000000002,3.4986,3.8977,0.0,2,2,0,1.0,0,0
2021/2022_Shedi_Wow G_1Round,3,0.5,0.5,0.5625,-0.0625,0.5,0.5426,-0.04259999999999997,0.5,0.5714,-0.07140000000000002,3.4986,3.8977,0.0,2,3,-1,0.0,0,1
2021/2022_Sir S_Trent_5Round,1,0.0,0.5833,0.54,0.043300000000000005,0.4941,0.4908,0.0032999999999999696,0.5333,0.4667,0.06659999999999999,3.7103,4.0601,-0.572,0,0,0,0.5,0,1
2021/2022_Sir S_Trent_5Round,1,0.0,0.5833,0.54,0.043300000000000005,0.4941,0.4908,0.0032999999999999696,0.5333,0.4667,0.06659999999999999,3.7103,4.0601,-0.572,1,0,1,1.0,0,1
2021/2022_Sir S_Trent_5Round,2,0.25,0.5833,0.54,0.043300000000000005,0.4941,0.4908,0.0032999999999999696,0.5333,0.4667,0.06659999999999999,3.7103,4.0601,-0.572,2,0,2,1.0,0,1
2021/2022_Sir S_Trent_5Round,2,0.25,0.5833,0.54,0.043300000000000005,0.4941,0.4908,0.0032999999999999696,0.5333,0.4667,0.06659999999999999,3.7103,4.0601,-0.572,3,0,3,1.0,0,0
2021/2022_Sir S_Trent_5Round,3,0.5,0.5833,0.54,0.043300000000000005,0.4941,0.4908,0.0032999999999999696,0.5333,0.4667,0.06659999999999999,3.7103,4.0601,-0.572,3,1,2,0.0,0,1
2021/2022_Sir S_Trent_5Round,3,0.5,0.5833,0.54,0.043300000000000005,0.4941,0.4908,0.0032999999999999696,0.5333,0.4667,0.06659999999999999,3.7103,4.0601,-0.572,4,1,3,1.0,0,1
2021/2022_Sir S_Trent_5Round,4,0.75,0.5833,0.54,0.043300000000000005,0.4941,0.4908,0.0032999999999999696,0.5333,0.4667,0.06659999999999999,3.7103,4.0601,-0.572,5,1,4,1.0,0,0
2021/2022_Sir S_Trent_5Round,5,1.0,0.5833,0.54,0.043300000000000005,0.4941,0.4908,0.0032999999999999696,0.5333,0.4667,0.06659999999999999,3.7103,4.0601,-0.572,5,2,3,0.0,1,1
2021/2022_Sir S_Veron_2Round,1,0.0,0.5745,0.5833,-0.00880000000000003,0.4925,0.4856,0.006900000000000017,0.5333,0.5333,0.0,3.6302,3.3958,2.069,0,0,0,0.5,0,1
2021/2022_Sir S_Veron_2Round,1,0.0,0.5745,0.5833,-0.00880000000000003,0.4925,0.4856,0.006900000000000017,0.5333,0.5333,0.0,3.6302,3.3958,2.069,1,0,1,1.0,0,0
2021/2022_Sir S_Veron_2Round,2,0.25,0.5745,0.5833,-0.00880000000000003,0.4925,0.4856,0.006900000000000017,0.5333,0.5333,0.0,3.6302,3.3958,2.069,1,1,0,0.0,0,1
2021/2022_Sir S_Veron_2Round,2,0.25,0.5745,0.5833,-0.00880000000000003,0.4925,0.4856,0.006900000000000017,0.5333,0.5333,0.0,3.6302,3.3958,2.069,2,1,1,1.0,0,0
2021/2022_Sir S_Veron_2Round,3,0.5,0.5745,0.5833,-0.00880000000000003,0.4925,0.4856,0.006900000000000017,0.5333,0.5333,0.0,3.6302,3.3958,2.069,2,2,0,0.0,0,1
2021/2022_Sir S_Veron_2Round,3,0.5,0.5745,0.5833,-0.00880000000000003,0.4925,0.4856,0.006900000000000017,0.5333,0.5333,0.0,3.6302,3.3958,2.069,3,2,1,1.0,0,1
2021/2022_Sir S_Veron_2Round,4,0.75,0.5745,0.5833,-0.00880000000000003,0.4925,0.4856,0.006900000000000017,0.5333,0.5333,0.0,3.6302,3.3958,2.069,4,2,2,1.0,0,0
2021/2022_Siste_Wow G_9Round,1,0.0,0.5,0.5882,-0.08819999999999995,0.5,0.5412,-0.041200000000000014,0.5,0.6,-0.09999999999999998,3.5322,3.7438,0.0,0,0,0,0.5,0,0
2021/2022_Siste_Wow G_9Round,1,0.0,0.5,0.5882,-0.08819999999999995,0.5,0.5412,-0.041200000000000014,0.5,0.6,-0.09999999999999998,3.5322,3.7438,0.0,0,1,-1,0.0,0,1
2021/2022_Siste_Wow G_9Round,2,0.25,0.5,0.5882,-0.08819999999999995,0.5,0.5412,-0.041200000000000014,0.5,0.6,-0.09999999999999998,3.5322,3.7438,0.0,1,1,0,1.0,0,0
2021/2022_Siste_Wow G_9Round,2,0.25,0.5,0.5882,-0.08819999999999995,0.5,0.5412,-0.041200000000000014,0.5,0.6,-0.09999999999999998,3.5322,3.7438,0.0,1,2,-1,0.0,0,0
2021/2022_Siste_Wow G_9Round,3,0.5,0.5,0.5882,-0.08819999999999995,0.5,0.5412,-0.041200000000000014,0.5,0.6,-0.09999999999999998,3.5322,3.7438,0.0,1,3,-2,0.0,0,1
2021/2022_Siste_Wow G_9Round,3,0.5,0.5,0.5882,-0.08819999999999995,0.5,0.5412,-0.041200000000000014,0.5,0.6,-0.09999999999999998,3.5322,3.7438,0.0,2,3,-1,1.0,0,1
2021/2022_Siste_Wow G_9Round,4,0.75,0.5,0.5882,-0.08819999999999995,0.5,0.5412,-0.041200000000000014,0.5,0.6,-0.09999999999999998,3.5322,3.7438,0.0,3,3,0,1.0,0,1
2021/2022_Siste_Wow G_9Round,4,0.75,0.5,0.5882,-0.08819999999999995,0.5,0.5412,-0.041200000000000014,0.5,0.6,-0.09999999999999998,3.5322,3.7438,0.0,4,3,1,1.0,0,1
2021/2022_Siste_Wow G_9Round,5,1.0,0.5,0.5882,-0.08819999999999995,0.5,0.5412,-0.041200000000000014,0.5,0.6,-0.09999999999999998,3.5322,3.7438,0.0,5,3,2,1.0,1,0
2021/2022_Trent_Veron_1Round,1,0.0,0.5319,0.5957,-0.06379999999999997,0.4844,0.4911,-0.006699999999999984,0.5333,0.6,-0.06669999999999998,2.7836,3.8581,-1.566,0,0,0,0.5,0,1
2021/2022_Trent_Veron_1Round,1,0.0,0.5319,0.5957,-0.06379999999999997,0.4844,0.4911,-0.006699999999999984,0.5333,0.6,-0.06669999999999998,2.7836,3.8581,-1.566,1,0,1,1.0,0,0
2021/2022_Trent_Veron_1Round,2,0.25,0.5319,0.5957,-0.06379999999999997,0.4844,0.4911,-0.006699999999999984,0.5333,0.6,-0.06669999999999998,2.7836,3.8581,-1.566,1,1,0,0.0,0,1
2021/2022_Trent_Veron_1Round,2,0.25,0.5319,0.5957,-0.06379999999999997,0.4844,0.4911,-0.006699999999999984,0.5333,0.6,-0.06669999999999998,2.7836,3.8581,-1.566,2,1,1,1.0,0,0
2021/2022_Trent_Veron_1Round,3,0.5,0.5319,0.5957,-0.06379999999999997,0.4844,0.4911,-0.006699999999999984,0.5333,0.6,-0.06669999999999998,2.7836,3.8581,-1.566,2,2,0,0.0,0,1
2021/2022_Trent_Veron_1Round,3,0.5,0.5319,0.5957,-0.06379999999999997,0.4844,0.4911,-0.006699999999999984,0.5333,0.6,-0.06669999999999998,2.7836,3.8581,-1.566,3,2,1,1.0,0,1
2021/2022_Trent_Veron_1Round,4,0.75,0.5319,0.5957,-0.06379999999999997,0.4844,0.4911,-0.006699999999999984,0.5333,0.6,-0.06669999999999998,2.7836,3.8581,-1.566,4,2,2,1.0,0,1
2021/2022_Trent_Veron_1Round,5,1.0,0.5319,0.5957,-0.06379999999999997,0.4844,0.4911,-0.006699999999999984,0.5333,0.6,-0.06669999999999998,2.7836,3.8581,-1.566,5,2,3,1.0,1,1
2022/2023_Banca_Videx_11Round,1,0.0,0.5,0.5,0.0,0.5417,0.4944,0.04729999999999995,0.5,0.5,0.0,3.5655,3.5322,0.0,0,0,0,0.5,0,1
2022/2023_Banca_Videx_11Round,1,0.0,0.5,0.5,0.0,0.5417,0.4944,0.04729999999999995,0.5,0.5,0.0,3.5655,3.5322,0.0,1,0,1,1.0,0,1
2022/2023_Banca_Videx_11Round,2,0.25,0.5,0.5,0.0,0.5417,0.4944,0.04729999999999995,0.5,0.5,0.0,3.5655,3.5322,0.0,2,0,2,1.0,0,1
2022/2023_Banca_Videx_11Round,2,0.25,0.5,0.5,0.0,0.5417,0.4944,0.04729999999999995,0.5,0.5,0.0,3.5655,3.5322,0.0,3,0,3,1.0,0,1
2022/2023_Banca_Videx_11Round,3,0.5,0.5,0.5,0.0,0.5417,0.4944,0.04729999999999995,0.5,0.5,0.0,3.5655,3.5322,0.0,4,0,4,1.0,0,1
2022/2023_Banca_Videx_11Round,3,0.5,0.5,0.5,0.0,0.5417,0.4944,0.04729999999999995,0.5,0.5,0.0,3.5655,3.5322,0.0,5,0,5,1.0,0,1
2022/2023_Cave _Consa_7Round,1,0.0,0.4333,0.3846,0.04870000000000002,0.5137,0.4895,0.024200000000000055,0.6,0.4545,0.14549999999999996,4.7878,3.4966,0.0,0,0,0,0.5,0,0
2022/2023_Cave _Consa_7Round,1,0.0,0.4333,0.3846,0.04870000000000002,0.5137,0.4895,0.024200000000000055,0.6,0.4545,0.14549999999999996,4.7878,3.4966,0.0,0,1,-1,0.0,0,1
2022/2023_Cave _Consa_7Round,2,0.25,0.4333,0.3846,0.04870000000000002,0.5137,0.4895,0.024200000000000055,0.6,0.4545,0.14549999999999996,4.7878,3.4966,0.0,1,1,0,1.0,0,1
2022/2023_Cave _Consa_7Round,2,0.25,0.4333,0.3846,0.04870000000000002,0.5137,0.4895,0.024200000000000055,0.6,0.4545,0.14549999999999996,4.7878,3.4966,0.0,2,1,1,1.0,0,0
2022/2023_Cave _Consa_7Round,3,0.5,0.4333,0.3846,0.04870000000000002,0.5137,0.4895,0.024200000000000055,0.6,0.4545,0.14549999999999996,4.7878,3.4966,0.0,2,2,0,0.0,0,1
2022/2023_Cave _Consa_7Round,3,0.5,0.4333,0.3846,0.04870000000000002,0.5137,0.4895,0.024200000000000055,0.6,0.4545,0.14549999999999996,4.7878,3.4966,0.0,3,2,1,1.0,0,1
2022/2023_Cave _Consa_7Round,4,0.75,0.4333,0.3846,0.04870000000000002,0.5137,0.4895,0.024200000000000055,0.6,0.4545,0.14549999999999996,4.7878,3.4966,0.0,4,2,2,1.0,0,0
2022/2023_Cave _Conso_8Round,1,0.0,0.4516,0.5667,-0.11509999999999998,0.5155,0.5175,-0.0020000000000000018,0.6667,0.6,0.06669999999999998,4.5175,3.9778,0.0,0,0,0,0.5,0,0
2022/2023_Cave _Conso_8Round,1,0.0,0.4516,0.5667,-0.11509999999999998,0.5155,0.5175,-0.0020000000000000018,0.6667,0.6,0.06669999999999998,4.5175,3.9778,0.0,0,1,-1,0.0,0,1
2022/2023_Cave _Conso_8Round,2,0.25,0.4516,0.5667,-0.11509999999999998,0.5155,0.5175,-0.0020000000000000018,0.6667,0.6,0.06669999999999998,4.5175,3.9778,0.0,1,1,0,1.0,0,1
2022/2023_Cave _Conso_8Round,2,0.25,0.4516,0.5667,-0.11509999999999998,0.5155,0.5175,-0.0020000000000000018,0.6667,0.6,0.06669999999999998,4.5175,3.9778,0.0,2,1,1,1.0,0,1
2022/2023_Cave _Conso_8Round,3,0.5,0.4516,0.5667,-0.11509999999999998,0.5155,0.5175,-0.0020000000000000018,0.6667,0.6,0.06669999999999998,4.5175,3.9778,0.0,3,1,2,1.0,0,1
2022/2023_Cave _Conso_8Round,3,0.5,0.4516,0.5667,-0.11509999999999998,0.5155,0.5175,-0.0020000000000000018,0.6667,0.6,0.06669999999999998,4.5175,3.9778,0.0,4,1,3,1.0,0,1
2022/2023_Cave _Conso_8Round,4,0.75,0.4516,0.5667,-0.11509999999999998,0.5155,0.5175,-0.0020000000000000018,0.6667,0.6,0.06669999999999998,4.5175,3.9778,0.0,5,1,4,1.0,0,0
2022/2023_Cave _Conso_8Round,5,1.0,0.4516,0.5667,-0.11509999999999998,0.5155,0.5175,-0.0020000000000000018,0.6667,0.6,0.06669999999999998,4.5175,3.9778,0.0,5,2,3,0.0,1,1
2022/2023_Cave _Delta_12Round,1,0.0,0.4688,0.5,-0.031200000000000006,0.5235,0.5218,0.0016999999999999238,0.6667,0.5,0.16669999999999996,4.7384,4.0989,0.0,0,0,0,0.5,0,0
2022/2023_Cave _Delta_12Round,1,0.0,0.4688,0.5,-0.031200000000000006,0.5235,0.5218,0.0016999999999999238,0.6667,0.5,0.16669999999999996,4.7384,4.0989,0.0,0,1,-1,0.0,0,1
2022/2023_Cave _Delta_12Round,2,0.25,0.4688,0.5,-0.031200000000000006,0.5235,0.5218,0.0016999999999999238,0.6667,0.5,0.16669999999999996,4.7384,4.0989,0.0,1,1,0,1.0,0,1
2022/2023_Cave _Delta_12Round,2,0.25,0.4688,0.5,-0.031200000000000006,0.5235,0.5218,0.0016999999999999238,0.6667,0.5,0.16669999999999996,4.7384,4.0989,0.0,2,1,1,1.0,0,1
2022/2023_Cave _Delta_12Round,3,0.5,0.4688,0.5,-0.031200000000000006,0.5235,0.5218,0.0016999999999999238,0.6667,0.5,0.16669999999999996,4.7384,4.0989,0.0,3,1,2,1.0,0,1
2022/2023_Cave _Delta_12Round,3,0.5,0.4688,0.5,-0.031200000000000006,0.5235,0.5218,0.0016999999999999238,0.6667,0.5,0.16669999999999996,4.7384,4.0989,0.0,4,1,3,1.0,0,0
2022/2023_Cave _Delta_12Round,4,0.75,0.4688,0.5,-0.031200000000000006,0.5235,0.5218,0.0016999999999999238,0.6667,0.5,0.16669999999999996,4.7384,4.0989,0.0,4,2,2,0.0,0,0
2022/2023_Cave _Pool _5Round,1,0.0,0.4138,0.5556,-0.14179999999999998,0.5047,0.5026,0.0020999999999999908,0.5333,0.5333,0.0,4.6062,3.6889,0.0,0,0,0,0.5,0,1
2022/2023_Cave _Pool _5Round,1,0.0,0.4138,0.5556,-0.14179999999999998,0.5047,0.5026,0.0020999999999999908,0.5333,0.5333,0.0,4.6062,3.6889,0.0,1,0,1,1.0,0,0
2022/2023_Cave _Pool _5Round,2,0.25,0.4138,0.5556,-0.14179999999999998,0.5047,0.5026,0.0020999999999999908,0.5333,0.5333,0.0,4.6062,3.6889,0.0,1,1,0,0.0,0,1
2022/2023_Cave _Pool _5Round,2,0.25,0.4138,0.5556,-0.14179999999999998,0.5047,0.5026,0.0020999999999999908,0.5333,0.5333,0.0,4.6062,3.6889,0.0,2,1,1,1.0,0,1
2022/2023_Cave _Pool _5Round,3,0.5,0.4138,0.5556,-0.14179999999999998,0.5047,0.5026,0.0020999999999999908,0.5333,0.5333,0.0,4.6062,3.6889,0.0,3,1,2,1.0,0,1
2022/2023_Cave _Pool _5Round,3,0.5,0.4138,0.5556,-0.14179999999999998,0.5047,0.5026,0.0020999999999999908,0.5333,0.5333,0.0,4.6062,3.6889,0.0,4,1,3,1.0,0,0
2022/2023_Cave _Pool _5Round,4,0.75,0.4138,0.5556,-0.14179999999999998,0.5047,0.5026,0.0020999999999999908,0.5333,0.5333,0.0,4.6062,3.6889,0.0,4,2,2,0.0,0,1
2022/2023_Cave _Pool _5Round,4,0.75,0.4138,0.5556,-0.14179999999999998,0.5047,0.5026,0.0020999999999999908,0.5333,0.5333,0.0,4.6062,3.6889,0.0,5,2,3,1.0,0,1
2022/2023_Cave _Prata_13Round,1,0.0,0.4848,0.3913,0.09350000000000003,0.5249,0.4692,0.05570000000000003,0.6667,0.4,0.26669999999999994,4.4832,3.3788,0.0,0,0,0,0.5,0,1
2022/2023_Cave _Prata_13Round,1,0.0,0.4848,0.3913,0.09350000000000003,0.5249,0.4692,0.05570000000000003,0.6667,0.4,0.26669999999999994,4.4832,3.3788,0.0,1,0,1,1.0,0,0
2022/2023_Cave _Prata_13Round,2,0.25,0.4848,0.3913,0.09350000000000003,0.5249,0.4692,0.05570000000000003,0.6667,0.4,0.26669999999999994,4.4832,3.3788,0.0,1,1,0,0.0,0,1
2022/2023_Cave _Prata_13Round,2,0.25,0.4848,0.3913,0.09350000000000003,0.5249,0.4692,0.05570000000000003,0.6667,0.4,0.26669999999999994,4.4832,3.3788,0.0,2,1,1,1.0,0,1
2022/2023_Cave _Prata_13Round,3,0.5,0.4848,0.3913,0.09350000000000003,0.5249,0.4692,0.05570000000000003,0.6667,0.4,0.26669999999999994,4.4832,3.3788,0.0,3,1,2,1.0,0,1
2022/2023_Cave _Prata_13Round,3,0.5,0.4848,0.3913,0.09350000000000003,0.5249,0.4692,0.05570000000000003,0.6667,0.4,0.26669999999999994,4.4832,3.3788,0.0,4,1,3,1.0,0,1
2022/2023_Cave _Prata_13Round,4,0.75,0.4848,0.3913,0.09350000000000003,0.5249,0.4692,0.05570000000000003,0.6667,0.4,0.26669999999999994,4.4832,3.3788,0.0,5,1,4,1.0,0,1
2022/2023_Consa_Conso_6Round,1,0.0,0.4167,0.5517,-0.13499999999999995,0.4896,0.5179,-0.028300000000000047,0.4545,0.5333,-0.07879999999999998,3.5322,4.3114,0.0,0,0,0,0.5,0,1
2022/2023_Consa_Conso_6Round,1,0.0,0.4167,0.5517,-0.13499999999999995,0.4896,0.5179,-0.028300000000000047,0.4545,0.5333,-0.07879999999999998,3.5322,4.3114,0.0,1,0,1,1.0,0,0
2022/2023_Consa_Conso_6Round,2,0.25,0.4167,0.5517,-0.13499999999999995,0.4896,0.5179,-0.028300000000000047,0.4545,0.5333,-0.07879999999999998,3.5322,4.3114,0.0,1,1,0,0.0,0,1
2022/2023_Consa_Conso_6Round,2,0.25,0.4167,0.5517,-0.13499999999999995,0.4896,0.5179,-0.028300000000000047,0.4545,0.5333,-0.07879999999999998,3.5322,4.3114,0.0,2,1,1,1.0,0,0
2022/2023_Consa_Conso_6Round,3,0.5,0.4167,0.5517,-0.13499999999999995,0.4896,0.5179,-0.028300000000000047,0.4545,0.5333,-0.07879999999999998,3.5322,4.3114,0.0,2,2,0,0.0,0,1
2022/2023_Consa_Conso_6Round,3,0.5,0.4167,0.5517,-0.13499999999999995,0.4896,0.5179,-0.028300000000000047,0.4545,0.5333,-0.07879999999999998,3.5322,4.3114,0.0,3,2,1,1.0,0,0
2022/2023_Consa_Delta_13Round,1,0.0,0.375,0.4783,-0.1033,0.5,0.5185,-0.01849999999999996,0.4286,0.4615,-0.03290000000000004,3.7234,3.8495,0.0,0,0,0,0.5,0,0
2022/2023_Consa_Delta_13Round,1,0.0,0.375,0.4783,-0.1033,0.5,0.5185,-0.01849999999999996,0.4286,0.4615,-0.03290000000000004,3.7234,3.8495,0.0,0,1,-1,0.0,0,1
2022/2023_Consa_Delta_13Round,2,0.25,0.375,0.4783,-0.1033,0.5,0.5185,-0.01849999999999996,0.4286,0.4615,-0.03290000000000004,3.7234,3.8495,0.0,1,1,0,1.0,0,0
2022/2023_Consa_Delta_13Round,2,0.25,0.375,0.4783,-0.1033,0.5,0.5185,-0.01849999999999996,0.4286,0.4615,-0.03290000000000004,3.7234,3.8495,0.0,1,2,-1,0.0,0,0
2022/2023_Consa_Delta_13Round,3,0.5,0.375,0.4783,-0.1033,0.5,0.5185,-0.01849999999999996,0.4286,0.4615,-0.03290000000000004,3.7234,3.8495,0.0,1,3,-2,0.0,0,0
2022/2023_Consa_Delta_13Round,3,0.5,0.375,0.4783,-0.1033,0.5,0.5185,-0.01849999999999996,0.4286,0.4615,-0.03290000000000004,3.7234,3.8495,0.0,1,4,-3,0.0,0,0
2022/2023_Consa_Delta_13Round,4,0.75,0.375,0.4783,-0.1033,0.5,0.5185,-0.01849999999999996,0.4286,0.4615,-0.03290000000000004,3.7234,3.8495,0.0,1,5,-4,0.0,0,1
2022/2023_Consa_Delta_13Round,5,1.0,0.375,0.4783,-0.1033,0.5,0.5185,-0.01849999999999996,0.4286,0.4615,-0.03290000000000004,3.7234,3.8495,0.0,2,5,-3,1.0,1,1
2022/2023_Consa_Pool _9Round,1,0.0,0.4,0.5517,-0.15169999999999995,0.5,0.4951,0.0049000000000000155,0.4615,0.4667,-0.005199999999999982,3.7124,3.488,0.0,0,0,0,0.5,0,0
2022/2023_Consa_Pool _9Round,1,0.0,0.4,0.5517,-0.15169999999999995,0.5,0.4951,0.0049000000000000155,0.4615,0.4667,-0.005199999999999982,3.7124,3.488,0.0,0,1,-1,0.0,0,0
2022/2023_Consa_Pool _9Round,2,0.25,0.4,0.5517,-0.15169999999999995,0.5,0.4951,0.0049000000000000155,0.4615,0.4667,-0.005199999999999982,3.7124,3.488,0.0,0,2,-2,0.0,0,1
2022/2023_Consa_Pool _9Round,2,0.25,0.4,0.5517,-0.15169999999999995,0.5,0.4951,0.0049000000000000155,0.4615,0.4667,-0.005199999999999982,3.7124,3.488,0.0,1,2,-1,1.0,0,0
2022/2023_Consa_Pool _9Round,3,0.5,0.4,0.5517,-0.15169999999999995,0.5,0.4951,0.0049000000000000155,0.4615,0.4667,-0.005199999999999982,3.7124,3.488,0.0,1,3,-2,0.0,0,1
2022/2023_Consa_Pool _9Round,3,0.5,0.4,0.5517,-0.15169999999999995,0.5,0.4951,0.0049000000000000155,0.4615,0.4667,-0.005199999999999982,3.7124,3.488,0.0,2,3,-1,1.0,0,1
2022/2023_Consa_Pool _9Round,4,0.75,0.4,0.5517,-0.15169999999999995,0.5,0.4951,0.0049000000000000155,0.4615,0.4667,-0.005199999999999982,3.7124,3.488,0.0,3,3,0,1.0,0,0
2022/2023_Consa_Pool _9Round,4,0.75,0.4,0.5517,-0.15169999999999995,0.5,0.4951,0.0049000000000000155,0.4615,0.4667,-0.005199999999999982,3.7124,3.488,0.0,3,4,-1,0.0,0,1
2022/2023_Consa_Prata_8Round,1,0.0,0.3571,0.381,-0.023900000000000032,0.4852,0.4723,0.012900000000000023,0.4167,0.4,0.016699999999999993,3.4541,3.2232,0.0,0,0,0,0.5,0,1
2022/2023_Consa_Prata_8Round,1,0.0,0.3571,0.381,-0.023900000000000032,0.4852,0.4723,0.012900000000000023,0.4167,0.4,0.016699999999999993,3.4541,3.2232,0.0,1,0,1,1.0,0,1
2022/2023_Consa_Prata_8Round,2,0.25,0.3571,0.381,-0.023900000000000032,0.4852,0.4723,0.012900000000000023,0.4167,0.4,0.016699999999999993,3.4541,3.2232,0.0,2,0,2,1.0,0,0
2022/2023_Consa_Prata_8Round,2,0.25,0.3571,0.381,-0.023900000000000032,0.4852,0.4723,0.012900000000000023,0.4167,0.4,0.016699999999999993,3.4541,3.2232,0.0,2,1,1,0.0,0,1
2022/2023_Consa_Prata_8Round,3,0.5,0.3571,0.381,-0.023900000000000032,0.4852,0.4723,0.012900000000000023,0.4167,0.4,0.016699999999999993,3.4541,3.2232,0.0,3,1,2,1.0,0,1
2022/2023_Consa_Prata_8Round,3,0.5,0.3571,0.381,-0.023900000000000032,0.4852,0.4723,0.012900000000000023,0.4167,0.4,0.016699999999999993,3.4541,3.2232,0.0,4,1,3,1.0,0,0
2022/2023_Consa_Prata_8Round,4,0.75,0.3571,0.381,-0.023900000000000032,0.4852,0.4723,0.012900000000000023,0.4167,0.4,0.016699999999999993,3.4541,3.2232,0.0,4,2,2,0.0,0,1
2022/2023_Consa_Prata_8Round,4,0.75,0.3571,0.381,-0.023900000000000032,0.4852,0.4723,0.012900000000000023,0.4167,0.4,0.016699999999999993,3.4541,3.2232,0.0,5,2,3,1.0,0,0
2022/2023_Consa_Prata_8Round,5,1.0,0.3571,0.381,-0.023900000000000032,0.4852,0.4723,0.012900000000000023,0.4167,0.4,0.016699999999999993,3.4541,3.2232,0.0,5,3,2,0.0,1,1
2022/2023_Conso_Delta_2Round,1,0.0,0.5357,0.55,-0.01430000000000009,0.5117,0.534,-0.022299999999999986,0.4667,0.5455,-0.07879999999999998,3.9487,4.2688,0.0,0,0,0,0.5,0,0
2022/2023_Conso_Delta_2Round,1,0.0,0.5357,0.55,-0.01430000000000009,0.5117,0.534,-0.022299999999999986,0.4667,0.5455,-0.07879999999999998,3.9487,4.2688,0.0,0,1,-1,0.0,0,0
2022/2023_Conso_Delta_2Round,2,0.25,0.5357,0.55,-0.01430000000000009,0.5117,0.534,-0.022299999999999986,0.4667,0.5455,-0.07879999999999998,3.9487,4.2688,0.0,0,2,-2,0.0,0,1
2022/2023_Conso_Delta_2Round,2,0.25,0.5357,0.55,-0.01430000000000009,0.5117,0.534,-0.022299999999999986,0.4667,0.5455,-0.07879999999999998,3.9487,4.2688,0.0,1,2,-1,1.0,0,1
2022/2023_Conso_Delta_2Round,3,0.5,0.5357,0.55,-0.01430000000000009,0.5117,0.534,-0.022299999999999986,0.4667,0.5455,-0.07879999999999998,3.9487,4.2688,0.0,2,2,0,1.0,0,0
2022/2023_Conso_Delta_2Round,3,0.5,0.5357,0.55,-0.01430000000000009,0.5117,0.534,-0.022299999999999986,0.4667,0.5455,-0.07879999999999998,3.9487,4.2688,0.0,2,3,-1,0.0,0,1
2022/2023_Conso_Delta_2Round,4,0.75,0.5357,0.55,-0.01430000000000009,0.5117,0.534,-0.022299999999999986,0.4667,0.5455,-0.07879999999999998,3.9487,4.2688,0.0,3,3,0,1.0,0,1
2022/2023_Conso_Delta_2Round,4,0.75,0.5357,0.55,-0.01430000000000009,0.5117,0.534,-0.022299999999999986,0.4667,0.5455,-0.07879999999999998,3.9487,4.2688,0.0,4,3,1,1.0,0,1
2022/2023_Conso_Delta_2Round,5,1.0,0.5357,0.55,-0.01430000000000009,0.5117,0.534,-0.022299999999999986,0.4667,0.5455,-0.07879999999999998,3.9487,4.2688,0.0,5,3,2,1.0,1,1
2022/2023_Conso_Pool _12Round,1,0.0,0.5312,0.5806,-0.0494,0.5062,0.4955,0.010699999999999987,0.5333,0.5333,0.0,3.4216,3.8697,0.0,0,0,0,0.5,0,0
2022/2023_Conso_Pool _12Round,1,0.0,0.5312,0.5806,-0.0494,0.5062,0.4955,0.010699999999999987,0.5333,0.5333,0.0,3.4216,3.8697,0.0,0,1,-1,0.0,0,1
2022/2023_Conso_Pool _12Round,2,0.25,0.5312,0.5806,-0.0494,0.5062,0.4955,0.010699999999999987,0.5333,0.5333,0.0,3.4216,3.8697,0.0,1,1,0,1.0,0,1
2022/2023_Conso_Pool _12Round,2,0.25,0.5312,0.5806,-0.0494,0.5062,0.4955,0.010699999999999987,0.5333,0.5333,0.0,3.4216,3.8697,0.0,2,1,1,1.0,0,0
2022/2023_Conso_Pool _12Round,3,0.5,0.5312,0.5806,-0.0494,0.5062,0.4955,0.010699999999999987,0.5333,0.5333,0.0,3.4216,3.8697,0.0,2,2,0,0.0,0,0
2022/2023_Conso_Pool _12Round,3,0.5,0.5312,0.5806,-0.0494,0.5062,0.4955,0.010699999999999987,0.5333,0.5333,0.0,3.4216,3.8697,0.0,2,3,-1,0.0,0,1
2022/2023_Conso_Pool _12Round,4,0.75,0.5312,0.5806,-0.0494,0.5062,0.4955,0.010699999999999987,0.5333,0.5333,0.0,3.4216,3.8697,0.0,3,3,0,1.0,0,0
2022/2023_Conso_Pool _12Round,4,0.75,0.5312,0.5806,-0.0494,0.5062,0.4955,0.010699999999999987,0.5333,0.5333,0.0,3.4216,3.8697,0.0,3,4,-1,0.0,0,1
2022/2023_Conso_Prata_10Round,1,0.0,0.5484,0.3636,0.18480000000000002,0.5085,0.4652,0.04329999999999995,0.5333,0.3333,0.2,3.5349,3.2163,0.0,0,0,0,0.5,0,0
2022/2023_Conso_Prata_10Round,1,0.0,0.5484,0.3636,0.18480000000000002,0.5085,0.4652,0.04329999999999995,0.5333,0.3333,0.2,3.5349,3.2163,0.0,0,1,-1,0.0,0,1
2022/2023_Conso_Prata_10Round,2,0.25,0.5484,0.3636,0.18480000000000002,0.5085,0.4652,0.04329999999999995,0.5333,0.3333,0.2,3.5349,3.2163,0.0,1,1,0,1.0,0,0
2022/2023_Conso_Prata_10Round,2,0.25,0.5484,0.3636,0.18480000000000002,0.5085,0.4652,0.04329999999999995,0.5333,0.3333,0.2,3.5349,3.2163,0.0,1,2,-1,0.0,0,0
2022/2023_Conso_Prata_10Round,3,0.5,0.5484,0.3636,0.18480000000000002,0.5085,0.4652,0.04329999999999995,0.5333,0.3333,0.2,3.5349,3.2163,0.0,1,3,-2,0.0,0,0
2022/2023_Conso_Prata_10Round,3,0.5,0.5484,0.3636,0.18480000000000002,0.5085,0.4652,0.04329999999999995,0.5333,0.3333,0.2,3.5349,3.2163,0.0,1,4,-3,0.0,0,1
2022/2023_Conso_Prata_10Round,4,0.75,0.5484,0.3636,0.18480000000000002,0.5085,0.4652,0.04329999999999995,0.5333,0.3333,0.2,3.5349,3.2163,0.0,2,4,-2,1.0,0,1
2022/2023_Delta_Pool _11Round,1,0.0,0.5238,0.5667,-0.04289999999999994,0.5233,0.4953,0.02799999999999997,0.4667,0.5333,-0.06659999999999999,3.9851,3.5913,0.0,0,0,0,0.5,0,1
2022/2023_Delta_Pool _11Round,1,0.0,0.5238,0.5667,-0.04289999999999994,0.5233,0.4953,0.02799999999999997,0.4667,0.5333,-0.06659999999999999,3.9851,3.5913,0.0,1,0,1,1.0,0,0
2022/2023_Delta_Pool _11Round,2,0.25,0.5238,0.5667,-0.04289999999999994,0.5233,0.4953,0.02799999999999997,0.4667,0.5333,-0.06659999999999999,3.9851,3.5913,0.0,1,1,0,0.0,0,1
2022/2023_Delta_Pool _11Round,2,0.25,0.5238,0.5667,-0.04289999999999994,0.5233,0.4953,0.02799999999999997,0.4667,0.5333,-0.06659999999999999,3.9851,3.5913,0.0,2,1,1,1.0,0,0
2022/2023_Delta_Pool _11Round,3,0.5,0.5238,0.5667,-0.04289999999999994,0.5233,0.4953,0.02799999999999997,0.4667,0.5333,-0.06659999999999999,3.9851,3.5913,0.0,2,2,0,0.0,0,1
2022/2023_Delta_Pool _11Round,3,0.5,0.5238,0.5667,-0.04289999999999994,0.5233,0.4953,0.02799999999999997,0.4667,0.5333,-0.06659999999999999,3.9851,3.5913,0.0,3,2,1,1.0,0,0
2022/2023_Delta_Pool _11Round,4,0.75,0.5238,0.5667,-0.04289999999999994,0.5233,0.4953,0.02799999999999997,0.4667,0.5333,-0.06659999999999999,3.9851,3.5913,0.0,3,3,0,0.0,0,1
2022/2023_Delta_Pool _11Round,4,0.75,0.5238,0.5667,-0.04289999999999994,0.5233,0.4953,0.02799999999999997,0.4667,0.5333,-0.06659999999999999,3.9851,3.5913,0.0,4,3,1,1.0,0,0
2022/2023_Delta_Pool _11Round,5,1.0,0.5238,0.5667,-0.04289999999999994,0.5233,0.4953,0.02799999999999997,0.4667,0.5333,-0.06659999999999999,3.9851,3.5913,0.0,4,4,0,0.0,1,0
2022/2023_Delta_Pool _11Round,5,1.0,0.5238,0.5667,-0.04289999999999994,0.5233,0.4953,0.02799999999999997,0.4667,0.5333,-0.06659999999999999,3.9851,3.5913,0.0,4,5,-1,0.0,1,1
2022/2023_Delta_Prata_1Round,1,0.0,0.5263,0.4211,0.10520000000000002,0.5227,0.4865,0.036200000000000065,0.4667,0.4,0.06669999999999998,4.0332,3.4391,0.0,0,0,0,0.5,0,0
2022/2023_Delta_Prata_1Round,1,0.0,0.5263,0.4211,0.10520000000000002,0.5227,0.4865,0.036200000000000065,0.4667,0.4,0.06669999999999998,4.0332,3.4391,0.0,0,1,-1,0.0,0,1
2022/2023_Delta_Prata_1Round,2,0.25,0.5263,0.4211,0.10520000000000002,0.5227,0.4865,0.036200000000000065,0.4667,0.4,0.06669999999999998,4.0332,3.4391,0.0,1,1,0,1.0,0,1
2022/2023_Delta_Prata_1Round,2,0.25,0.5263,0.4211,0.10520000000000002,0.5227,0.4865,0.036200000000000065,0.4667,0.4,0.06669999999999998,4.0332,3.4391,0.0,2,1,1,1.0,0,0
2022/2023_Delta_Prata_1Round,3,0.5,0.5263,0.4211,0.10520000000000002,0.5227,0.4865,0.036200000000000065,0.4667,0.4,0.06669999999999998,4.0332,3.4391,0.0,2,2,0,0.0,0,1
2022/2023_Delta_Prata_1Round,3,0.5,0.5263,0.4211,0.10520000000000002,0.5227,0.4865,0.036200000000000065,0.4667,0.4,0.06669999999999998,4.0332,3.4391,0.0,3,2,1,1.0,0,1
2022/2023_Delta_Prata_1Round,4,0.75,0.5263,0.4211,0.10520000000000002,0.5227,0.4865,0.036200000000000065,0.4667,0.4,0.06669999999999998,4.0332,3.4391,0.0,4,2,2,1.0,0,1
2022/2023_Delta_Prata_1Round,5,1.0,0.5263,0.4211,0.10520000000000002,0.5227,0.4865,0.036200000000000065,0.4667,0.4,0.06669999999999998,4.0332,3.4391,0.0,5,2,3,1.0,1,1
2022/2023_Emma _Gioie_9Round,1,0.0,0.4615,0.5333,-0.07179999999999997,0.4629,0.5,-0.03710000000000002,0.3333,0.5333,-0.2,2.5716,3.4694,0.0,0,0,0,0.5,0,0
2022/2023_Emma _Gioie_9Round,1,0.0,0.4615,0.5333,-0.07179999999999997,0.4629,0.5,-0.03710000000000002,0.3333,0.5333,-0.2,2.5716,3.4694,0.0,0,1,-1,0.0,0,1
2022/2023_Emma _Gioie_9Round,2,0.25,0.4615,0.5333,-0.07179999999999997,0.4629,0.5,-0.03710000000000002,0.3333,0.5333,-0.2,2.5716,3.4694,0.0,1,1,0,1.0,0,0
2022/2023_Emma _Gioie_9Round,2,0.25,0.4615,0.5333,-0.07179999999999997,0.4629,0.5,-0.03710000000000002,0.3333,0.5333,-0.2,2.5716,3.4694,0.0,1,2,-1,0.0,0,1
2022/2023_Emma _Gioie_9Round,3,0.5,0.4615,0.5333,-0.07179999999999997,0.4629,0.5,-0.03710000000000002,0.3333,0.5333,-0.2,2.5716,3.4694,0.0,2,2,0,1.0,0,1
2022/2023_Emma _Gioie_9Round,3,0.5,0.4615,0.5333,-0.07179999999999997,0.4629,0.5,-0.03710000000000002,0.3333,0.5333,-0.2,2.5716,3.4694,0.0,3,2,1,1.0,0,0
2022/2023_Emma _Gioie_9Round,4,0.75,0.4615,0.5333,-0.07179999999999997,0.4629,0.5,-0.03710000000000002,0.3333,0.5333,-0.2,2.5716,3.4694,0.0,3,3,0,0.0,0,0
2022/2023_Emma _Gioie_9Round,4,0.75,0.4615,0.5333,-0.07179999999999997,0.4629,0.5,-0.03710000000000002,0.3333,0.5333,-0.2,2.5716,3.4694,0.0,3,4,-1,0.0,0,0
2022/2023_Emma _Gioie_9Round,5,1.0,0.4615,0.5333,-0.07179999999999997,0.4629,0.5,-0.03710000000000002,0.3333,0.5333,-0.2,2.5716,3.4694,0.0,3,5,-2,0.0,1,1
2022/2023_Farmi_Shedi_5Round,1,0.0,0.5,0.4167,0.08329999999999999,0.5,0.4762,0.023799999999999988,0.5,0.5,0.0,3.4986,3.3655,0.0,0,0,0,0.5,0,1
2022/2023_Farmi_Shedi_5Round,1,0.0,0.5,0.4167,0.08329999999999999,0.5,0.4762,0.023799999999999988,0.5,0.5,0.0,3.4986,3.3655,0.0,1,0,1,1.0,0,0
2022/2023_Farmi_Shedi_5Round,2,0.25,0.5,0.4167,0.08329999999999999,0.5,0.4762,0.023799999999999988,0.5,0.5,0.0,3.4986,3.3655,0.0,1,1,0,0.0,0,0
2022/2023_Farmi_Shedi_5Round,2,0.25,0.5,0.4167,0.08329999999999999,0.5,0.4762,0.023799999999999988,0.5,0.5,0.0,3.4986,3.3655,0.0,1,2,-1,0.0,0,0
2022/2023_Farmi_Shedi_5Round,3,0.5,0.5,0.4167,0.08329999999999999,0.5,0.4762,0.023799999999999988,0.5,0.5,0.0,3.4986,3.3655,0.0,1,3,-2,0.0,0,0
2022/2023_Farmi_Shedi_5Round,3,0.5,0.5,0.4167,0.08329999999999999,0.5,0.4762,0.023799999999999988,0.5,0.5,0.0,3.4986,3.3655,0.0,1,4,-3,0.0,0,0
2022/2023_Farmi_Shedi_5Round,4,0.75,0.5,0.4167,0.08329999999999999,0.5,0.4762,0.023799999999999988,0.5,0.5,0.0,3.4986,3.3655,0.0,1,5,-4,0.0,0,1
2022/2023_Farmi_Shedi_5Round,5,1.0,0.5,0.4167,0.08329999999999999,0.5,0.4762,0.023799999999999988,0.5,0.5,0.0,3.4986,3.3655,0.0,2,5,-3,1.0,1,0
2022/2023_Farmi_Wow G_7Round,1,0.0,0.4545,0.5556,-0.10109999999999997,0.4773,0.5339,-0.05660000000000004,0.4545,0.5333,-0.07879999999999998,3.3624,3.7507,0.0,0,0,0,0.5,0,1
2022/2023_Farmi_Wow G_7Round,1,0.0,0.4545,0.5556,-0.10109999999999997,0.4773,0.5339,-0.05660000000000004,0.4545,0.5333,-0.07879999999999998,3.3624,3.7507,0.0,1,0,1,1.0,0,0
2022/2023_Farmi_Wow G_7Round,2,0.25,0.4545,0.5556,-0.10109999999999997,0.4773,0.5339,-0.05660000000000004,0.4545,0.5333,-0.07879999999999998,3.3624,3.7507,0.0,1,1,0,0.0,0,1
2022/2023_Farmi_Wow G_7Round,2,0.25,0.4545,0.5556,-0.10109999999999997,0.4773,0.5339,-0.05660000000000004,0.4545,0.5333,-0.07879999999999998,3.3624,3.7507,0.0,2,1,1,1.0,0,0
2022/2023_Farmi_Wow G_7Round,3,0.5,0.4545,0.5556,-0.10109999999999997,0.4773,0.5339,-0.05660000000000004,0.4545,0.5333,-0.07879999999999998,3.3624,3.7507,0.0,2,2,0,0.0,0,1
2022/2023_Farmi_Wow G_7Round,3,0.5,0.4545,0.5556,-0.10109999999999997,0.4773,0.5339,-0.05660000000000004,0.4545,0.5333,-0.07879999999999998,3.3624,3.7507,0.0,3,2,1,1.0,0,0
2022/2023_Lube_Milan_10Round,1,0.0,0.459,0.4677,-0.008699999999999986,0.5169,0.4859,0.031000000000000028,0.5333,0.4667,0.06659999999999999,4.3727,3.6897,0.786,0,0,0,0.5,0,1
2022/2023_Lube_Milan_10Round,1,0.0,0.459,0.4677,-0.008699999999999986,0.5169,0.4859,0.031000000000000028,0.5333,0.4667,0.06659999999999999,4.3727,3.6897,0.786,1,0,1,1.0,0,0
2022/2023_Lube_Milan_10Round,2,0.25,0.459,0.4677,-0.008699999999999986,0.5169,0.4859,0.031000000000000028,0.5333,0.4667,0.06659999999999999,4.3727,3.6897,0.786,1,1,0,0.0,0,1
2022/2023_Lube_Milan_10Round,2,0.25,0.459,0.4677,-0.008699999999999986,0.5169,0.4859,0.031000000000000028,0.5333,0.4667,0.06659999999999999,4.3727,3.6897,0.786,2,1,1,1.0,0,1
2022/2023_Lube_Milan_10Round,3,0.5,0.459,0.4677,-0.008699999999999986,0.5169,0.4859,0.031000000000000028,0.5333,0.4667,0.06659999999999999,4.3727,3.6897,0.786,3,1,2,1.0,0,1
2022/2023_Lube_Milan_10Round,3,0.5,0.459,0.4677,-0.008699999999999986,0.5169,0.4859,0.031000000000000028,0.5333,0.4667,0.06659999999999999,4.3727,3.6897,0.786,4,1,3,1.0,0,0
2022/2023_Lube_Milan_10Round,4,0.75,0.459,0.4677,-0.008699999999999986,0.5169,0.4859,0.031000000000000028,0.5333,0.4667,0.06659999999999999,4.3727,3.6897,0.786,4,2,2,0.0,0,0
2022/2023_Lube_Moden_3Round,1,0.0,0.4464,0.4821,-0.035699999999999954,0.51,0.5142,-0.0041999999999999815,0.4667,0.5333,-0.06659999999999999,3.0651,4.1668,0.226,0,0,0,0.5,0,1
2022/2023_Lube_Moden_3Round,1,0.0,0.4464,0.4821,-0.035699999999999954,0.51,0.5142,-0.0041999999999999815,0.4667,0.5333,-0.06659999999999999,3.0651,4.1668,0.226,1,0,1,1.0,0,1
2022/2023_Lube_Moden_3Round,2,0.25,0.4464,0.4821,-0.035699999999999954,0.51,0.5142,-0.0041999999999999815,0.4667,0.5333,-0.06659999999999999,3.0651,4.1668,0.226,2,0,2,1.0,0,1
2022/2023_Lube_Moden_3Round,2,0.25,0.4464,0.4821,-0.035699999999999954,0.51,0.5142,-0.0041999999999999815,0.4667,0.5333,-0.06659999999999999,3.0651,4.1668,0.226,3,0,3,1.0,0,1
2022/2023_Lube_Moden_3Round,3,0.5,0.4464,0.4821,-0.035699999999999954,0.51,0.5142,-0.0041999999999999815,0.4667,0.5333,-0.06659999999999999,3.0651,4.1668,0.226,4,0,4,1.0,0,1
2022/2023_Lube_Moden_3Round,3,0.5,0.4464,0.4821,-0.035699999999999954,0.51,0.5142,-0.0041999999999999815,0.4667,0.5333,-0.06659999999999999,3.0651,4.1668,0.226,5,0,5,1.0,0,1
2022/2023_Lube_Monza_4Round,1,0.0,0.4561,0.5614,-0.1053,0.5172,0.5385,-0.021299999999999986,0.4667,0.6,-0.13329999999999997,3.8127,4.5155,1.157,0,0,0,0.5,0,1
2022/2023_Lube_Monza_4Round,1,0.0,0.4561,0.5614,-0.1053,0.5172,0.5385,-0.021299999999999986,0.4667,0.6,-0.13329999999999997,3.8127,4.5155,1.157,1,0,1,1.0,0,1
2022/2023_Lube_Monza_4Round,2,0.25,0.4561,0.5614,-0.1053,0.5172,0.5385,-0.021299999999999986,0.4667,0.6,-0.13329999999999997,3.8127,4.5155,1.157,2,0,2,1.0,0,1
2022/2023_Lube_Monza_4Round,2,0.25,0.4561,0.5614,-0.1053,0.5172,0.5385,-0.021299999999999986,0.4667,0.6,-0.13329999999999997,3.8127,4.5155,1.157,3,0,3,1.0,0,0
2022/2023_Lube_Monza_4Round,3,0.5,0.4561,0.5614,-0.1053,0.5172,0.5385,-0.021299999999999986,0.4667,0.6,-0.13329999999999997,3.8127,4.5155,1.157,3,1,2,0.0,0,1
2022/2023_Lube_Monza_4Round,3,0.5,0.4561,0.5614,-0.1053,0.5172,0.5385,-0.021299999999999986,0.4667,0.6,-0.13329999999999997,3.8127,4.5155,1.157,4,1,3,1.0,0,0
2022/2023_Lube_Monza_4Round,4,0.75,0.4561,0.5614,-0.1053,0.5172,0.5385,-0.021299999999999986,0.4667,0.6,-0.13329999999999997,3.8127,4.5155,1.157,4,2,2,0.0,0,0
2022/2023_Lube_Padov_2Round,1,0.0,0.4545,0.3571,0.09740000000000004,0.5152,0.4902,0.024999999999999967,0.5333,0.4,0.13329999999999997,3.4072,3.3482,1.8,0,0,0,0.5,0,0
2022/2023_Lube_Padov_2Round,1,0.0,0.4545,0.3571,0.09740000000000004,0.5152,0.4902,0.024999999999999967,0.5333,0.4,0.13329999999999997,3.4072,3.3482,1.8,0,1,-1,0.0,0,0
2022/2023_Lube_Padov_2Round,2,0.25,0.4545,0.3571,0.09740000000000004,0.5152,0.4902,0.024999999999999967,0.5333,0.4,0.13329999999999997,3.4072,3.3482,1.8,0,2,-2,0.0,0,0
2022/2023_Lube_Padov_2Round,2,0.25,0.4545,0.3571,0.09740000000000004,0.5152,0.4902,0.024999999999999967,0.5333,0.4,0.13329999999999997,3.4072,3.3482,1.8,0,3,-3,0.0,0,1
2022/2023_Lube_Padov_2Round,3,0.5,0.4545,0.3571,0.09740000000000004,0.5152,0.4902,0.024999999999999967,0.5333,0.4,0.13329999999999997,3.4072,3.3482,1.8,1,3,-2,1.0,0,0
2022/2023_Lube_Padov_2Round,3,0.5,0.4545,0.3571,0.09740000000000004,0.5152,0.4902,0.024999999999999967,0.5333,0.4,0.13329999999999997,3.4072,3.3482,1.8,1,4,-3,0.0,0,0
2022/2023_Lube_Padov_2Round,4,0.75,0.4545,0.3571,0.09740000000000004,0.5152,0.4902,0.024999999999999967,0.5333,0.4,0.13329999999999997,3.4072,3.3482,1.8,1,5,-4,0.0,0,1
2022/2023_Lube_Padov_2Round,5,1.0,0.4545,0.3571,0.09740000000000004,0.5152,0.4902,0.024999999999999967,0.5333,0.4,0.13329999999999997,3.4072,3.3482,1.8,2,5,-3,1.0,1,0
2022/2023_Lube_Piace_9Round,1,0.0,0.4667,0.4762,-0.009500000000000008,0.5173,0.4889,0.02839999999999998,0.5333,0.4667,0.06659999999999999,4.207,3.846,0.5,0,0,0,0.5,0,0
2022/2023_Lube_Piace_9Round,1,0.0,0.4667,0.4762,-0.009500000000000008,0.5173,0.4889,0.02839999999999998,0.5333,0.4667,0.06659999999999999,4.207,3.846,0.5,0,1,-1,0.0,0,1
2022/2023_Lube_Piace_9Round,2,0.25,0.4667,0.4762,-0.009500000000000008,0.5173,0.4889,0.02839999999999998,0.5333,0.4667,0.06659999999999999,4.207,3.846,0.5,1,1,0,1.0,0,0
2022/2023_Lube_Piace_9Round,2,0.25,0.4667,0.4762,-0.009500000000000008,0.5173,0.4889,0.02839999999999998,0.5333,0.4667,0.06659999999999999,4.207,3.846,0.5,1,2,-1,0.0,0,0
2022/2023_Lube_Piace_9Round,3,0.5,0.4667,0.4762,-0.009500000000000008,0.5173,0.4889,0.02839999999999998,0.5333,0.4667,0.06659999999999999,4.207,3.846,0.5,1,3,-2,0.0,0,1
2022/2023_Lube_Piace_9Round,3,0.5,0.4667,0.4762,-0.009500000000000008,0.5173,0.4889,0.02839999999999998,0.5333,0.4667,0.06659999999999999,4.207,3.846,0.5,2,3,-1,1.0,0,1
2022/2023_Lube_Piace_9Round,4,0.75,0.4667,0.4762,-0.009500000000000008,0.5173,0.4889,0.02839999999999998,0.5333,0.4667,0.06659999999999999,4.207,3.846,0.5,3,3,0,1.0,0,1
2022/2023_Lube_Piace_9Round,4,0.75,0.4667,0.4762,-0.009500000000000008,0.5173,0.4889,0.02839999999999998,0.5333,0.4667,0.06659999999999999,4.207,3.846,0.5,4,3,1,1.0,0,0
2022/2023_Lube_Piace_9Round,5,1.0,0.4667,0.4762,-0.009500000000000008,0.5173,0.4889,0.02839999999999998,0.5333,0.4667,0.06659999999999999,4.207,3.846,0.5,4,4,0,0.0,1,1
2022/2023_Lube_Piace_9Round,5,1.0,0.4667,0.4762,-0.009500000000000008,0.5173,0.4889,0.02839999999999998,0.5333,0.4667,0.06659999999999999,4.207,3.846,0.5,5,4,1,1.0,1,0
2022/2023_Lube_Sir S_11Round,1,0.0,0.4677,0.5968,-0.1291,0.5178,0.5,0.017800000000000038,0.5333,0.5333,0.0,4.2386,3.8181,-0.727,0,0,0,0.5,0,1
2022/2023_Lube_Sir S_11Round,1,0.0,0.4677,0.5968,-0.1291,0.5178,0.5,0.017800000000000038,0.5333,0.5333,0.0,4.2386,3.8181,-0.727,1,0,1,1.0,0,1
2022/2023_Lube_Sir S_11Round,2,0.25,0.4677,0.5968,-0.1291,0.5178,0.5,0.017800000000000038,0.5333,0.5333,0.0,4.2386,3.8181,-0.727,2,0,2,1.0,0,1
2022/2023_Lube_Sir S_11Round,2,0.25,0.4677,0.5968,-0.1291,0.5178,0.5,0.017800000000000038,0.5333,0.5333,0.0,4.2386,3.8181,-0.727,3,0,3,1.0,0,0
2022/2023_Lube_Sir S_11Round,3,0.5,0.4677,0.5968,-0.1291,0.5178,0.5,0.017800000000000038,0.5333,0.5333,0.0,4.2386,3.8181,-0.727,3,1,2,0.0,0,1
2022/2023_Lube_Sir S_11Round,3,0.5,0.4677,0.5968,-0.1291,0.5178,0.5,0.017800000000000038,0.5333,0.5333,0.0,4.2386,3.8181,-0.727,4,1,3,1.0,0,0
2022/2023_Lube_Sir S_11Round,4,0.75,0.4677,0.5968,-0.1291,0.5178,0.5,0.017800000000000038,0.5333,0.5333,0.0,4.2386,3.8181,-0.727,4,2,2,0.0,0,0
2022/2023_Lube_Trent_5Round,1,0.0,0.4655,0.5614,-0.09589999999999999,0.5181,0.492,0.026100000000000012,0.5333,0.6,-0.06669999999999998,3.8438,4.2756,0.093,0,0,0,0.5,0,0
2022/2023_Lube_Trent_5Round,1,0.0,0.4655,0.5614,-0.09589999999999999,0.5181,0.492,0.026100000000000012,0.5333,0.6,-0.06669999999999998,3.8438,4.2756,0.093,0,1,-1,0.0,0,1
2022/2023_Lube_Trent_5Round,2,0.25,0.4655,0.5614,-0.09589999999999999,0.5181,0.492,0.026100000000000012,0.5333,0.6,-0.06669999999999998,3.8438,4.2756,0.093,1,1,0,1.0,0,1
2022/2023_Lube_Trent_5Round,2,0.25,0.4655,0.5614,-0.09589999999999999,0.5181,0.492,0.026100000000000012,0.5333,0.6,-0.06669999999999998,3.8438,4.2756,0.093,2,1,1,1.0,0,1
2022/2023_Lube_Trent_5Round,3,0.5,0.4655,0.5614,-0.09589999999999999,0.5181,0.492,0.026100000000000012,0.5333,0.6,-0.06669999999999998,3.8438,4.2756,0.093,3,1,2,1.0,0,0
2022/2023_Lube_Trent_5Round,3,0.5,0.4655,0.5614,-0.09589999999999999,0.5181,0.492,0.026100000000000012,0.5333,0.6,-0.06669999999999998,3.8438,4.2756,0.093,3,2,1,0.0,0,0
2022/2023_Lube_Trent_5Round,4,0.75,0.4655,0.5614,-0.09589999999999999,0.5181,0.492,0.026100000000000012,0.5333,0.6,-0.06669999999999998,3.8438,4.2756,0.093,3,3,0,0.0,0,0
2022/2023_Lube_Trent_5Round,4,0.75,0.4655,0.5614,-0.09589999999999999,0.5181,0.492,0.026100000000000012,0.5333,0.6,-0.06669999999999998,3.8438,4.2756,0.093,3,4,-1,0.0,0,0
2022/2023_Lube_Trent_5Round,5,1.0,0.4655,0.5614,-0.09589999999999999,0.5181,0.492,0.026100000000000012,0.5333,0.6,-0.06669999999999998,3.8438,4.2756,0.093,3,5,-2,0.0,1,0
2022/2023_Lube_Veron_6Round,1,0.0,0.4576,0.5254,-0.06779999999999997,0.5142,0.4663,0.0479,0.5333,0.5333,0.0,3.6169,3.1244,2.657,0,0,0,0.5,0,0
2022/2023_Lube_Veron_6Round,1,0.0,0.4576,0.5254,-0.06779999999999997,0.5142,0.4663,0.0479,0.5333,0.5333,0.0,3.6169,3.1244,2.657,0,1,-1,0.0,0,1
2022/2023_Lube_Veron_6Round,2,0.25,0.4576,0.5254,-0.06779999999999997,0.5142,0.4663,0.0479,0.5333,0.5333,0.0,3.6169,3.1244,2.657,1,1,0,1.0,0,1
2022/2023_Lube_Veron_6Round,2,0.25,0.4576,0.5254,-0.06779999999999997,0.5142,0.4663,0.0479,0.5333,0.5333,0.0,3.6169,3.1244,2.657,2,1,1,1.0,0,1
2022/2023_Lube_Veron_6Round,3,0.5,0.4576,0.5254,-0.06779999999999997,0.5142,0.4663,0.0479,0.5333,0.5333,0.0,3.6169,3.1244,2.657,3,1,2,1.0,0,0
2022/2023_Lube_Veron_6Round,3,0.5,0.4576,0.5254,-0.06779999999999997,0.5142,0.4663,0.0479,0.5333,0.5333,0.0,3.6169,3.1244,2.657,3,2,1,0.0,0,1
2022/2023_Lube_Veron_6Round,4,0.75,0.4576,0.5254,-0.06779999999999997,0.5142,0.4663,0.0479,0.5333,0.5333,0.0,3.6169,3.1244,2.657,4,2,2,1.0,0,1
2022/2023_Lube_Veron_6Round,4,0.75,0.4576,0.5254,-0.06779999999999997,0.5142,0.4663,0.0479,0.5333,0.5333,0.0,3.6169,3.1244,2.657,5,2,3,1.0,0,0
2022/2023_Lube_Veron_6Round,5,1.0,0.4576,0.5254,-0.06779999999999997,0.5142,0.4663,0.0479,0.5333,0.5333,0.0,3.6169,3.1244,2.657,5,3,2,0.0,1,1
2022/2023_Med S_Pinet_3Round,1,0.0,0.5556,0.5625,-0.006900000000000017,0.5063,0.5089,-0.0026000000000000467,0.5333,0.4167,0.11659999999999998,4.0804,3.5589,0.0,0,0,0,0.5,0,1
2022/2023_Med S_Pinet_3Round,1,0.0,0.5556,0.5625,-0.006900000000000017,0.5063,0.5089,-0.0026000000000000467,0.5333,0.4167,0.11659999999999998,4.0804,3.5589,0.0,1,0,1,1.0,0,1
2022/2023_Med S_Pinet_3Round,2,0.25,0.5556,0.5625,-0.006900000000000017,0.5063,0.5089,-0.0026000000000000467,0.5333,0.4167,0.11659999999999998,4.0804,3.5589,0.0,2,0,2,1.0,0,1
2022/2023_Med S_Pinet_3Round,2,0.25,0.5556,0.5625,-0.006900000000000017,0.5063,0.5089,-0.0026000000000000467,0.5333,0.4167,0.11659999999999998,4.0804,3.5589,0.0,3,0,3,1.0,0,0
2022/2023_Med S_Pinet_3Round,3,0.5,0.5556,0.5625,-0.006900000000000017,0.5063,0.5089,-0.0026000000000000467,0.5333,0.4167,0.11659999999999998,4.0804,3.5589,0.0,3,1,2,0.0,0,1
2022/2023_Med S_Pinet_3Round,3,0.5,0.5556,0.5625,-0.006900000000000017,0.5063,0.5089,-0.0026000000000000467,0.5333,0.4167,0.11659999999999998,4.0804,3.5589,0.0,4,1,3,1.0,0,1
2022/2023_Med S_Pinet_3Round,4,0.75,0.5556,0.5625,-0.006900000000000017,0.5063,0.5089,-0.0026000000000000467,0.5333,0.4167,0.11659999999999998,4.0804,3.5589,0.0,5,1,4,1.0,0,1
2022/2023_Med S_Vigil_11Round,1,0.0,0.5789,0.4737,0.10519999999999996,0.5215,0.4716,0.049899999999999944,0.6,0.4667,0.13329999999999997,4.2881,3.4492,0.0,0,0,0,0.5,0,1
2022/2023_Med S_Vigil_11Round,1,0.0,0.5789,0.4737,0.10519999999999996,0.5215,0.4716,0.049899999999999944,0.6,0.4667,0.13329999999999997,4.2881,3.4492,0.0,1,0,1,1.0,0,0
2022/2023_Med S_Vigil_11Round,2,0.25,0.5789,0.4737,0.10519999999999996,0.5215,0.4716,0.049899999999999944,0.6,0.4667,0.13329999999999997,4.2881,3.4492,0.0,1,1,0,0.0,0,1
2022/2023_Med S_Vigil_11Round,2,0.25,0.5789,0.4737,0.10519999999999996,0.5215,0.4716,0.049899999999999944,0.6,0.4667,0.13329999999999997,4.2881,3.4492,0.0,2,1,1,1.0,0,0
2022/2023_Med S_Vigil_11Round,3,0.5,0.5789,0.4737,0.10519999999999996,0.5215,0.4716,0.049899999999999944,0.6,0.4667,0.13329999999999997,4.2881,3.4492,0.0,2,2,0,0.0,0,0
2022/2023_Med S_Vigil_11Round,3,0.5,0.5789,0.4737,0.10519999999999996,0.5215,0.4716,0.049899999999999944,0.6,0.4667,0.13329999999999997,4.2881,3.4492,0.0,2,3,-1,0.0,0,1
2022/2023_Med S_Vigil_11Round,4,0.75,0.5789,0.4737,0.10519999999999996,0.5215,0.4716,0.049899999999999944,0.6,0.4667,0.13329999999999997,4.2881,3.4492,0.0,3,3,0,1.0,0,0
2022/2023_Med S_Vigil_11Round,4,0.75,0.5789,0.4737,0.10519999999999996,0.5215,0.4716,0.049899999999999944,0.6,0.4667,0.13329999999999997,4.2881,3.4492,0.0,3,4,-1,0.0,0,1
2022/2023_Med S_Vigil_11Round,5,1.0,0.5789,0.4737,0.10519999999999996,0.5215,0.4716,0.049899999999999944,0.6,0.4667,0.13329999999999997,4.2881,3.4492,0.0,4,4,0,1.0,1,1
2022/2023_Med S_Vigil_11Round,5,1.0,0.5789,0.4737,0.10519999999999996,0.5215,0.4716,0.049899999999999944,0.6,0.4667,0.13329999999999997,4.2881,3.4492,0.0,5,4,1,1.0,1,1
2022/2023_Milan_Moden_4Round,1,0.0,0.4821,0.4737,0.008399999999999963,0.4855,0.507,-0.02150000000000002,0.5333,0.5333,0.0,3.4985,3.1027,0.01,0,0,0,0.5,0,0
2022/2023_Milan_Moden_4Round,1,0.0,0.4821,0.4737,0.008399999999999963,0.4855,0.507,-0.02150000000000002,0.5333,0.5333,0.0,3.4985,3.1027,0.01,0,1,-1,0.0,0,1
2022/2023_Milan_Moden_4Round,2,0.25,0.4821,0.4737,0.008399999999999963,0.4855,0.507,-0.02150000000000002,0.5333,0.5333,0.0,3.4985,3.1027,0.01,1,1,0,1.0,0,0
2022/2023_Milan_Moden_4Round,2,0.25,0.4821,0.4737,0.008399999999999963,0.4855,0.507,-0.02150000000000002,0.5333,0.5333,0.0,3.4985,3.1027,0.01,1,2,-1,0.0,0,1
2022/2023_Milan_Moden_4Round,3,0.5,0.4821,0.4737,0.008399999999999963,0.4855,0.507,-0.02150000000000002,0.5333,0.5333,0.0,3.4985,3.1027,0.01,2,2,0,1.0,0,1
2022/2023_Milan_Moden_4Round,3,0.5,0.4821,0.4737,0.008399999999999963,0.4855,0.507,-0.02150000000000002,0.5333,0.5333,0.0,3.4985,3.1027,0.01,3,2,1,1.0,0,1
2022/2023_Milan_Moden_4Round,4,0.75,0.4821,0.4737,0.008399999999999963,0.4855,0.507,-0.02150000000000002,0.5333,0.5333,0.0,3.4985,3.1027,0.01,4,2,2,1.0,0,1
2022/2023_Milan_Moden_4Round,4,0.75,0.4821,0.4737,0.008399999999999963,0.4855,0.507,-0.02150000000000002,0.5333,0.5333,0.0,3.4985,3.1027,0.01,5,2,3,1.0,0,0
2022/2023_Milan_Moden_4Round,5,1.0,0.4821,0.4737,0.008399999999999963,0.4855,0.507,-0.02150000000000002,0.5333,0.5333,0.0,3.4985,3.1027,0.01,5,3,2,0.0,1,0
2022/2023_Milan_Monza_2Round,1,0.0,0.4909,0.5536,-0.06269999999999998,0.4889,0.5358,-0.04690000000000005,0.5333,0.6,-0.06669999999999998,3.6733,4.0652,-0.229,0,0,0,0.5,0,0
2022/2023_Milan_Monza_2Round,1,0.0,0.4909,0.5536,-0.06269999999999998,0.4889,0.5358,-0.04690000000000005,0.5333,0.6,-0.06669999999999998,3.6733,4.0652,-0.229,0,1,-1,0.0,0,1
2022/2023_Milan_Monza_2Round,2,0.25,0.4909,0.5536,-0.06269999999999998,0.4889,0.5358,-0.04690000000000005,0.5333,0.6,-0.06669999999999998,3.6733,4.0652,-0.229,1,1,0,1.0,0,1
2022/2023_Milan_Monza_2Round,2,0.25,0.4909,0.5536,-0.06269999999999998,0.4889,0.5358,-0.04690000000000005,0.5333,0.6,-0.06669999999999998,3.6733,4.0652,-0.229,2,1,1,1.0,0,0
2022/2023_Milan_Monza_2Round,3,0.5,0.4909,0.5536,-0.06269999999999998,0.4889,0.5358,-0.04690000000000005,0.5333,0.6,-0.06669999999999998,3.6733,4.0652,-0.229,2,2,0,0.0,0,0
2022/2023_Milan_Monza_2Round,3,0.5,0.4909,0.5536,-0.06269999999999998,0.4889,0.5358,-0.04690000000000005,0.5333,0.6,-0.06669999999999998,3.6733,4.0652,-0.229,2,3,-1,0.0,0,1
2022/2023_Milan_Monza_2Round,4,0.75,0.4909,0.5536,-0.06269999999999998,0.4889,0.5358,-0.04690000000000005,0.5333,0.6,-0.06669999999999998,3.6733,4.0652,-0.229,3,3,0,1.0,0,0
2022/2023_Milan_Monza_2Round,4,0.75,0.4909,0.5536,-0.06269999999999998,0.4889,0.5358,-0.04690000000000005,0.5333,0.6,-0.06669999999999998,3.6733,4.0652,-0.229,3,4,-1,0.0,0,0
2022/2023_Milan_Monza_2Round,5,1.0,0.4909,0.5536,-0.06269999999999998,0.4889,0.5358,-0.04690000000000005,0.5333,0.6,-0.06669999999999998,3.6733,4.0652,-0.229,3,5,-2,0.0,1,0
2022/2023_Milan_Padov_7Round,1,0.0,0.4746,0.3793,0.0953,0.4873,0.4965,-0.009199999999999986,0.4,0.4,0.0,3.4707,3.9836,1.49,0,0,0,0.5,0,1
2022/2023_Milan_Padov_7Round,1,0.0,0.4746,0.3793,0.0953,0.4873,0.4965,-0.009199999999999986,0.4,0.4,0.0,3.4707,3.9836,1.49,1,0,1,1.0,0,1
2022/2023_Milan_Padov_7Round,2,0.25,0.4746,0.3793,0.0953,0.4873,0.4965,-0.009199999999999986,0.4,0.4,0.0,3.4707,3.9836,1.49,2,0,2,1.0,0,0
2022/2023_Milan_Padov_7Round,2,0.25,0.4746,0.3793,0.0953,0.4873,0.4965,-0.009199999999999986,0.4,0.4,0.0,3.4707,3.9836,1.49,2,1,1,0.0,0,0
2022/2023_Milan_Padov_7Round,3,0.5,0.4746,0.3793,0.0953,0.4873,0.4965,-0.009199999999999986,0.4,0.4,0.0,3.4707,3.9836,1.49,2,2,0,0.0,0,0
2022/2023_Milan_Padov_7Round,3,0.5,0.4746,0.3793,0.0953,0.4873,0.4965,-0.009199999999999986,0.4,0.4,0.0,3.4707,3.9836,1.49,2,3,-1,0.0,0,1
2022/2023_Milan_Padov_7Round,4,0.75,0.4746,0.3793,0.0953,0.4873,0.4965,-0.009199999999999986,0.4,0.4,0.0,3.4707,3.9836,1.49,3,3,0,1.0,0,1
2022/2023_Milan_Padov_7Round,4,0.75,0.4746,0.3793,0.0953,0.4873,0.4965,-0.009199999999999986,0.4,0.4,0.0,3.4707,3.9836,1.49,4,3,1,1.0,0,0
2022/2023_Milan_Piace_8Round,1,0.0,0.4667,0.4878,-0.021100000000000008,0.4876,0.4902,-0.0026000000000000467,0.4,0.5333,-0.13329999999999997,3.6043,3.8286,-1.937,0,0,0,0.5,0,0
2022/2023_Milan_Piace_8Round,1,0.0,0.4667,0.4878,-0.021100000000000008,0.4876,0.4902,-0.0026000000000000467,0.4,0.5333,-0.13329999999999997,3.6043,3.8286,-1.937,0,1,-1,0.0,0,1
2022/2023_Milan_Piace_8Round,2,0.25,0.4667,0.4878,-0.021100000000000008,0.4876,0.4902,-0.0026000000000000467,0.4,0.5333,-0.13329999999999997,3.6043,3.8286,-1.937,1,1,0,1.0,0,1
2022/2023_Milan_Piace_8Round,2,0.25,0.4667,0.4878,-0.021100000000000008,0.4876,0.4902,-0.0026000000000000467,0.4,0.5333,-0.13329999999999997,3.6043,3.8286,-1.937,2,1,1,1.0,0,1
2022/2023_Milan_Piace_8Round,3,0.5,0.4667,0.4878,-0.021100000000000008,0.4876,0.4902,-0.0026000000000000467,0.4,0.5333,-0.13329999999999997,3.6043,3.8286,-1.937,3,1,2,1.0,0,0
2022/2023_Milan_Piace_8Round,3,0.5,0.4667,0.4878,-0.021100000000000008,0.4876,0.4902,-0.0026000000000000467,0.4,0.5333,-0.13329999999999997,3.6043,3.8286,-1.937,3,2,1,0.0,0,1
2022/2023_Milan_Piace_8Round,4,0.75,0.4667,0.4878,-0.021100000000000008,0.4876,0.4902,-0.0026000000000000467,0.4,0.5333,-0.13329999999999997,3.6043,3.8286,-1.937,4,2,2,1.0,0,0
2022/2023_Milan_Piace_8Round,4,0.75,0.4667,0.4878,-0.021100000000000008,0.4876,0.4902,-0.0026000000000000467,0.4,0.5333,-0.13329999999999997,3.6043,3.8286,-1.937,4,3,1,0.0,0,1
2022/2023_Milan_Piace_8Round,5,1.0,0.4667,0.4878,-0.021100000000000008,0.4876,0.4902,-0.0026000000000000467,0.4,0.5333,-0.13329999999999997,3.6043,3.8286,-1.937,5,3,2,1.0,1,0
2022/2023_Milan_Sir S_6Round,1,0.0,0.4828,0.5763,-0.09350000000000003,0.4872,0.4988,-0.0116,0.4667,0.4667,0.0,3.6357,3.253,-2.147,0,0,0,0.5,0,0
2022/2023_Milan_Sir S_6Round,1,0.0,0.4828,0.5763,-0.09350000000000003,0.4872,0.4988,-0.0116,0.4667,0.4667,0.0,3.6357,3.253,-2.147,0,1,-1,0.0,0,1
2022/2023_Milan_Sir S_6Round,2,0.25,0.4828,0.5763,-0.09350000000000003,0.4872,0.4988,-0.0116,0.4667,0.4667,0.0,3.6357,3.253,-2.147,1,1,0,1.0,0,0
2022/2023_Milan_Sir S_6Round,2,0.25,0.4828,0.5763,-0.09350000000000003,0.4872,0.4988,-0.0116,0.4667,0.4667,0.0,3.6357,3.253,-2.147,1,2,-1,0.0,0,1
2022/2023_Milan_Sir S_6Round,3,0.5,0.4828,0.5763,-0.09350000000000003,0.4872,0.4988,-0.0116,0.4667,0.4667,0.0,3.6357,3.253,-2.147,2,2,0,1.0,0,0
2022/2023_Milan_Sir S_6Round,3,0.5,0.4828,0.5763,-0.09350000000000003,0.4872,0.4988,-0.0116,0.4667,0.4667,0.0,3.6357,3.253,-2.147,2,3,-1,0.0,0,1
2022/2023_Milan_Trent_9Round,1,0.0,0.4754,0.5667,-0.09129999999999999,0.4889,0.4946,-0.005699999999999983,0.4667,0.6,-0.13329999999999997,3.9494,4.1125,-0.942,0,0,0,0.5,0,1
2022/2023_Milan_Trent_9Round,1,0.0,0.4754,0.5667,-0.09129999999999999,0.4889,0.4946,-0.005699999999999983,0.4667,0.6,-0.13329999999999997,3.9494,4.1125,-0.942,1,0,1,1.0,0,0
2022/2023_Milan_Trent_9Round,2,0.25,0.4754,0.5667,-0.09129999999999999,0.4889,0.4946,-0.005699999999999983,0.4667,0.6,-0.13329999999999997,3.9494,4.1125,-0.942,1,1,0,0.0,0,1
2022/2023_Milan_Trent_9Round,2,0.25,0.4754,0.5667,-0.09129999999999999,0.4889,0.4946,-0.005699999999999983,0.4667,0.6,-0.13329999999999997,3.9494,4.1125,-0.942,2,1,1,1.0,0,1
2022/2023_Milan_Trent_9Round,3,0.5,0.4754,0.5667,-0.09129999999999999,0.4889,0.4946,-0.005699999999999983,0.4667,0.6,-0.13329999999999997,3.9494,4.1125,-0.942,3,1,2,1.0,0,0
2022/2023_Milan_Trent_9Round,3,0.5,0.4754,0.5667,-0.09129999999999999,0.4889,0.4946,-0.005699999999999983,0.4667,0.6,-0.13329999999999997,3.9494,4.1125,-0.942,3,2,1,0.0,0,0
2022/2023_Milan_Trent_9Round,4,0.75,0.4754,0.5667,-0.09129999999999999,0.4889,0.4946,-0.005699999999999983,0.4667,0.6,-0.13329999999999997,3.9494,4.1125,-0.942,3,3,0,0.0,0,0
2022/2023_Milan_Trent_9Round,4,0.75,0.4754,0.5667,-0.09129999999999999,0.4889,0.4946,-0.005699999999999983,0.4667,0.6,-0.13329999999999997,3.9494,4.1125,-0.942,3,4,-1,0.0,0,0
2022/2023_Milan_Trent_9Round,5,1.0,0.4754,0.5667,-0.09129999999999999,0.4889,0.4946,-0.005699999999999983,0.4667,0.6,-0.13329999999999997,3.9494,4.1125,-0.942,3,5,-2,0.0,1,0
2022/2023_Milan_Veron_5Round,1,0.0,0.4912,0.5172,-0.025999999999999968,0.487,0.4658,0.021199999999999997,0.5333,0.4667,0.06659999999999999,3.8699,3.1427,-1.075,0,0,0,0.5,0,0
2022/2023_Milan_Veron_5Round,1,0.0,0.4912,0.5172,-0.025999999999999968,0.487,0.4658,0.021199999999999997,0.5333,0.4667,0.06659999999999999,3.8699,3.1427,-1.075,0,1,-1,0.0,0,1
2022/2023_Milan_Veron_5Round,2,0.25,0.4912,0.5172,-0.025999999999999968,0.487,0.4658,0.021199999999999997,0.5333,0.4667,0.06659999999999999,3.8699,3.1427,-1.075,1,1,0,1.0,0,0
2022/2023_Milan_Veron_5Round,2,0.25,0.4912,0.5172,-0.025999999999999968,0.487,0.4658,0.021199999999999997,0.5333,0.4667,0.06659999999999999,3.8699,3.1427,-1.075,1,2,-1,0.0,0,1
2022/2023_Milan_Veron_5Round,3,0.5,0.4912,0.5172,-0.025999999999999968,0.487,0.4658,0.021199999999999997,0.5333,0.4667,0.06659999999999999,3.8699,3.1427,-1.075,2,2,0,1.0,0,0
2022/2023_Milan_Veron_5Round,3,0.5,0.4912,0.5172,-0.025999999999999968,0.487,0.4658,0.021199999999999997,0.5333,0.4667,0.06659999999999999,3.8699,3.1427,-1.075,2,3,-1,0.0,0,1
2022/2023_Moden_Monza_10Round,1,0.0,0.4833,0.5323,-0.04899999999999999,0.5099,0.5313,-0.021399999999999975,0.6,0.6,0.0,4.1359,3.3354,-1.565,0,0,0,0.5,0,0
2022/2023_Moden_Monza_10Round,1,0.0,0.4833,0.5323,-0.04899999999999999,0.5099,0.5313,-0.021399999999999975,0.6,0.6,0.0,4.1359,3.3354,-1.565,0,1,-1,0.0,0,1
2022/2023_Moden_Monza_10Round,2,0.25,0.4833,0.5323,-0.04899999999999999,0.5099,0.5313,-0.021399999999999975,0.6,0.6,0.0,4.1359,3.3354,-1.565,1,1,0,1.0,0,0
2022/2023_Moden_Monza_10Round,2,0.25,0.4833,0.5323,-0.04899999999999999,0.5099,0.5313,-0.021399999999999975,0.6,0.6,0.0,4.1359,3.3354,-1.565,1,2,-1,0.0,0,0
2022/2023_Moden_Monza_10Round,3,0.5,0.4833,0.5323,-0.04899999999999999,0.5099,0.5313,-0.021399999999999975,0.6,0.6,0.0,4.1359,3.3354,-1.565,1,3,-2,0.0,0,0
2022/2023_Moden_Monza_10Round,3,0.5,0.4833,0.5323,-0.04899999999999999,0.5099,0.5313,-0.021399999999999975,0.6,0.6,0.0,4.1359,3.3354,-1.565,1,4,-3,0.0,0,1
2022/2023_Moden_Monza_10Round,4,0.75,0.4833,0.5323,-0.04899999999999999,0.5099,0.5313,-0.021399999999999975,0.6,0.6,0.0,4.1359,3.3354,-1.565,2,4,-2,1.0,0,1
2022/2023_Moden_Monza_10Round,4,0.75,0.4833,0.5323,-0.04899999999999999,0.5099,0.5313,-0.021399999999999975,0.6,0.6,0.0,4.1359,3.3354,-1.565,3,4,-1,1.0,0,0
2022/2023_Moden_Monza_10Round,5,1.0,0.4833,0.5323,-0.04899999999999999,0.5099,0.5313,-0.021399999999999975,0.6,0.6,0.0,4.1359,3.3354,-1.565,3,5,-2,0.0,1,0
2022/2023_Moden_Padov_1Round,1,0.0,0.4815,0.3636,0.1179,0.511,0.495,0.016000000000000014,0.6,0.4,0.19999999999999996,4.2265,3.8101,2.49,0,0,0,0.5,0,1
2022/2023_Moden_Padov_1Round,1,0.0,0.4815,0.3636,0.1179,0.511,0.495,0.016000000000000014,0.6,0.4,0.19999999999999996,4.2265,3.8101,2.49,1,0,1,1.0,0,1
2022/2023_Moden_Padov_1Round,2,0.25,0.4815,0.3636,0.1179,0.511,0.495,0.016000000000000014,0.6,0.4,0.19999999999999996,4.2265,3.8101,2.49,2,0,2,1.0,0,1
2022/2023_Moden_Padov_1Round,2,0.25,0.4815,0.3636,0.1179,0.511,0.495,0.016000000000000014,0.6,0.4,0.19999999999999996,4.2265,3.8101,2.49,3,0,3,1.0,0,0
2022/2023_Moden_Padov_1Round,3,0.5,0.4815,0.3636,0.1179,0.511,0.495,0.016000000000000014,0.6,0.4,0.19999999999999996,4.2265,3.8101,2.49,3,1,2,0.0,0,1
2022/2023_Moden_Padov_1Round,3,0.5,0.4815,0.3636,0.1179,0.511,0.495,0.016000000000000014,0.6,0.4,0.19999999999999996,4.2265,3.8101,2.49,4,1,3,1.0,0,1
2022/2023_Moden_Padov_1Round,4,0.75,0.4815,0.3636,0.1179,0.511,0.495,0.016000000000000014,0.6,0.4,0.19999999999999996,4.2265,3.8101,2.49,5,1,4,1.0,0,0
2022/2023_Moden_Padov_1Round,5,1.0,0.4815,0.3636,0.1179,0.511,0.495,0.016000000000000014,0.6,0.4,0.19999999999999996,4.2265,3.8101,2.49,5,2,3,0.0,1,1
2022/2023_Moden_Piace_2Round,1,0.0,0.4909,0.4865,0.004400000000000015,0.5156,0.4873,0.028299999999999936,0.6,0.4667,0.13329999999999997,4.6242,3.667,2.406,0,0,0,0.5,0,1
2022/2023_Moden_Piace_2Round,1,0.0,0.4909,0.4865,0.004400000000000015,0.5156,0.4873,0.028299999999999936,0.6,0.4667,0.13329999999999997,4.6242,3.667,2.406,1,0,1,1.0,0,0
2022/2023_Moden_Piace_2Round,2,0.25,0.4909,0.4865,0.004400000000000015,0.5156,0.4873,0.028299999999999936,0.6,0.4667,0.13329999999999997,4.6242,3.667,2.406,1,1,0,0.0,0,0
2022/2023_Moden_Piace_2Round,2,0.25,0.4909,0.4865,0.004400000000000015,0.5156,0.4873,0.028299999999999936,0.6,0.4667,0.13329999999999997,4.6242,3.667,2.406,1,2,-1,0.0,0,0
2022/2023_Moden_Piace_2Round,3,0.5,0.4909,0.4865,0.004400000000000015,0.5156,0.4873,0.028299999999999936,0.6,0.4667,0.13329999999999997,4.6242,3.667,2.406,1,3,-2,0.0,0,0
2022/2023_Moden_Piace_2Round,3,0.5,0.4909,0.4865,0.004400000000000015,0.5156,0.4873,0.028299999999999936,0.6,0.4667,0.13329999999999997,4.6242,3.667,2.406,1,4,-3,0.0,0,1
2022/2023_Moden_Piace_2Round,4,0.75,0.4909,0.4865,0.004400000000000015,0.5156,0.4873,0.028299999999999936,0.6,0.4667,0.13329999999999997,4.6242,3.667,2.406,2,4,-2,1.0,0,1
2022/2023_Moden_Sir S_5Round,1,0.0,0.4655,0.5862,-0.12070000000000003,0.5057,0.5,0.005700000000000038,0.5333,0.5333,0.0,3.3449,3.3258,-2.21,0,0,0,0.5,0,1
2022/2023_Moden_Sir S_5Round,1,0.0,0.4655,0.5862,-0.12070000000000003,0.5057,0.5,0.005700000000000038,0.5333,0.5333,0.0,3.3449,3.3258,-2.21,1,0,1,1.0,0,1
2022/2023_Moden_Sir S_5Round,2,0.25,0.4655,0.5862,-0.12070000000000003,0.5057,0.5,0.005700000000000038,0.5333,0.5333,0.0,3.3449,3.3258,-2.21,2,0,2,1.0,0,1
2022/2023_Moden_Sir S_5Round,2,0.25,0.4655,0.5862,-0.12070000000000003,0.5057,0.5,0.005700000000000038,0.5333,0.5333,0.0,3.3449,3.3258,-2.21,3,0,3,1.0,0,0
2022/2023_Moden_Sir S_5Round,3,0.5,0.4655,0.5862,-0.12070000000000003,0.5057,0.5,0.005700000000000038,0.5333,0.5333,0.0,3.3449,3.3258,-2.21,3,1,2,0.0,0,1
2022/2023_Moden_Sir S_5Round,3,0.5,0.4655,0.5862,-0.12070000000000003,0.5057,0.5,0.005700000000000038,0.5333,0.5333,0.0,3.3449,3.3258,-2.21,4,1,3,1.0,0,0
2022/2023_Moden_Sir S_5Round,4,0.75,0.4655,0.5862,-0.12070000000000003,0.5057,0.5,0.005700000000000038,0.5333,0.5333,0.0,3.3449,3.3258,-2.21,4,2,2,0.0,0,0
2022/2023_Moden_Trent_11Round,1,0.0,0.4754,0.5645,-0.08910000000000001,0.5065,0.4968,0.009699999999999931,0.5333,0.5333,0.0,3.8211,4.1164,-1.922,0,0,0,0.5,0,0
2022/2023_Moden_Trent_11Round,1,0.0,0.4754,0.5645,-0.08910000000000001,0.5065,0.4968,0.009699999999999931,0.5333,0.5333,0.0,3.8211,4.1164,-1.922,0,1,-1,0.0,0,1
2022/2023_Moden_Trent_11Round,2,0.25,0.4754,0.5645,-0.08910000000000001,0.5065,0.4968,0.009699999999999931,0.5333,0.5333,0.0,3.8211,4.1164,-1.922,1,1,0,1.0,0,1
2022/2023_Moden_Trent_11Round,2,0.25,0.4754,0.5645,-0.08910000000000001,0.5065,0.4968,0.009699999999999931,0.5333,0.5333,0.0,3.8211,4.1164,-1.922,2,1,1,1.0,0,0
2022/2023_Moden_Trent_11Round,3,0.5,0.4754,0.5645,-0.08910000000000001,0.5065,0.4968,0.009699999999999931,0.5333,0.5333,0.0,3.8211,4.1164,-1.922,2,2,0,0.0,0,1
2022/2023_Moden_Trent_11Round,3,0.5,0.4754,0.5645,-0.08910000000000001,0.5065,0.4968,0.009699999999999931,0.5333,0.5333,0.0,3.8211,4.1164,-1.922,3,2,1,1.0,0,1
2022/2023_Moden_Trent_11Round,4,0.75,0.4754,0.5645,-0.08910000000000001,0.5065,0.4968,0.009699999999999931,0.5333,0.5333,0.0,3.8211,4.1164,-1.922,4,2,2,1.0,0,0
2022/2023_Moden_Veron_9Round,1,0.0,0.4746,0.5,-0.025399999999999978,0.5067,0.4615,0.04520000000000002,0.6,0.4667,0.13329999999999997,3.5156,3.0942,2.0,0,0,0,0.5,0,1
2022/2023_Moden_Veron_9Round,1,0.0,0.4746,0.5,-0.025399999999999978,0.5067,0.4615,0.04520000000000002,0.6,0.4667,0.13329999999999997,3.5156,3.0942,2.0,1,0,1,1.0,0,1
2022/2023_Moden_Veron_9Round,2,0.25,0.4746,0.5,-0.025399999999999978,0.5067,0.4615,0.04520000000000002,0.6,0.4667,0.13329999999999997,3.5156,3.0942,2.0,2,0,2,1.0,0,1
2022/2023_Moden_Veron_9Round,2,0.25,0.4746,0.5,-0.025399999999999978,0.5067,0.4615,0.04520000000000002,0.6,0.4667,0.13329999999999997,3.5156,3.0942,2.0,3,0,3,1.0,0,0
2022/2023_Moden_Veron_9Round,3,0.5,0.4746,0.5,-0.025399999999999978,0.5067,0.4615,0.04520000000000002,0.6,0.4667,0.13329999999999997,3.5156,3.0942,2.0,3,1,2,0.0,0,0
2022/2023_Moden_Veron_9Round,3,0.5,0.4746,0.5,-0.025399999999999978,0.5067,0.4615,0.04520000000000002,0.6,0.4667,0.13329999999999997,3.5156,3.0942,2.0,3,2,1,0.0,0,1
2022/2023_Moden_Veron_9Round,4,0.75,0.4746,0.5,-0.025399999999999978,0.5067,0.4615,0.04520000000000002,0.6,0.4667,0.13329999999999997,3.5156,3.0942,2.0,4,2,2,1.0,0,1
2022/2023_Moden_Veron_9Round,4,0.75,0.4746,0.5,-0.025399999999999978,0.5067,0.4615,0.04520000000000002,0.6,0.4667,0.13329999999999997,3.5156,3.0942,2.0,5,2,3,1.0,0,0
2022/2023_Moden_Veron_9Round,5,1.0,0.4746,0.5,-0.025399999999999978,0.5067,0.4615,0.04520000000000002,0.6,0.4667,0.13329999999999997,3.5156,3.0942,2.0,5,3,2,0.0,1,1
2022/2023_Monza_Padov_9Round,1,0.0,0.541,0.4,0.14100000000000001,0.5362,0.4989,0.0373,0.4667,0.4667,0.0,3.8031,4.201,1.594,0,0,0,0.5,0,0
2022/2023_Monza_Padov_9Round,1,0.0,0.541,0.4,0.14100000000000001,0.5362,0.4989,0.0373,0.4667,0.4667,0.0,3.8031,4.201,1.594,0,1,-1,0.0,0,0
2022/2023_Monza_Padov_9Round,2,0.25,0.541,0.4,0.14100000000000001,0.5362,0.4989,0.0373,0.4667,0.4667,0.0,3.8031,4.201,1.594,0,2,-2,0.0,0,0
2022/2023_Monza_Padov_9Round,2,0.25,0.541,0.4,0.14100000000000001,0.5362,0.4989,0.0373,0.4667,0.4667,0.0,3.8031,4.201,1.594,0,3,-3,0.0,0,1
2022/2023_Monza_Padov_9Round,3,0.5,0.541,0.4,0.14100000000000001,0.5362,0.4989,0.0373,0.4667,0.4667,0.0,3.8031,4.201,1.594,1,3,-2,1.0,0,0
2022/2023_Monza_Padov_9Round,3,0.5,0.541,0.4,0.14100000000000001,0.5362,0.4989,0.0373,0.4667,0.4667,0.0,3.8031,4.201,1.594,1,4,-3,0.0,0,1
2022/2023_Monza_Padov_9Round,4,0.75,0.541,0.4,0.14100000000000001,0.5362,0.4989,0.0373,0.4667,0.4667,0.0,3.8031,4.201,1.594,2,4,-2,1.0,0,0
2022/2023_Monza_Padov_9Round,5,1.0,0.541,0.4,0.14100000000000001,0.5362,0.4989,0.0373,0.4667,0.4667,0.0,3.8031,4.201,1.594,2,5,-3,0.0,1,0
2022/2023_Monza_Piace_5Round,1,0.0,0.5517,0.4872,0.06449999999999995,0.5368,0.4897,0.04710000000000003,0.4667,0.4667,0.0,4.0893,3.7728,-1.95,0,0,0,0.5,0,0
2022/2023_Monza_Piace_5Round,1,0.0,0.5517,0.4872,0.06449999999999995,0.5368,0.4897,0.04710000000000003,0.4667,0.4667,0.0,4.0893,3.7728,-1.95,0,1,-1,0.0,0,0
2022/2023_Monza_Piace_5Round,2,0.25,0.5517,0.4872,0.06449999999999995,0.5368,0.4897,0.04710000000000003,0.4667,0.4667,0.0,4.0893,3.7728,-1.95,0,2,-2,0.0,0,1
2022/2023_Monza_Piace_5Round,2,0.25,0.5517,0.4872,0.06449999999999995,0.5368,0.4897,0.04710000000000003,0.4667,0.4667,0.0,4.0893,3.7728,-1.95,1,2,-1,1.0,0,1
2022/2023_Monza_Piace_5Round,3,0.5,0.5517,0.4872,0.06449999999999995,0.5368,0.4897,0.04710000000000003,0.4667,0.4667,0.0,4.0893,3.7728,-1.95,2,2,0,1.0,0,0
2022/2023_Monza_Piace_5Round,3,0.5,0.5517,0.4872,0.06449999999999995,0.5368,0.4897,0.04710000000000003,0.4667,0.4667,0.0,4.0893,3.7728,-1.95,2,3,-1,0.0,0,1
2022/2023_Monza_Piace_5Round,4,0.75,0.5517,0.4872,0.06449999999999995,0.5368,0.4897,0.04710000000000003,0.4667,0.4667,0.0,4.0893,3.7728,-1.95,3,3,0,1.0,0,1
2022/2023_Monza_Piace_5Round,4,0.75,0.5517,0.4872,0.06449999999999995,0.5368,0.4897,0.04710000000000003,0.4667,0.4667,0.0,4.0893,3.7728,-1.95,4,3,1,1.0,0,0
2022/2023_Monza_Sir S_1Round,1,0.0,0.5636,0.6,-0.03639999999999999,0.5363,0.5013,0.03500000000000003,0.4667,0.6,-0.13329999999999997,4.4797,3.782,0.765,0,0,0,0.5,0,0
2022/2023_Monza_Sir S_1Round,1,0.0,0.5636,0.6,-0.03639999999999999,0.5363,0.5013,0.03500000000000003,0.4667,0.6,-0.13329999999999997,4.4797,3.782,0.765,0,1,-1,0.0,0,1
2022/2023_Monza_Sir S_1Round,2,0.25,0.5636,0.6,-0.03639999999999999,0.5363,0.5013,0.03500000000000003,0.4667,0.6,-0.13329999999999997,4.4797,3.782,0.765,1,1,0,1.0,0,0
2022/2023_Monza_Sir S_1Round,2,0.25,0.5636,0.6,-0.03639999999999999,0.5363,0.5013,0.03500000000000003,0.4667,0.6,-0.13329999999999997,4.4797,3.782,0.765,1,2,-1,0.0,0,1
2022/2023_Monza_Sir S_1Round,3,0.5,0.5636,0.6,-0.03639999999999999,0.5363,0.5013,0.03500000000000003,0.4667,0.6,-0.13329999999999997,4.4797,3.782,0.765,2,2,0,1.0,0,0
2022/2023_Monza_Sir S_1Round,3,0.5,0.5636,0.6,-0.03639999999999999,0.5363,0.5013,0.03500000000000003,0.4667,0.6,-0.13329999999999997,4.4797,3.782,0.765,2,3,-1,0.0,0,1
2022/2023_Monza_Trent_6Round,1,0.0,0.5424,0.569,-0.026599999999999957,0.5361,0.4955,0.040600000000000025,0.4,0.6,-0.19999999999999996,4.0384,4.6655,-1.208,0,0,0,0.5,0,0
2022/2023_Monza_Trent_6Round,1,0.0,0.5424,0.569,-0.026599999999999957,0.5361,0.4955,0.040600000000000025,0.4,0.6,-0.19999999999999996,4.0384,4.6655,-1.208,0,1,-1,0.0,0,1
2022/2023_Monza_Trent_6Round,2,0.25,0.5424,0.569,-0.026599999999999957,0.5361,0.4955,0.040600000000000025,0.4,0.6,-0.19999999999999996,4.0384,4.6655,-1.208,1,1,0,1.0,0,0
2022/2023_Monza_Trent_6Round,2,0.25,0.5424,0.569,-0.026599999999999957,0.5361,0.4955,0.040600000000000025,0.4,0.6,-0.19999999999999996,4.0384,4.6655,-1.208,1,2,-1,0.0,0,1
2022/2023_Monza_Trent_6Round,3,0.5,0.5424,0.569,-0.026599999999999957,0.5361,0.4955,0.040600000000000025,0.4,0.6,-0.19999999999999996,4.0384,4.6655,-1.208,2,2,0,1.0,0,0
2022/2023_Monza_Trent_6Round,3,0.5,0.5424,0.569,-0.026599999999999957,0.5361,0.4955,0.040600000000000025,0.4,0.6,-0.19999999999999996,4.0384,4.6655,-1.208,2,3,-1,0.0,0,1
2022/2023_Monza_Veron_7Round,1,0.0,0.5333,0.5167,0.016599999999999948,0.5357,0.4636,0.07209999999999994,0.4,0.5333,-0.13329999999999997,3.7531,3.1111,-0.732,0,0,0,0.5,0,0
2022/2023_Monza_Veron_7Round,1,0.0,0.5333,0.5167,0.016599999999999948,0.5357,0.4636,0.07209999999999994,0.4,0.5333,-0.13329999999999997,3.7531,3.1111,-0.732,0,1,-1,0.0,0,1
2022/2023_Monza_Veron_7Round,2,0.25,0.5333,0.5167,0.016599999999999948,0.5357,0.4636,0.07209999999999994,0.4,0.5333,-0.13329999999999997,3.7531,3.1111,-0.732,1,1,0,1.0,0,1
2022/2023_Monza_Veron_7Round,2,0.25,0.5333,0.5167,0.016599999999999948,0.5357,0.4636,0.07209999999999994,0.4,0.5333,-0.13329999999999997,3.7531,3.1111,-0.732,2,1,1,1.0,0,0
2022/2023_Monza_Veron_7Round,3,0.5,0.5333,0.5167,0.016599999999999948,0.5357,0.4636,0.07209999999999994,0.4,0.5333,-0.13329999999999997,3.7531,3.1111,-0.732,2,2,0,0.0,0,1
2022/2023_Monza_Veron_7Round,3,0.5,0.5333,0.5167,0.016599999999999948,0.5357,0.4636,0.07209999999999994,0.4,0.5333,-0.13329999999999997,3.7531,3.1111,-0.732,3,2,1,1.0,0,1
2022/2023_Monza_Veron_7Round,4,0.75,0.5333,0.5167,0.016599999999999948,0.5357,0.4636,0.07209999999999994,0.4,0.5333,-0.13329999999999997,3.7531,3.1111,-0.732,4,2,2,1.0,0,0
2022/2023_Padov_Piace_11Round,1,0.0,0.4194,0.4884,-0.069,0.5044,0.4893,0.015099999999999947,0.6,0.5333,0.06669999999999998,4.4117,4.0892,-1.516,0,0,0,0.5,0,0
2022/2023_Padov_Piace_11Round,1,0.0,0.4194,0.4884,-0.069,0.5044,0.4893,0.015099999999999947,0.6,0.5333,0.06669999999999998,4.4117,4.0892,-1.516,0,1,-1,0.0,0,1
2022/2023_Padov_Piace_11Round,2,0.25,0.4194,0.4884,-0.069,0.5044,0.4893,0.015099999999999947,0.6,0.5333,0.06669999999999998,4.4117,4.0892,-1.516,1,1,0,1.0,0,0
2022/2023_Padov_Piace_11Round,2,0.25,0.4194,0.4884,-0.069,0.5044,0.4893,0.015099999999999947,0.6,0.5333,0.06669999999999998,4.4117,4.0892,-1.516,1,2,-1,0.0,0,0
2022/2023_Padov_Piace_11Round,3,0.5,0.4194,0.4884,-0.069,0.5044,0.4893,0.015099999999999947,0.6,0.5333,0.06669999999999998,4.4117,4.0892,-1.516,1,3,-2,0.0,0,1
2022/2023_Padov_Piace_11Round,3,0.5,0.4194,0.4884,-0.069,0.5044,0.4893,0.015099999999999947,0.6,0.5333,0.06669999999999998,4.4117,4.0892,-1.516,2,3,-1,1.0,0,1
2022/2023_Padov_Piace_11Round,4,0.75,0.4194,0.4884,-0.069,0.5044,0.4893,0.015099999999999947,0.6,0.5333,0.06669999999999998,4.4117,4.0892,-1.516,3,3,0,1.0,0,0
2022/2023_Padov_Piace_11Round,4,0.75,0.4194,0.4884,-0.069,0.5044,0.4893,0.015099999999999947,0.6,0.5333,0.06669999999999998,4.4117,4.0892,-1.516,3,4,-1,0.0,0,1
2022/2023_Padov_Sir S_4Round,1,0.0,0.3684,0.5965,-0.22810000000000002,0.4952,0.5012,-0.006000000000000005,0.4,0.6,-0.19999999999999996,4.0117,3.4289,-2.853,0,0,0,0.5,0,1
2022/2023_Padov_Sir S_4Round,1,0.0,0.3684,0.5965,-0.22810000000000002,0.4952,0.5012,-0.006000000000000005,0.4,0.6,-0.19999999999999996,4.0117,3.4289,-2.853,1,0,1,1.0,0,1
2022/2023_Padov_Sir S_4Round,2,0.25,0.3684,0.5965,-0.22810000000000002,0.4952,0.5012,-0.006000000000000005,0.4,0.6,-0.19999999999999996,4.0117,3.4289,-2.853,2,0,2,1.0,0,1
2022/2023_Padov_Sir S_4Round,2,0.25,0.3684,0.5965,-0.22810000000000002,0.4952,0.5012,-0.006000000000000005,0.4,0.6,-0.19999999999999996,4.0117,3.4289,-2.853,3,0,3,1.0,0,0
2022/2023_Padov_Sir S_4Round,3,0.5,0.3684,0.5965,-0.22810000000000002,0.4952,0.5012,-0.006000000000000005,0.4,0.6,-0.19999999999999996,4.0117,3.4289,-2.853,3,1,2,0.0,0,1
2022/2023_Padov_Sir S_4Round,3,0.5,0.3684,0.5965,-0.22810000000000002,0.4952,0.5012,-0.006000000000000005,0.4,0.6,-0.19999999999999996,4.0117,3.4289,-2.853,4,1,3,1.0,0,0
2022/2023_Padov_Sir S_4Round,4,0.75,0.3684,0.5965,-0.22810000000000002,0.4952,0.5012,-0.006000000000000005,0.4,0.6,-0.19999999999999996,4.0117,3.4289,-2.853,4,2,2,0.0,0,0
2022/2023_Padov_Trent_10Round,1,0.0,0.4098,0.5738,-0.16399999999999998,0.5033,0.4979,0.00539999999999996,0.5333,0.6,-0.06669999999999998,4.6193,4.5571,-3.0,0,0,0,0.5,0,1
2022/2023_Padov_Trent_10Round,1,0.0,0.4098,0.5738,-0.16399999999999998,0.5033,0.4979,0.00539999999999996,0.5333,0.6,-0.06669999999999998,4.6193,4.5571,-3.0,1,0,1,1.0,0,1
2022/2023_Padov_Trent_10Round,2,0.25,0.4098,0.5738,-0.16399999999999998,0.5033,0.4979,0.00539999999999996,0.5333,0.6,-0.06669999999999998,4.6193,4.5571,-3.0,2,0,2,1.0,0,1
2022/2023_Padov_Trent_10Round,2,0.25,0.4098,0.5738,-0.16399999999999998,0.5033,0.4979,0.00539999999999996,0.5333,0.6,-0.06669999999999998,4.6193,4.5571,-3.0,3,0,3,1.0,0,0
2022/2023_Padov_Trent_10Round,3,0.5,0.4098,0.5738,-0.16399999999999998,0.5033,0.4979,0.00539999999999996,0.5333,0.6,-0.06669999999999998,4.6193,4.5571,-3.0,3,1,2,0.0,0,1
2022/2023_Padov_Trent_10Round,3,0.5,0.4098,0.5738,-0.16399999999999998,0.5033,0.4979,0.00539999999999996,0.5333,0.6,-0.06669999999999998,4.6193,4.5571,-3.0,4,1,3,1.0,0,0
2022/2023_Padov_Trent_10Round,4,0.75,0.4098,0.5738,-0.16399999999999998,0.5033,0.4979,0.00539999999999996,0.5333,0.6,-0.06669999999999998,4.6193,4.5571,-3.0,4,2,2,0.0,0,0
2022/2023_Padov_Veron_8Round,1,0.0,0.3898,0.5082,-0.1184,0.4965,0.463,0.033499999999999974,0.4667,0.4667,0.0,3.9642,3.1014,-0.431,0,0,0,0.5,0,0
2022/2023_Padov_Veron_8Round,1,0.0,0.3898,0.5082,-0.1184,0.4965,0.463,0.033499999999999974,0.4667,0.4667,0.0,3.9642,3.1014,-0.431,0,1,-1,0.0,0,1
2022/2023_Padov_Veron_8Round,2,0.25,0.3898,0.5082,-0.1184,0.4965,0.463,0.033499999999999974,0.4667,0.4667,0.0,3.9642,3.1014,-0.431,1,1,0,1.0,0,1
2022/2023_Padov_Veron_8Round,2,0.25,0.3898,0.5082,-0.1184,0.4965,0.463,0.033499999999999974,0.4667,0.4667,0.0,3.9642,3.1014,-0.431,2,1,1,1.0,0,0
2022/2023_Padov_Veron_8Round,3,0.5,0.3898,0.5082,-0.1184,0.4965,0.463,0.033499999999999974,0.4667,0.4667,0.0,3.9642,3.1014,-0.431,2,2,0,0.0,0,1
2022/2023_Padov_Veron_8Round,3,0.5,0.3898,0.5082,-0.1184,0.4965,0.463,0.033499999999999974,0.4667,0.4667,0.0,3.9642,3.1014,-0.431,3,2,1,1.0,0,1
2022/2023_Padov_Veron_8Round,4,0.75,0.3898,0.5082,-0.1184,0.4965,0.463,0.033499999999999974,0.4667,0.4667,0.0,3.9642,3.1014,-0.431,4,2,2,1.0,0,1
2022/2023_Padov_Veron_8Round,5,1.0,0.3898,0.5082,-0.1184,0.4965,0.463,0.033499999999999974,0.4667,0.4667,0.0,3.9642,3.1014,-0.431,5,2,3,1.0,1,0
2022/2023_Piace_Sir S_7Round,1,0.0,0.5,0.5833,-0.08330000000000004,0.49,0.4988,-0.00880000000000003,0.4,0.4667,-0.06669999999999998,3.805,3.2014,-1.763,0,0,0,0.5,0,0
2022/2023_Piace_Sir S_7Round,1,0.0,0.5,0.5833,-0.08330000000000004,0.49,0.4988,-0.00880000000000003,0.4,0.4667,-0.06669999999999998,3.805,3.2014,-1.763,0,1,-1,0.0,0,0
2022/2023_Piace_Sir S_7Round,2,0.25,0.5,0.5833,-0.08330000000000004,0.49,0.4988,-0.00880000000000003,0.4,0.4667,-0.06669999999999998,3.805,3.2014,-1.763,0,2,-2,0.0,0,1
2022/2023_Piace_Sir S_7Round,2,0.25,0.5,0.5833,-0.08330000000000004,0.49,0.4988,-0.00880000000000003,0.4,0.4667,-0.06669999999999998,3.805,3.2014,-1.763,1,2,-1,1.0,0,0
2022/2023_Piace_Sir S_7Round,3,0.5,0.5,0.5833,-0.08330000000000004,0.49,0.4988,-0.00880000000000003,0.4,0.4667,-0.06669999999999998,3.805,3.2014,-1.763,1,3,-2,0.0,0,1
2022/2023_Piace_Sir S_7Round,3,0.5,0.5,0.5833,-0.08330000000000004,0.49,0.4988,-0.00880000000000003,0.4,0.4667,-0.06669999999999998,3.805,3.2014,-1.763,2,3,-1,1.0,0,1
2022/2023_Piace_Sir S_7Round,4,0.75,0.5,0.5833,-0.08330000000000004,0.49,0.4988,-0.00880000000000003,0.4,0.4667,-0.06669999999999998,3.805,3.2014,-1.763,3,3,0,1.0,0,0
2022/2023_Piace_Sir S_7Round,4,0.75,0.5,0.5833,-0.08330000000000004,0.49,0.4988,-0.00880000000000003,0.4,0.4667,-0.06669999999999998,3.805,3.2014,-1.763,3,4,-1,0.0,0,1
2022/2023_Piace_Trent_3Round,1,0.0,0.5,0.5536,-0.05359999999999998,0.4894,0.4918,-0.0024000000000000132,0.4,0.5333,-0.13329999999999997,3.7284,4.4278,-1.665,0,0,0,0.5,0,0
2022/2023_Piace_Trent_3Round,1,0.0,0.5,0.5536,-0.05359999999999998,0.4894,0.4918,-0.0024000000000000132,0.4,0.5333,-0.13329999999999997,3.7284,4.4278,-1.665,0,1,-1,0.0,0,0
2022/2023_Piace_Trent_3Round,2,0.25,0.5,0.5536,-0.05359999999999998,0.4894,0.4918,-0.0024000000000000132,0.4,0.5333,-0.13329999999999997,3.7284,4.4278,-1.665,0,2,-2,0.0,0,1
2022/2023_Piace_Trent_3Round,2,0.25,0.5,0.5536,-0.05359999999999998,0.4894,0.4918,-0.0024000000000000132,0.4,0.5333,-0.13329999999999997,3.7284,4.4278,-1.665,1,2,-1,1.0,0,1
2022/2023_Piace_Trent_3Round,3,0.5,0.5,0.5536,-0.05359999999999998,0.4894,0.4918,-0.0024000000000000132,0.4,0.5333,-0.13329999999999997,3.7284,4.4278,-1.665,2,2,0,1.0,0,0
2022/2023_Piace_Trent_3Round,3,0.5,0.5,0.5536,-0.05359999999999998,0.4894,0.4918,-0.0024000000000000132,0.4,0.5333,-0.13329999999999997,3.7284,4.4278,-1.665,2,3,-1,0.0,0,1
2022/2023_Piace_Trent_3Round,4,0.75,0.5,0.5536,-0.05359999999999998,0.4894,0.4918,-0.0024000000000000132,0.4,0.5333,-0.13329999999999997,3.7284,4.4278,-1.665,3,3,0,1.0,0,1
2022/2023_Piace_Trent_3Round,4,0.75,0.5,0.5536,-0.05359999999999998,0.4894,0.4918,-0.0024000000000000132,0.4,0.5333,-0.13329999999999997,3.7284,4.4278,-1.665,4,3,1,1.0,0,0
2022/2023_Piace_Veron_1Round,1,0.0,0.5,0.5091,-0.009099999999999997,0.4925,0.4651,0.02739999999999998,0.4,0.3333,0.06670000000000004,3.891,2.7031,0.359,0,0,0,0.5,0,0
2022/2023_Piace_Veron_1Round,1,0.0,0.5,0.5091,-0.009099999999999997,0.4925,0.4651,0.02739999999999998,0.4,0.3333,0.06670000000000004,3.891,2.7031,0.359,0,1,-1,0.0,0,0
2022/2023_Piace_Veron_1Round,2,0.25,0.5,0.5091,-0.009099999999999997,0.4925,0.4651,0.02739999999999998,0.4,0.3333,0.06670000000000004,3.891,2.7031,0.359,0,2,-2,0.0,0,1
2022/2023_Piace_Veron_1Round,2,0.25,0.5,0.5091,-0.009099999999999997,0.4925,0.4651,0.02739999999999998,0.4,0.3333,0.06670000000000004,3.891,2.7031,0.359,1,2,-1,1.0,0,1
2022/2023_Piace_Veron_1Round,3,0.5,0.5,0.5091,-0.009099999999999997,0.4925,0.4651,0.02739999999999998,0.4,0.3333,0.06670000000000004,3.891,2.7031,0.359,2,2,0,1.0,0,0
2022/2023_Piace_Veron_1Round,3,0.5,0.5,0.5091,-0.009099999999999997,0.4925,0.4651,0.02739999999999998,0.4,0.3333,0.06670000000000004,3.891,2.7031,0.359,2,3,-1,0.0,0,1
2022/2023_Piace_Veron_1Round,4,0.75,0.5,0.5091,-0.009099999999999997,0.4925,0.4651,0.02739999999999998,0.4,0.3333,0.06670000000000004,3.891,2.7031,0.359,3,3,0,1.0,0,0
2022/2023_Piace_Veron_1Round,4,0.75,0.5,0.5091,-0.009099999999999997,0.4925,0.4651,0.02739999999999998,0.4,0.3333,0.06670000000000004,3.891,2.7031,0.359,3,4,-1,0.0,0,0
2022/2023_Piace_Veron_1Round,5,1.0,0.5,0.5091,-0.009099999999999997,0.4925,0.4651,0.02739999999999998,0.4,0.3333,0.06670000000000004,3.891,2.7031,0.359,3,5,-2,0.0,1,0
2022/2023_Pinet_Vigil_1Round,1,0.0,0.5333,0.5,0.033299999999999996,0.5048,0.4739,0.03090000000000004,0.6154,0.5333,0.08209999999999995,3.5036,3.5273,0.0,0,0,0,0.5,0,1
2022/2023_Pinet_Vigil_1Round,1,0.0,0.5333,0.5,0.033299999999999996,0.5048,0.4739,0.03090000000000004,0.6154,0.5333,0.08209999999999995,3.5036,3.5273,0.0,1,0,1,1.0,0,0
2022/2023_Pinet_Vigil_1Round,2,0.25,0.5333,0.5,0.033299999999999996,0.5048,0.4739,0.03090000000000004,0.6154,0.5333,0.08209999999999995,3.5036,3.5273,0.0,1,1,0,0.0,0,1
2022/2023_Pinet_Vigil_1Round,2,0.25,0.5333,0.5,0.033299999999999996,0.5048,0.4739,0.03090000000000004,0.6154,0.5333,0.08209999999999995,3.5036,3.5273,0.0,2,1,1,1.0,0,0
2022/2023_Pinet_Vigil_1Round,3,0.5,0.5333,0.5,0.033299999999999996,0.5048,0.4739,0.03090000000000004,0.6154,0.5333,0.08209999999999995,3.5036,3.5273,0.0,2,2,0,0.0,0,1
2022/2023_Pinet_Vigil_1Round,3,0.5,0.5333,0.5,0.033299999999999996,0.5048,0.4739,0.03090000000000004,0.6154,0.5333,0.08209999999999995,3.5036,3.5273,0.0,3,2,1,1.0,0,1
2022/2023_Pinet_Vigil_1Round,4,0.75,0.5333,0.5,0.033299999999999996,0.5048,0.4739,0.03090000000000004,0.6154,0.5333,0.08209999999999995,3.5036,3.5273,0.0,4,2,2,1.0,0,0
2022/2023_Pool _Prata_6Round,1,0.0,0.5357,0.4,0.13569999999999993,0.4924,0.4744,0.018000000000000016,0.4286,0.4,0.02859999999999996,3.3456,3.2299,0.0,0,0,0,0.5,0,1
2022/2023_Pool _Prata_6Round,1,0.0,0.5357,0.4,0.13569999999999993,0.4924,0.4744,0.018000000000000016,0.4286,0.4,0.02859999999999996,3.3456,3.2299,0.0,1,0,1,1.0,0,0
2022/2023_Pool _Prata_6Round,2,0.25,0.5357,0.4,0.13569999999999993,0.4924,0.4744,0.018000000000000016,0.4286,0.4,0.02859999999999996,3.3456,3.2299,0.0,1,1,0,0.0,0,1
2022/2023_Pool _Prata_6Round,2,0.25,0.5357,0.4,0.13569999999999993,0.4924,0.4744,0.018000000000000016,0.4286,0.4,0.02859999999999996,3.3456,3.2299,0.0,2,1,1,1.0,0,1
2022/2023_Pool _Prata_6Round,3,0.5,0.5357,0.4,0.13569999999999993,0.4924,0.4744,0.018000000000000016,0.4286,0.4,0.02859999999999996,3.3456,3.2299,0.0,3,1,2,1.0,0,1
2022/2023_Pool _Prata_6Round,3,0.5,0.5357,0.4,0.13569999999999993,0.4924,0.4744,0.018000000000000016,0.4286,0.4,0.02859999999999996,3.3456,3.2299,0.0,4,1,3,1.0,0,0
2022/2023_Pool _Prata_6Round,4,0.75,0.5357,0.4,0.13569999999999993,0.4924,0.4744,0.018000000000000016,0.4286,0.4,0.02859999999999996,3.3456,3.2299,0.0,4,2,2,0.0,0,0
2022/2023_Shedi_Wow G_11Round,1,0.0,0.4615,0.5789,-0.11739999999999995,0.5,0.5328,-0.03280000000000005,0.4167,0.5333,-0.11659999999999998,3.5428,3.6158,0.0,0,0,0,0.5,0,1
2022/2023_Shedi_Wow G_11Round,1,0.0,0.4615,0.5789,-0.11739999999999995,0.5,0.5328,-0.03280000000000005,0.4167,0.5333,-0.11659999999999998,3.5428,3.6158,0.0,1,0,1,1.0,0,0
2022/2023_Shedi_Wow G_11Round,2,0.25,0.4615,0.5789,-0.11739999999999995,0.5,0.5328,-0.03280000000000005,0.4167,0.5333,-0.11659999999999998,3.5428,3.6158,0.0,1,1,0,0.0,0,0
2022/2023_Shedi_Wow G_11Round,2,0.25,0.4615,0.5789,-0.11739999999999995,0.5,0.5328,-0.03280000000000005,0.4167,0.5333,-0.11659999999999998,3.5428,3.6158,0.0,1,2,-1,0.0,0,1
2022/2023_Shedi_Wow G_11Round,3,0.5,0.4615,0.5789,-0.11739999999999995,0.5,0.5328,-0.03280000000000005,0.4167,0.5333,-0.11659999999999998,3.5428,3.6158,0.0,2,2,0,1.0,0,1
2022/2023_Shedi_Wow G_11Round,3,0.5,0.4615,0.5789,-0.11739999999999995,0.5,0.5328,-0.03280000000000005,0.4167,0.5333,-0.11659999999999998,3.5428,3.6158,0.0,3,2,1,1.0,0,0
2022/2023_Shedi_Wow G_11Round,4,0.75,0.4615,0.5789,-0.11739999999999995,0.5,0.5328,-0.03280000000000005,0.4167,0.5333,-0.11659999999999998,3.5428,3.6158,0.0,3,3,0,0.0,0,1
2022/2023_Shedi_Wow G_11Round,4,0.75,0.4615,0.5789,-0.11739999999999995,0.5,0.5328,-0.03280000000000005,0.4167,0.5333,-0.11659999999999998,3.5428,3.6158,0.0,4,3,1,1.0,0,0
2022/2023_Sir S_Trent_8Round,1,0.0,0.5902,0.5763,0.013899999999999912,0.4988,0.4956,0.003200000000000036,0.4667,0.6667,-0.19999999999999996,3.4157,4.1941,-0.572,0,0,0,0.5,0,0
2022/2023_Sir S_Trent_8Round,1,0.0,0.5902,0.5763,0.013899999999999912,0.4988,0.4956,0.003200000000000036,0.4667,0.6667,-0.19999999999999996,3.4157,4.1941,-0.572,0,1,-1,0.0,0,1
2022/2023_Sir S_Trent_8Round,2,0.25,0.5902,0.5763,0.013899999999999912,0.4988,0.4956,0.003200000000000036,0.4667,0.6667,-0.19999999999999996,3.4157,4.1941,-0.572,1,1,0,1.0,0,0
2022/2023_Sir S_Trent_8Round,2,0.25,0.5902,0.5763,0.013899999999999912,0.4988,0.4956,0.003200000000000036,0.4667,0.6667,-0.19999999999999996,3.4157,4.1941,-0.572,1,2,-1,0.0,0,1
2022/2023_Sir S_Trent_8Round,3,0.5,0.5902,0.5763,0.013899999999999912,0.4988,0.4956,0.003200000000000036,0.4667,0.6667,-0.19999999999999996,3.4157,4.1941,-0.572,2,2,0,1.0,0,0
2022/2023_Sir S_Trent_8Round,3,0.5,0.5902,0.5763,0.013899999999999912,0.4988,0.4956,0.003200000000000036,0.4667,0.6667,-0.19999999999999996,3.4157,4.1941,-0.572,2,3,-1,0.0,0,1
2022/2023_Sir S_Trent_8Round,4,0.75,0.5902,0.5763,0.013899999999999912,0.4988,0.4956,0.003200000000000036,0.4667,0.6667,-0.19999999999999996,3.4157,4.1941,-0.572,3,3,0,1.0,0,1
2022/2023_Sir S_Trent_8Round,4,0.75,0.5902,0.5763,0.013899999999999912,0.4988,0.4956,0.003200000000000036,0.4667,0.6667,-0.19999999999999996,3.4157,4.1941,-0.572,4,3,1,1.0,0,1
2022/2023_Sir S_Trent_8Round,5,1.0,0.5902,0.5763,0.013899999999999912,0.4988,0.4956,0.003200000000000036,0.4667,0.6667,-0.19999999999999996,3.4157,4.1941,-0.572,5,3,2,1.0,1,0
2022/2023_Sir S_Veron_3Round,1,0.0,0.6071,0.5088,0.09829999999999994,0.5012,0.4653,0.03589999999999999,0.5333,0.4,0.13329999999999997,3.5749,3.1682,2.069,0,0,0,0.5,0,1
2022/2023_Sir S_Veron_3Round,1,0.0,0.6071,0.5088,0.09829999999999994,0.5012,0.4653,0.03589999999999999,0.5333,0.4,0.13329999999999997,3.5749,3.1682,2.069,1,0,1,1.0,0,0
2022/2023_Sir S_Veron_3Round,2,0.25,0.6071,0.5088,0.09829999999999994,0.5012,0.4653,0.03589999999999999,0.5333,0.4,0.13329999999999997,3.5749,3.1682,2.069,1,1,0,0.0,0,1
2022/2023_Sir S_Veron_3Round,2,0.25,0.6071,0.5088,0.09829999999999994,0.5012,0.4653,0.03589999999999999,0.5333,0.4,0.13329999999999997,3.5749,3.1682,2.069,2,1,1,1.0,0,0
2022/2023_Sir S_Veron_3Round,3,0.5,0.6071,0.5088,0.09829999999999994,0.5012,0.4653,0.03589999999999999,0.5333,0.4,0.13329999999999997,3.5749,3.1682,2.069,2,2,0,0.0,0,1
2022/2023_Sir S_Veron_3Round,3,0.5,0.6071,0.5088,0.09829999999999994,0.5012,0.4653,0.03589999999999999,0.5333,0.4,0.13329999999999997,3.5749,3.1682,2.069,3,2,1,1.0,0,0
2022/2023_Trent_Veron_2Round,1,0.0,0.5455,0.5179,0.027599999999999958,0.4869,0.4695,0.017400000000000027,0.5333,0.4,0.13329999999999997,3.9437,3.556,-1.566,0,0,0,0.5,0,1
2022/2023_Trent_Veron_2Round,1,0.0,0.5455,0.5179,0.027599999999999958,0.4869,0.4695,0.017400000000000027,0.5333,0.4,0.13329999999999997,3.9437,3.556,-1.566,1,0,1,1.0,0,0
2022/2023_Trent_Veron_2Round,2,0.25,0.5455,0.5179,0.027599999999999958,0.4869,0.4695,0.017400000000000027,0.5333,0.4,0.13329999999999997,3.9437,3.556,-1.566,1,1,0,0.0,0,1
2022/2023_Trent_Veron_2Round,2,0.25,0.5455,0.5179,0.027599999999999958,0.4869,0.4695,0.017400000000000027,0.5333,0.4,0.13329999999999997,3.9437,3.556,-1.566,2,1,1,1.0,0,1
2022/2023_Trent_Veron_2Round,3,0.5,0.5455,0.5179,0.027599999999999958,0.4869,0.4695,0.017400000000000027,0.5333,0.4,0.13329999999999997,3.9437,3.556,-1.566,3,1,2,1.0,0,1
2022/2023_Trent_Veron_2Round,3,0.5,0.5455,0.5179,0.027599999999999958,0.4869,0.4695,0.017400000000000027,0.5333,0.4,0.13329999999999997,3.9437,3.556,-1.566,4,1,3,1.0,0,1
2022/2023_Trent_Veron_2Round,4,0.75,0.5455,0.5179,0.027599999999999958,0.4869,0.4695,0.017400000000000027,0.5333,0.4,0.13329999999999997,3.9437,3.556,-1.566,5,1,4,1.0,0,0
2022/2023_Trent_Veron_2Round,5,1.0,0.5455,0.5179,0.027599999999999958,0.4869,0.4695,0.017400000000000027,0.5333,0.4,0.13329999999999997,3.9437,3.556,-1.566,5,2,3,0.0,1,1
2023/2024_Banca_Lagon_6Round,1,0.0,0.6,0.4857,0.11429999999999996,0.5259,0.5293,-0.0033999999999999586,0.6667,0.4615,0.20519999999999994,4.4572,4.2614,0.0,0,0,0,0.5,0,1
2023/2024_Banca_Lagon_6Round,1,0.0,0.6,0.4857,0.11429999999999996,0.5259,0.5293,-0.0033999999999999586,0.6667,0.4615,0.20519999999999994,4.4572,4.2614,0.0,1,0,1,1.0,0,0
2023/2024_Banca_Lagon_6Round,2,0.25,0.6,0.4857,0.11429999999999996,0.5259,0.5293,-0.0033999999999999586,0.6667,0.4615,0.20519999999999994,4.4572,4.2614,0.0,1,1,0,0.0,0,1
2023/2024_Banca_Lagon_6Round,2,0.25,0.6,0.4857,0.11429999999999996,0.5259,0.5293,-0.0033999999999999586,0.6667,0.4615,0.20519999999999994,4.4572,4.2614,0.0,2,1,1,1.0,0,1
2023/2024_Banca_Lagon_6Round,3,0.5,0.6,0.4857,0.11429999999999996,0.5259,0.5293,-0.0033999999999999586,0.6667,0.4615,0.20519999999999994,4.4572,4.2614,0.0,3,1,2,1.0,0,1
2023/2024_Banca_Lagon_6Round,3,0.5,0.6,0.4857,0.11429999999999996,0.5259,0.5293,-0.0033999999999999586,0.6667,0.4615,0.20519999999999994,4.4572,4.2614,0.0,4,1,3,1.0,0,1
2023/2024_Banca_Lagon_6Round,4,0.75,0.6,0.4857,0.11429999999999996,0.5259,0.5293,-0.0033999999999999586,0.6667,0.4615,0.20519999999999994,4.4572,4.2614,0.0,5,1,4,1.0,0,0
2023/2024_Banca_Lagon_6Round,5,1.0,0.6,0.4857,0.11429999999999996,0.5259,0.5293,-0.0033999999999999586,0.6667,0.4615,0.20519999999999994,4.4572,4.2614,0.0,5,2,3,0.0,1,0
2023/2024_Banca_Shedi_9Round,1,0.0,0.619,0.5,0.119,0.5303,0.5245,0.005800000000000027,0.6667,0.5833,0.08339999999999992,4.4375,3.9505,0.0,0,0,0,0.5,0,0
2023/2024_Banca_Shedi_9Round,1,0.0,0.619,0.5,0.119,0.5303,0.5245,0.005800000000000027,0.6667,0.5833,0.08339999999999992,4.4375,3.9505,0.0,0,1,-1,0.0,0,1
2023/2024_Banca_Shedi_9Round,2,0.25,0.619,0.5,0.119,0.5303,0.5245,0.005800000000000027,0.6667,0.5833,0.08339999999999992,4.4375,3.9505,0.0,1,1,0,1.0,0,0
2023/2024_Banca_Shedi_9Round,2,0.25,0.619,0.5,0.119,0.5303,0.5245,0.005800000000000027,0.6667,0.5833,0.08339999999999992,4.4375,3.9505,0.0,1,2,-1,0.0,0,1
2023/2024_Banca_Shedi_9Round,3,0.5,0.619,0.5,0.119,0.5303,0.5245,0.005800000000000027,0.6667,0.5833,0.08339999999999992,4.4375,3.9505,0.0,2,2,0,1.0,0,0
2023/2024_Banca_Shedi_9Round,3,0.5,0.619,0.5,0.119,0.5303,0.5245,0.005800000000000027,0.6667,0.5833,0.08339999999999992,4.4375,3.9505,0.0,2,3,-1,0.0,0,1
2023/2024_Banca_Shedi_9Round,4,0.75,0.619,0.5,0.119,0.5303,0.5245,0.005800000000000027,0.6667,0.5833,0.08339999999999992,4.4375,3.9505,0.0,3,3,0,1.0,0,1
2023/2024_Banca_Shedi_9Round,4,0.75,0.619,0.5,0.119,0.5303,0.5245,0.005800000000000027,0.6667,0.5833,0.08339999999999992,4.4375,3.9505,0.0,4,3,1,1.0,0,0
2023/2024_Banca_Smart_10Round,1,0.0,0.5909,0.4091,0.18179999999999996,0.5291,0.4455,0.08360000000000001,0.6,0.3333,0.2667,4.265,2.9388,0.0,0,0,0,0.5,0,1
2023/2024_Banca_Smart_10Round,1,0.0,0.5909,0.4091,0.18179999999999996,0.5291,0.4455,0.08360000000000001,0.6,0.3333,0.2667,4.265,2.9388,0.0,1,0,1,1.0,0,1
2023/2024_Banca_Smart_10Round,2,0.25,0.5909,0.4091,0.18179999999999996,0.5291,0.4455,0.08360000000000001,0.6,0.3333,0.2667,4.265,2.9388,0.0,2,0,2,1.0,0,1
2023/2024_Banca_Smart_10Round,2,0.25,0.5909,0.4091,0.18179999999999996,0.5291,0.4455,0.08360000000000001,0.6,0.3333,0.2667,4.265,2.9388,0.0,3,0,3,1.0,0,1
2023/2024_Banca_Smart_10Round,3,0.5,0.5909,0.4091,0.18179999999999996,0.5291,0.4455,0.08360000000000001,0.6,0.3333,0.2667,4.265,2.9388,0.0,4,0,4,1.0,0,1
2023/2024_Banca_Smart_10Round,3,0.5,0.5909,0.4091,0.18179999999999996,0.5291,0.4455,0.08360000000000001,0.6,0.3333,0.2667,4.265,2.9388,0.0,5,0,5,1.0,0,1
2023/2024_Ciste_Lube_9Round,1,0.0,0.625,0.4638,0.1612,0.5652,0.519,0.04620000000000002,0.6,0.5333,0.06669999999999998,3.9911,3.7545,-2.406,0,0,0,0.5,0,0
2023/2024_Ciste_Lube_9Round,1,0.0,0.625,0.4638,0.1612,0.5652,0.519,0.04620000000000002,0.6,0.5333,0.06669999999999998,3.9911,3.7545,-2.406,0,1,-1,0.0,0,0
2023/2024_Ciste_Lube_9Round,2,0.25,0.625,0.4638,0.1612,0.5652,0.519,0.04620000000000002,0.6,0.5333,0.06669999999999998,3.9911,3.7545,-2.406,0,2,-2,0.0,0,0
2023/2024_Ciste_Lube_9Round,2,0.25,0.625,0.4638,0.1612,0.5652,0.519,0.04620000000000002,0.6,0.5333,0.06669999999999998,3.9911,3.7545,-2.406,0,3,-3,0.0,0,0
2023/2024_Ciste_Lube_9Round,3,0.5,0.625,0.4638,0.1612,0.5652,0.519,0.04620000000000002,0.6,0.5333,0.06669999999999998,3.9911,3.7545,-2.406,0,4,-4,0.0,0,1
2023/2024_Ciste_Lube_9Round,3,0.5,0.625,0.4638,0.1612,0.5652,0.519,0.04620000000000002,0.6,0.5333,0.06669999999999998,3.9911,3.7545,-2.406,1,4,-3,1.0,0,1
2023/2024_Ciste_Lube_9Round,4,0.75,0.625,0.4638,0.1612,0.5652,0.519,0.04620000000000002,0.6,0.5333,0.06669999999999998,3.9911,3.7545,-2.406,2,4,-2,1.0,0,0
2023/2024_Ciste_Lube_9Round,4,0.75,0.625,0.4638,0.1612,0.5652,0.519,0.04620000000000002,0.6,0.5333,0.06669999999999998,3.9911,3.7545,-2.406,2,5,-3,0.0,0,1
2023/2024_Ciste_Lube_9Round,5,1.0,0.625,0.4638,0.1612,0.5652,0.519,0.04620000000000002,0.6,0.5333,0.06669999999999998,3.9911,3.7545,-2.406,3,5,-2,1.0,1,1
2023/2024_Ciste_Milan_3Round,1,0.0,0.5455,0.4615,0.08399999999999996,0.5114,0.4876,0.023799999999999988,0.5455,0.4667,0.07879999999999998,3.6351,3.8206,-2.7,0,0,0,0.5,0,1
2023/2024_Ciste_Milan_3Round,1,0.0,0.5455,0.4615,0.08399999999999996,0.5114,0.4876,0.023799999999999988,0.5455,0.4667,0.07879999999999998,3.6351,3.8206,-2.7,1,0,1,1.0,0,1
2023/2024_Ciste_Milan_3Round,2,0.25,0.5455,0.4615,0.08399999999999996,0.5114,0.4876,0.023799999999999988,0.5455,0.4667,0.07879999999999998,3.6351,3.8206,-2.7,2,0,2,1.0,0,1
2023/2024_Ciste_Milan_3Round,2,0.25,0.5455,0.4615,0.08399999999999996,0.5114,0.4876,0.023799999999999988,0.5455,0.4667,0.07879999999999998,3.6351,3.8206,-2.7,3,0,3,1.0,0,1
2023/2024_Ciste_Milan_3Round,3,0.5,0.5455,0.4615,0.08399999999999996,0.5114,0.4876,0.023799999999999988,0.5455,0.4667,0.07879999999999998,3.6351,3.8206,-2.7,4,0,4,1.0,0,1
2023/2024_Ciste_Milan_3Round,3,0.5,0.5455,0.4615,0.08399999999999996,0.5114,0.4876,0.023799999999999988,0.5455,0.4667,0.07879999999999998,3.6351,3.8206,-2.7,5,0,5,1.0,0,1
2023/2024_Ciste_Mint _11Round,1,0.0,0.5556,0.5211,0.034499999999999975,0.5546,0.5328,0.02179999999999993,0.4667,0.6,-0.13329999999999997,3.7649,4.1973,0.86,0,0,0,0.5,0,1
2023/2024_Ciste_Mint _11Round,1,0.0,0.5556,0.5211,0.034499999999999975,0.5546,0.5328,0.02179999999999993,0.4667,0.6,-0.13329999999999997,3.7649,4.1973,0.86,1,0,1,1.0,0,1
2023/2024_Ciste_Mint _11Round,2,0.25,0.5556,0.5211,0.034499999999999975,0.5546,0.5328,0.02179999999999993,0.4667,0.6,-0.13329999999999997,3.7649,4.1973,0.86,2,0,2,1.0,0,1
2023/2024_Ciste_Mint _11Round,2,0.25,0.5556,0.5211,0.034499999999999975,0.5546,0.5328,0.02179999999999993,0.4667,0.6,-0.13329999999999997,3.7649,4.1973,0.86,3,0,3,1.0,0,1
2023/2024_Ciste_Mint _11Round,3,0.5,0.5556,0.5211,0.034499999999999975,0.5546,0.5328,0.02179999999999993,0.4667,0.6,-0.13329999999999997,3.7649,4.1973,0.86,4,0,4,1.0,0,1
2023/2024_Ciste_Mint _11Round,3,0.5,0.5556,0.5211,0.034499999999999975,0.5546,0.5328,0.02179999999999993,0.4667,0.6,-0.13329999999999997,3.7649,4.1973,0.86,5,0,5,1.0,0,0
2023/2024_Ciste_Mint _11Round,4,0.75,0.5556,0.5211,0.034499999999999975,0.5546,0.5328,0.02179999999999993,0.4667,0.6,-0.13329999999999997,3.7649,4.1973,0.86,5,1,4,0.0,0,1
2023/2024_Ciste_Moden_7Round,1,0.0,0.6429,0.4853,0.15760000000000002,0.5691,0.5058,0.06330000000000002,0.6429,0.4667,0.17620000000000002,4.1153,3.8618,-1.216,0,0,0,0.5,0,0
2023/2024_Ciste_Moden_7Round,1,0.0,0.6429,0.4853,0.15760000000000002,0.5691,0.5058,0.06330000000000002,0.6429,0.4667,0.17620000000000002,4.1153,3.8618,-1.216,0,1,-1,0.0,0,1
2023/2024_Ciste_Moden_7Round,2,0.25,0.6429,0.4853,0.15760000000000002,0.5691,0.5058,0.06330000000000002,0.6429,0.4667,0.17620000000000002,4.1153,3.8618,-1.216,1,1,0,1.0,0,1
2023/2024_Ciste_Moden_7Round,2,0.25,0.6429,0.4853,0.15760000000000002,0.5691,0.5058,0.06330000000000002,0.6429,0.4667,0.17620000000000002,4.1153,3.8618,-1.216,2,1,1,1.0,0,1
2023/2024_Ciste_Moden_7Round,3,0.5,0.6429,0.4853,0.15760000000000002,0.5691,0.5058,0.06330000000000002,0.6429,0.4667,0.17620000000000002,4.1153,3.8618,-1.216,3,1,2,1.0,0,1
2023/2024_Ciste_Moden_7Round,3,0.5,0.6429,0.4853,0.15760000000000002,0.5691,0.5058,0.06330000000000002,0.6429,0.4667,0.17620000000000002,4.1153,3.8618,-1.216,4,1,3,1.0,0,0
2023/2024_Ciste_Moden_7Round,4,0.75,0.6429,0.4853,0.15760000000000002,0.5691,0.5058,0.06330000000000002,0.6429,0.4667,0.17620000000000002,4.1153,3.8618,-1.216,4,2,2,0.0,0,0
2023/2024_Ciste_Padov_4Round,1,0.0,0.5833,0.4308,0.15250000000000002,0.5476,0.5052,0.04239999999999999,0.5833,0.6,-0.016699999999999937,3.7988,3.8395,-2.043,0,0,0,0.5,0,0
2023/2024_Ciste_Padov_4Round,1,0.0,0.5833,0.4308,0.15250000000000002,0.5476,0.5052,0.04239999999999999,0.5833,0.6,-0.016699999999999937,3.7988,3.8395,-2.043,0,1,-1,0.0,0,1
2023/2024_Ciste_Padov_4Round,2,0.25,0.5833,0.4308,0.15250000000000002,0.5476,0.5052,0.04239999999999999,0.5833,0.6,-0.016699999999999937,3.7988,3.8395,-2.043,1,1,0,1.0,0,1
2023/2024_Ciste_Padov_4Round,2,0.25,0.5833,0.4308,0.15250000000000002,0.5476,0.5052,0.04239999999999999,0.5833,0.6,-0.016699999999999937,3.7988,3.8395,-2.043,2,1,1,1.0,0,1
2023/2024_Ciste_Padov_4Round,3,0.5,0.5833,0.4308,0.15250000000000002,0.5476,0.5052,0.04239999999999999,0.5833,0.6,-0.016699999999999937,3.7988,3.8395,-2.043,3,1,2,1.0,0,0
2023/2024_Ciste_Padov_4Round,3,0.5,0.5833,0.4308,0.15250000000000002,0.5476,0.5052,0.04239999999999999,0.5833,0.6,-0.016699999999999937,3.7988,3.8395,-2.043,3,2,1,0.0,0,1
2023/2024_Ciste_Padov_4Round,4,0.75,0.5833,0.4308,0.15250000000000002,0.5476,0.5052,0.04239999999999999,0.5833,0.6,-0.016699999999999937,3.7988,3.8395,-2.043,4,2,2,1.0,0,1
2023/2024_Ciste_Padov_4Round,4,0.75,0.5833,0.4308,0.15250000000000002,0.5476,0.5052,0.04239999999999999,0.5833,0.6,-0.016699999999999937,3.7988,3.8395,-2.043,5,2,3,1.0,0,0
2023/2024_Ciste_Padov_4Round,5,1.0,0.5833,0.4308,0.15250000000000002,0.5476,0.5052,0.04239999999999999,0.5833,0.6,-0.016699999999999937,3.7988,3.8395,-2.043,5,3,2,0.0,1,1
2023/2024_Ciste_Piace_5Round,1,0.0,0.6154,0.4894,0.12599999999999995,0.5552,0.4916,0.06360000000000005,0.6154,0.5333,0.08209999999999995,3.9628,3.9936,-2.51,0,0,0,0.5,0,0
2023/2024_Ciste_Piace_5Round,1,0.0,0.6154,0.4894,0.12599999999999995,0.5552,0.4916,0.06360000000000005,0.6154,0.5333,0.08209999999999995,3.9628,3.9936,-2.51,0,1,-1,0.0,0,1
2023/2024_Ciste_Piace_5Round,2,0.25,0.6154,0.4894,0.12599999999999995,0.5552,0.4916,0.06360000000000005,0.6154,0.5333,0.08209999999999995,3.9628,3.9936,-2.51,1,1,0,1.0,0,1
2023/2024_Ciste_Piace_5Round,2,0.25,0.6154,0.4894,0.12599999999999995,0.5552,0.4916,0.06360000000000005,0.6154,0.5333,0.08209999999999995,3.9628,3.9936,-2.51,2,1,1,1.0,0,1
2023/2024_Ciste_Piace_5Round,3,0.5,0.6154,0.4894,0.12599999999999995,0.5552,0.4916,0.06360000000000005,0.6154,0.5333,0.08209999999999995,3.9628,3.9936,-2.51,3,1,2,1.0,0,0
2023/2024_Ciste_Piace_5Round,3,0.5,0.6154,0.4894,0.12599999999999995,0.5552,0.4916,0.06360000000000005,0.6154,0.5333,0.08209999999999995,3.9628,3.9936,-2.51,3,2,1,0.0,0,1
2023/2024_Ciste_Piace_5Round,4,0.75,0.6154,0.4894,0.12599999999999995,0.5552,0.4916,0.06360000000000005,0.6154,0.5333,0.08209999999999995,3.9628,3.9936,-2.51,4,2,2,1.0,0,1
2023/2024_Ciste_Piace_5Round,4,0.75,0.6154,0.4894,0.12599999999999995,0.5552,0.4916,0.06360000000000005,0.6154,0.5333,0.08209999999999995,3.9628,3.9936,-2.51,5,2,3,1.0,0,1
2023/2024_Ciste_Sir S_8Round,1,0.0,0.6667,0.5735,0.09319999999999995,0.5702,0.4888,0.08140000000000003,0.6667,0.4667,0.19999999999999996,4.0524,2.9433,-3.0,0,0,0,0.5,0,0
2023/2024_Ciste_Sir S_8Round,1,0.0,0.6667,0.5735,0.09319999999999995,0.5702,0.4888,0.08140000000000003,0.6667,0.4667,0.19999999999999996,4.0524,2.9433,-3.0,0,1,-1,0.0,0,1
2023/2024_Ciste_Sir S_8Round,2,0.25,0.6667,0.5735,0.09319999999999995,0.5702,0.4888,0.08140000000000003,0.6667,0.4667,0.19999999999999996,4.0524,2.9433,-3.0,1,1,0,1.0,0,1
2023/2024_Ciste_Sir S_8Round,2,0.25,0.6667,0.5735,0.09319999999999995,0.5702,0.4888,0.08140000000000003,0.6667,0.4667,0.19999999999999996,4.0524,2.9433,-3.0,2,1,1,1.0,0,1
2023/2024_Ciste_Sir S_8Round,3,0.5,0.6667,0.5735,0.09319999999999995,0.5702,0.4888,0.08140000000000003,0.6667,0.4667,0.19999999999999996,4.0524,2.9433,-3.0,3,1,2,1.0,0,0
2023/2024_Ciste_Sir S_8Round,3,0.5,0.6667,0.5735,0.09319999999999995,0.5702,0.4888,0.08140000000000003,0.6667,0.4667,0.19999999999999996,4.0524,2.9433,-3.0,3,2,1,0.0,0,0
2023/2024_Ciste_Sir S_8Round,4,0.75,0.6667,0.5735,0.09319999999999995,0.5702,0.4888,0.08140000000000003,0.6667,0.4667,0.19999999999999996,4.0524,2.9433,-3.0,3,3,0,0.0,0,0
2023/2024_Ciste_Sir S_8Round,4,0.75,0.6667,0.5735,0.09319999999999995,0.5702,0.4888,0.08140000000000003,0.6667,0.4667,0.19999999999999996,4.0524,2.9433,-3.0,3,4,-1,0.0,0,1
2023/2024_Ciste_Trent_1Round,1,0.0,0.5,0.5556,-0.05559999999999998,0.5,0.4959,0.0040999999999999925,0.5,0.4667,0.033299999999999996,3.4986,3.8066,-2.447,0,0,0,0.5,0,0
2023/2024_Ciste_Trent_1Round,1,0.0,0.5,0.5556,-0.05559999999999998,0.5,0.4959,0.0040999999999999925,0.5,0.4667,0.033299999999999996,3.4986,3.8066,-2.447,0,1,-1,0.0,0,1
2023/2024_Ciste_Trent_1Round,2,0.25,0.5,0.5556,-0.05559999999999998,0.5,0.4959,0.0040999999999999925,0.5,0.4667,0.033299999999999996,3.4986,3.8066,-2.447,1,1,0,1.0,0,1
2023/2024_Ciste_Trent_1Round,2,0.25,0.5,0.5556,-0.05559999999999998,0.5,0.4959,0.0040999999999999925,0.5,0.4667,0.033299999999999996,3.4986,3.8066,-2.447,2,1,1,1.0,0,1
2023/2024_Ciste_Trent_1Round,3,0.5,0.5,0.5556,-0.05559999999999998,0.5,0.4959,0.0040999999999999925,0.5,0.4667,0.033299999999999996,3.4986,3.8066,-2.447,3,1,2,1.0,0,1
2023/2024_Ciste_Trent_1Round,3,0.5,0.5,0.5556,-0.05559999999999998,0.5,0.4959,0.0040999999999999925,0.5,0.4667,0.033299999999999996,3.4986,3.8066,-2.447,4,1,3,1.0,0,1
2023/2024_Ciste_Trent_1Round,4,0.75,0.5,0.5556,-0.05559999999999998,0.5,0.4959,0.0040999999999999925,0.5,0.4667,0.033299999999999996,3.4986,3.8066,-2.447,5,1,4,1.0,0,0
2023/2024_Ciste_Trent_1Round,5,1.0,0.5,0.5556,-0.05559999999999998,0.5,0.4959,0.0040999999999999925,0.5,0.4667,0.033299999999999996,3.4986,3.8066,-2.447,5,2,3,0.0,1,0
2023/2024_Ciste_Veron_10Round,1,0.0,0.5882,0.5,0.08819999999999995,0.5561,0.4614,0.09470000000000006,0.5333,0.4667,0.06659999999999999,3.9391,2.9757,-2.58,0,0,0,0.5,0,0
2023/2024_Ciste_Veron_10Round,1,0.0,0.5882,0.5,0.08819999999999995,0.5561,0.4614,0.09470000000000006,0.5333,0.4667,0.06659999999999999,3.9391,2.9757,-2.58,0,1,-1,0.0,0,1
2023/2024_Ciste_Veron_10Round,2,0.25,0.5882,0.5,0.08819999999999995,0.5561,0.4614,0.09470000000000006,0.5333,0.4667,0.06659999999999999,3.9391,2.9757,-2.58,1,1,0,1.0,0,0
2023/2024_Ciste_Veron_10Round,2,0.25,0.5882,0.5,0.08819999999999995,0.5561,0.4614,0.09470000000000006,0.5333,0.4667,0.06659999999999999,3.9391,2.9757,-2.58,1,2,-1,0.0,0,1
2023/2024_Ciste_Veron_10Round,3,0.5,0.5882,0.5,0.08819999999999995,0.5561,0.4614,0.09470000000000006,0.5333,0.4667,0.06659999999999999,3.9391,2.9757,-2.58,2,2,0,1.0,0,0
2023/2024_Ciste_Veron_10Round,3,0.5,0.5882,0.5,0.08819999999999995,0.5561,0.4614,0.09470000000000006,0.5333,0.4667,0.06659999999999999,3.9391,2.9757,-2.58,2,3,-1,0.0,0,1
2023/2024_Conso_Delta_3Round,1,0.0,0.5294,0.48,0.0494,0.5095,0.5122,-0.0027000000000000357,0.5333,0.5,0.033299999999999996,4.0639,3.6005,0.0,0,0,0,0.5,0,1
2023/2024_Conso_Delta_3Round,1,0.0,0.5294,0.48,0.0494,0.5095,0.5122,-0.0027000000000000357,0.5333,0.5,0.033299999999999996,4.0639,3.6005,0.0,1,0,1,1.0,0,1
2023/2024_Conso_Delta_3Round,2,0.25,0.5294,0.48,0.0494,0.5095,0.5122,-0.0027000000000000357,0.5333,0.5,0.033299999999999996,4.0639,3.6005,0.0,2,0,2,1.0,0,1
2023/2024_Conso_Delta_3Round,2,0.25,0.5294,0.48,0.0494,0.5095,0.5122,-0.0027000000000000357,0.5333,0.5,0.033299999999999996,4.0639,3.6005,0.0,3,0,3,1.0,0,0
2023/2024_Conso_Delta_3Round,3,0.5,0.5294,0.48,0.0494,0.5095,0.5122,-0.0027000000000000357,0.5333,0.5,0.033299999999999996,4.0639,3.6005,0.0,3,1,2,0.0,0,0
2023/2024_Conso_Delta_3Round,3,0.5,0.5294,0.48,0.0494,0.5095,0.5122,-0.0027000000000000357,0.5333,0.5,0.033299999999999996,4.0639,3.6005,0.0,3,2,1,0.0,0,1
2023/2024_Conso_Delta_3Round,4,0.75,0.5294,0.48,0.0494,0.5095,0.5122,-0.0027000000000000357,0.5333,0.5,0.033299999999999996,4.0639,3.6005,0.0,4,2,2,1.0,0,1
2023/2024_Conso_Delta_3Round,4,0.75,0.5294,0.48,0.0494,0.5095,0.5122,-0.0027000000000000357,0.5333,0.5,0.033299999999999996,4.0639,3.6005,0.0,5,2,3,1.0,0,0
2023/2024_Conso_Delta_3Round,5,1.0,0.5294,0.48,0.0494,0.5095,0.5122,-0.0027000000000000357,0.5333,0.5,0.033299999999999996,4.0639,3.6005,0.0,5,3,2,0.0,1,0
2023/2024_Conso_Emma _6Round,1,0.0,0.5278,0.4,0.12780000000000002,0.5036,0.462,0.041600000000000026,0.4667,0.5333,-0.06659999999999999,3.685,3.3715,0.0,0,0,0,0.5,0,1
2023/2024_Conso_Emma _6Round,1,0.0,0.5278,0.4,0.12780000000000002,0.5036,0.462,0.041600000000000026,0.4667,0.5333,-0.06659999999999999,3.685,3.3715,0.0,1,0,1,1.0,0,0
2023/2024_Conso_Emma _6Round,2,0.25,0.5278,0.4,0.12780000000000002,0.5036,0.462,0.041600000000000026,0.4667,0.5333,-0.06659999999999999,3.685,3.3715,0.0,1,1,0,0.0,0,1
2023/2024_Conso_Emma _6Round,2,0.25,0.5278,0.4,0.12780000000000002,0.5036,0.462,0.041600000000000026,0.4667,0.5333,-0.06659999999999999,3.685,3.3715,0.0,2,1,1,1.0,0,0
2023/2024_Conso_Emma _6Round,3,0.5,0.5278,0.4,0.12780000000000002,0.5036,0.462,0.041600000000000026,0.4667,0.5333,-0.06659999999999999,3.685,3.3715,0.0,2,2,0,0.0,0,1
2023/2024_Conso_Emma _6Round,3,0.5,0.5278,0.4,0.12780000000000002,0.5036,0.462,0.041600000000000026,0.4667,0.5333,-0.06659999999999999,3.685,3.3715,0.0,3,2,1,1.0,0,1
2023/2024_Conso_Emma _6Round,4,0.75,0.5278,0.4,0.12780000000000002,0.5036,0.462,0.041600000000000026,0.4667,0.5333,-0.06659999999999999,3.685,3.3715,0.0,4,2,2,1.0,0,0
2023/2024_Conso_Emma _6Round,4,0.75,0.5278,0.4,0.12780000000000002,0.5036,0.462,0.041600000000000026,0.4667,0.5333,-0.06659999999999999,3.685,3.3715,0.0,4,3,1,0.0,0,0
2023/2024_Conso_Emma _6Round,5,1.0,0.5278,0.4,0.12780000000000002,0.5036,0.462,0.041600000000000026,0.4667,0.5333,-0.06659999999999999,3.685,3.3715,0.0,4,4,0,0.0,1,0
2023/2024_Conso_Emma _6Round,5,1.0,0.5278,0.4,0.12780000000000002,0.5036,0.462,0.041600000000000026,0.4667,0.5333,-0.06659999999999999,3.685,3.3715,0.0,4,5,-1,0.0,1,0
2023/2024_Conso_Pinet_2Round,1,0.0,0.5152,0.5294,-0.01419999999999999,0.506,0.4874,0.018600000000000005,0.4667,0.3846,0.0821,3.5488,3.2363,0.0,0,0,0,0.5,0,0
2023/2024_Conso_Pinet_2Round,1,0.0,0.5152,0.5294,-0.01419999999999999,0.506,0.4874,0.018600000000000005,0.4667,0.3846,0.0821,3.5488,3.2363,0.0,0,1,-1,0.0,0,0
2023/2024_Conso_Pinet_2Round,2,0.25,0.5152,0.5294,-0.01419999999999999,0.506,0.4874,0.018600000000000005,0.4667,0.3846,0.0821,3.5488,3.2363,0.0,0,2,-2,0.0,0,1
2023/2024_Conso_Pinet_2Round,2,0.25,0.5152,0.5294,-0.01419999999999999,0.506,0.4874,0.018600000000000005,0.4667,0.3846,0.0821,3.5488,3.2363,0.0,1,2,-1,1.0,0,1
2023/2024_Conso_Pinet_2Round,3,0.5,0.5152,0.5294,-0.01419999999999999,0.506,0.4874,0.018600000000000005,0.4667,0.3846,0.0821,3.5488,3.2363,0.0,2,2,0,1.0,0,0
2023/2024_Conso_Pinet_2Round,3,0.5,0.5152,0.5294,-0.01419999999999999,0.506,0.4874,0.018600000000000005,0.4667,0.3846,0.0821,3.5488,3.2363,0.0,2,3,-1,0.0,0,0
2023/2024_Conso_Pinet_2Round,4,0.75,0.5152,0.5294,-0.01419999999999999,0.506,0.4874,0.018600000000000005,0.4667,0.3846,0.0821,3.5488,3.2363,0.0,2,4,-2,0.0,0,1
2023/2024_Conso_Pinet_2Round,4,0.75,0.5152,0.5294,-0.01419999999999999,0.506,0.4874,0.018600000000000005,0.4667,0.3846,0.0821,3.5488,3.2363,0.0,3,4,-1,1.0,0,1
2023/2024_Conso_Pinet_2Round,5,1.0,0.5152,0.5294,-0.01419999999999999,0.506,0.4874,0.018600000000000005,0.4667,0.3846,0.0821,3.5488,3.2363,0.0,4,4,0,1.0,1,1
2023/2024_Conso_Pinet_2Round,5,1.0,0.5152,0.5294,-0.01419999999999999,0.506,0.4874,0.018600000000000005,0.4667,0.3846,0.0821,3.5488,3.2363,0.0,5,4,1,1.0,1,1
2023/2024_Conso_Pool _10Round,1,0.0,0.5263,0.5833,-0.05700000000000005,0.5084,0.4866,0.021799999999999986,0.5333,0.6,-0.06669999999999998,4.2223,3.5372,0.0,0,0,0,0.5,0,1
2023/2024_Conso_Pool _10Round,1,0.0,0.5263,0.5833,-0.05700000000000005,0.5084,0.4866,0.021799999999999986,0.5333,0.6,-0.06669999999999998,4.2223,3.5372,0.0,1,0,1,1.0,0,1
2023/2024_Conso_Pool _10Round,2,0.25,0.5263,0.5833,-0.05700000000000005,0.5084,0.4866,0.021799999999999986,0.5333,0.6,-0.06669999999999998,4.2223,3.5372,0.0,2,0,2,1.0,0,1
2023/2024_Conso_Pool _10Round,2,0.25,0.5263,0.5833,-0.05700000000000005,0.5084,0.4866,0.021799999999999986,0.5333,0.6,-0.06669999999999998,4.2223,3.5372,0.0,3,0,3,1.0,0,0
2023/2024_Conso_Pool _10Round,3,0.5,0.5263,0.5833,-0.05700000000000005,0.5084,0.4866,0.021799999999999986,0.5333,0.6,-0.06669999999999998,4.2223,3.5372,0.0,3,1,2,0.0,0,0
2023/2024_Conso_Pool _10Round,3,0.5,0.5263,0.5833,-0.05700000000000005,0.5084,0.4866,0.021799999999999986,0.5333,0.6,-0.06669999999999998,4.2223,3.5372,0.0,3,2,1,0.0,0,1
2023/2024_Conso_Pool _10Round,4,0.75,0.5263,0.5833,-0.05700000000000005,0.5084,0.4866,0.021799999999999986,0.5333,0.6,-0.06669999999999998,4.2223,3.5372,0.0,4,2,2,1.0,0,0
2023/2024_Conso_Pool _10Round,4,0.75,0.5263,0.5833,-0.05700000000000005,0.5084,0.4866,0.021799999999999986,0.5333,0.6,-0.06669999999999998,4.2223,3.5372,0.0,4,3,1,0.0,0,1
2023/2024_Conso_Pool _10Round,5,1.0,0.5263,0.5833,-0.05700000000000005,0.5084,0.4866,0.021799999999999986,0.5333,0.6,-0.06669999999999998,4.2223,3.5372,0.0,5,3,2,1.0,1,1
2023/2024_Conso_Prata_9Round,1,0.0,0.5135,0.3929,0.12059999999999993,0.5,0.4674,0.03260000000000002,0.4667,0.5333,-0.06659999999999999,3.7402,3.5077,0.0,0,0,0,0.5,0,0
2023/2024_Conso_Prata_9Round,1,0.0,0.5135,0.3929,0.12059999999999993,0.5,0.4674,0.03260000000000002,0.4667,0.5333,-0.06659999999999999,3.7402,3.5077,0.0,0,1,-1,0.0,0,1
2023/2024_Conso_Prata_9Round,2,0.25,0.5135,0.3929,0.12059999999999993,0.5,0.4674,0.03260000000000002,0.4667,0.5333,-0.06659999999999999,3.7402,3.5077,0.0,1,1,0,1.0,0,1
2023/2024_Conso_Prata_9Round,2,0.25,0.5135,0.3929,0.12059999999999993,0.5,0.4674,0.03260000000000002,0.4667,0.5333,-0.06659999999999999,3.7402,3.5077,0.0,2,1,1,1.0,0,1
2023/2024_Conso_Prata_9Round,3,0.5,0.5135,0.3929,0.12059999999999993,0.5,0.4674,0.03260000000000002,0.4667,0.5333,-0.06659999999999999,3.7402,3.5077,0.0,3,1,2,1.0,0,1
2023/2024_Conso_Prata_9Round,3,0.5,0.5135,0.3929,0.12059999999999993,0.5,0.4674,0.03260000000000002,0.4667,0.5333,-0.06659999999999999,3.7402,3.5077,0.0,4,1,3,1.0,0,1
2023/2024_Conso_Prata_9Round,4,0.75,0.5135,0.3929,0.12059999999999993,0.5,0.4674,0.03260000000000002,0.4667,0.5333,-0.06659999999999999,3.7402,3.5077,0.0,5,1,4,1.0,0,1
2023/2024_Conso_Raven_5Round,1,0.0,0.5429,0.4211,0.12180000000000007,0.511,0.5103,0.0007000000000000339,0.5333,0.5,0.033299999999999996,4.2207,3.8814,0.0,0,0,0,0.5,0,1
2023/2024_Conso_Raven_5Round,1,0.0,0.5429,0.4211,0.12180000000000007,0.511,0.5103,0.0007000000000000339,0.5333,0.5,0.033299999999999996,4.2207,3.8814,0.0,1,0,1,1.0,0,0
2023/2024_Conso_Raven_5Round,2,0.25,0.5429,0.4211,0.12180000000000007,0.511,0.5103,0.0007000000000000339,0.5333,0.5,0.033299999999999996,4.2207,3.8814,0.0,1,1,0,0.0,0,0
2023/2024_Conso_Raven_5Round,2,0.25,0.5429,0.4211,0.12180000000000007,0.511,0.5103,0.0007000000000000339,0.5333,0.5,0.033299999999999996,4.2207,3.8814,0.0,1,2,-1,0.0,0,0
2023/2024_Conso_Raven_5Round,3,0.5,0.5429,0.4211,0.12180000000000007,0.511,0.5103,0.0007000000000000339,0.5333,0.5,0.033299999999999996,4.2207,3.8814,0.0,1,3,-2,0.0,0,0
2023/2024_Conso_Raven_5Round,3,0.5,0.5429,0.4211,0.12180000000000007,0.511,0.5103,0.0007000000000000339,0.5333,0.5,0.033299999999999996,4.2207,3.8814,0.0,1,4,-3,0.0,0,0
2023/2024_Conso_Raven_5Round,4,0.75,0.5429,0.4211,0.12180000000000007,0.511,0.5103,0.0007000000000000339,0.5333,0.5,0.033299999999999996,4.2207,3.8814,0.0,1,5,-4,0.0,0,1
2023/2024_Conso_Raven_5Round,5,1.0,0.5429,0.4211,0.12180000000000007,0.511,0.5103,0.0007000000000000339,0.5333,0.5,0.033299999999999996,4.2207,3.8814,0.0,2,5,-3,1.0,1,0
2023/2024_Conso_WOW G_12Round,1,0.0,0.5385,0.6154,-0.07689999999999997,0.513,0.5252,-0.012199999999999989,0.5333,0.5333,0.0,4.5678,3.7849,0.0,0,0,0,0.5,0,1
2023/2024_Conso_WOW G_12Round,1,0.0,0.5385,0.6154,-0.07689999999999997,0.513,0.5252,-0.012199999999999989,0.5333,0.5333,0.0,4.5678,3.7849,0.0,1,0,1,1.0,0,1
2023/2024_Conso_WOW G_12Round,2,0.25,0.5385,0.6154,-0.07689999999999997,0.513,0.5252,-0.012199999999999989,0.5333,0.5333,0.0,4.5678,3.7849,0.0,2,0,2,1.0,0,1
2023/2024_Conso_WOW G_12Round,2,0.25,0.5385,0.6154,-0.07689999999999997,0.513,0.5252,-0.012199999999999989,0.5333,0.5333,0.0,4.5678,3.7849,0.0,3,0,3,1.0,0,0
2023/2024_Conso_WOW G_12Round,3,0.5,0.5385,0.6154,-0.07689999999999997,0.513,0.5252,-0.012199999999999989,0.5333,0.5333,0.0,4.5678,3.7849,0.0,3,1,2,0.0,0,0
2023/2024_Conso_WOW G_12Round,3,0.5,0.5385,0.6154,-0.07689999999999997,0.513,0.5252,-0.012199999999999989,0.5333,0.5333,0.0,4.5678,3.7849,0.0,3,2,1,0.0,0,0
2023/2024_Conso_WOW G_12Round,4,0.75,0.5385,0.6154,-0.07689999999999997,0.513,0.5252,-0.012199999999999989,0.5333,0.5333,0.0,4.5678,3.7849,0.0,3,3,0,0.0,0,1
2023/2024_Conso_WOW G_12Round,4,0.75,0.5385,0.6154,-0.07689999999999997,0.513,0.5252,-0.012199999999999989,0.5333,0.5333,0.0,4.5678,3.7849,0.0,4,3,1,1.0,0,0
2023/2024_Conso_WOW G_12Round,5,1.0,0.5385,0.6154,-0.07689999999999997,0.513,0.5252,-0.012199999999999989,0.5333,0.5333,0.0,4.5678,3.7849,0.0,4,4,0,0.0,1,0
2023/2024_Conso_WOW G_12Round,5,1.0,0.5385,0.6154,-0.07689999999999997,0.513,0.5252,-0.012199999999999989,0.5333,0.5333,0.0,4.5678,3.7849,0.0,4,5,-1,0.0,1,1
2023/2024_Delta_Emma _12Round,1,0.0,0.4828,0.4242,0.058599999999999985,0.521,0.4665,0.05449999999999999,0.4667,0.5333,-0.06659999999999999,4.2231,4.013,0.0,0,0,0,0.5,0,0
2023/2024_Delta_Emma _12Round,1,0.0,0.4828,0.4242,0.058599999999999985,0.521,0.4665,0.05449999999999999,0.4667,0.5333,-0.06659999999999999,4.2231,4.013,0.0,0,1,-1,0.0,0,1
2023/2024_Delta_Emma _12Round,2,0.25,0.4828,0.4242,0.058599999999999985,0.521,0.4665,0.05449999999999999,0.4667,0.5333,-0.06659999999999999,4.2231,4.013,0.0,1,1,0,1.0,0,1
2023/2024_Delta_Emma _12Round,2,0.25,0.4828,0.4242,0.058599999999999985,0.521,0.4665,0.05449999999999999,0.4667,0.5333,-0.06659999999999999,4.2231,4.013,0.0,2,1,1,1.0,0,1
2023/2024_Delta_Emma _12Round,3,0.5,0.4828,0.4242,0.058599999999999985,0.521,0.4665,0.05449999999999999,0.4667,0.5333,-0.06659999999999999,4.2231,4.013,0.0,3,1,2,1.0,0,0
2023/2024_Delta_Emma _12Round,3,0.5,0.4828,0.4242,0.058599999999999985,0.521,0.4665,0.05449999999999999,0.4667,0.5333,-0.06659999999999999,4.2231,4.013,0.0,3,2,1,0.0,0,0
2023/2024_Delta_Emma _12Round,4,0.75,0.4828,0.4242,0.058599999999999985,0.521,0.4665,0.05449999999999999,0.4667,0.5333,-0.06659999999999999,4.2231,4.013,0.0,3,3,0,0.0,0,0
2023/2024_Delta_Emma _12Round,4,0.75,0.4828,0.4242,0.058599999999999985,0.521,0.4665,0.05449999999999999,0.4667,0.5333,-0.06659999999999999,4.2231,4.013,0.0,3,4,-1,0.0,0,1
2023/2024_Delta_Pinet_7Round,1,0.0,0.4615,0.5,-0.03849999999999998,0.5093,0.4833,0.025999999999999968,0.4667,0.4,0.06669999999999998,3.6644,3.5991,0.0,0,0,0,0.5,0,1
2023/2024_Delta_Pinet_7Round,1,0.0,0.4615,0.5,-0.03849999999999998,0.5093,0.4833,0.025999999999999968,0.4667,0.4,0.06669999999999998,3.6644,3.5991,0.0,1,0,1,1.0,0,1
2023/2024_Delta_Pinet_7Round,2,0.25,0.4615,0.5,-0.03849999999999998,0.5093,0.4833,0.025999999999999968,0.4667,0.4,0.06669999999999998,3.6644,3.5991,0.0,2,0,2,1.0,0,1
2023/2024_Delta_Pinet_7Round,2,0.25,0.4615,0.5,-0.03849999999999998,0.5093,0.4833,0.025999999999999968,0.4667,0.4,0.06669999999999998,3.6644,3.5991,0.0,3,0,3,1.0,0,0
2023/2024_Delta_Pinet_7Round,3,0.5,0.4615,0.5,-0.03849999999999998,0.5093,0.4833,0.025999999999999968,0.4667,0.4,0.06669999999999998,3.6644,3.5991,0.0,3,1,2,0.0,0,1
2023/2024_Delta_Pinet_7Round,3,0.5,0.4615,0.5,-0.03849999999999998,0.5093,0.4833,0.025999999999999968,0.4667,0.4,0.06669999999999998,3.6644,3.5991,0.0,4,1,3,1.0,0,0
2023/2024_Delta_Pinet_7Round,4,0.75,0.4615,0.5,-0.03849999999999998,0.5093,0.4833,0.025999999999999968,0.4667,0.4,0.06669999999999998,3.6644,3.5991,0.0,4,2,2,0.0,0,1
2023/2024_Delta_Pinet_7Round,5,1.0,0.4615,0.5,-0.03849999999999998,0.5093,0.4833,0.025999999999999968,0.4667,0.4,0.06669999999999998,3.6644,3.5991,0.0,5,2,3,1.0,1,1
2023/2024_Delta_Pool _11Round,1,0.0,0.4643,0.5676,-0.1033,0.5153,0.4816,0.03370000000000001,0.4667,0.6,-0.13329999999999997,3.825,3.4168,0.0,0,0,0,0.5,0,1
2023/2024_Delta_Pool _11Round,1,0.0,0.4643,0.5676,-0.1033,0.5153,0.4816,0.03370000000000001,0.4667,0.6,-0.13329999999999997,3.825,3.4168,0.0,1,0,1,1.0,0,0
2023/2024_Delta_Pool _11Round,2,0.25,0.4643,0.5676,-0.1033,0.5153,0.4816,0.03370000000000001,0.4667,0.6,-0.13329999999999997,3.825,3.4168,0.0,1,1,0,0.0,0,1
2023/2024_Delta_Pool _11Round,2,0.25,0.4643,0.5676,-0.1033,0.5153,0.4816,0.03370000000000001,0.4667,0.6,-0.13329999999999997,3.825,3.4168,0.0,2,1,1,1.0,0,0
2023/2024_Delta_Pool _11Round,3,0.5,0.4643,0.5676,-0.1033,0.5153,0.4816,0.03370000000000001,0.4667,0.6,-0.13329999999999997,3.825,3.4168,0.0,2,2,0,0.0,0,0
2023/2024_Delta_Pool _11Round,3,0.5,0.4643,0.5676,-0.1033,0.5153,0.4816,0.03370000000000001,0.4667,0.6,-0.13329999999999997,3.825,3.4168,0.0,2,3,-1,0.0,0,1
2023/2024_Delta_Pool _11Round,4,0.75,0.4643,0.5676,-0.1033,0.5153,0.4816,0.03370000000000001,0.4667,0.6,-0.13329999999999997,3.825,3.4168,0.0,3,3,0,1.0,0,1
2023/2024_Delta_Pool _11Round,4,0.75,0.4643,0.5676,-0.1033,0.5153,0.4816,0.03370000000000001,0.4667,0.6,-0.13329999999999997,3.825,3.4168,0.0,4,3,1,1.0,0,1
2023/2024_Delta_Pool _11Round,5,1.0,0.4643,0.5676,-0.1033,0.5153,0.4816,0.03370000000000001,0.4667,0.6,-0.13329999999999997,3.825,3.4168,0.0,5,3,2,1.0,1,1
2023/2024_Delta_Prata_13Round,1,0.0,0.4667,0.4,0.06669999999999998,0.5203,0.4634,0.056900000000000006,0.4667,0.4667,0.0,4.1149,3.6537,0.0,0,0,0,0.5,0,1
2023/2024_Delta_Prata_13Round,1,0.0,0.4667,0.4,0.06669999999999998,0.5203,0.4634,0.056900000000000006,0.4667,0.4667,0.0,4.1149,3.6537,0.0,1,0,1,1.0,0,0
2023/2024_Delta_Prata_13Round,2,0.25,0.4667,0.4,0.06669999999999998,0.5203,0.4634,0.056900000000000006,0.4667,0.4667,0.0,4.1149,3.6537,0.0,1,1,0,0.0,0,1
2023/2024_Delta_Prata_13Round,2,0.25,0.4667,0.4,0.06669999999999998,0.5203,0.4634,0.056900000000000006,0.4667,0.4667,0.0,4.1149,3.6537,0.0,2,1,1,1.0,0,0
2023/2024_Delta_Prata_13Round,3,0.5,0.4667,0.4,0.06669999999999998,0.5203,0.4634,0.056900000000000006,0.4667,0.4667,0.0,4.1149,3.6537,0.0,2,2,0,0.0,0,0
2023/2024_Delta_Prata_13Round,3,0.5,0.4667,0.4,0.06669999999999998,0.5203,0.4634,0.056900000000000006,0.4667,0.4667,0.0,4.1149,3.6537,0.0,2,3,-1,0.0,0,0
2023/2024_Delta_Prata_13Round,4,0.75,0.4667,0.4,0.06669999999999998,0.5203,0.4634,0.056900000000000006,0.4667,0.4667,0.0,4.1149,3.6537,0.0,2,4,-2,0.0,0,1
2023/2024_Delta_Prata_13Round,4,0.75,0.4667,0.4,0.06669999999999998,0.5203,0.4634,0.056900000000000006,0.4667,0.4667,0.0,4.1149,3.6537,0.0,3,4,-1,1.0,0,1
2023/2024_Delta_Prata_13Round,5,1.0,0.4667,0.4,0.06669999999999998,0.5203,0.4634,0.056900000000000006,0.4667,0.4667,0.0,4.1149,3.6537,0.0,4,4,0,1.0,1,0
2023/2024_Delta_Prata_13Round,5,1.0,0.4667,0.4,0.06669999999999998,0.5203,0.4634,0.056900000000000006,0.4667,0.4667,0.0,4.1149,3.6537,0.0,4,5,-1,0.0,1,0
2023/2024_Delta_Raven_1Round,1,0.0,0.5,0.3529,0.1471,0.5228,0.4924,0.030400000000000038,0.4667,0.4167,0.04999999999999999,4.0148,3.6098,0.0,0,0,0,0.5,0,0
2023/2024_Delta_Raven_1Round,1,0.0,0.5,0.3529,0.1471,0.5228,0.4924,0.030400000000000038,0.4667,0.4167,0.04999999999999999,4.0148,3.6098,0.0,0,1,-1,0.0,0,0
2023/2024_Delta_Raven_1Round,2,0.25,0.5,0.3529,0.1471,0.5228,0.4924,0.030400000000000038,0.4667,0.4167,0.04999999999999999,4.0148,3.6098,0.0,0,2,-2,0.0,0,0
2023/2024_Delta_Raven_1Round,2,0.25,0.5,0.3529,0.1471,0.5228,0.4924,0.030400000000000038,0.4667,0.4167,0.04999999999999999,4.0148,3.6098,0.0,0,3,-3,0.0,0,1
2023/2024_Delta_Raven_1Round,3,0.5,0.5,0.3529,0.1471,0.5228,0.4924,0.030400000000000038,0.4667,0.4167,0.04999999999999999,4.0148,3.6098,0.0,1,3,-2,1.0,0,0
2023/2024_Delta_Raven_1Round,3,0.5,0.5,0.3529,0.1471,0.5228,0.4924,0.030400000000000038,0.4667,0.4167,0.04999999999999999,4.0148,3.6098,0.0,1,4,-3,0.0,0,1
2023/2024_Delta_Raven_1Round,4,0.75,0.5,0.3529,0.1471,0.5228,0.4924,0.030400000000000038,0.4667,0.4167,0.04999999999999999,4.0148,3.6098,0.0,2,4,-2,1.0,0,0
2023/2024_Delta_Raven_1Round,5,1.0,0.5,0.3529,0.1471,0.5228,0.4924,0.030400000000000038,0.4667,0.4167,0.04999999999999999,4.0148,3.6098,0.0,2,5,-3,0.0,1,0
2023/2024_Delta_WOW G_9Round,1,0.0,0.4815,0.625,-0.14350000000000002,0.518,0.5306,-0.012599999999999945,0.4667,0.6,-0.13329999999999997,4.0898,3.748,0.0,0,0,0,0.5,0,1
2023/2024_Delta_WOW G_9Round,1,0.0,0.4815,0.625,-0.14350000000000002,0.518,0.5306,-0.012599999999999945,0.4667,0.6,-0.13329999999999997,4.0898,3.748,0.0,1,0,1,1.0,0,0
2023/2024_Delta_WOW G_9Round,2,0.25,0.4815,0.625,-0.14350000000000002,0.518,0.5306,-0.012599999999999945,0.4667,0.6,-0.13329999999999997,4.0898,3.748,0.0,1,1,0,0.0,0,0
2023/2024_Delta_WOW G_9Round,2,0.25,0.4815,0.625,-0.14350000000000002,0.518,0.5306,-0.012599999999999945,0.4667,0.6,-0.13329999999999997,4.0898,3.748,0.0,1,2,-1,0.0,0,1
2023/2024_Delta_WOW G_9Round,3,0.5,0.4815,0.625,-0.14350000000000002,0.518,0.5306,-0.012599999999999945,0.4667,0.6,-0.13329999999999997,4.0898,3.748,0.0,2,2,0,1.0,0,0
2023/2024_Delta_WOW G_9Round,3,0.5,0.4815,0.625,-0.14350000000000002,0.518,0.5306,-0.012599999999999945,0.4667,0.6,-0.13329999999999997,4.0898,3.748,0.0,2,3,-1,0.0,0,0
2023/2024_Delta_WOW G_9Round,4,0.75,0.4815,0.625,-0.14350000000000002,0.518,0.5306,-0.012599999999999945,0.4667,0.6,-0.13329999999999997,4.0898,3.748,0.0,2,4,-2,0.0,0,1
2023/2024_Emma _Pinet_3Round,1,0.0,0.4286,0.5,-0.07140000000000002,0.4595,0.4812,-0.021699999999999997,0.3333,0.3571,-0.023799999999999988,3.1885,3.3673,0.0,0,0,0,0.5,0,1
2023/2024_Emma _Pinet_3Round,1,0.0,0.4286,0.5,-0.07140000000000002,0.4595,0.4812,-0.021699999999999997,0.3333,0.3571,-0.023799999999999988,3.1885,3.3673,0.0,1,0,1,1.0,0,0
2023/2024_Emma _Pinet_3Round,2,0.25,0.4286,0.5,-0.07140000000000002,0.4595,0.4812,-0.021699999999999997,0.3333,0.3571,-0.023799999999999988,3.1885,3.3673,0.0,1,1,0,0.0,0,1
2023/2024_Emma _Pinet_3Round,2,0.25,0.4286,0.5,-0.07140000000000002,0.4595,0.4812,-0.021699999999999997,0.3333,0.3571,-0.023799999999999988,3.1885,3.3673,0.0,2,1,1,1.0,0,0
2023/2024_Emma _Pinet_3Round,3,0.5,0.4286,0.5,-0.07140000000000002,0.4595,0.4812,-0.021699999999999997,0.3333,0.3571,-0.023799999999999988,3.1885,3.3673,0.0,2,2,0,0.0,0,1
2023/2024_Emma _Pinet_3Round,3,0.5,0.4286,0.5,-0.07140000000000002,0.4595,0.4812,-0.021699999999999997,0.3333,0.3571,-0.023799999999999988,3.1885,3.3673,0.0,3,2,1,1.0,0,0
2023/2024_Emma _Pool _5Round,1,0.0,0.4138,0.5714,-0.15760000000000002,0.4605,0.4862,-0.0257,0.3333,0.5333,-0.2,3.1794,3.3997,0.0,0,0,0,0.5,0,1
2023/2024_Emma _Pool _5Round,1,0.0,0.4138,0.5714,-0.15760000000000002,0.4605,0.4862,-0.0257,0.3333,0.5333,-0.2,3.1794,3.3997,0.0,1,0,1,1.0,0,0
2023/2024_Emma _Pool _5Round,2,0.25,0.4138,0.5714,-0.15760000000000002,0.4605,0.4862,-0.0257,0.3333,0.5333,-0.2,3.1794,3.3997,0.0,1,1,0,0.0,0,1
2023/2024_Emma _Pool _5Round,2,0.25,0.4138,0.5714,-0.15760000000000002,0.4605,0.4862,-0.0257,0.3333,0.5333,-0.2,3.1794,3.3997,0.0,2,1,1,1.0,0,0
2023/2024_Emma _Pool _5Round,3,0.5,0.4138,0.5714,-0.15760000000000002,0.4605,0.4862,-0.0257,0.3333,0.5333,-0.2,3.1794,3.3997,0.0,2,2,0,0.0,0,0
2023/2024_Emma _Pool _5Round,3,0.5,0.4138,0.5714,-0.15760000000000002,0.4605,0.4862,-0.0257,0.3333,0.5333,-0.2,3.1794,3.3997,0.0,2,3,-1,0.0,0,1
2023/2024_Emma _Pool _5Round,4,0.75,0.4138,0.5714,-0.15760000000000002,0.4605,0.4862,-0.0257,0.3333,0.5333,-0.2,3.1794,3.3997,0.0,3,3,0,1.0,0,1
2023/2024_Emma _Pool _5Round,4,0.75,0.4138,0.5714,-0.15760000000000002,0.4605,0.4862,-0.0257,0.3333,0.5333,-0.2,3.1794,3.3997,0.0,4,3,1,1.0,0,0
2023/2024_Emma _Prata_2Round,1,0.0,0.4444,0.375,0.06940000000000002,0.4622,0.4568,0.005400000000000016,0.3333,0.4,-0.06670000000000004,2.9294,2.9748,0.0,0,0,0,0.5,0,0
2023/2024_Emma _Prata_2Round,1,0.0,0.4444,0.375,0.06940000000000002,0.4622,0.4568,0.005400000000000016,0.3333,0.4,-0.06670000000000004,2.9294,2.9748,0.0,0,1,-1,0.0,0,0
2023/2024_Emma _Prata_2Round,2,0.25,0.4444,0.375,0.06940000000000002,0.4622,0.4568,0.005400000000000016,0.3333,0.4,-0.06670000000000004,2.9294,2.9748,0.0,0,2,-2,0.0,0,0
2023/2024_Emma _Prata_2Round,2,0.25,0.4444,0.375,0.06940000000000002,0.4622,0.4568,0.005400000000000016,0.3333,0.4,-0.06670000000000004,2.9294,2.9748,0.0,0,3,-3,0.0,0,1
2023/2024_Emma _Prata_2Round,3,0.5,0.4444,0.375,0.06940000000000002,0.4622,0.4568,0.005400000000000016,0.3333,0.4,-0.06670000000000004,2.9294,2.9748,0.0,1,3,-2,1.0,0,1
2023/2024_Emma _Prata_2Round,3,0.5,0.4444,0.375,0.06940000000000002,0.4622,0.4568,0.005400000000000016,0.3333,0.4,-0.06670000000000004,2.9294,2.9748,0.0,2,3,-1,1.0,0,0
2023/2024_Emma _Prata_2Round,4,0.75,0.4444,0.375,0.06940000000000002,0.4622,0.4568,0.005400000000000016,0.3333,0.4,-0.06670000000000004,2.9294,2.9748,0.0,2,4,-2,0.0,0,1
2023/2024_Emma _Prata_2Round,4,0.75,0.4444,0.375,0.06940000000000002,0.4622,0.4568,0.005400000000000016,0.3333,0.4,-0.06670000000000004,2.9294,2.9748,0.0,3,4,-1,1.0,0,1
2023/2024_Emma _Prata_2Round,5,1.0,0.4444,0.375,0.06940000000000002,0.4622,0.4568,0.005400000000000016,0.3333,0.4,-0.06670000000000004,2.9294,2.9748,0.0,4,4,0,1.0,1,0
2023/2024_Emma _Prata_2Round,5,1.0,0.4444,0.375,0.06940000000000002,0.4622,0.4568,0.005400000000000016,0.3333,0.4,-0.06670000000000004,2.9294,2.9748,0.0,4,5,-1,0.0,1,0
2023/2024_Emma _Raven_7Round,1,0.0,0.4194,0.45,-0.030600000000000016,0.468,0.5227,-0.054700000000000026,0.3333,0.5333,-0.2,3.9165,4.1566,0.0,0,0,0,0.5,0,0
2023/2024_Emma _Raven_7Round,1,0.0,0.4194,0.45,-0.030600000000000016,0.468,0.5227,-0.054700000000000026,0.3333,0.5333,-0.2,3.9165,4.1566,0.0,0,1,-1,0.0,0,0
2023/2024_Emma _Raven_7Round,2,0.25,0.4194,0.45,-0.030600000000000016,0.468,0.5227,-0.054700000000000026,0.3333,0.5333,-0.2,3.9165,4.1566,0.0,0,2,-2,0.0,0,0
2023/2024_Emma _Raven_7Round,2,0.25,0.4194,0.45,-0.030600000000000016,0.468,0.5227,-0.054700000000000026,0.3333,0.5333,-0.2,3.9165,4.1566,0.0,0,3,-3,0.0,0,1
2023/2024_Emma _Raven_7Round,3,0.5,0.4194,0.45,-0.030600000000000016,0.468,0.5227,-0.054700000000000026,0.3333,0.5333,-0.2,3.9165,4.1566,0.0,1,3,-2,1.0,0,0
2023/2024_Emma _Raven_7Round,3,0.5,0.4194,0.45,-0.030600000000000016,0.468,0.5227,-0.054700000000000026,0.3333,0.5333,-0.2,3.9165,4.1566,0.0,1,4,-3,0.0,0,0
2023/2024_Emma _Raven_7Round,4,0.75,0.4194,0.45,-0.030600000000000016,0.468,0.5227,-0.054700000000000026,0.3333,0.5333,-0.2,3.9165,4.1566,0.0,1,5,-4,0.0,0,1
2023/2024_Emma _Raven_7Round,5,1.0,0.4194,0.45,-0.030600000000000016,0.468,0.5227,-0.054700000000000026,0.3333,0.5333,-0.2,3.9165,4.1566,0.0,2,5,-3,1.0,1,0
2023/2024_Emma _WOW G_11Round,1,0.0,0.4062,0.64,-0.2338,0.4609,0.5321,-0.07120000000000004,0.3333,0.6,-0.2667,3.4864,3.7684,0.0,0,0,0,0.5,0,1
2023/2024_Emma _WOW G_11Round,1,0.0,0.4062,0.64,-0.2338,0.4609,0.5321,-0.07120000000000004,0.3333,0.6,-0.2667,3.4864,3.7684,0.0,1,0,1,1.0,0,1
2023/2024_Emma _WOW G_11Round,2,0.25,0.4062,0.64,-0.2338,0.4609,0.5321,-0.07120000000000004,0.3333,0.6,-0.2667,3.4864,3.7684,0.0,2,0,2,1.0,0,0
2023/2024_Emma _WOW G_11Round,2,0.25,0.4062,0.64,-0.2338,0.4609,0.5321,-0.07120000000000004,0.3333,0.6,-0.2667,3.4864,3.7684,0.0,2,1,1,0.0,0,0
2023/2024_Emma _WOW G_11Round,3,0.5,0.4062,0.64,-0.2338,0.4609,0.5321,-0.07120000000000004,0.3333,0.6,-0.2667,3.4864,3.7684,0.0,2,2,0,0.0,0,0
2023/2024_Emma _WOW G_11Round,3,0.5,0.4062,0.64,-0.2338,0.4609,0.5321,-0.07120000000000004,0.3333,0.6,-0.2667,3.4864,3.7684,0.0,2,3,-1,0.0,0,1
2023/2024_Emma _WOW G_11Round,4,0.75,0.4062,0.64,-0.2338,0.4609,0.5321,-0.07120000000000004,0.3333,0.6,-0.2667,3.4864,3.7684,0.0,3,3,0,1.0,0,0
2023/2024_Emma _WOW G_11Round,4,0.75,0.4062,0.64,-0.2338,0.4609,0.5321,-0.07120000000000004,0.3333,0.6,-0.2667,3.4864,3.7684,0.0,3,4,-1,0.0,0,1
2023/2024_Emma _WOW G_11Round,5,1.0,0.4062,0.64,-0.2338,0.4609,0.5321,-0.07120000000000004,0.3333,0.6,-0.2667,3.4864,3.7684,0.0,4,4,0,1.0,1,1
2023/2024_Emma _WOW G_11Round,5,1.0,0.4062,0.64,-0.2338,0.4609,0.5321,-0.07120000000000004,0.3333,0.6,-0.2667,3.4864,3.7684,0.0,5,4,1,1.0,1,1
2023/2024_Farmi_Gioie_11Round,1,0.0,0.4167,0.5625,-0.14579999999999999,0.4762,0.5042,-0.02799999999999997,0.4167,0.6,-0.18329999999999996,3.2988,3.6445,0.0,0,0,0,0.5,0,1
2023/2024_Farmi_Gioie_11Round,1,0.0,0.4167,0.5625,-0.14579999999999999,0.4762,0.5042,-0.02799999999999997,0.4167,0.6,-0.18329999999999996,3.2988,3.6445,0.0,1,0,1,1.0,0,1
2023/2024_Farmi_Gioie_11Round,2,0.25,0.4167,0.5625,-0.14579999999999999,0.4762,0.5042,-0.02799999999999997,0.4167,0.6,-0.18329999999999996,3.2988,3.6445,0.0,2,0,2,1.0,0,1
2023/2024_Farmi_Gioie_11Round,2,0.25,0.4167,0.5625,-0.14579999999999999,0.4762,0.5042,-0.02799999999999997,0.4167,0.6,-0.18329999999999996,3.2988,3.6445,0.0,3,0,3,1.0,0,1
2023/2024_Farmi_Gioie_11Round,3,0.5,0.4167,0.5625,-0.14579999999999999,0.4762,0.5042,-0.02799999999999997,0.4167,0.6,-0.18329999999999996,3.2988,3.6445,0.0,4,0,4,1.0,0,0
2023/2024_Farmi_Gioie_11Round,3,0.5,0.4167,0.5625,-0.14579999999999999,0.4762,0.5042,-0.02799999999999997,0.4167,0.6,-0.18329999999999996,3.2988,3.6445,0.0,4,1,3,0.0,0,0
2023/2024_Farmi_Gioie_11Round,4,0.75,0.4167,0.5625,-0.14579999999999999,0.4762,0.5042,-0.02799999999999997,0.4167,0.6,-0.18329999999999996,3.2988,3.6445,0.0,4,2,2,0.0,0,1
2023/2024_Farmi_Gioie_11Round,4,0.75,0.4167,0.5625,-0.14579999999999999,0.4762,0.5042,-0.02799999999999997,0.4167,0.6,-0.18329999999999996,3.2988,3.6445,0.0,5,2,3,1.0,0,1
2023/2024_Grott_Pulis_1Round,1,0.0,0.4615,0.5385,-0.07699999999999996,0.4615,0.5769,-0.11539999999999995,0.5,0.5,0.0,3.2889,3.7366,0.0,0,0,0,0.5,0,1
2023/2024_Grott_Pulis_1Round,1,0.0,0.4615,0.5385,-0.07699999999999996,0.4615,0.5769,-0.11539999999999995,0.5,0.5,0.0,3.2889,3.7366,0.0,1,0,1,1.0,0,1
2023/2024_Grott_Pulis_1Round,2,0.25,0.4615,0.5385,-0.07699999999999996,0.4615,0.5769,-0.11539999999999995,0.5,0.5,0.0,3.2889,3.7366,0.0,2,0,2,1.0,0,1
2023/2024_Grott_Pulis_1Round,2,0.25,0.4615,0.5385,-0.07699999999999996,0.4615,0.5769,-0.11539999999999995,0.5,0.5,0.0,3.2889,3.7366,0.0,3,0,3,1.0,0,1
2023/2024_Grott_Pulis_1Round,3,0.5,0.4615,0.5385,-0.07699999999999996,0.4615,0.5769,-0.11539999999999995,0.5,0.5,0.0,3.2889,3.7366,0.0,4,0,4,1.0,0,0
2023/2024_Grott_Pulis_1Round,3,0.5,0.4615,0.5385,-0.07699999999999996,0.4615,0.5769,-0.11539999999999995,0.5,0.5,0.0,3.2889,3.7366,0.0,4,1,3,0.0,0,0
2023/2024_Grott_Pulis_1Round,4,0.75,0.4615,0.5385,-0.07699999999999996,0.4615,0.5769,-0.11539999999999995,0.5,0.5,0.0,3.2889,3.7366,0.0,4,2,2,0.0,0,1
2023/2024_Grott_Pulis_1Round,4,0.75,0.4615,0.5385,-0.07699999999999996,0.4615,0.5769,-0.11539999999999995,0.5,0.5,0.0,3.2889,3.7366,0.0,5,2,3,1.0,0,0
2023/2024_Grott_Pulis_1Round,5,1.0,0.4615,0.5385,-0.07699999999999996,0.4615,0.5769,-0.11539999999999995,0.5,0.5,0.0,3.2889,3.7366,0.0,5,3,2,0.0,1,1
2023/2024_Lagon_Shedi_4Round,1,0.0,0.5,0.4286,0.07140000000000002,0.5343,0.5,0.0343,0.6667,0.5455,0.12119999999999997,4.7264,3.5799,0.0,0,0,0,0.5,0,0
2023/2024_Lagon_Shedi_4Round,1,0.0,0.5,0.4286,0.07140000000000002,0.5343,0.5,0.0343,0.6667,0.5455,0.12119999999999997,4.7264,3.5799,0.0,0,1,-1,0.0,0,0
2023/2024_Lagon_Shedi_4Round,2,0.25,0.5,0.4286,0.07140000000000002,0.5343,0.5,0.0343,0.6667,0.5455,0.12119999999999997,4.7264,3.5799,0.0,0,2,-2,0.0,0,0
2023/2024_Lagon_Shedi_4Round,2,0.25,0.5,0.4286,0.07140000000000002,0.5343,0.5,0.0343,0.6667,0.5455,0.12119999999999997,4.7264,3.5799,0.0,0,3,-3,0.0,0,0
2023/2024_Lagon_Shedi_4Round,3,0.5,0.5,0.4286,0.07140000000000002,0.5343,0.5,0.0343,0.6667,0.5455,0.12119999999999997,4.7264,3.5799,0.0,0,4,-4,0.0,0,0
2023/2024_Lagon_Shedi_4Round,3,0.5,0.5,0.4286,0.07140000000000002,0.5343,0.5,0.0343,0.6667,0.5455,0.12119999999999997,4.7264,3.5799,0.0,0,5,-5,0.0,0,1
2023/2024_Lagon_Shedi_4Round,4,0.75,0.5,0.4286,0.07140000000000002,0.5343,0.5,0.0343,0.6667,0.5455,0.12119999999999997,4.7264,3.5799,0.0,1,5,-4,1.0,0,1
2023/2024_Lagon_Shedi_4Round,5,1.0,0.5,0.4286,0.07140000000000002,0.5343,0.5,0.0343,0.6667,0.5455,0.12119999999999997,4.7264,3.5799,0.0,2,5,-3,1.0,1,1
2023/2024_Lagon_Smart_7Round,1,0.0,0.4722,0.4286,0.04360000000000003,0.5246,0.4578,0.06679999999999997,0.6,0.3333,0.2667,3.9305,3.2915,0.0,0,0,0,0.5,0,1
2023/2024_Lagon_Smart_7Round,1,0.0,0.4722,0.4286,0.04360000000000003,0.5246,0.4578,0.06679999999999997,0.6,0.3333,0.2667,3.9305,3.2915,0.0,1,0,1,1.0,0,1
2023/2024_Lagon_Smart_7Round,2,0.25,0.4722,0.4286,0.04360000000000003,0.5246,0.4578,0.06679999999999997,0.6,0.3333,0.2667,3.9305,3.2915,0.0,2,0,2,1.0,0,1
2023/2024_Lagon_Smart_7Round,2,0.25,0.4722,0.4286,0.04360000000000003,0.5246,0.4578,0.06679999999999997,0.6,0.3333,0.2667,3.9305,3.2915,0.0,3,0,3,1.0,0,1
2023/2024_Lagon_Smart_7Round,3,0.5,0.4722,0.4286,0.04360000000000003,0.5246,0.4578,0.06679999999999997,0.6,0.3333,0.2667,3.9305,3.2915,0.0,4,0,4,1.0,0,1
2023/2024_Lagon_Smart_7Round,3,0.5,0.4722,0.4286,0.04360000000000003,0.5246,0.4578,0.06679999999999997,0.6,0.3333,0.2667,3.9305,3.2915,0.0,5,0,5,1.0,0,0
2023/2024_Lagon_Smart_7Round,4,0.75,0.4722,0.4286,0.04360000000000003,0.5246,0.4578,0.06679999999999997,0.6,0.3333,0.2667,3.9305,3.2915,0.0,5,1,4,0.0,0,1
2023/2024_Lube_Milan_4Round,1,0.0,0.4697,0.4545,0.015199999999999991,0.5167,0.4816,0.035100000000000076,0.5333,0.4667,0.06659999999999999,3.9583,2.8341,0.786,0,0,0,0.5,0,1
2023/2024_Lube_Milan_4Round,1,0.0,0.4697,0.4545,0.015199999999999991,0.5167,0.4816,0.035100000000000076,0.5333,0.4667,0.06659999999999999,3.9583,2.8341,0.786,1,0,1,1.0,0,1
2023/2024_Lube_Milan_4Round,2,0.25,0.4697,0.4545,0.015199999999999991,0.5167,0.4816,0.035100000000000076,0.5333,0.4667,0.06659999999999999,3.9583,2.8341,0.786,2,0,2,1.0,0,1
2023/2024_Lube_Milan_4Round,2,0.25,0.4697,0.4545,0.015199999999999991,0.5167,0.4816,0.035100000000000076,0.5333,0.4667,0.06659999999999999,3.9583,2.8341,0.786,3,0,3,1.0,0,1
2023/2024_Lube_Milan_4Round,3,0.5,0.4697,0.4545,0.015199999999999991,0.5167,0.4816,0.035100000000000076,0.5333,0.4667,0.06659999999999999,3.9583,2.8341,0.786,4,0,4,1.0,0,1
2023/2024_Lube_Milan_4Round,3,0.5,0.4697,0.4545,0.015199999999999991,0.5167,0.4816,0.035100000000000076,0.5333,0.4667,0.06659999999999999,3.9583,2.8341,0.786,5,0,5,1.0,0,0
2023/2024_Lube_Milan_4Round,4,0.75,0.4697,0.4545,0.015199999999999991,0.5167,0.4816,0.035100000000000076,0.5333,0.4667,0.06659999999999999,3.9583,2.8341,0.786,5,1,4,0.0,0,0
2023/2024_Lube_Milan_4Round,5,1.0,0.4697,0.4545,0.015199999999999991,0.5167,0.4816,0.035100000000000076,0.5333,0.4667,0.06659999999999999,3.9583,2.8341,0.786,5,2,3,0.0,1,1
2023/2024_Lube_Mint _1Round,1,0.0,0.4762,0.5397,-0.06349999999999995,0.5186,0.5338,-0.015200000000000102,0.5333,0.6,-0.06669999999999998,4.1447,4.0153,1.157,0,0,0,0.5,0,0
2023/2024_Lube_Mint _1Round,1,0.0,0.4762,0.5397,-0.06349999999999995,0.5186,0.5338,-0.015200000000000102,0.5333,0.6,-0.06669999999999998,4.1447,4.0153,1.157,0,1,-1,0.0,0,1
2023/2024_Lube_Mint _1Round,2,0.25,0.4762,0.5397,-0.06349999999999995,0.5186,0.5338,-0.015200000000000102,0.5333,0.6,-0.06669999999999998,4.1447,4.0153,1.157,1,1,0,1.0,0,0
2023/2024_Lube_Mint _1Round,2,0.25,0.4762,0.5397,-0.06349999999999995,0.5186,0.5338,-0.015200000000000102,0.5333,0.6,-0.06669999999999998,4.1447,4.0153,1.157,1,2,-1,0.0,0,0
2023/2024_Lube_Mint _1Round,3,0.5,0.4762,0.5397,-0.06349999999999995,0.5186,0.5338,-0.015200000000000102,0.5333,0.6,-0.06669999999999998,4.1447,4.0153,1.157,1,3,-2,0.0,0,0
2023/2024_Lube_Mint _1Round,3,0.5,0.4762,0.5397,-0.06349999999999995,0.5186,0.5338,-0.015200000000000102,0.5333,0.6,-0.06669999999999998,4.1447,4.0153,1.157,1,4,-3,0.0,0,0
2023/2024_Lube_Mint _1Round,4,0.75,0.4762,0.5397,-0.06349999999999995,0.5186,0.5338,-0.015200000000000102,0.5333,0.6,-0.06669999999999998,4.1447,4.0153,1.157,1,5,-4,0.0,0,0
2023/2024_Lube_Moden_6Round,1,0.0,0.4776,0.4776,0.0,0.5205,0.5059,0.014599999999999946,0.5333,0.4667,0.06659999999999999,4.4597,4.1979,0.226,0,0,0,0.5,0,1
2023/2024_Lube_Moden_6Round,1,0.0,0.4776,0.4776,0.0,0.5205,0.5059,0.014599999999999946,0.5333,0.4667,0.06659999999999999,4.4597,4.1979,0.226,1,0,1,1.0,0,0
2023/2024_Lube_Moden_6Round,2,0.25,0.4776,0.4776,0.0,0.5205,0.5059,0.014599999999999946,0.5333,0.4667,0.06659999999999999,4.4597,4.1979,0.226,1,1,0,0.0,0,1
2023/2024_Lube_Moden_6Round,2,0.25,0.4776,0.4776,0.0,0.5205,0.5059,0.014599999999999946,0.5333,0.4667,0.06659999999999999,4.4597,4.1979,0.226,2,1,1,1.0,0,0
2023/2024_Lube_Moden_6Round,3,0.5,0.4776,0.4776,0.0,0.5205,0.5059,0.014599999999999946,0.5333,0.4667,0.06659999999999999,4.4597,4.1979,0.226,2,2,0,0.0,0,1
2023/2024_Lube_Moden_6Round,3,0.5,0.4776,0.4776,0.0,0.5205,0.5059,0.014599999999999946,0.5333,0.4667,0.06659999999999999,4.4597,4.1979,0.226,3,2,1,1.0,0,0
2023/2024_Lube_Padov_2Round,1,0.0,0.4688,0.4219,0.0469,0.5129,0.5053,0.007600000000000051,0.5333,0.5333,0.0,3.3197,4.1645,1.8,0,0,0,0.5,0,1
2023/2024_Lube_Padov_2Round,1,0.0,0.4688,0.4219,0.0469,0.5129,0.5053,0.007600000000000051,0.5333,0.5333,0.0,3.3197,4.1645,1.8,1,0,1,1.0,0,0
2023/2024_Lube_Padov_2Round,2,0.25,0.4688,0.4219,0.0469,0.5129,0.5053,0.007600000000000051,0.5333,0.5333,0.0,3.3197,4.1645,1.8,1,1,0,0.0,0,1
2023/2024_Lube_Padov_2Round,2,0.25,0.4688,0.4219,0.0469,0.5129,0.5053,0.007600000000000051,0.5333,0.5333,0.0,3.3197,4.1645,1.8,2,1,1,1.0,0,0
2023/2024_Lube_Padov_2Round,3,0.5,0.4688,0.4219,0.0469,0.5129,0.5053,0.007600000000000051,0.5333,0.5333,0.0,3.3197,4.1645,1.8,2,2,0,0.0,0,1
2023/2024_Lube_Padov_2Round,3,0.5,0.4688,0.4219,0.0469,0.5129,0.5053,0.007600000000000051,0.5333,0.5333,0.0,3.3197,4.1645,1.8,3,2,1,1.0,0,0
2023/2024_Lube_Piace_10Round,1,0.0,0.4714,0.5098,-0.038400000000000045,0.5197,0.4975,0.022200000000000053,0.4667,0.5333,-0.06659999999999999,4.0642,4.6484,0.5,0,0,0,0.5,0,0
2023/2024_Lube_Piace_10Round,1,0.0,0.4714,0.5098,-0.038400000000000045,0.5197,0.4975,0.022200000000000053,0.4667,0.5333,-0.06659999999999999,4.0642,4.6484,0.5,0,1,-1,0.0,0,0
2023/2024_Lube_Piace_10Round,2,0.25,0.4714,0.5098,-0.038400000000000045,0.5197,0.4975,0.022200000000000053,0.4667,0.5333,-0.06659999999999999,4.0642,4.6484,0.5,0,2,-2,0.0,0,0
2023/2024_Lube_Piace_10Round,2,0.25,0.4714,0.5098,-0.038400000000000045,0.5197,0.4975,0.022200000000000053,0.4667,0.5333,-0.06659999999999999,4.0642,4.6484,0.5,0,3,-3,0.0,0,0
2023/2024_Lube_Piace_10Round,3,0.5,0.4714,0.5098,-0.038400000000000045,0.5197,0.4975,0.022200000000000053,0.4667,0.5333,-0.06659999999999999,4.0642,4.6484,0.5,0,4,-4,0.0,0,0
2023/2024_Lube_Piace_10Round,3,0.5,0.4714,0.5098,-0.038400000000000045,0.5197,0.4975,0.022200000000000053,0.4667,0.5333,-0.06659999999999999,4.0642,4.6484,0.5,0,5,-5,0.0,0,1
2023/2024_Lube_Piace_10Round,4,0.75,0.4714,0.5098,-0.038400000000000045,0.5197,0.4975,0.022200000000000053,0.4667,0.5333,-0.06659999999999999,4.0642,4.6484,0.5,1,5,-4,1.0,0,1
2023/2024_Lube_Piace_10Round,5,1.0,0.4714,0.5098,-0.038400000000000045,0.5197,0.4975,0.022200000000000053,0.4667,0.5333,-0.06659999999999999,4.0642,4.6484,0.5,2,5,-3,1.0,1,0
2023/2024_Lube_Sir S_3Round,1,0.0,0.4615,0.5938,-0.13229999999999997,0.5128,0.4989,0.013900000000000023,0.4667,0.5333,-0.06659999999999999,3.2465,3.4416,-0.727,0,0,0,0.5,0,0
2023/2024_Lube_Sir S_3Round,1,0.0,0.4615,0.5938,-0.13229999999999997,0.5128,0.4989,0.013900000000000023,0.4667,0.5333,-0.06659999999999999,3.2465,3.4416,-0.727,0,1,-1,0.0,0,1
2023/2024_Lube_Sir S_3Round,2,0.25,0.4615,0.5938,-0.13229999999999997,0.5128,0.4989,0.013900000000000023,0.4667,0.5333,-0.06659999999999999,3.2465,3.4416,-0.727,1,1,0,1.0,0,1
2023/2024_Lube_Sir S_3Round,2,0.25,0.4615,0.5938,-0.13229999999999997,0.5128,0.4989,0.013900000000000023,0.4667,0.5333,-0.06659999999999999,3.2465,3.4416,-0.727,2,1,1,1.0,0,1
2023/2024_Lube_Sir S_3Round,3,0.5,0.4615,0.5938,-0.13229999999999997,0.5128,0.4989,0.013900000000000023,0.4667,0.5333,-0.06659999999999999,3.2465,3.4416,-0.727,3,1,2,1.0,0,1
2023/2024_Lube_Sir S_3Round,3,0.5,0.4615,0.5938,-0.13229999999999997,0.5128,0.4989,0.013900000000000023,0.4667,0.5333,-0.06659999999999999,3.2465,3.4416,-0.727,4,1,3,1.0,0,1
2023/2024_Lube_Sir S_3Round,4,0.75,0.4615,0.5938,-0.13229999999999997,0.5128,0.4989,0.013900000000000023,0.4667,0.5333,-0.06659999999999999,3.2465,3.4416,-0.727,5,1,4,1.0,0,0
2023/2024_Lube_Sir S_3Round,5,1.0,0.4615,0.5938,-0.13229999999999997,0.5128,0.4989,0.013900000000000023,0.4667,0.5333,-0.06659999999999999,3.2465,3.4416,-0.727,5,2,3,0.0,1,1
2023/2024_Lube_Trent_8Round,1,0.0,0.4706,0.5441,-0.07350000000000001,0.5203,0.4933,0.02699999999999997,0.4667,0.4667,0.0,4.0455,3.5785,0.093,0,0,0,0.5,0,0
2023/2024_Lube_Trent_8Round,1,0.0,0.4706,0.5441,-0.07350000000000001,0.5203,0.4933,0.02699999999999997,0.4667,0.4667,0.0,4.0455,3.5785,0.093,0,1,-1,0.0,0,1
2023/2024_Lube_Trent_8Round,2,0.25,0.4706,0.5441,-0.07350000000000001,0.5203,0.4933,0.02699999999999997,0.4667,0.4667,0.0,4.0455,3.5785,0.093,1,1,0,1.0,0,0
2023/2024_Lube_Trent_8Round,2,0.25,0.4706,0.5441,-0.07350000000000001,0.5203,0.4933,0.02699999999999997,0.4667,0.4667,0.0,4.0455,3.5785,0.093,1,2,-1,0.0,0,0
2023/2024_Lube_Trent_8Round,3,0.5,0.4706,0.5441,-0.07350000000000001,0.5203,0.4933,0.02699999999999997,0.4667,0.4667,0.0,4.0455,3.5785,0.093,1,3,-2,0.0,0,0
2023/2024_Lube_Trent_8Round,3,0.5,0.4706,0.5441,-0.07350000000000001,0.5203,0.4933,0.02699999999999997,0.4667,0.4667,0.0,4.0455,3.5785,0.093,1,4,-3,0.0,0,1
2023/2024_Lube_Trent_8Round,4,0.75,0.4706,0.5441,-0.07350000000000001,0.5203,0.4933,0.02699999999999997,0.4667,0.4667,0.0,4.0455,3.5785,0.093,2,4,-2,1.0,0,1
2023/2024_Lube_Veron_11Round,1,0.0,0.4648,0.507,-0.042200000000000015,0.5155,0.4618,0.05369999999999997,0.4667,0.4667,0.0,3.5092,3.0032,2.657,0,0,0,0.5,0,1
2023/2024_Lube_Veron_11Round,1,0.0,0.4648,0.507,-0.042200000000000015,0.5155,0.4618,0.05369999999999997,0.4667,0.4667,0.0,3.5092,3.0032,2.657,1,0,1,1.0,0,0
2023/2024_Lube_Veron_11Round,2,0.25,0.4648,0.507,-0.042200000000000015,0.5155,0.4618,0.05369999999999997,0.4667,0.4667,0.0,3.5092,3.0032,2.657,1,1,0,0.0,0,0
2023/2024_Lube_Veron_11Round,2,0.25,0.4648,0.507,-0.042200000000000015,0.5155,0.4618,0.05369999999999997,0.4667,0.4667,0.0,3.5092,3.0032,2.657,1,2,-1,0.0,0,1
2023/2024_Lube_Veron_11Round,3,0.5,0.4648,0.507,-0.042200000000000015,0.5155,0.4618,0.05369999999999997,0.4667,0.4667,0.0,3.5092,3.0032,2.657,2,2,0,1.0,0,0
2023/2024_Lube_Veron_11Round,3,0.5,0.4648,0.507,-0.042200000000000015,0.5155,0.4618,0.05369999999999997,0.4667,0.4667,0.0,3.5092,3.0032,2.657,2,3,-1,0.0,0,0
2023/2024_Lube_Veron_11Round,4,0.75,0.4648,0.507,-0.042200000000000015,0.5155,0.4618,0.05369999999999997,0.4667,0.4667,0.0,3.5092,3.0032,2.657,2,4,-2,0.0,0,0
2023/2024_Lube_Veron_11Round,5,1.0,0.4648,0.507,-0.042200000000000015,0.5155,0.4618,0.05369999999999997,0.4667,0.4667,0.0,3.5092,3.0032,2.657,2,5,-3,0.0,1,0
2023/2024_Milan_Mint _8Round,1,0.0,0.4638,0.5072,-0.043399999999999994,0.4834,0.5279,-0.04450000000000004,0.5333,0.6,-0.06669999999999998,3.8122,3.7386,-0.229,0,0,0,0.5,0,0
2023/2024_Milan_Mint _8Round,1,0.0,0.4638,0.5072,-0.043399999999999994,0.4834,0.5279,-0.04450000000000004,0.5333,0.6,-0.06669999999999998,3.8122,3.7386,-0.229,0,1,-1,0.0,0,0
2023/2024_Milan_Mint _8Round,2,0.25,0.4638,0.5072,-0.043399999999999994,0.4834,0.5279,-0.04450000000000004,0.5333,0.6,-0.06669999999999998,3.8122,3.7386,-0.229,0,2,-2,0.0,0,0
2023/2024_Milan_Mint _8Round,2,0.25,0.4638,0.5072,-0.043399999999999994,0.4834,0.5279,-0.04450000000000004,0.5333,0.6,-0.06669999999999998,3.8122,3.7386,-0.229,0,3,-3,0.0,0,0
2023/2024_Milan_Mint _8Round,3,0.5,0.4638,0.5072,-0.043399999999999994,0.4834,0.5279,-0.04450000000000004,0.5333,0.6,-0.06669999999999998,3.8122,3.7386,-0.229,0,4,-4,0.0,0,0
2023/2024_Milan_Mint _8Round,3,0.5,0.4638,0.5072,-0.043399999999999994,0.4834,0.5279,-0.04450000000000004,0.5333,0.6,-0.06669999999999998,3.8122,3.7386,-0.229,0,5,-5,0.0,0,1
2023/2024_Milan_Mint _8Round,4,0.75,0.4638,0.5072,-0.043399999999999994,0.4834,0.5279,-0.04450000000000004,0.5333,0.6,-0.06669999999999998,3.8122,3.7386,-0.229,1,5,-4,1.0,0,0
2023/2024_Milan_Moden_1Round,1,0.0,0.4603,0.4839,-0.02360000000000001,0.4851,0.5074,-0.022299999999999986,0.4,0.4667,-0.06669999999999998,3.507,3.8512,0.01,0,0,0,0.5,0,1
2023/2024_Milan_Moden_1Round,1,0.0,0.4603,0.4839,-0.02360000000000001,0.4851,0.5074,-0.022299999999999986,0.4,0.4667,-0.06669999999999998,3.507,3.8512,0.01,1,0,1,1.0,0,1
2023/2024_Milan_Moden_1Round,2,0.25,0.4603,0.4839,-0.02360000000000001,0.4851,0.5074,-0.022299999999999986,0.4,0.4667,-0.06669999999999998,3.507,3.8512,0.01,2,0,2,1.0,0,1
2023/2024_Milan_Moden_1Round,2,0.25,0.4603,0.4839,-0.02360000000000001,0.4851,0.5074,-0.022299999999999986,0.4,0.4667,-0.06669999999999998,3.507,3.8512,0.01,3,0,3,1.0,0,0
2023/2024_Milan_Moden_1Round,3,0.5,0.4603,0.4839,-0.02360000000000001,0.4851,0.5074,-0.022299999999999986,0.4,0.4667,-0.06669999999999998,3.507,3.8512,0.01,3,1,2,0.0,0,1
2023/2024_Milan_Moden_1Round,3,0.5,0.4603,0.4839,-0.02360000000000001,0.4851,0.5074,-0.022299999999999986,0.4,0.4667,-0.06669999999999998,3.507,3.8512,0.01,4,1,3,1.0,0,0
2023/2024_Milan_Moden_1Round,4,0.75,0.4603,0.4839,-0.02360000000000001,0.4851,0.5074,-0.022299999999999986,0.4,0.4667,-0.06669999999999998,3.507,3.8512,0.01,4,2,2,0.0,0,1
2023/2024_Milan_Moden_1Round,5,1.0,0.4603,0.4839,-0.02360000000000001,0.4851,0.5074,-0.022299999999999986,0.4,0.4667,-0.06669999999999998,3.507,3.8512,0.01,5,2,3,1.0,1,1
2023/2024_Milan_Padov_7Round,1,0.0,0.4559,0.4265,0.029400000000000037,0.4792,0.503,-0.023799999999999988,0.5333,0.5333,0.0,3.0312,3.9256,1.49,0,0,0,0.5,0,1
2023/2024_Milan_Padov_7Round,1,0.0,0.4559,0.4265,0.029400000000000037,0.4792,0.503,-0.023799999999999988,0.5333,0.5333,0.0,3.0312,3.9256,1.49,1,0,1,1.0,0,1
2023/2024_Milan_Padov_7Round,2,0.25,0.4559,0.4265,0.029400000000000037,0.4792,0.503,-0.023799999999999988,0.5333,0.5333,0.0,3.0312,3.9256,1.49,2,0,2,1.0,0,1
2023/2024_Milan_Padov_7Round,2,0.25,0.4559,0.4265,0.029400000000000037,0.4792,0.503,-0.023799999999999988,0.5333,0.5333,0.0,3.0312,3.9256,1.49,3,0,3,1.0,0,0
2023/2024_Milan_Padov_7Round,3,0.5,0.4559,0.4265,0.029400000000000037,0.4792,0.503,-0.023799999999999988,0.5333,0.5333,0.0,3.0312,3.9256,1.49,3,1,2,0.0,0,1
2023/2024_Milan_Padov_7Round,3,0.5,0.4559,0.4265,0.029400000000000037,0.4792,0.503,-0.023799999999999988,0.5333,0.5333,0.0,3.0312,3.9256,1.49,4,1,3,1.0,0,1
2023/2024_Milan_Padov_7Round,4,0.75,0.4559,0.4265,0.029400000000000037,0.4792,0.503,-0.023799999999999988,0.5333,0.5333,0.0,3.0312,3.9256,1.49,5,1,4,1.0,0,0
2023/2024_Milan_Padov_7Round,5,1.0,0.4559,0.4265,0.029400000000000037,0.4792,0.503,-0.023799999999999988,0.5333,0.5333,0.0,3.0312,3.9256,1.49,5,2,3,0.0,1,1
2023/2024_Milan_Piace_2Round,1,0.0,0.4688,0.4889,-0.020100000000000007,0.4895,0.4883,0.0011999999999999789,0.4667,0.5333,-0.06659999999999999,4.1376,3.7574,-1.937,0,0,0,0.5,0,0
2023/2024_Milan_Piace_2Round,1,0.0,0.4688,0.4889,-0.020100000000000007,0.4895,0.4883,0.0011999999999999789,0.4667,0.5333,-0.06659999999999999,4.1376,3.7574,-1.937,0,1,-1,0.0,0,1
2023/2024_Milan_Piace_2Round,2,0.25,0.4688,0.4889,-0.020100000000000007,0.4895,0.4883,0.0011999999999999789,0.4667,0.5333,-0.06659999999999999,4.1376,3.7574,-1.937,1,1,0,1.0,0,0
2023/2024_Milan_Piace_2Round,2,0.25,0.4688,0.4889,-0.020100000000000007,0.4895,0.4883,0.0011999999999999789,0.4667,0.5333,-0.06659999999999999,4.1376,3.7574,-1.937,1,2,-1,0.0,0,0
2023/2024_Milan_Piace_2Round,3,0.5,0.4688,0.4889,-0.020100000000000007,0.4895,0.4883,0.0011999999999999789,0.4667,0.5333,-0.06659999999999999,4.1376,3.7574,-1.937,1,3,-2,0.0,0,0
2023/2024_Milan_Piace_2Round,3,0.5,0.4688,0.4889,-0.020100000000000007,0.4895,0.4883,0.0011999999999999789,0.4667,0.5333,-0.06659999999999999,4.1376,3.7574,-1.937,1,4,-3,0.0,0,0
2023/2024_Milan_Piace_2Round,4,0.75,0.4688,0.4889,-0.020100000000000007,0.4895,0.4883,0.0011999999999999789,0.4667,0.5333,-0.06659999999999999,4.1376,3.7574,-1.937,1,5,-4,0.0,0,1
2023/2024_Milan_Piace_2Round,5,1.0,0.4688,0.4889,-0.020100000000000007,0.4895,0.4883,0.0011999999999999789,0.4667,0.5333,-0.06659999999999999,4.1376,3.7574,-1.937,2,5,-3,1.0,1,1
2023/2024_Milan_Sir S_11Round,1,0.0,0.4648,0.5915,-0.12670000000000003,0.483,0.4932,-0.010200000000000042,0.5333,0.5333,0.0,3.8469,3.9248,-2.147,0,0,0,0.5,0,1
2023/2024_Milan_Sir S_11Round,1,0.0,0.4648,0.5915,-0.12670000000000003,0.483,0.4932,-0.010200000000000042,0.5333,0.5333,0.0,3.8469,3.9248,-2.147,1,0,1,1.0,0,1
2023/2024_Milan_Sir S_11Round,2,0.25,0.4648,0.5915,-0.12670000000000003,0.483,0.4932,-0.010200000000000042,0.5333,0.5333,0.0,3.8469,3.9248,-2.147,2,0,2,1.0,0,1
2023/2024_Milan_Sir S_11Round,2,0.25,0.4648,0.5915,-0.12670000000000003,0.483,0.4932,-0.010200000000000042,0.5333,0.5333,0.0,3.8469,3.9248,-2.147,3,0,3,1.0,0,0
2023/2024_Milan_Sir S_11Round,3,0.5,0.4648,0.5915,-0.12670000000000003,0.483,0.4932,-0.010200000000000042,0.5333,0.5333,0.0,3.8469,3.9248,-2.147,3,1,2,0.0,0,0
2023/2024_Milan_Sir S_11Round,3,0.5,0.4648,0.5915,-0.12670000000000003,0.483,0.4932,-0.010200000000000042,0.5333,0.5333,0.0,3.8469,3.9248,-2.147,3,2,1,0.0,0,0
2023/2024_Milan_Sir S_11Round,4,0.75,0.4648,0.5915,-0.12670000000000003,0.483,0.4932,-0.010200000000000042,0.5333,0.5333,0.0,3.8469,3.9248,-2.147,3,3,0,0.0,0,1
2023/2024_Milan_Sir S_11Round,4,0.75,0.4648,0.5915,-0.12670000000000003,0.483,0.4932,-0.010200000000000042,0.5333,0.5333,0.0,3.8469,3.9248,-2.147,4,3,1,1.0,0,0
2023/2024_Milan_Sir S_11Round,5,1.0,0.4648,0.5915,-0.12670000000000003,0.483,0.4932,-0.010200000000000042,0.5333,0.5333,0.0,3.8469,3.9248,-2.147,4,4,0,0.0,1,1
2023/2024_Milan_Sir S_11Round,5,1.0,0.4648,0.5915,-0.12670000000000003,0.483,0.4932,-0.010200000000000042,0.5333,0.5333,0.0,3.8469,3.9248,-2.147,5,4,1,1.0,1,0
2023/2024_Milan_Trent_5Round,1,0.0,0.4478,0.5455,-0.09770000000000001,0.4779,0.4931,-0.015199999999999991,0.4667,0.4667,0.0,2.6497,3.5817,-0.942,0,0,0,0.5,0,0
2023/2024_Milan_Trent_5Round,1,0.0,0.4478,0.5455,-0.09770000000000001,0.4779,0.4931,-0.015199999999999991,0.4667,0.4667,0.0,2.6497,3.5817,-0.942,0,1,-1,0.0,0,1
2023/2024_Milan_Trent_5Round,2,0.25,0.4478,0.5455,-0.09770000000000001,0.4779,0.4931,-0.015199999999999991,0.4667,0.4667,0.0,2.6497,3.5817,-0.942,1,1,0,1.0,0,1
2023/2024_Milan_Trent_5Round,2,0.25,0.4478,0.5455,-0.09770000000000001,0.4779,0.4931,-0.015199999999999991,0.4667,0.4667,0.0,2.6497,3.5817,-0.942,2,1,1,1.0,0,1
2023/2024_Milan_Trent_5Round,3,0.5,0.4478,0.5455,-0.09770000000000001,0.4779,0.4931,-0.015199999999999991,0.4667,0.4667,0.0,2.6497,3.5817,-0.942,3,1,2,1.0,0,1
2023/2024_Milan_Trent_5Round,3,0.5,0.4478,0.5455,-0.09770000000000001,0.4779,0.4931,-0.015199999999999991,0.4667,0.4667,0.0,2.6497,3.5817,-0.942,4,1,3,1.0,0,0
2023/2024_Milan_Trent_5Round,4,0.75,0.4478,0.5455,-0.09770000000000001,0.4779,0.4931,-0.015199999999999991,0.4667,0.4667,0.0,2.6497,3.5817,-0.942,4,2,2,0.0,0,0
2023/2024_Milan_Veron_9Round,1,0.0,0.4571,0.5072,-0.05009999999999998,0.4789,0.4647,0.01419999999999999,0.5333,0.5333,0.0,3.0762,3.3026,-1.075,0,0,0,0.5,0,1
2023/2024_Milan_Veron_9Round,1,0.0,0.4571,0.5072,-0.05009999999999998,0.4789,0.4647,0.01419999999999999,0.5333,0.5333,0.0,3.0762,3.3026,-1.075,1,0,1,1.0,0,0
2023/2024_Milan_Veron_9Round,2,0.25,0.4571,0.5072,-0.05009999999999998,0.4789,0.4647,0.01419999999999999,0.5333,0.5333,0.0,3.0762,3.3026,-1.075,1,1,0,0.0,0,1
2023/2024_Milan_Veron_9Round,2,0.25,0.4571,0.5072,-0.05009999999999998,0.4789,0.4647,0.01419999999999999,0.5333,0.5333,0.0,3.0762,3.3026,-1.075,2,1,1,1.0,0,1
2023/2024_Milan_Veron_9Round,3,0.5,0.4571,0.5072,-0.05009999999999998,0.4789,0.4647,0.01419999999999999,0.5333,0.5333,0.0,3.0762,3.3026,-1.075,3,1,2,1.0,0,1
2023/2024_Milan_Veron_9Round,3,0.5,0.4571,0.5072,-0.05009999999999998,0.4789,0.4647,0.01419999999999999,0.5333,0.5333,0.0,3.0762,3.3026,-1.075,4,1,3,1.0,0,0
2023/2024_Milan_Veron_9Round,4,0.75,0.4571,0.5072,-0.05009999999999998,0.4789,0.4647,0.01419999999999999,0.5333,0.5333,0.0,3.0762,3.3026,-1.075,4,2,2,0.0,0,1
2023/2024_Milan_Veron_9Round,5,1.0,0.4571,0.5072,-0.05009999999999998,0.4789,0.4647,0.01419999999999999,0.5333,0.5333,0.0,3.0762,3.3026,-1.075,5,2,3,1.0,1,1
2023/2024_Mint _Moden_3Round,1,0.0,0.5385,0.4688,0.06969999999999998,0.5381,0.499,0.039100000000000024,0.4,0.4667,-0.06669999999999998,4.0712,3.0276,0.647,0,0,0,0.5,0,0
2023/2024_Mint _Moden_3Round,1,0.0,0.5385,0.4688,0.06969999999999998,0.5381,0.499,0.039100000000000024,0.4,0.4667,-0.06669999999999998,4.0712,3.0276,0.647,0,1,-1,0.0,0,0
2023/2024_Mint _Moden_3Round,2,0.25,0.5385,0.4688,0.06969999999999998,0.5381,0.499,0.039100000000000024,0.4,0.4667,-0.06669999999999998,4.0712,3.0276,0.647,0,2,-2,0.0,0,0
2023/2024_Mint _Moden_3Round,2,0.25,0.5385,0.4688,0.06969999999999998,0.5381,0.499,0.039100000000000024,0.4,0.4667,-0.06669999999999998,4.0712,3.0276,0.647,0,3,-3,0.0,0,0
2023/2024_Mint _Moden_3Round,3,0.5,0.5385,0.4688,0.06969999999999998,0.5381,0.499,0.039100000000000024,0.4,0.4667,-0.06669999999999998,4.0712,3.0276,0.647,0,4,-4,0.0,0,0
2023/2024_Mint _Moden_3Round,3,0.5,0.5385,0.4688,0.06969999999999998,0.5381,0.499,0.039100000000000024,0.4,0.4667,-0.06669999999999998,4.0712,3.0276,0.647,0,5,-5,0.0,0,1
2023/2024_Mint _Moden_3Round,4,0.75,0.5385,0.4688,0.06969999999999998,0.5381,0.499,0.039100000000000024,0.4,0.4667,-0.06669999999999998,4.0712,3.0276,0.647,1,5,-4,1.0,0,1
2023/2024_Mint _Moden_3Round,5,1.0,0.5385,0.4688,0.06969999999999998,0.5381,0.499,0.039100000000000024,0.4,0.4667,-0.06669999999999998,4.0712,3.0276,0.647,2,5,-3,1.0,1,0
2023/2024_Mint _Padov_10Round,1,0.0,0.5143,0.4143,0.09999999999999998,0.5322,0.499,0.03320000000000001,0.3333,0.4667,-0.13340000000000002,4.3102,3.3109,1.594,0,0,0,0.5,0,1
2023/2024_Mint _Padov_10Round,1,0.0,0.5143,0.4143,0.09999999999999998,0.5322,0.499,0.03320000000000001,0.3333,0.4667,-0.13340000000000002,4.3102,3.3109,1.594,1,0,1,1.0,0,0
2023/2024_Mint _Padov_10Round,2,0.25,0.5143,0.4143,0.09999999999999998,0.5322,0.499,0.03320000000000001,0.3333,0.4667,-0.13340000000000002,4.3102,3.3109,1.594,1,1,0,0.0,0,1
2023/2024_Mint _Padov_10Round,2,0.25,0.5143,0.4143,0.09999999999999998,0.5322,0.499,0.03320000000000001,0.3333,0.4667,-0.13340000000000002,4.3102,3.3109,1.594,2,1,1,1.0,0,0
2023/2024_Mint _Padov_10Round,3,0.5,0.5143,0.4143,0.09999999999999998,0.5322,0.499,0.03320000000000001,0.3333,0.4667,-0.13340000000000002,4.3102,3.3109,1.594,2,2,0,0.0,0,1
2023/2024_Mint _Padov_10Round,3,0.5,0.5143,0.4143,0.09999999999999998,0.5322,0.499,0.03320000000000001,0.3333,0.4667,-0.13340000000000002,4.3102,3.3109,1.594,3,2,1,1.0,0,1
2023/2024_Mint _Padov_10Round,4,0.75,0.5143,0.4143,0.09999999999999998,0.5322,0.499,0.03320000000000001,0.3333,0.4667,-0.13340000000000002,4.3102,3.3109,1.594,4,2,2,1.0,0,0
2023/2024_Mint _Piace_7Round,1,0.0,0.5147,0.4898,0.024900000000000033,0.5284,0.4907,0.037699999999999956,0.3333,0.5333,-0.2,3.2918,4.0906,-1.95,0,0,0,0.5,0,0
2023/2024_Mint _Piace_7Round,1,0.0,0.5147,0.4898,0.024900000000000033,0.5284,0.4907,0.037699999999999956,0.3333,0.5333,-0.2,3.2918,4.0906,-1.95,0,1,-1,0.0,0,0
2023/2024_Mint _Piace_7Round,2,0.25,0.5147,0.4898,0.024900000000000033,0.5284,0.4907,0.037699999999999956,0.3333,0.5333,-0.2,3.2918,4.0906,-1.95,0,2,-2,0.0,0,1
2023/2024_Mint _Piace_7Round,2,0.25,0.5147,0.4898,0.024900000000000033,0.5284,0.4907,0.037699999999999956,0.3333,0.5333,-0.2,3.2918,4.0906,-1.95,1,2,-1,1.0,0,1
2023/2024_Mint _Piace_7Round,3,0.5,0.5147,0.4898,0.024900000000000033,0.5284,0.4907,0.037699999999999956,0.3333,0.5333,-0.2,3.2918,4.0906,-1.95,2,2,0,1.0,0,0
2023/2024_Mint _Piace_7Round,3,0.5,0.5147,0.4898,0.024900000000000033,0.5284,0.4907,0.037699999999999956,0.3333,0.5333,-0.2,3.2918,4.0906,-1.95,2,3,-1,0.0,0,0
2023/2024_Mint _Piace_7Round,4,0.75,0.5147,0.4898,0.024900000000000033,0.5284,0.4907,0.037699999999999956,0.3333,0.5333,-0.2,3.2918,4.0906,-1.95,2,4,-2,0.0,0,1
2023/2024_Mint _Piace_7Round,4,0.75,0.5147,0.4898,0.024900000000000033,0.5284,0.4907,0.037699999999999956,0.3333,0.5333,-0.2,3.2918,4.0906,-1.95,3,4,-1,1.0,0,1
2023/2024_Mint _Piace_7Round,5,1.0,0.5147,0.4898,0.024900000000000033,0.5284,0.4907,0.037699999999999956,0.3333,0.5333,-0.2,3.2918,4.0906,-1.95,4,4,0,1.0,1,1
2023/2024_Mint _Piace_7Round,5,1.0,0.5147,0.4898,0.024900000000000033,0.5284,0.4907,0.037699999999999956,0.3333,0.5333,-0.2,3.2918,4.0906,-1.95,5,4,1,1.0,1,0
2023/2024_Mint _Sir S_2Round,1,0.0,0.5469,0.5873,-0.04039999999999999,0.5385,0.4989,0.03959999999999997,0.4,0.4667,-0.06669999999999998,4.4945,3.5971,0.765,0,0,0,0.5,0,0
2023/2024_Mint _Sir S_2Round,1,0.0,0.5469,0.5873,-0.04039999999999999,0.5385,0.4989,0.03959999999999997,0.4,0.4667,-0.06669999999999998,4.4945,3.5971,0.765,0,1,-1,0.0,0,1
2023/2024_Mint _Sir S_2Round,2,0.25,0.5469,0.5873,-0.04039999999999999,0.5385,0.4989,0.03959999999999997,0.4,0.4667,-0.06669999999999998,4.4945,3.5971,0.765,1,1,0,1.0,0,0
2023/2024_Mint _Sir S_2Round,2,0.25,0.5469,0.5873,-0.04039999999999999,0.5385,0.4989,0.03959999999999997,0.4,0.4667,-0.06669999999999998,4.4945,3.5971,0.765,1,2,-1,0.0,0,1
2023/2024_Mint _Sir S_2Round,3,0.5,0.5469,0.5873,-0.04039999999999999,0.5385,0.4989,0.03959999999999997,0.4,0.4667,-0.06669999999999998,4.4945,3.5971,0.765,2,2,0,1.0,0,0
2023/2024_Mint _Sir S_2Round,3,0.5,0.5469,0.5873,-0.04039999999999999,0.5385,0.4989,0.03959999999999997,0.4,0.4667,-0.06669999999999998,4.4945,3.5971,0.765,2,3,-1,0.0,0,1
2023/2024_Mint _Trent_6Round,1,0.0,0.5224,0.5373,-0.014900000000000024,0.5298,0.4922,0.03760000000000002,0.4,0.4,0.0,3.3857,3.4297,-1.208,0,0,0,0.5,0,0
2023/2024_Mint _Trent_6Round,1,0.0,0.5224,0.5373,-0.014900000000000024,0.5298,0.4922,0.03760000000000002,0.4,0.4,0.0,3.3857,3.4297,-1.208,0,1,-1,0.0,0,0
2023/2024_Mint _Trent_6Round,2,0.25,0.5224,0.5373,-0.014900000000000024,0.5298,0.4922,0.03760000000000002,0.4,0.4,0.0,3.3857,3.4297,-1.208,0,2,-2,0.0,0,0
2023/2024_Mint _Trent_6Round,2,0.25,0.5224,0.5373,-0.014900000000000024,0.5298,0.4922,0.03760000000000002,0.4,0.4,0.0,3.3857,3.4297,-1.208,0,3,-3,0.0,0,1
2023/2024_Mint _Trent_6Round,3,0.5,0.5224,0.5373,-0.014900000000000024,0.5298,0.4922,0.03760000000000002,0.4,0.4,0.0,3.3857,3.4297,-1.208,1,3,-2,1.0,0,0
2023/2024_Mint _Trent_6Round,3,0.5,0.5224,0.5373,-0.014900000000000024,0.5298,0.4922,0.03760000000000002,0.4,0.4,0.0,3.3857,3.4297,-1.208,1,4,-3,0.0,0,1
2023/2024_Mint _Trent_6Round,4,0.75,0.5224,0.5373,-0.014900000000000024,0.5298,0.4922,0.03760000000000002,0.4,0.4,0.0,3.3857,3.4297,-1.208,2,4,-2,1.0,0,1
2023/2024_Mint _Veron_5Round,1,0.0,0.5303,0.5077,0.022599999999999953,0.5334,0.4655,0.06789999999999996,0.4,0.4667,-0.06669999999999998,3.519,3.8684,-0.732,0,0,0,0.5,0,1
2023/2024_Mint _Veron_5Round,1,0.0,0.5303,0.5077,0.022599999999999953,0.5334,0.4655,0.06789999999999996,0.4,0.4667,-0.06669999999999998,3.519,3.8684,-0.732,1,0,1,1.0,0,0
2023/2024_Mint _Veron_5Round,2,0.25,0.5303,0.5077,0.022599999999999953,0.5334,0.4655,0.06789999999999996,0.4,0.4667,-0.06669999999999998,3.519,3.8684,-0.732,1,1,0,0.0,0,1
2023/2024_Mint _Veron_5Round,2,0.25,0.5303,0.5077,0.022599999999999953,0.5334,0.4655,0.06789999999999996,0.4,0.4667,-0.06669999999999998,3.519,3.8684,-0.732,2,1,1,1.0,0,1
2023/2024_Mint _Veron_5Round,3,0.5,0.5303,0.5077,0.022599999999999953,0.5334,0.4655,0.06789999999999996,0.4,0.4667,-0.06669999999999998,3.519,3.8684,-0.732,3,1,2,1.0,0,0
2023/2024_Mint _Veron_5Round,3,0.5,0.5303,0.5077,0.022599999999999953,0.5334,0.4655,0.06789999999999996,0.4,0.4667,-0.06669999999999998,3.519,3.8684,-0.732,3,2,1,0.0,0,0
2023/2024_Mint _Veron_5Round,4,0.75,0.5303,0.5077,0.022599999999999953,0.5334,0.4655,0.06789999999999996,0.4,0.4667,-0.06669999999999998,3.519,3.8684,-0.732,3,3,0,0.0,0,0
2023/2024_Mint _Veron_5Round,4,0.75,0.5303,0.5077,0.022599999999999953,0.5334,0.4655,0.06789999999999996,0.4,0.4667,-0.06669999999999998,3.519,3.8684,-0.732,3,4,-1,0.0,0,0
2023/2024_Mint _Veron_5Round,5,1.0,0.5303,0.5077,0.022599999999999953,0.5334,0.4655,0.06789999999999996,0.4,0.4667,-0.06669999999999998,3.519,3.8684,-0.732,3,5,-2,0.0,1,0
2023/2024_Moden_Padov_5Round,1,0.0,0.4697,0.4242,0.045499999999999985,0.502,0.5021,-9.999999999998899e-05,0.4667,0.6,-0.13329999999999997,3.5853,3.611,2.49,0,0,0,0.5,0,0
2023/2024_Moden_Padov_5Round,1,0.0,0.4697,0.4242,0.045499999999999985,0.502,0.5021,-9.999999999998899e-05,0.4667,0.6,-0.13329999999999997,3.5853,3.611,2.49,0,1,-1,0.0,0,1
2023/2024_Moden_Padov_5Round,2,0.25,0.4697,0.4242,0.045499999999999985,0.502,0.5021,-9.999999999998899e-05,0.4667,0.6,-0.13329999999999997,3.5853,3.611,2.49,1,1,0,1.0,0,1
2023/2024_Moden_Padov_5Round,2,0.25,0.4697,0.4242,0.045499999999999985,0.502,0.5021,-9.999999999998899e-05,0.4667,0.6,-0.13329999999999997,3.5853,3.611,2.49,2,1,1,1.0,0,1
2023/2024_Moden_Padov_5Round,3,0.5,0.4697,0.4242,0.045499999999999985,0.502,0.5021,-9.999999999998899e-05,0.4667,0.6,-0.13329999999999997,3.5853,3.611,2.49,3,1,2,1.0,0,0
2023/2024_Moden_Padov_5Round,3,0.5,0.4697,0.4242,0.045499999999999985,0.502,0.5021,-9.999999999998899e-05,0.4667,0.6,-0.13329999999999997,3.5853,3.611,2.49,3,2,1,0.0,0,1
2023/2024_Moden_Padov_5Round,4,0.75,0.4697,0.4242,0.045499999999999985,0.502,0.5021,-9.999999999998899e-05,0.4667,0.6,-0.13329999999999997,3.5853,3.611,2.49,4,2,2,1.0,0,1
2023/2024_Moden_Padov_5Round,4,0.75,0.4697,0.4242,0.045499999999999985,0.502,0.5021,-9.999999999998899e-05,0.4667,0.6,-0.13329999999999997,3.5853,3.611,2.49,5,2,3,1.0,0,1
2023/2024_Moden_Piace_11Round,1,0.0,0.4857,0.5192,-0.033499999999999974,0.5094,0.5025,0.006900000000000017,0.5333,0.5333,0.0,4.2309,4.9133,2.406,0,0,0,0.5,0,0
2023/2024_Moden_Piace_11Round,1,0.0,0.4857,0.5192,-0.033499999999999974,0.5094,0.5025,0.006900000000000017,0.5333,0.5333,0.0,4.2309,4.9133,2.406,0,1,-1,0.0,0,1
2023/2024_Moden_Piace_11Round,2,0.25,0.4857,0.5192,-0.033499999999999974,0.5094,0.5025,0.006900000000000017,0.5333,0.5333,0.0,4.2309,4.9133,2.406,1,1,0,1.0,0,0
2023/2024_Moden_Piace_11Round,2,0.25,0.4857,0.5192,-0.033499999999999974,0.5094,0.5025,0.006900000000000017,0.5333,0.5333,0.0,4.2309,4.9133,2.406,1,2,-1,0.0,0,0
2023/2024_Moden_Piace_11Round,3,0.5,0.4857,0.5192,-0.033499999999999974,0.5094,0.5025,0.006900000000000017,0.5333,0.5333,0.0,4.2309,4.9133,2.406,1,3,-2,0.0,0,0
2023/2024_Moden_Piace_11Round,3,0.5,0.4857,0.5192,-0.033499999999999974,0.5094,0.5025,0.006900000000000017,0.5333,0.5333,0.0,4.2309,4.9133,2.406,1,4,-3,0.0,0,1
2023/2024_Moden_Piace_11Round,4,0.75,0.4857,0.5192,-0.033499999999999974,0.5094,0.5025,0.006900000000000017,0.5333,0.5333,0.0,4.2309,4.9133,2.406,2,4,-2,1.0,0,1
2023/2024_Moden_Sir S_4Round,1,0.0,0.4769,0.5846,-0.10770000000000002,0.503,0.4946,0.008400000000000019,0.5333,0.5333,0.0,3.8029,3.0781,-2.21,0,0,0,0.5,0,0
2023/2024_Moden_Sir S_4Round,1,0.0,0.4769,0.5846,-0.10770000000000002,0.503,0.4946,0.008400000000000019,0.5333,0.5333,0.0,3.8029,3.0781,-2.21,0,1,-1,0.0,0,0
2023/2024_Moden_Sir S_4Round,2,0.25,0.4769,0.5846,-0.10770000000000002,0.503,0.4946,0.008400000000000019,0.5333,0.5333,0.0,3.8029,3.0781,-2.21,0,2,-2,0.0,0,0
2023/2024_Moden_Sir S_4Round,2,0.25,0.4769,0.5846,-0.10770000000000002,0.503,0.4946,0.008400000000000019,0.5333,0.5333,0.0,3.8029,3.0781,-2.21,0,3,-3,0.0,0,1
2023/2024_Moden_Sir S_4Round,3,0.5,0.4769,0.5846,-0.10770000000000002,0.503,0.4946,0.008400000000000019,0.5333,0.5333,0.0,3.8029,3.0781,-2.21,1,3,-2,1.0,0,0
2023/2024_Moden_Sir S_4Round,3,0.5,0.4769,0.5846,-0.10770000000000002,0.503,0.4946,0.008400000000000019,0.5333,0.5333,0.0,3.8029,3.0781,-2.21,1,4,-3,0.0,0,1
2023/2024_Moden_Sir S_4Round,4,0.75,0.4769,0.5846,-0.10770000000000002,0.503,0.4946,0.008400000000000019,0.5333,0.5333,0.0,3.8029,3.0781,-2.21,2,4,-2,1.0,0,1
2023/2024_Moden_Trent_9Round,1,0.0,0.4783,0.5507,-0.07239999999999996,0.5048,0.4943,0.01050000000000001,0.4667,0.5333,-0.06659999999999999,3.6255,3.6833,-1.922,0,0,0,0.5,0,0
2023/2024_Moden_Trent_9Round,1,0.0,0.4783,0.5507,-0.07239999999999996,0.5048,0.4943,0.01050000000000001,0.4667,0.5333,-0.06659999999999999,3.6255,3.6833,-1.922,0,1,-1,0.0,0,1
2023/2024_Moden_Trent_9Round,2,0.25,0.4783,0.5507,-0.07239999999999996,0.5048,0.4943,0.01050000000000001,0.4667,0.5333,-0.06659999999999999,3.6255,3.6833,-1.922,1,1,0,1.0,0,1
2023/2024_Moden_Trent_9Round,2,0.25,0.4783,0.5507,-0.07239999999999996,0.5048,0.4943,0.01050000000000001,0.4667,0.5333,-0.06659999999999999,3.6255,3.6833,-1.922,2,1,1,1.0,0,1
2023/2024_Moden_Trent_9Round,3,0.5,0.4783,0.5507,-0.07239999999999996,0.5048,0.4943,0.01050000000000001,0.4667,0.5333,-0.06659999999999999,3.6255,3.6833,-1.922,3,1,2,1.0,0,1
2023/2024_Moden_Trent_9Round,3,0.5,0.4783,0.5507,-0.07239999999999996,0.5048,0.4943,0.01050000000000001,0.4667,0.5333,-0.06659999999999999,3.6255,3.6833,-1.922,4,1,3,1.0,0,1
2023/2024_Moden_Trent_9Round,4,0.75,0.4783,0.5507,-0.07239999999999996,0.5048,0.4943,0.01050000000000001,0.4667,0.5333,-0.06659999999999999,3.6255,3.6833,-1.922,5,1,4,1.0,0,1
2023/2024_Moden_Veron_2Round,1,0.0,0.4762,0.4921,-0.01589999999999997,0.5031,0.459,0.04409999999999997,0.5333,0.4,0.13329999999999997,3.368,3.0888,2.0,0,0,0,0.5,0,0
2023/2024_Moden_Veron_2Round,1,0.0,0.4762,0.4921,-0.01589999999999997,0.5031,0.459,0.04409999999999997,0.5333,0.4,0.13329999999999997,3.368,3.0888,2.0,0,1,-1,0.0,0,1
2023/2024_Moden_Veron_2Round,2,0.25,0.4762,0.4921,-0.01589999999999997,0.5031,0.459,0.04409999999999997,0.5333,0.4,0.13329999999999997,3.368,3.0888,2.0,1,1,0,1.0,0,0
2023/2024_Moden_Veron_2Round,2,0.25,0.4762,0.4921,-0.01589999999999997,0.5031,0.459,0.04409999999999997,0.5333,0.4,0.13329999999999997,3.368,3.0888,2.0,1,2,-1,0.0,0,1
2023/2024_Moden_Veron_2Round,3,0.5,0.4762,0.4921,-0.01589999999999997,0.5031,0.459,0.04409999999999997,0.5333,0.4,0.13329999999999997,3.368,3.0888,2.0,2,2,0,1.0,0,0
2023/2024_Moden_Veron_2Round,3,0.5,0.4762,0.4921,-0.01589999999999997,0.5031,0.459,0.04409999999999997,0.5333,0.4,0.13329999999999997,3.368,3.0888,2.0,2,3,-1,0.0,0,0
2023/2024_Moden_Veron_2Round,4,0.75,0.4762,0.4921,-0.01589999999999997,0.5031,0.459,0.04409999999999997,0.5333,0.4,0.13329999999999997,3.368,3.0888,2.0,2,4,-2,0.0,0,0
2023/2024_Moden_Veron_2Round,5,1.0,0.4762,0.4921,-0.01589999999999997,0.5031,0.459,0.04409999999999997,0.5333,0.4,0.13329999999999997,3.368,3.0888,2.0,2,5,-3,0.0,1,0
2023/2024_Padov_Piace_1Round,1,0.0,0.4127,0.5,-0.08729999999999999,0.5043,0.4896,0.01469999999999999,0.5333,0.6,-0.06669999999999998,4.2663,4.0311,-1.516,0,0,0,0.5,0,1
2023/2024_Padov_Piace_1Round,1,0.0,0.4127,0.5,-0.08729999999999999,0.5043,0.4896,0.01469999999999999,0.5333,0.6,-0.06669999999999998,4.2663,4.0311,-1.516,1,0,1,1.0,0,1
2023/2024_Padov_Piace_1Round,2,0.25,0.4127,0.5,-0.08729999999999999,0.5043,0.4896,0.01469999999999999,0.5333,0.6,-0.06669999999999998,4.2663,4.0311,-1.516,2,0,2,1.0,0,1
2023/2024_Padov_Piace_1Round,2,0.25,0.4127,0.5,-0.08729999999999999,0.5043,0.4896,0.01469999999999999,0.5333,0.6,-0.06669999999999998,4.2663,4.0311,-1.516,3,0,3,1.0,0,0
2023/2024_Padov_Piace_1Round,3,0.5,0.4127,0.5,-0.08729999999999999,0.5043,0.4896,0.01469999999999999,0.5333,0.6,-0.06669999999999998,4.2663,4.0311,-1.516,3,1,2,0.0,0,1
2023/2024_Padov_Piace_1Round,3,0.5,0.4127,0.5,-0.08729999999999999,0.5043,0.4896,0.01469999999999999,0.5333,0.6,-0.06669999999999998,4.2663,4.0311,-1.516,4,1,3,1.0,0,0
2023/2024_Padov_Piace_1Round,4,0.75,0.4127,0.5,-0.08729999999999999,0.5043,0.4896,0.01469999999999999,0.5333,0.6,-0.06669999999999998,4.2663,4.0311,-1.516,4,2,2,0.0,0,0
2023/2024_Padov_Sir S_9Round,1,0.0,0.4203,0.5797,-0.1594,0.499,0.4889,0.010099999999999998,0.6,0.5333,0.06669999999999998,3.4138,3.2376,-2.853,0,0,0,0.5,0,0
2023/2024_Padov_Sir S_9Round,1,0.0,0.4203,0.5797,-0.1594,0.499,0.4889,0.010099999999999998,0.6,0.5333,0.06669999999999998,3.4138,3.2376,-2.853,0,1,-1,0.0,0,1
2023/2024_Padov_Sir S_9Round,2,0.25,0.4203,0.5797,-0.1594,0.499,0.4889,0.010099999999999998,0.6,0.5333,0.06669999999999998,3.4138,3.2376,-2.853,1,1,0,1.0,0,0
2023/2024_Padov_Sir S_9Round,2,0.25,0.4203,0.5797,-0.1594,0.499,0.4889,0.010099999999999998,0.6,0.5333,0.06669999999999998,3.4138,3.2376,-2.853,1,2,-1,0.0,0,1
2023/2024_Padov_Sir S_9Round,3,0.5,0.4203,0.5797,-0.1594,0.499,0.4889,0.010099999999999998,0.6,0.5333,0.06669999999999998,3.4138,3.2376,-2.853,2,2,0,1.0,0,0
2023/2024_Padov_Sir S_9Round,3,0.5,0.4203,0.5797,-0.1594,0.499,0.4889,0.010099999999999998,0.6,0.5333,0.06669999999999998,3.4138,3.2376,-2.853,2,3,-1,0.0,0,1
2023/2024_Padov_Trent_11Round,1,0.0,0.4085,0.5352,-0.12670000000000003,0.4981,0.4861,0.01200000000000001,0.5333,0.4667,0.06659999999999999,3.2384,2.7525,-3.0,0,0,0,0.5,0,0
2023/2024_Padov_Trent_11Round,1,0.0,0.4085,0.5352,-0.12670000000000003,0.4981,0.4861,0.01200000000000001,0.5333,0.4667,0.06659999999999999,3.2384,2.7525,-3.0,0,1,-1,0.0,0,0
2023/2024_Padov_Trent_11Round,2,0.25,0.4085,0.5352,-0.12670000000000003,0.4981,0.4861,0.01200000000000001,0.5333,0.4667,0.06659999999999999,3.2384,2.7525,-3.0,0,2,-2,0.0,0,0
2023/2024_Padov_Trent_11Round,2,0.25,0.4085,0.5352,-0.12670000000000003,0.4981,0.4861,0.01200000000000001,0.5333,0.4667,0.06659999999999999,3.2384,2.7525,-3.0,0,3,-3,0.0,0,1
2023/2024_Padov_Trent_11Round,3,0.5,0.4085,0.5352,-0.12670000000000003,0.4981,0.4861,0.01200000000000001,0.5333,0.4667,0.06659999999999999,3.2384,2.7525,-3.0,1,3,-2,1.0,0,0
2023/2024_Padov_Trent_11Round,3,0.5,0.4085,0.5352,-0.12670000000000003,0.4981,0.4861,0.01200000000000001,0.5333,0.4667,0.06659999999999999,3.2384,2.7525,-3.0,1,4,-3,0.0,0,0
2023/2024_Padov_Trent_11Round,4,0.75,0.4085,0.5352,-0.12670000000000003,0.4981,0.4861,0.01200000000000001,0.5333,0.4667,0.06659999999999999,3.2384,2.7525,-3.0,1,5,-4,0.0,0,0
2023/2024_Padov_Veron_6Round,1,0.0,0.4179,0.5152,-0.0973,0.498,0.4693,0.028700000000000003,0.6,0.5333,0.06669999999999998,3.195,4.3949,-0.431,0,0,0,0.5,0,1
2023/2024_Padov_Veron_6Round,1,0.0,0.4179,0.5152,-0.0973,0.498,0.4693,0.028700000000000003,0.6,0.5333,0.06669999999999998,3.195,4.3949,-0.431,1,0,1,1.0,0,1
2023/2024_Padov_Veron_6Round,2,0.25,0.4179,0.5152,-0.0973,0.498,0.4693,0.028700000000000003,0.6,0.5333,0.06669999999999998,3.195,4.3949,-0.431,2,0,2,1.0,0,1
2023/2024_Padov_Veron_6Round,2,0.25,0.4179,0.5152,-0.0973,0.498,0.4693,0.028700000000000003,0.6,0.5333,0.06669999999999998,3.195,4.3949,-0.431,3,0,3,1.0,0,0
2023/2024_Padov_Veron_6Round,3,0.5,0.4179,0.5152,-0.0973,0.498,0.4693,0.028700000000000003,0.6,0.5333,0.06669999999999998,3.195,4.3949,-0.431,3,1,2,0.0,0,1
2023/2024_Padov_Veron_6Round,3,0.5,0.4179,0.5152,-0.0973,0.498,0.4693,0.028700000000000003,0.6,0.5333,0.06669999999999998,3.195,4.3949,-0.431,4,1,3,1.0,0,1
2023/2024_Padov_Veron_6Round,4,0.75,0.4179,0.5152,-0.0973,0.498,0.4693,0.028700000000000003,0.6,0.5333,0.06669999999999998,3.195,4.3949,-0.431,5,1,4,1.0,0,1
2023/2024_Piace_Sir S_6Round,1,0.0,0.4792,0.5909,-0.11169999999999997,0.4864,0.4958,-0.00940000000000002,0.4,0.5333,-0.13329999999999997,3.4911,3.3311,-1.763,0,0,0,0.5,0,0
2023/2024_Piace_Sir S_6Round,1,0.0,0.4792,0.5909,-0.11169999999999997,0.4864,0.4958,-0.00940000000000002,0.4,0.5333,-0.13329999999999997,3.4911,3.3311,-1.763,0,1,-1,0.0,0,0
2023/2024_Piace_Sir S_6Round,2,0.25,0.4792,0.5909,-0.11169999999999997,0.4864,0.4958,-0.00940000000000002,0.4,0.5333,-0.13329999999999997,3.4911,3.3311,-1.763,0,2,-2,0.0,0,0
2023/2024_Piace_Sir S_6Round,2,0.25,0.4792,0.5909,-0.11169999999999997,0.4864,0.4958,-0.00940000000000002,0.4,0.5333,-0.13329999999999997,3.4911,3.3311,-1.763,0,3,-3,0.0,0,1
2023/2024_Piace_Sir S_6Round,3,0.5,0.4792,0.5909,-0.11169999999999997,0.4864,0.4958,-0.00940000000000002,0.4,0.5333,-0.13329999999999997,3.4911,3.3311,-1.763,1,3,-2,1.0,0,1
2023/2024_Piace_Sir S_6Round,3,0.5,0.4792,0.5909,-0.11169999999999997,0.4864,0.4958,-0.00940000000000002,0.4,0.5333,-0.13329999999999997,3.4911,3.3311,-1.763,2,3,-1,1.0,0,1
2023/2024_Piace_Sir S_6Round,4,0.75,0.4792,0.5909,-0.11169999999999997,0.4864,0.4958,-0.00940000000000002,0.4,0.5333,-0.13329999999999997,3.4911,3.3311,-1.763,3,3,0,1.0,0,1
2023/2024_Piace_Sir S_6Round,4,0.75,0.4792,0.5909,-0.11169999999999997,0.4864,0.4958,-0.00940000000000002,0.4,0.5333,-0.13329999999999997,3.4911,3.3311,-1.763,4,3,1,1.0,0,1
2023/2024_Piace_Sir S_6Round,5,1.0,0.4792,0.5909,-0.11169999999999997,0.4864,0.4958,-0.00940000000000002,0.4,0.5333,-0.13329999999999997,3.4911,3.3311,-1.763,5,3,2,1.0,1,1
2023/2024_Piace_Trent_4Round,1,0.0,0.5,0.5385,-0.03849999999999998,0.4914,0.493,-0.0015999999999999903,0.4,0.4,0.0,4.0334,3.4352,-1.665,0,0,0,0.5,0,0
2023/2024_Piace_Trent_4Round,1,0.0,0.5,0.5385,-0.03849999999999998,0.4914,0.493,-0.0015999999999999903,0.4,0.4,0.0,4.0334,3.4352,-1.665,0,1,-1,0.0,0,1
2023/2024_Piace_Trent_4Round,2,0.25,0.5,0.5385,-0.03849999999999998,0.4914,0.493,-0.0015999999999999903,0.4,0.4,0.0,4.0334,3.4352,-1.665,1,1,0,1.0,0,1
2023/2024_Piace_Trent_4Round,2,0.25,0.5,0.5385,-0.03849999999999998,0.4914,0.493,-0.0015999999999999903,0.4,0.4,0.0,4.0334,3.4352,-1.665,2,1,1,1.0,0,1
2023/2024_Piace_Trent_4Round,3,0.5,0.5,0.5385,-0.03849999999999998,0.4914,0.493,-0.0015999999999999903,0.4,0.4,0.0,4.0334,3.4352,-1.665,3,1,2,1.0,0,0
2023/2024_Piace_Trent_4Round,3,0.5,0.5,0.5385,-0.03849999999999998,0.4914,0.493,-0.0015999999999999903,0.4,0.4,0.0,4.0334,3.4352,-1.665,3,2,1,0.0,0,0
2023/2024_Piace_Trent_4Round,4,0.75,0.5,0.5385,-0.03849999999999998,0.4914,0.493,-0.0015999999999999903,0.4,0.4,0.0,4.0334,3.4352,-1.665,3,3,0,0.0,0,0
2023/2024_Piace_Trent_4Round,4,0.75,0.5,0.5385,-0.03849999999999998,0.4914,0.493,-0.0015999999999999903,0.4,0.4,0.0,4.0334,3.4352,-1.665,3,4,-1,0.0,0,1
2023/2024_Piace_Veron_8Round,1,0.0,0.5,0.5147,-0.014700000000000046,0.4909,0.4692,0.021699999999999997,0.4,0.6,-0.19999999999999996,4.2755,4.1326,0.359,0,0,0,0.5,0,1
2023/2024_Piace_Veron_8Round,1,0.0,0.5,0.5147,-0.014700000000000046,0.4909,0.4692,0.021699999999999997,0.4,0.6,-0.19999999999999996,4.2755,4.1326,0.359,1,0,1,1.0,0,1
2023/2024_Piace_Veron_8Round,2,0.25,0.5,0.5147,-0.014700000000000046,0.4909,0.4692,0.021699999999999997,0.4,0.6,-0.19999999999999996,4.2755,4.1326,0.359,2,0,2,1.0,0,1
2023/2024_Piace_Veron_8Round,2,0.25,0.5,0.5147,-0.014700000000000046,0.4909,0.4692,0.021699999999999997,0.4,0.6,-0.19999999999999996,4.2755,4.1326,0.359,3,0,3,1.0,0,1
2023/2024_Piace_Veron_8Round,3,0.5,0.5,0.5147,-0.014700000000000046,0.4909,0.4692,0.021699999999999997,0.4,0.6,-0.19999999999999996,4.2755,4.1326,0.359,4,0,4,1.0,0,1
2023/2024_Piace_Veron_8Round,3,0.5,0.5,0.5147,-0.014700000000000046,0.4909,0.4692,0.021699999999999997,0.4,0.6,-0.19999999999999996,4.2755,4.1326,0.359,5,0,5,1.0,0,0
2023/2024_Piace_Veron_8Round,4,0.75,0.5,0.5147,-0.014700000000000046,0.4909,0.4692,0.021699999999999997,0.4,0.6,-0.19999999999999996,4.2755,4.1326,0.359,5,1,4,0.0,0,1
2023/2024_Pinet_Pool _12Round,1,0.0,0.4545,0.5526,-0.09809999999999997,0.4697,0.4769,-0.007199999999999984,0.5333,0.5333,0.0,3.2991,3.3305,0.0,0,0,0,0.5,0,0
2023/2024_Pinet_Pool _12Round,1,0.0,0.4545,0.5526,-0.09809999999999997,0.4697,0.4769,-0.007199999999999984,0.5333,0.5333,0.0,3.2991,3.3305,0.0,0,1,-1,0.0,0,1
2023/2024_Pinet_Pool _12Round,2,0.25,0.4545,0.5526,-0.09809999999999997,0.4697,0.4769,-0.007199999999999984,0.5333,0.5333,0.0,3.2991,3.3305,0.0,1,1,0,1.0,0,0
2023/2024_Pinet_Pool _12Round,2,0.25,0.4545,0.5526,-0.09809999999999997,0.4697,0.4769,-0.007199999999999984,0.5333,0.5333,0.0,3.2991,3.3305,0.0,1,2,-1,0.0,0,1
2023/2024_Pinet_Pool _12Round,3,0.5,0.4545,0.5526,-0.09809999999999997,0.4697,0.4769,-0.007199999999999984,0.5333,0.5333,0.0,3.2991,3.3305,0.0,2,2,0,1.0,0,1
2023/2024_Pinet_Pool _12Round,3,0.5,0.4545,0.5526,-0.09809999999999997,0.4697,0.4769,-0.007199999999999984,0.5333,0.5333,0.0,3.2991,3.3305,0.0,3,2,1,1.0,0,0
2023/2024_Pinet_Pool _12Round,4,0.75,0.4545,0.5526,-0.09809999999999997,0.4697,0.4769,-0.007199999999999984,0.5333,0.5333,0.0,3.2991,3.3305,0.0,3,3,0,0.0,0,0
2023/2024_Pinet_Pool _12Round,4,0.75,0.4545,0.5526,-0.09809999999999997,0.4697,0.4769,-0.007199999999999984,0.5333,0.5333,0.0,3.2991,3.3305,0.0,3,4,-1,0.0,0,0
2023/2024_Pinet_Pool _12Round,5,1.0,0.4545,0.5526,-0.09809999999999997,0.4697,0.4769,-0.007199999999999984,0.5333,0.5333,0.0,3.2991,3.3305,0.0,3,5,-2,0.0,1,1
2023/2024_Pinet_Prata_8Round,1,0.0,0.4762,0.3704,0.1058,0.4716,0.464,0.007599999999999996,0.6,0.4667,0.13329999999999997,3.3368,3.3761,0.0,0,0,0,0.5,0,0
2023/2024_Pinet_Prata_8Round,1,0.0,0.4762,0.3704,0.1058,0.4716,0.464,0.007599999999999996,0.6,0.4667,0.13329999999999997,3.3368,3.3761,0.0,0,1,-1,0.0,0,1
2023/2024_Pinet_Prata_8Round,2,0.25,0.4762,0.3704,0.1058,0.4716,0.464,0.007599999999999996,0.6,0.4667,0.13329999999999997,3.3368,3.3761,0.0,1,1,0,1.0,0,0
2023/2024_Pinet_Prata_8Round,2,0.25,0.4762,0.3704,0.1058,0.4716,0.464,0.007599999999999996,0.6,0.4667,0.13329999999999997,3.3368,3.3761,0.0,1,2,-1,0.0,0,0
2023/2024_Pinet_Prata_8Round,3,0.5,0.4762,0.3704,0.1058,0.4716,0.464,0.007599999999999996,0.6,0.4667,0.13329999999999997,3.3368,3.3761,0.0,1,3,-2,0.0,0,0
2023/2024_Pinet_Prata_8Round,3,0.5,0.4762,0.3704,0.1058,0.4716,0.464,0.007599999999999996,0.6,0.4667,0.13329999999999997,3.3368,3.3761,0.0,1,4,-3,0.0,0,1
2023/2024_Pinet_Prata_8Round,4,0.75,0.4762,0.3704,0.1058,0.4716,0.464,0.007599999999999996,0.6,0.4667,0.13329999999999997,3.3368,3.3761,0.0,2,4,-2,1.0,0,1
2023/2024_Pinet_Raven_13Round,1,0.0,0.4348,0.4783,-0.04349999999999998,0.4686,0.5326,-0.06399999999999995,0.4667,0.6,-0.13329999999999997,3.4389,4.3435,0.0,0,0,0,0.5,0,0
2023/2024_Pinet_Raven_13Round,1,0.0,0.4348,0.4783,-0.04349999999999998,0.4686,0.5326,-0.06399999999999995,0.4667,0.6,-0.13329999999999997,3.4389,4.3435,0.0,0,1,-1,0.0,0,1
2023/2024_Pinet_Raven_13Round,2,0.25,0.4348,0.4783,-0.04349999999999998,0.4686,0.5326,-0.06399999999999995,0.4667,0.6,-0.13329999999999997,3.4389,4.3435,0.0,1,1,0,1.0,0,0
2023/2024_Pinet_Raven_13Round,2,0.25,0.4348,0.4783,-0.04349999999999998,0.4686,0.5326,-0.06399999999999995,0.4667,0.6,-0.13329999999999997,3.4389,4.3435,0.0,1,2,-1,0.0,0,1
2023/2024_Pinet_Raven_13Round,3,0.5,0.4348,0.4783,-0.04349999999999998,0.4686,0.5326,-0.06399999999999995,0.4667,0.6,-0.13329999999999997,3.4389,4.3435,0.0,2,2,0,1.0,0,0
2023/2024_Pinet_Raven_13Round,3,0.5,0.4348,0.4783,-0.04349999999999998,0.4686,0.5326,-0.06399999999999995,0.4667,0.6,-0.13329999999999997,3.4389,4.3435,0.0,2,3,-1,0.0,0,1
2023/2024_Pinet_WOW G_6Round,1,0.0,0.5263,0.6364,-0.11009999999999998,0.4818,0.5444,-0.06259999999999999,0.6429,0.6,0.04290000000000005,3.3298,3.79,0.0,0,0,0,0.5,0,1
2023/2024_Pinet_WOW G_6Round,1,0.0,0.5263,0.6364,-0.11009999999999998,0.4818,0.5444,-0.06259999999999999,0.6429,0.6,0.04290000000000005,3.3298,3.79,0.0,1,0,1,1.0,0,1
2023/2024_Pinet_WOW G_6Round,2,0.25,0.5263,0.6364,-0.11009999999999998,0.4818,0.5444,-0.06259999999999999,0.6429,0.6,0.04290000000000005,3.3298,3.79,0.0,2,0,2,1.0,0,0
2023/2024_Pinet_WOW G_6Round,2,0.25,0.5263,0.6364,-0.11009999999999998,0.4818,0.5444,-0.06259999999999999,0.6429,0.6,0.04290000000000005,3.3298,3.79,0.0,2,1,1,0.0,0,0
2023/2024_Pinet_WOW G_6Round,3,0.5,0.5263,0.6364,-0.11009999999999998,0.4818,0.5444,-0.06259999999999999,0.6429,0.6,0.04290000000000005,3.3298,3.79,0.0,2,2,0,0.0,0,0
2023/2024_Pinet_WOW G_6Round,3,0.5,0.5263,0.6364,-0.11009999999999998,0.4818,0.5444,-0.06259999999999999,0.6429,0.6,0.04290000000000005,3.3298,3.79,0.0,2,3,-1,0.0,0,1
2023/2024_Pinet_WOW G_6Round,4,0.75,0.5263,0.6364,-0.11009999999999998,0.4818,0.5444,-0.06259999999999999,0.6429,0.6,0.04290000000000005,3.3298,3.79,0.0,3,3,0,1.0,0,0
2023/2024_Pinet_WOW G_6Round,4,0.75,0.5263,0.6364,-0.11009999999999998,0.4818,0.5444,-0.06259999999999999,0.6429,0.6,0.04290000000000005,3.3298,3.79,0.0,3,4,-1,0.0,0,1
2023/2024_Pinet_WOW G_6Round,5,1.0,0.5263,0.6364,-0.11009999999999998,0.4818,0.5444,-0.06259999999999999,0.6429,0.6,0.04290000000000005,3.3298,3.79,0.0,4,4,0,1.0,1,1
2023/2024_Pinet_WOW G_6Round,5,1.0,0.5263,0.6364,-0.11009999999999998,0.4818,0.5444,-0.06259999999999999,0.6429,0.6,0.04290000000000005,3.3298,3.79,0.0,5,4,1,1.0,1,0
2023/2024_Pool _Prata_4Round,1,0.0,0.5588,0.4,0.15879999999999994,0.4838,0.4644,0.01940000000000003,0.4667,0.4667,0.0,3.2073,3.5717,0.0,0,0,0,0.5,0,0
2023/2024_Pool _Prata_4Round,1,0.0,0.5588,0.4,0.15879999999999994,0.4838,0.4644,0.01940000000000003,0.4667,0.4667,0.0,3.2073,3.5717,0.0,0,1,-1,0.0,0,1
2023/2024_Pool _Prata_4Round,2,0.25,0.5588,0.4,0.15879999999999994,0.4838,0.4644,0.01940000000000003,0.4667,0.4667,0.0,3.2073,3.5717,0.0,1,1,0,1.0,0,1
2023/2024_Pool _Prata_4Round,2,0.25,0.5588,0.4,0.15879999999999994,0.4838,0.4644,0.01940000000000003,0.4667,0.4667,0.0,3.2073,3.5717,0.0,2,1,1,1.0,0,0
2023/2024_Pool _Prata_4Round,3,0.5,0.5588,0.4,0.15879999999999994,0.4838,0.4644,0.01940000000000003,0.4667,0.4667,0.0,3.2073,3.5717,0.0,2,2,0,0.0,0,1
2023/2024_Pool _Prata_4Round,3,0.5,0.5588,0.4,0.15879999999999994,0.4838,0.4644,0.01940000000000003,0.4667,0.4667,0.0,3.2073,3.5717,0.0,3,2,1,1.0,0,1
2023/2024_Pool _Prata_4Round,4,0.75,0.5588,0.4,0.15879999999999994,0.4838,0.4644,0.01940000000000003,0.4667,0.4667,0.0,3.2073,3.5717,0.0,4,2,2,1.0,0,0
2023/2024_Pool _Raven_3Round,1,0.0,0.5758,0.3889,0.18689999999999996,0.4854,0.5072,-0.021799999999999986,0.4667,0.4615,0.005199999999999982,3.2366,3.9161,0.0,0,0,0,0.5,0,0
2023/2024_Pool _Raven_3Round,1,0.0,0.5758,0.3889,0.18689999999999996,0.4854,0.5072,-0.021799999999999986,0.4667,0.4615,0.005199999999999982,3.2366,3.9161,0.0,0,1,-1,0.0,0,1
2023/2024_Pool _Raven_3Round,2,0.25,0.5758,0.3889,0.18689999999999996,0.4854,0.5072,-0.021799999999999986,0.4667,0.4615,0.005199999999999982,3.2366,3.9161,0.0,1,1,0,1.0,0,0
2023/2024_Pool _Raven_3Round,2,0.25,0.5758,0.3889,0.18689999999999996,0.4854,0.5072,-0.021799999999999986,0.4667,0.4615,0.005199999999999982,3.2366,3.9161,0.0,1,2,-1,0.0,0,0
2023/2024_Pool _Raven_3Round,3,0.5,0.5758,0.3889,0.18689999999999996,0.4854,0.5072,-0.021799999999999986,0.4667,0.4615,0.005199999999999982,3.2366,3.9161,0.0,1,3,-2,0.0,0,0
2023/2024_Pool _Raven_3Round,3,0.5,0.5758,0.3889,0.18689999999999996,0.4854,0.5072,-0.021799999999999986,0.4667,0.4615,0.005199999999999982,3.2366,3.9161,0.0,1,4,-3,0.0,0,1
2023/2024_Pool _Raven_3Round,4,0.75,0.5758,0.3889,0.18689999999999996,0.4854,0.5072,-0.021799999999999986,0.4667,0.4615,0.005199999999999982,3.2366,3.9161,0.0,2,4,-2,1.0,0,1
2023/2024_Pool _WOW G_1Round,1,0.0,0.5938,0.6,-0.006199999999999983,0.4957,0.5308,-0.035100000000000076,0.4667,0.5333,-0.06659999999999999,3.8656,3.6604,0.0,0,0,0,0.5,0,1
2023/2024_Pool _WOW G_1Round,1,0.0,0.5938,0.6,-0.006199999999999983,0.4957,0.5308,-0.035100000000000076,0.4667,0.5333,-0.06659999999999999,3.8656,3.6604,0.0,1,0,1,1.0,0,0
2023/2024_Pool _WOW G_1Round,2,0.25,0.5938,0.6,-0.006199999999999983,0.4957,0.5308,-0.035100000000000076,0.4667,0.5333,-0.06659999999999999,3.8656,3.6604,0.0,1,1,0,0.0,0,0
2023/2024_Pool _WOW G_1Round,2,0.25,0.5938,0.6,-0.006199999999999983,0.4957,0.5308,-0.035100000000000076,0.4667,0.5333,-0.06659999999999999,3.8656,3.6604,0.0,1,2,-1,0.0,0,0
2023/2024_Pool _WOW G_1Round,3,0.5,0.5938,0.6,-0.006199999999999983,0.4957,0.5308,-0.035100000000000076,0.4667,0.5333,-0.06659999999999999,3.8656,3.6604,0.0,1,3,-2,0.0,0,0
2023/2024_Pool _WOW G_1Round,3,0.5,0.5938,0.6,-0.006199999999999983,0.4957,0.5308,-0.035100000000000076,0.4667,0.5333,-0.06659999999999999,3.8656,3.6604,0.0,1,4,-3,0.0,0,0
2023/2024_Pool _WOW G_1Round,4,0.75,0.5938,0.6,-0.006199999999999983,0.4957,0.5308,-0.035100000000000076,0.4667,0.5333,-0.06659999999999999,3.8656,3.6604,0.0,1,5,-4,0.0,0,0
2023/2024_Prata_Raven_10Round,1,0.0,0.3793,0.5,-0.12069999999999997,0.4571,0.5406,-0.08349999999999996,0.3846,0.6,-0.21539999999999998,3.014,4.5462,0.0,0,0,0,0.5,0,1
2023/2024_Prata_Raven_10Round,1,0.0,0.3793,0.5,-0.12069999999999997,0.4571,0.5406,-0.08349999999999996,0.3846,0.6,-0.21539999999999998,3.014,4.5462,0.0,1,0,1,1.0,0,0
2023/2024_Prata_Raven_10Round,2,0.25,0.3793,0.5,-0.12069999999999997,0.4571,0.5406,-0.08349999999999996,0.3846,0.6,-0.21539999999999998,3.014,4.5462,0.0,1,1,0,0.0,0,1
2023/2024_Prata_Raven_10Round,2,0.25,0.3793,0.5,-0.12069999999999997,0.4571,0.5406,-0.08349999999999996,0.3846,0.6,-0.21539999999999998,3.014,4.5462,0.0,2,1,1,1.0,0,1
2023/2024_Prata_Raven_10Round,3,0.5,0.3793,0.5,-0.12069999999999997,0.4571,0.5406,-0.08349999999999996,0.3846,0.6,-0.21539999999999998,3.014,4.5462,0.0,3,1,2,1.0,0,1
2023/2024_Prata_Raven_10Round,3,0.5,0.3793,0.5,-0.12069999999999997,0.4571,0.5406,-0.08349999999999996,0.3846,0.6,-0.21539999999999998,3.014,4.5462,0.0,4,1,3,1.0,0,0
2023/2024_Prata_Raven_10Round,4,0.75,0.3793,0.5,-0.12069999999999997,0.4571,0.5406,-0.08349999999999996,0.3846,0.6,-0.21539999999999998,3.014,4.5462,0.0,4,2,2,0.0,0,0
2023/2024_Prata_Raven_10Round,4,0.75,0.3793,0.5,-0.12069999999999997,0.4571,0.5406,-0.08349999999999996,0.3846,0.6,-0.21539999999999998,3.014,4.5462,0.0,4,3,1,0.0,0,0
2023/2024_Prata_Raven_10Round,5,1.0,0.3793,0.5,-0.12069999999999997,0.4571,0.5406,-0.08349999999999996,0.3846,0.6,-0.21539999999999998,3.014,4.5462,0.0,4,4,0,0.0,1,1
2023/2024_Prata_Raven_10Round,5,1.0,0.3793,0.5,-0.12069999999999997,0.4571,0.5406,-0.08349999999999996,0.3846,0.6,-0.21539999999999998,3.014,4.5462,0.0,5,4,1,1.0,1,1
2023/2024_Prata_WOW G_5Round,1,0.0,0.3846,0.619,-0.2344,0.4631,0.5458,-0.08269999999999994,0.4167,0.6,-0.18329999999999996,3.459,4.0104,0.0,0,0,0,0.5,0,1
2023/2024_Prata_WOW G_5Round,1,0.0,0.3846,0.619,-0.2344,0.4631,0.5458,-0.08269999999999994,0.4167,0.6,-0.18329999999999996,3.459,4.0104,0.0,1,0,1,1.0,0,0
2023/2024_Prata_WOW G_5Round,2,0.25,0.3846,0.619,-0.2344,0.4631,0.5458,-0.08269999999999994,0.4167,0.6,-0.18329999999999996,3.459,4.0104,0.0,1,1,0,0.0,0,1
2023/2024_Prata_WOW G_5Round,2,0.25,0.3846,0.619,-0.2344,0.4631,0.5458,-0.08269999999999994,0.4167,0.6,-0.18329999999999996,3.459,4.0104,0.0,2,1,1,1.0,0,0
2023/2024_Prata_WOW G_5Round,3,0.5,0.3846,0.619,-0.2344,0.4631,0.5458,-0.08269999999999994,0.4167,0.6,-0.18329999999999996,3.459,4.0104,0.0,2,2,0,0.0,0,1
2023/2024_Prata_WOW G_5Round,3,0.5,0.3846,0.619,-0.2344,0.4631,0.5458,-0.08269999999999994,0.4167,0.6,-0.18329999999999996,3.459,4.0104,0.0,3,2,1,1.0,0,0
2023/2024_Raven_WOW G_8Round,1,0.0,0.4762,0.6522,-0.176,0.5339,0.5412,-0.007299999999999973,0.4,0.6667,-0.26669999999999994,4.3742,3.9646,0.0,0,0,0,0.5,0,1
2023/2024_Raven_WOW G_8Round,1,0.0,0.4762,0.6522,-0.176,0.5339,0.5412,-0.007299999999999973,0.4,0.6667,-0.26669999999999994,4.3742,3.9646,0.0,1,0,1,1.0,0,1
2023/2024_Raven_WOW G_8Round,2,0.25,0.4762,0.6522,-0.176,0.5339,0.5412,-0.007299999999999973,0.4,0.6667,-0.26669999999999994,4.3742,3.9646,0.0,2,0,2,1.0,0,0
2023/2024_Raven_WOW G_8Round,2,0.25,0.4762,0.6522,-0.176,0.5339,0.5412,-0.007299999999999973,0.4,0.6667,-0.26669999999999994,4.3742,3.9646,0.0,2,1,1,0.0,0,0
2023/2024_Raven_WOW G_8Round,3,0.5,0.4762,0.6522,-0.176,0.5339,0.5412,-0.007299999999999973,0.4,0.6667,-0.26669999999999994,4.3742,3.9646,0.0,2,2,0,0.0,0,0
2023/2024_Raven_WOW G_8Round,3,0.5,0.4762,0.6522,-0.176,0.5339,0.5412,-0.007299999999999973,0.4,0.6667,-0.26669999999999994,4.3742,3.9646,0.0,2,3,-1,0.0,0,1
2023/2024_Raven_WOW G_8Round,4,0.75,0.4762,0.6522,-0.176,0.5339,0.5412,-0.007299999999999973,0.4,0.6667,-0.26669999999999994,4.3742,3.9646,0.0,3,3,0,1.0,0,1
2023/2024_Raven_WOW G_8Round,4,0.75,0.4762,0.6522,-0.176,0.5339,0.5412,-0.007299999999999973,0.4,0.6667,-0.26669999999999994,4.3742,3.9646,0.0,4,3,1,1.0,0,1
2023/2024_Raven_WOW G_8Round,5,1.0,0.4762,0.6522,-0.176,0.5339,0.5412,-0.007299999999999973,0.4,0.6667,-0.26669999999999994,4.3742,3.9646,0.0,5,3,2,1.0,1,1
2023/2024_Shedi_Smart_5Round,1,0.0,0.4667,0.45,0.016699999999999993,0.5088,0.4676,0.041200000000000014,0.3846,0.4,-0.015400000000000025,3.7151,3.5373,0.0,0,0,0,0.5,0,1
2023/2024_Shedi_Smart_5Round,1,0.0,0.4667,0.45,0.016699999999999993,0.5088,0.4676,0.041200000000000014,0.3846,0.4,-0.015400000000000025,3.7151,3.5373,0.0,1,0,1,1.0,0,1
2023/2024_Shedi_Smart_5Round,2,0.25,0.4667,0.45,0.016699999999999993,0.5088,0.4676,0.041200000000000014,0.3846,0.4,-0.015400000000000025,3.7151,3.5373,0.0,2,0,2,1.0,0,0
2023/2024_Shedi_Smart_5Round,2,0.25,0.4667,0.45,0.016699999999999993,0.5088,0.4676,0.041200000000000014,0.3846,0.4,-0.015400000000000025,3.7151,3.5373,0.0,2,1,1,0.0,0,0
2023/2024_Shedi_Smart_5Round,3,0.5,0.4667,0.45,0.016699999999999993,0.5088,0.4676,0.041200000000000014,0.3846,0.4,-0.015400000000000025,3.7151,3.5373,0.0,2,2,0,0.0,0,1
2023/2024_Shedi_Smart_5Round,3,0.5,0.4667,0.45,0.016699999999999993,0.5088,0.4676,0.041200000000000014,0.3846,0.4,-0.015400000000000025,3.7151,3.5373,0.0,3,2,1,1.0,0,1
2023/2024_Shedi_Smart_5Round,4,0.75,0.4667,0.45,0.016699999999999993,0.5088,0.4676,0.041200000000000014,0.3846,0.4,-0.015400000000000025,3.7151,3.5373,0.0,4,2,2,1.0,0,1
2023/2024_Shedi_Smart_5Round,4,0.75,0.4667,0.45,0.016699999999999993,0.5088,0.4676,0.041200000000000014,0.3846,0.4,-0.015400000000000025,3.7151,3.5373,0.0,5,2,3,1.0,0,1
2023/2024_Sir S_Trent_10Round,1,0.0,0.5857,0.5429,0.04279999999999995,0.4891,0.4897,-0.0006000000000000449,0.5333,0.5333,0.0,3.1872,2.9857,-0.572,0,0,0,0.5,0,1
2023/2024_Sir S_Trent_10Round,1,0.0,0.5857,0.5429,0.04279999999999995,0.4891,0.4897,-0.0006000000000000449,0.5333,0.5333,0.0,3.1872,2.9857,-0.572,1,0,1,1.0,0,1
2023/2024_Sir S_Trent_10Round,2,0.25,0.5857,0.5429,0.04279999999999995,0.4891,0.4897,-0.0006000000000000449,0.5333,0.5333,0.0,3.1872,2.9857,-0.572,2,0,2,1.0,0,1
2023/2024_Sir S_Trent_10Round,2,0.25,0.5857,0.5429,0.04279999999999995,0.4891,0.4897,-0.0006000000000000449,0.5333,0.5333,0.0,3.1872,2.9857,-0.572,3,0,3,1.0,0,1
2023/2024_Sir S_Trent_10Round,3,0.5,0.5857,0.5429,0.04279999999999995,0.4891,0.4897,-0.0006000000000000449,0.5333,0.5333,0.0,3.1872,2.9857,-0.572,4,0,4,1.0,0,0
2023/2024_Sir S_Trent_10Round,3,0.5,0.5857,0.5429,0.04279999999999995,0.4891,0.4897,-0.0006000000000000449,0.5333,0.5333,0.0,3.1872,2.9857,-0.572,4,1,3,0.0,0,0
2023/2024_Sir S_Trent_10Round,4,0.75,0.5857,0.5429,0.04279999999999995,0.4891,0.4897,-0.0006000000000000449,0.5333,0.5333,0.0,3.1872,2.9857,-0.572,4,2,2,0.0,0,1
2023/2024_Sir S_Trent_10Round,4,0.75,0.5857,0.5429,0.04279999999999995,0.4891,0.4897,-0.0006000000000000449,0.5333,0.5333,0.0,3.1872,2.9857,-0.572,5,2,3,1.0,0,1
2023/2024_Sir S_Veron_7Round,1,0.0,0.5821,0.5075,0.0746,0.4927,0.4646,0.028100000000000014,0.5333,0.5333,0.0,3.2538,3.49,2.069,0,0,0,0.5,0,0
2023/2024_Sir S_Veron_7Round,1,0.0,0.5821,0.5075,0.0746,0.4927,0.4646,0.028100000000000014,0.5333,0.5333,0.0,3.2538,3.49,2.069,0,1,-1,0.0,0,0
2023/2024_Sir S_Veron_7Round,2,0.25,0.5821,0.5075,0.0746,0.4927,0.4646,0.028100000000000014,0.5333,0.5333,0.0,3.2538,3.49,2.069,0,2,-2,0.0,0,0
2023/2024_Sir S_Veron_7Round,2,0.25,0.5821,0.5075,0.0746,0.4927,0.4646,0.028100000000000014,0.5333,0.5333,0.0,3.2538,3.49,2.069,0,3,-3,0.0,0,1
2023/2024_Sir S_Veron_7Round,3,0.5,0.5821,0.5075,0.0746,0.4927,0.4646,0.028100000000000014,0.5333,0.5333,0.0,3.2538,3.49,2.069,1,3,-2,1.0,0,0
2023/2024_Sir S_Veron_7Round,3,0.5,0.5821,0.5075,0.0746,0.4927,0.4646,0.028100000000000014,0.5333,0.5333,0.0,3.2538,3.49,2.069,1,4,-3,0.0,0,0
2023/2024_Sir S_Veron_7Round,4,0.75,0.5821,0.5075,0.0746,0.4927,0.4646,0.028100000000000014,0.5333,0.5333,0.0,3.2538,3.49,2.069,1,5,-4,0.0,0,1
2023/2024_Sir S_Veron_7Round,5,1.0,0.5821,0.5075,0.0746,0.4927,0.4646,0.028100000000000014,0.5333,0.5333,0.0,3.2538,3.49,2.069,2,5,-3,1.0,1,0
2023/2024_Trent_Veron_3Round,1,0.0,0.5469,0.5,0.04690000000000005,0.4939,0.464,0.029899999999999982,0.5333,0.4,0.13329999999999997,3.5886,3.8441,-1.566,0,0,0,0.5,0,0
2023/2024_Trent_Veron_3Round,1,0.0,0.5469,0.5,0.04690000000000005,0.4939,0.464,0.029899999999999982,0.5333,0.4,0.13329999999999997,3.5886,3.8441,-1.566,0,1,-1,0.0,0,0
2023/2024_Trent_Veron_3Round,2,0.25,0.5469,0.5,0.04690000000000005,0.4939,0.464,0.029899999999999982,0.5333,0.4,0.13329999999999997,3.5886,3.8441,-1.566,0,2,-2,0.0,0,0
2023/2024_Trent_Veron_3Round,2,0.25,0.5469,0.5,0.04690000000000005,0.4939,0.464,0.029899999999999982,0.5333,0.4,0.13329999999999997,3.5886,3.8441,-1.566,0,3,-3,0.0,0,1
2023/2024_Trent_Veron_3Round,3,0.5,0.5469,0.5,0.04690000000000005,0.4939,0.464,0.029899999999999982,0.5333,0.4,0.13329999999999997,3.5886,3.8441,-1.566,1,3,-2,1.0,0,0
2023/2024_Trent_Veron_3Round,3,0.5,0.5469,0.5,0.04690000000000005,0.4939,0.464,0.029899999999999982,0.5333,0.4,0.13329999999999997,3.5886,3.8441,-1.566,1,4,-3,0.0,0,1
2023/2024_Trent_Veron_3Round,4,0.75,0.5469,0.5,0.04690000000000005,0.4939,0.464,0.029899999999999982,0.5333,0.4,0.13329999999999997,3.5886,3.8441,-1.566,2,4,-2,1.0,0,1
2024/2025_Bresc_Cantù_13Round,1,0.0,0.5714,0.5417,0.02970000000000006,0.5269,0.4944,0.03250000000000003,0.6,0.5333,0.06669999999999998,4.5374,4.2098,0.0,0,0,0,0.5,0,1
2024/2025_Bresc_Cantù_13Round,1,0.0,0.5714,0.5417,0.02970000000000006,0.5269,0.4944,0.03250000000000003,0.6,0.5333,0.06669999999999998,4.5374,4.2098,0.0,1,0,1,1.0,0,0
2024/2025_Bresc_Cantù_13Round,2,0.25,0.5714,0.5417,0.02970000000000006,0.5269,0.4944,0.03250000000000003,0.6,0.5333,0.06669999999999998,4.5374,4.2098,0.0,1,1,0,0.0,0,1
2024/2025_Bresc_Cantù_13Round,2,0.25,0.5714,0.5417,0.02970000000000006,0.5269,0.4944,0.03250000000000003,0.6,0.5333,0.06669999999999998,4.5374,4.2098,0.0,2,1,1,1.0,0,0
2024/2025_Bresc_Cantù_13Round,3,0.5,0.5714,0.5417,0.02970000000000006,0.5269,0.4944,0.03250000000000003,0.6,0.5333,0.06669999999999998,4.5374,4.2098,0.0,2,2,0,0.0,0,1
2024/2025_Bresc_Cantù_13Round,3,0.5,0.5714,0.5417,0.02970000000000006,0.5269,0.4944,0.03250000000000003,0.6,0.5333,0.06669999999999998,4.5374,4.2098,0.0,3,2,1,1.0,0,0
2024/2025_Bresc_Cosed_2Round,1,0.0,0.525,0.5714,-0.0464,0.5126,0.523,-0.010400000000000076,0.4667,0.5385,-0.07179999999999997,4.5913,3.8313,0.0,0,0,0,0.5,0,1
2024/2025_Bresc_Cosed_2Round,1,0.0,0.525,0.5714,-0.0464,0.5126,0.523,-0.010400000000000076,0.4667,0.5385,-0.07179999999999997,4.5913,3.8313,0.0,1,0,1,1.0,0,0
2024/2025_Bresc_Cosed_2Round,2,0.25,0.525,0.5714,-0.0464,0.5126,0.523,-0.010400000000000076,0.4667,0.5385,-0.07179999999999997,4.5913,3.8313,0.0,1,1,0,0.0,0,0
2024/2025_Bresc_Cosed_2Round,2,0.25,0.525,0.5714,-0.0464,0.5126,0.523,-0.010400000000000076,0.4667,0.5385,-0.07179999999999997,4.5913,3.8313,0.0,1,2,-1,0.0,0,0
2024/2025_Bresc_Cosed_2Round,3,0.5,0.525,0.5714,-0.0464,0.5126,0.523,-0.010400000000000076,0.4667,0.5385,-0.07179999999999997,4.5913,3.8313,0.0,1,3,-2,0.0,0,1
2024/2025_Bresc_Cosed_2Round,3,0.5,0.525,0.5714,-0.0464,0.5126,0.523,-0.010400000000000076,0.4667,0.5385,-0.07179999999999997,4.5913,3.8313,0.0,2,3,-1,1.0,0,0
2024/2025_Bresc_Cosed_2Round,4,0.75,0.525,0.5714,-0.0464,0.5126,0.523,-0.010400000000000076,0.4667,0.5385,-0.07179999999999997,4.5913,3.8313,0.0,2,4,-2,0.0,0,0
2024/2025_Bresc_Cosed_2Round,4,0.75,0.525,0.5714,-0.0464,0.5126,0.523,-0.010400000000000076,0.4667,0.5385,-0.07179999999999997,4.5913,3.8313,0.0,2,5,-3,0.0,0,1
2024/2025_Bresc_Cosed_2Round,5,1.0,0.525,0.5714,-0.0464,0.5126,0.523,-0.010400000000000076,0.4667,0.5385,-0.07179999999999997,4.5913,3.8313,0.0,3,5,-2,1.0,1,1
2024/2025_Bresc_Delta_12Round,1,0.0,0.5625,0.5128,0.049699999999999966,0.526,0.5392,-0.01319999999999999,0.6,0.4667,0.13329999999999997,4.8046,4.7325,0.0,0,0,0,0.5,0,1
2024/2025_Bresc_Delta_12Round,1,0.0,0.5625,0.5128,0.049699999999999966,0.526,0.5392,-0.01319999999999999,0.6,0.4667,0.13329999999999997,4.8046,4.7325,0.0,1,0,1,1.0,0,0
2024/2025_Bresc_Delta_12Round,2,0.25,0.5625,0.5128,0.049699999999999966,0.526,0.5392,-0.01319999999999999,0.6,0.4667,0.13329999999999997,4.8046,4.7325,0.0,1,1,0,0.0,0,1
2024/2025_Bresc_Delta_12Round,2,0.25,0.5625,0.5128,0.049699999999999966,0.526,0.5392,-0.01319999999999999,0.6,0.4667,0.13329999999999997,4.8046,4.7325,0.0,2,1,1,1.0,0,1
2024/2025_Bresc_Delta_12Round,3,0.5,0.5625,0.5128,0.049699999999999966,0.526,0.5392,-0.01319999999999999,0.6,0.4667,0.13329999999999997,4.8046,4.7325,0.0,3,1,2,1.0,0,1
2024/2025_Bresc_Delta_12Round,3,0.5,0.5625,0.5128,0.049699999999999966,0.526,0.5392,-0.01319999999999999,0.6,0.4667,0.13329999999999997,4.8046,4.7325,0.0,4,1,3,1.0,0,0
2024/2025_Bresc_Delta_12Round,4,0.75,0.5625,0.5128,0.049699999999999966,0.526,0.5392,-0.01319999999999999,0.6,0.4667,0.13329999999999997,4.8046,4.7325,0.0,4,2,2,0.0,0,0
2024/2025_Bresc_Emma _4Round,1,0.0,0.5122,0.4595,0.05269999999999997,0.5107,0.4752,0.03550000000000003,0.4667,0.5333,-0.06659999999999999,4.3835,3.8403,0.0,0,0,0,0.5,0,0
2024/2025_Bresc_Emma _4Round,1,0.0,0.5122,0.4595,0.05269999999999997,0.5107,0.4752,0.03550000000000003,0.4667,0.5333,-0.06659999999999999,4.3835,3.8403,0.0,0,1,-1,0.0,0,1
2024/2025_Bresc_Emma _4Round,2,0.25,0.5122,0.4595,0.05269999999999997,0.5107,0.4752,0.03550000000000003,0.4667,0.5333,-0.06659999999999999,4.3835,3.8403,0.0,1,1,0,1.0,0,1
2024/2025_Bresc_Emma _4Round,2,0.25,0.5122,0.4595,0.05269999999999997,0.5107,0.4752,0.03550000000000003,0.4667,0.5333,-0.06659999999999999,4.3835,3.8403,0.0,2,1,1,1.0,0,1
2024/2025_Bresc_Emma _4Round,3,0.5,0.5122,0.4595,0.05269999999999997,0.5107,0.4752,0.03550000000000003,0.4667,0.5333,-0.06659999999999999,4.3835,3.8403,0.0,3,1,2,1.0,0,0
2024/2025_Bresc_Emma _4Round,3,0.5,0.5122,0.4595,0.05269999999999997,0.5107,0.4752,0.03550000000000003,0.4667,0.5333,-0.06659999999999999,4.3835,3.8403,0.0,3,2,1,0.0,0,1
2024/2025_Bresc_Emma _4Round,4,0.75,0.5122,0.4595,0.05269999999999997,0.5107,0.4752,0.03550000000000003,0.4667,0.5333,-0.06659999999999999,4.3835,3.8403,0.0,4,2,2,1.0,0,1
2024/2025_Bresc_Emma _4Round,4,0.75,0.5122,0.4595,0.05269999999999997,0.5107,0.4752,0.03550000000000003,0.4667,0.5333,-0.06659999999999999,4.3835,3.8403,0.0,5,2,3,1.0,0,0
2024/2025_Bresc_Emma _4Round,5,1.0,0.5122,0.4595,0.05269999999999997,0.5107,0.4752,0.03550000000000003,0.4667,0.5333,-0.06659999999999999,4.3835,3.8403,0.0,5,3,2,0.0,1,0
2024/2025_Bresc_Evolu_9Round,1,0.0,0.5333,0.6061,-0.07279999999999998,0.5167,0.5232,-0.00649999999999995,0.5333,0.5333,0.0,4.3222,4.0828,0.0,0,0,0,0.5,0,1
2024/2025_Bresc_Evolu_9Round,1,0.0,0.5333,0.6061,-0.07279999999999998,0.5167,0.5232,-0.00649999999999995,0.5333,0.5333,0.0,4.3222,4.0828,0.0,1,0,1,1.0,0,1
2024/2025_Bresc_Evolu_9Round,2,0.25,0.5333,0.6061,-0.07279999999999998,0.5167,0.5232,-0.00649999999999995,0.5333,0.5333,0.0,4.3222,4.0828,0.0,2,0,2,1.0,0,1
2024/2025_Bresc_Evolu_9Round,2,0.25,0.5333,0.6061,-0.07279999999999998,0.5167,0.5232,-0.00649999999999995,0.5333,0.5333,0.0,4.3222,4.0828,0.0,3,0,3,1.0,0,1
2024/2025_Bresc_Evolu_9Round,3,0.5,0.5333,0.6061,-0.07279999999999998,0.5167,0.5232,-0.00649999999999995,0.5333,0.5333,0.0,4.3222,4.0828,0.0,4,0,4,1.0,0,1
2024/2025_Bresc_Evolu_9Round,3,0.5,0.5333,0.6061,-0.07279999999999998,0.5167,0.5232,-0.00649999999999995,0.5333,0.5333,0.0,4.3222,4.0828,0.0,5,0,5,1.0,0,0
2024/2025_Bresc_Evolu_9Round,4,0.75,0.5333,0.6061,-0.07279999999999998,0.5167,0.5232,-0.00649999999999995,0.5333,0.5333,0.0,4.3222,4.0828,0.0,5,1,4,0.0,0,0
2024/2025_Bresc_Evolu_9Round,5,1.0,0.5333,0.6061,-0.07279999999999998,0.5167,0.5232,-0.00649999999999995,0.5333,0.5333,0.0,4.3222,4.0828,0.0,5,2,3,0.0,1,0
2024/2025_Bresc_Macer_10Round,1,0.0,0.5435,0.5333,0.010199999999999987,0.519,0.5101,0.008900000000000019,0.6,0.3333,0.2667,4.4312,3.1915,0.0,0,0,0,0.5,0,1
2024/2025_Bresc_Macer_10Round,1,0.0,0.5435,0.5333,0.010199999999999987,0.519,0.5101,0.008900000000000019,0.6,0.3333,0.2667,4.4312,3.1915,0.0,1,0,1,1.0,0,0
2024/2025_Bresc_Macer_10Round,2,0.25,0.5435,0.5333,0.010199999999999987,0.519,0.5101,0.008900000000000019,0.6,0.3333,0.2667,4.4312,3.1915,0.0,1,1,0,0.0,0,0
2024/2025_Bresc_Macer_10Round,2,0.25,0.5435,0.5333,0.010199999999999987,0.519,0.5101,0.008900000000000019,0.6,0.3333,0.2667,4.4312,3.1915,0.0,1,2,-1,0.0,0,1
2024/2025_Bresc_Macer_10Round,3,0.5,0.5435,0.5333,0.010199999999999987,0.519,0.5101,0.008900000000000019,0.6,0.3333,0.2667,4.4312,3.1915,0.0,2,2,0,1.0,0,1
2024/2025_Bresc_Macer_10Round,3,0.5,0.5435,0.5333,0.010199999999999987,0.519,0.5101,0.008900000000000019,0.6,0.3333,0.2667,4.4312,3.1915,0.0,3,2,1,1.0,0,0
2024/2025_Bresc_Macer_10Round,4,0.75,0.5435,0.5333,0.010199999999999987,0.519,0.5101,0.008900000000000019,0.6,0.3333,0.2667,4.4312,3.1915,0.0,3,3,0,0.0,0,1
2024/2025_Bresc_Macer_10Round,4,0.75,0.5435,0.5333,0.010199999999999987,0.519,0.5101,0.008900000000000019,0.6,0.3333,0.2667,4.4312,3.1915,0.0,4,3,1,1.0,0,1
2024/2025_Bresc_Macer_10Round,5,1.0,0.5435,0.5333,0.010199999999999987,0.519,0.5101,0.008900000000000019,0.6,0.3333,0.2667,4.4312,3.1915,0.0,5,3,2,1.0,1,0
2024/2025_Bresc_Pinet_11Round,1,0.0,0.5532,0.4545,0.09870000000000001,0.5199,0.4658,0.05410000000000004,0.6,0.4667,0.13329999999999997,4.5099,3.846,0.0,0,0,0,0.5,0,0
2024/2025_Bresc_Pinet_11Round,1,0.0,0.5532,0.4545,0.09870000000000001,0.5199,0.4658,0.05410000000000004,0.6,0.4667,0.13329999999999997,4.5099,3.846,0.0,0,1,-1,0.0,0,1
2024/2025_Bresc_Pinet_11Round,2,0.25,0.5532,0.4545,0.09870000000000001,0.5199,0.4658,0.05410000000000004,0.6,0.4667,0.13329999999999997,4.5099,3.846,0.0,1,1,0,1.0,0,1
2024/2025_Bresc_Pinet_11Round,2,0.25,0.5532,0.4545,0.09870000000000001,0.5199,0.4658,0.05410000000000004,0.6,0.4667,0.13329999999999997,4.5099,3.846,0.0,2,1,1,1.0,0,1
2024/2025_Bresc_Pinet_11Round,3,0.5,0.5532,0.4545,0.09870000000000001,0.5199,0.4658,0.05410000000000004,0.6,0.4667,0.13329999999999997,4.5099,3.846,0.0,3,1,2,1.0,0,1
2024/2025_Bresc_Pinet_11Round,3,0.5,0.5532,0.4545,0.09870000000000001,0.5199,0.4658,0.05410000000000004,0.6,0.4667,0.13329999999999997,4.5099,3.846,0.0,4,1,3,1.0,0,1
2024/2025_Bresc_Pinet_11Round,4,0.75,0.5532,0.4545,0.09870000000000001,0.5199,0.4658,0.05410000000000004,0.6,0.4667,0.13329999999999997,4.5099,3.846,0.0,5,1,4,1.0,0,1
2024/2025_Bresc_Prata_5Round,1,0.0,0.5238,0.4242,0.09960000000000002,0.5119,0.4634,0.04850000000000004,0.5333,0.4667,0.06659999999999999,4.4659,3.7587,0.0,0,0,0,0.5,0,0
2024/2025_Bresc_Prata_5Round,1,0.0,0.5238,0.4242,0.09960000000000002,0.5119,0.4634,0.04850000000000004,0.5333,0.4667,0.06659999999999999,4.4659,3.7587,0.0,0,1,-1,0.0,0,1
2024/2025_Bresc_Prata_5Round,2,0.25,0.5238,0.4242,0.09960000000000002,0.5119,0.4634,0.04850000000000004,0.5333,0.4667,0.06659999999999999,4.4659,3.7587,0.0,1,1,0,1.0,0,0
2024/2025_Bresc_Prata_5Round,2,0.25,0.5238,0.4242,0.09960000000000002,0.5119,0.4634,0.04850000000000004,0.5333,0.4667,0.06659999999999999,4.4659,3.7587,0.0,1,2,-1,0.0,0,1
2024/2025_Bresc_Prata_5Round,3,0.5,0.5238,0.4242,0.09960000000000002,0.5119,0.4634,0.04850000000000004,0.5333,0.4667,0.06659999999999999,4.4659,3.7587,0.0,2,2,0,1.0,0,1
2024/2025_Bresc_Prata_5Round,3,0.5,0.5238,0.4242,0.09960000000000002,0.5119,0.4634,0.04850000000000004,0.5333,0.4667,0.06659999999999999,4.4659,3.7587,0.0,3,2,1,1.0,0,1
2024/2025_Bresc_Prata_5Round,4,0.75,0.5238,0.4242,0.09960000000000002,0.5119,0.4634,0.04850000000000004,0.5333,0.4667,0.06659999999999999,4.4659,3.7587,0.0,4,2,2,1.0,0,0
2024/2025_Bresc_Prata_5Round,4,0.75,0.5238,0.4242,0.09960000000000002,0.5119,0.4634,0.04850000000000004,0.5333,0.4667,0.06659999999999999,4.4659,3.7587,0.0,4,3,1,0.0,0,1
2024/2025_Bresc_Prata_5Round,5,1.0,0.5238,0.4242,0.09960000000000002,0.5119,0.4634,0.04850000000000004,0.5333,0.4667,0.06659999999999999,4.4659,3.7587,0.0,5,3,2,1.0,1,1
2024/2025_Bresc_Raven_8Round,1,0.0,0.5455,0.5517,-0.006199999999999983,0.517,0.5462,-0.029200000000000004,0.5333,0.6,-0.06669999999999998,4.5015,4.5187,0.0,0,0,0,0.5,0,1
2024/2025_Bresc_Raven_8Round,1,0.0,0.5455,0.5517,-0.006199999999999983,0.517,0.5462,-0.029200000000000004,0.5333,0.6,-0.06669999999999998,4.5015,4.5187,0.0,1,0,1,1.0,0,0
2024/2025_Bresc_Raven_8Round,2,0.25,0.5455,0.5517,-0.006199999999999983,0.517,0.5462,-0.029200000000000004,0.5333,0.6,-0.06669999999999998,4.5015,4.5187,0.0,1,1,0,0.0,0,0
2024/2025_Bresc_Raven_8Round,2,0.25,0.5455,0.5517,-0.006199999999999983,0.517,0.5462,-0.029200000000000004,0.5333,0.6,-0.06669999999999998,4.5015,4.5187,0.0,1,2,-1,0.0,0,0
2024/2025_Bresc_Raven_8Round,3,0.5,0.5455,0.5517,-0.006199999999999983,0.517,0.5462,-0.029200000000000004,0.5333,0.6,-0.06669999999999998,4.5015,4.5187,0.0,1,3,-2,0.0,0,1
2024/2025_Bresc_Raven_8Round,3,0.5,0.5455,0.5517,-0.006199999999999983,0.517,0.5462,-0.029200000000000004,0.5333,0.6,-0.06669999999999998,4.5015,4.5187,0.0,2,3,-1,1.0,0,1
2024/2025_Bresc_Raven_8Round,4,0.75,0.5455,0.5517,-0.006199999999999983,0.517,0.5462,-0.029200000000000004,0.5333,0.6,-0.06669999999999998,4.5015,4.5187,0.0,3,3,0,1.0,0,1
2024/2025_Bresc_Raven_8Round,4,0.75,0.5455,0.5517,-0.006199999999999983,0.517,0.5462,-0.029200000000000004,0.5333,0.6,-0.06669999999999998,4.5015,4.5187,0.0,4,3,1,1.0,0,0
2024/2025_Bresc_Smart_6Round,1,0.0,0.5349,0.3704,0.16450000000000004,0.5159,0.4316,0.08430000000000004,0.5333,0.4,0.13329999999999997,4.7566,3.2175,0.0,0,0,0,0.5,0,1
2024/2025_Bresc_Smart_6Round,1,0.0,0.5349,0.3704,0.16450000000000004,0.5159,0.4316,0.08430000000000004,0.5333,0.4,0.13329999999999997,4.7566,3.2175,0.0,1,0,1,1.0,0,0
2024/2025_Bresc_Smart_6Round,2,0.25,0.5349,0.3704,0.16450000000000004,0.5159,0.4316,0.08430000000000004,0.5333,0.4,0.13329999999999997,4.7566,3.2175,0.0,1,1,0,0.0,0,1
2024/2025_Bresc_Smart_6Round,2,0.25,0.5349,0.3704,0.16450000000000004,0.5159,0.4316,0.08430000000000004,0.5333,0.4,0.13329999999999997,4.7566,3.2175,0.0,2,1,1,1.0,0,0
2024/2025_Bresc_Smart_6Round,3,0.5,0.5349,0.3704,0.16450000000000004,0.5159,0.4316,0.08430000000000004,0.5333,0.4,0.13329999999999997,4.7566,3.2175,0.0,2,2,0,0.0,0,1
2024/2025_Bresc_Smart_6Round,3,0.5,0.5349,0.3704,0.16450000000000004,0.5159,0.4316,0.08430000000000004,0.5333,0.4,0.13329999999999997,4.7566,3.2175,0.0,3,2,1,1.0,0,1
2024/2025_Bresc_Smart_6Round,4,0.75,0.5349,0.3704,0.16450000000000004,0.5159,0.4316,0.08430000000000004,0.5333,0.4,0.13329999999999997,4.7566,3.2175,0.0,4,2,2,1.0,0,0
2024/2025_Cantù_Cosed_4Round,1,0.0,0.5366,0.625,-0.08840000000000003,0.4757,0.5391,-0.06340000000000001,0.4,0.5714,-0.1714,3.6409,4.1122,0.0,0,0,0,0.5,0,0
2024/2025_Cantù_Cosed_4Round,1,0.0,0.5366,0.625,-0.08840000000000003,0.4757,0.5391,-0.06340000000000001,0.4,0.5714,-0.1714,3.6409,4.1122,0.0,0,1,-1,0.0,0,1
2024/2025_Cantù_Cosed_4Round,2,0.25,0.5366,0.625,-0.08840000000000003,0.4757,0.5391,-0.06340000000000001,0.4,0.5714,-0.1714,3.6409,4.1122,0.0,1,1,0,1.0,0,1
2024/2025_Cantù_Cosed_4Round,2,0.25,0.5366,0.625,-0.08840000000000003,0.4757,0.5391,-0.06340000000000001,0.4,0.5714,-0.1714,3.6409,4.1122,0.0,2,1,1,1.0,0,1
2024/2025_Cantù_Cosed_4Round,3,0.5,0.5366,0.625,-0.08840000000000003,0.4757,0.5391,-0.06340000000000001,0.4,0.5714,-0.1714,3.6409,4.1122,0.0,3,1,2,1.0,0,1
2024/2025_Cantù_Cosed_4Round,3,0.5,0.5366,0.625,-0.08840000000000003,0.4757,0.5391,-0.06340000000000001,0.4,0.5714,-0.1714,3.6409,4.1122,0.0,4,1,3,1.0,0,0
2024/2025_Cantù_Cosed_4Round,4,0.75,0.5366,0.625,-0.08840000000000003,0.4757,0.5391,-0.06340000000000001,0.4,0.5714,-0.1714,3.6409,4.1122,0.0,4,2,2,0.0,0,0
2024/2025_Cantù_Delta_1Round,1,0.0,0.5641,0.4516,0.11250000000000004,0.4793,0.5156,-0.03629999999999994,0.5333,0.4667,0.06659999999999999,3.7148,4.0389,0.0,0,0,0,0.5,0,0
2024/2025_Cantù_Delta_1Round,1,0.0,0.5641,0.4516,0.11250000000000004,0.4793,0.5156,-0.03629999999999994,0.5333,0.4667,0.06659999999999999,3.7148,4.0389,0.0,0,1,-1,0.0,0,1
2024/2025_Cantù_Delta_1Round,2,0.25,0.5641,0.4516,0.11250000000000004,0.4793,0.5156,-0.03629999999999994,0.5333,0.4667,0.06659999999999999,3.7148,4.0389,0.0,1,1,0,1.0,0,0
2024/2025_Cantù_Delta_1Round,2,0.25,0.5641,0.4516,0.11250000000000004,0.4793,0.5156,-0.03629999999999994,0.5333,0.4667,0.06659999999999999,3.7148,4.0389,0.0,1,2,-1,0.0,0,0
2024/2025_Cantù_Delta_1Round,3,0.5,0.5641,0.4516,0.11250000000000004,0.4793,0.5156,-0.03629999999999994,0.5333,0.4667,0.06659999999999999,3.7148,4.0389,0.0,1,3,-2,0.0,0,1
2024/2025_Cantù_Delta_1Round,3,0.5,0.5641,0.4516,0.11250000000000004,0.4793,0.5156,-0.03629999999999994,0.5333,0.4667,0.06659999999999999,3.7148,4.0389,0.0,2,3,-1,1.0,0,1
2024/2025_Cantù_Delta_1Round,4,0.75,0.5641,0.4516,0.11250000000000004,0.4793,0.5156,-0.03629999999999994,0.5333,0.4667,0.06659999999999999,3.7148,4.0389,0.0,3,3,0,1.0,0,0
2024/2025_Cantù_Delta_1Round,4,0.75,0.5641,0.4516,0.11250000000000004,0.4793,0.5156,-0.03629999999999994,0.5333,0.4667,0.06659999999999999,3.7148,4.0389,0.0,3,4,-1,0.0,0,0
2024/2025_Cantù_Delta_1Round,5,1.0,0.5641,0.4516,0.11250000000000004,0.4793,0.5156,-0.03629999999999994,0.5333,0.4667,0.06659999999999999,3.7148,4.0389,0.0,3,5,-2,0.0,1,0
2024/2025_Cantù_Emma _10Round,1,0.0,0.5333,0.4524,0.08089999999999997,0.4821,0.4785,0.003599999999999992,0.4667,0.4667,0.0,3.6458,3.9678,0.0,0,0,0,0.5,0,1
2024/2025_Cantù_Emma _10Round,1,0.0,0.5333,0.4524,0.08089999999999997,0.4821,0.4785,0.003599999999999992,0.4667,0.4667,0.0,3.6458,3.9678,0.0,1,0,1,1.0,0,1
2024/2025_Cantù_Emma _10Round,2,0.25,0.5333,0.4524,0.08089999999999997,0.4821,0.4785,0.003599999999999992,0.4667,0.4667,0.0,3.6458,3.9678,0.0,2,0,2,1.0,0,1
2024/2025_Cantù_Emma _10Round,2,0.25,0.5333,0.4524,0.08089999999999997,0.4821,0.4785,0.003599999999999992,0.4667,0.4667,0.0,3.6458,3.9678,0.0,3,0,3,1.0,0,1
2024/2025_Cantù_Emma _10Round,3,0.5,0.5333,0.4524,0.08089999999999997,0.4821,0.4785,0.003599999999999992,0.4667,0.4667,0.0,3.6458,3.9678,0.0,4,0,4,1.0,0,1
2024/2025_Cantù_Emma _10Round,3,0.5,0.5333,0.4524,0.08089999999999997,0.4821,0.4785,0.003599999999999992,0.4667,0.4667,0.0,3.6458,3.9678,0.0,5,0,5,1.0,0,1
2024/2025_Cantù_Evolu_12Round,1,0.0,0.5532,0.5833,-0.030100000000000016,0.4943,0.5192,-0.024899999999999978,0.5333,0.5333,0.0,4.3397,4.2063,0.0,0,0,0,0.5,0,0
2024/2025_Cantù_Evolu_12Round,1,0.0,0.5532,0.5833,-0.030100000000000016,0.4943,0.5192,-0.024899999999999978,0.5333,0.5333,0.0,4.3397,4.2063,0.0,0,1,-1,0.0,0,0
2024/2025_Cantù_Evolu_12Round,2,0.25,0.5532,0.5833,-0.030100000000000016,0.4943,0.5192,-0.024899999999999978,0.5333,0.5333,0.0,4.3397,4.2063,0.0,0,2,-2,0.0,0,1
2024/2025_Cantù_Evolu_12Round,2,0.25,0.5532,0.5833,-0.030100000000000016,0.4943,0.5192,-0.024899999999999978,0.5333,0.5333,0.0,4.3397,4.2063,0.0,1,2,-1,1.0,0,1
2024/2025_Cantù_Evolu_12Round,3,0.5,0.5532,0.5833,-0.030100000000000016,0.4943,0.5192,-0.024899999999999978,0.5333,0.5333,0.0,4.3397,4.2063,0.0,2,2,0,1.0,0,1
2024/2025_Cantù_Evolu_12Round,3,0.5,0.5532,0.5833,-0.030100000000000016,0.4943,0.5192,-0.024899999999999978,0.5333,0.5333,0.0,4.3397,4.2063,0.0,3,2,1,1.0,0,0
2024/2025_Cantù_Evolu_12Round,4,0.75,0.5532,0.5833,-0.030100000000000016,0.4943,0.5192,-0.024899999999999978,0.5333,0.5333,0.0,4.3397,4.2063,0.0,3,3,0,0.0,0,0
2024/2025_Cantù_Evolu_12Round,4,0.75,0.5532,0.5833,-0.030100000000000016,0.4943,0.5192,-0.024899999999999978,0.5333,0.5333,0.0,4.3397,4.2063,0.0,3,4,-1,0.0,0,1
2024/2025_Cantù_Macer_7Round,1,0.0,0.5349,0.5926,-0.057699999999999974,0.4782,0.5315,-0.05329999999999996,0.4667,0.4667,0.0,3.5354,3.6399,0.0,0,0,0,0.5,0,0
2024/2025_Cantù_Macer_7Round,1,0.0,0.5349,0.5926,-0.057699999999999974,0.4782,0.5315,-0.05329999999999996,0.4667,0.4667,0.0,3.5354,3.6399,0.0,0,1,-1,0.0,0,1
2024/2025_Cantù_Macer_7Round,2,0.25,0.5349,0.5926,-0.057699999999999974,0.4782,0.5315,-0.05329999999999996,0.4667,0.4667,0.0,3.5354,3.6399,0.0,1,1,0,1.0,0,1
2024/2025_Cantù_Macer_7Round,2,0.25,0.5349,0.5926,-0.057699999999999974,0.4782,0.5315,-0.05329999999999996,0.4667,0.4667,0.0,3.5354,3.6399,0.0,2,1,1,1.0,0,0
2024/2025_Cantù_Macer_7Round,3,0.5,0.5349,0.5926,-0.057699999999999974,0.4782,0.5315,-0.05329999999999996,0.4667,0.4667,0.0,3.5354,3.6399,0.0,2,2,0,0.0,0,1
2024/2025_Cantù_Macer_7Round,3,0.5,0.5349,0.5926,-0.057699999999999974,0.4782,0.5315,-0.05329999999999996,0.4667,0.4667,0.0,3.5354,3.6399,0.0,3,2,1,1.0,0,1
2024/2025_Cantù_Macer_7Round,4,0.75,0.5349,0.5926,-0.057699999999999974,0.4782,0.5315,-0.05329999999999996,0.4667,0.4667,0.0,3.5354,3.6399,0.0,4,2,2,1.0,0,1
2024/2025_Cantù_Macer_7Round,5,1.0,0.5349,0.5926,-0.057699999999999974,0.4782,0.5315,-0.05329999999999996,0.4667,0.4667,0.0,3.5354,3.6399,0.0,5,2,3,1.0,1,0
2024/2025_Cantù_Pinet_8Round,1,0.0,0.5455,0.4194,0.1261,0.4817,0.4553,0.026400000000000035,0.4667,0.4,0.06669999999999998,3.8726,3.2949,0.0,0,0,0,0.5,0,1
2024/2025_Cantù_Pinet_8Round,1,0.0,0.5455,0.4194,0.1261,0.4817,0.4553,0.026400000000000035,0.4667,0.4,0.06669999999999998,3.8726,3.2949,0.0,1,0,1,1.0,0,0
2024/2025_Cantù_Pinet_8Round,2,0.25,0.5455,0.4194,0.1261,0.4817,0.4553,0.026400000000000035,0.4667,0.4,0.06669999999999998,3.8726,3.2949,0.0,1,1,0,0.0,0,1
2024/2025_Cantù_Pinet_8Round,2,0.25,0.5455,0.4194,0.1261,0.4817,0.4553,0.026400000000000035,0.4667,0.4,0.06669999999999998,3.8726,3.2949,0.0,2,1,1,1.0,0,0
2024/2025_Cantù_Pinet_8Round,3,0.5,0.5455,0.4194,0.1261,0.4817,0.4553,0.026400000000000035,0.4667,0.4,0.06669999999999998,3.8726,3.2949,0.0,2,2,0,0.0,0,1
2024/2025_Cantù_Pinet_8Round,3,0.5,0.5455,0.4194,0.1261,0.4817,0.4553,0.026400000000000035,0.4667,0.4,0.06669999999999998,3.8726,3.2949,0.0,3,2,1,1.0,0,0
2024/2025_Cantù_Prata_6Round,1,0.0,0.5476,0.4118,0.13579999999999998,0.4778,0.4591,0.018699999999999994,0.4667,0.4667,0.0,3.7136,3.5774,0.0,0,0,0,0.5,0,0
2024/2025_Cantù_Prata_6Round,1,0.0,0.5476,0.4118,0.13579999999999998,0.4778,0.4591,0.018699999999999994,0.4667,0.4667,0.0,3.7136,3.5774,0.0,0,1,-1,0.0,0,1
2024/2025_Cantù_Prata_6Round,2,0.25,0.5476,0.4118,0.13579999999999998,0.4778,0.4591,0.018699999999999994,0.4667,0.4667,0.0,3.7136,3.5774,0.0,1,1,0,1.0,0,0
2024/2025_Cantù_Prata_6Round,2,0.25,0.5476,0.4118,0.13579999999999998,0.4778,0.4591,0.018699999999999994,0.4667,0.4667,0.0,3.7136,3.5774,0.0,1,2,-1,0.0,0,1
2024/2025_Cantù_Prata_6Round,3,0.5,0.5476,0.4118,0.13579999999999998,0.4778,0.4591,0.018699999999999994,0.4667,0.4667,0.0,3.7136,3.5774,0.0,2,2,0,1.0,0,0
2024/2025_Cantù_Prata_6Round,3,0.5,0.5476,0.4118,0.13579999999999998,0.4778,0.4591,0.018699999999999994,0.4667,0.4667,0.0,3.7136,3.5774,0.0,2,3,-1,0.0,0,1
2024/2025_Cantù_Raven_11Round,1,0.0,0.5435,0.5484,-0.0049000000000000155,0.4912,0.5349,-0.04370000000000002,0.5333,0.5333,0.0,4.1895,3.7822,0.0,0,0,0,0.5,0,1
2024/2025_Cantù_Raven_11Round,1,0.0,0.5435,0.5484,-0.0049000000000000155,0.4912,0.5349,-0.04370000000000002,0.5333,0.5333,0.0,4.1895,3.7822,0.0,1,0,1,1.0,0,1
2024/2025_Cantù_Raven_11Round,2,0.25,0.5435,0.5484,-0.0049000000000000155,0.4912,0.5349,-0.04370000000000002,0.5333,0.5333,0.0,4.1895,3.7822,0.0,2,0,2,1.0,0,1
2024/2025_Cantù_Raven_11Round,2,0.25,0.5435,0.5484,-0.0049000000000000155,0.4912,0.5349,-0.04370000000000002,0.5333,0.5333,0.0,4.1895,3.7822,0.0,3,0,3,1.0,0,0
2024/2025_Cantù_Raven_11Round,3,0.5,0.5435,0.5484,-0.0049000000000000155,0.4912,0.5349,-0.04370000000000002,0.5333,0.5333,0.0,4.1895,3.7822,0.0,3,1,2,0.0,0,1
2024/2025_Cantù_Raven_11Round,3,0.5,0.5435,0.5484,-0.0049000000000000155,0.4912,0.5349,-0.04370000000000002,0.5333,0.5333,0.0,4.1895,3.7822,0.0,4,1,3,1.0,0,1
2024/2025_Cantù_Raven_11Round,4,0.75,0.5435,0.5484,-0.0049000000000000155,0.4912,0.5349,-0.04370000000000002,0.5333,0.5333,0.0,4.1895,3.7822,0.0,5,1,4,1.0,0,0
2024/2025_Cantù_Raven_11Round,5,1.0,0.5435,0.5484,-0.0049000000000000155,0.4912,0.5349,-0.04370000000000002,0.5333,0.5333,0.0,4.1895,3.7822,0.0,5,2,3,0.0,1,0
2024/2025_Cantù_Smart_3Round,1,0.0,0.55,0.36,0.19000000000000006,0.475,0.4293,0.04569999999999996,0.4667,0.3333,0.13340000000000002,3.5391,3.0062,0.0,0,0,0,0.5,0,1
2024/2025_Cantù_Smart_3Round,1,0.0,0.55,0.36,0.19000000000000006,0.475,0.4293,0.04569999999999996,0.4667,0.3333,0.13340000000000002,3.5391,3.0062,0.0,1,0,1,1.0,0,0
2024/2025_Cantù_Smart_3Round,2,0.25,0.55,0.36,0.19000000000000006,0.475,0.4293,0.04569999999999996,0.4667,0.3333,0.13340000000000002,3.5391,3.0062,0.0,1,1,0,0.0,0,1
2024/2025_Cantù_Smart_3Round,2,0.25,0.55,0.36,0.19000000000000006,0.475,0.4293,0.04569999999999996,0.4667,0.3333,0.13340000000000002,3.5391,3.0062,0.0,2,1,1,1.0,0,1
2024/2025_Cantù_Smart_3Round,3,0.5,0.55,0.36,0.19000000000000006,0.475,0.4293,0.04569999999999996,0.4667,0.3333,0.13340000000000002,3.5391,3.0062,0.0,3,1,2,1.0,0,0
2024/2025_Cantù_Smart_3Round,3,0.5,0.55,0.36,0.19000000000000006,0.475,0.4293,0.04569999999999996,0.4667,0.3333,0.13340000000000002,3.5391,3.0062,0.0,3,2,1,0.0,0,0
2024/2025_Cantù_Smart_3Round,4,0.75,0.55,0.36,0.19000000000000006,0.475,0.4293,0.04569999999999996,0.4667,0.3333,0.13340000000000002,3.5391,3.0062,0.0,3,3,0,0.0,0,1
2024/2025_Cantù_Smart_3Round,4,0.75,0.55,0.36,0.19000000000000006,0.475,0.4293,0.04569999999999996,0.4667,0.3333,0.13340000000000002,3.5391,3.0062,0.0,4,3,1,1.0,0,0
2024/2025_Ciste_Grott_9Round,1,0.0,0.5,0.4762,0.023799999999999988,0.5475,0.4849,0.06259999999999999,0.4,0.4615,-0.0615,3.9701,3.8888,0.4,0,0,0,0.5,0,1
2024/2025_Ciste_Grott_9Round,1,0.0,0.5,0.4762,0.023799999999999988,0.5475,0.4849,0.06259999999999999,0.4,0.4615,-0.0615,3.9701,3.8888,0.4,1,0,1,1.0,0,1
2024/2025_Ciste_Grott_9Round,2,0.25,0.5,0.4762,0.023799999999999988,0.5475,0.4849,0.06259999999999999,0.4,0.4615,-0.0615,3.9701,3.8888,0.4,2,0,2,1.0,0,0
2024/2025_Ciste_Grott_9Round,2,0.25,0.5,0.4762,0.023799999999999988,0.5475,0.4849,0.06259999999999999,0.4,0.4615,-0.0615,3.9701,3.8888,0.4,2,1,1,0.0,0,0
2024/2025_Ciste_Grott_9Round,3,0.5,0.5,0.4762,0.023799999999999988,0.5475,0.4849,0.06259999999999999,0.4,0.4615,-0.0615,3.9701,3.8888,0.4,2,2,0,0.0,0,0
2024/2025_Ciste_Grott_9Round,3,0.5,0.5,0.4762,0.023799999999999988,0.5475,0.4849,0.06259999999999999,0.4,0.4615,-0.0615,3.9701,3.8888,0.4,2,3,-1,0.0,0,1
2024/2025_Ciste_Grott_9Round,4,0.75,0.5,0.4762,0.023799999999999988,0.5475,0.4849,0.06259999999999999,0.4,0.4615,-0.0615,3.9701,3.8888,0.4,3,3,0,1.0,0,0
2024/2025_Ciste_Grott_9Round,4,0.75,0.5,0.4762,0.023799999999999988,0.5475,0.4849,0.06259999999999999,0.4,0.4615,-0.0615,3.9701,3.8888,0.4,3,4,-1,0.0,0,0
2024/2025_Ciste_Grott_9Round,5,1.0,0.5,0.4762,0.023799999999999988,0.5475,0.4849,0.06259999999999999,0.4,0.4615,-0.0615,3.9701,3.8888,0.4,3,5,-2,0.0,1,1
2024/2025_Ciste_Lube_5Round,1,0.0,0.5217,0.4868,0.03490000000000004,0.5519,0.527,0.024899999999999922,0.4667,0.6,-0.13329999999999997,3.6201,5.0574,-2.406,0,0,0,0.5,0,0
2024/2025_Ciste_Lube_5Round,1,0.0,0.5217,0.4868,0.03490000000000004,0.5519,0.527,0.024899999999999922,0.4667,0.6,-0.13329999999999997,3.6201,5.0574,-2.406,0,1,-1,0.0,0,1
2024/2025_Ciste_Lube_5Round,2,0.25,0.5217,0.4868,0.03490000000000004,0.5519,0.527,0.024899999999999922,0.4667,0.6,-0.13329999999999997,3.6201,5.0574,-2.406,1,1,0,1.0,0,0
2024/2025_Ciste_Lube_5Round,2,0.25,0.5217,0.4868,0.03490000000000004,0.5519,0.527,0.024899999999999922,0.4667,0.6,-0.13329999999999997,3.6201,5.0574,-2.406,1,2,-1,0.0,0,1
2024/2025_Ciste_Lube_5Round,3,0.5,0.5217,0.4868,0.03490000000000004,0.5519,0.527,0.024899999999999922,0.4667,0.6,-0.13329999999999997,3.6201,5.0574,-2.406,2,2,0,1.0,0,0
2024/2025_Ciste_Lube_5Round,3,0.5,0.5217,0.4868,0.03490000000000004,0.5519,0.527,0.024899999999999922,0.4667,0.6,-0.13329999999999997,3.6201,5.0574,-2.406,2,3,-1,0.0,0,1
2024/2025_Ciste_Milan_10Round,1,0.0,0.4815,0.45,0.03149999999999997,0.5429,0.4783,0.06460000000000005,0.4,0.3333,0.06670000000000004,3.931,3.6042,-2.7,0,0,0,0.5,0,0
2024/2025_Ciste_Milan_10Round,1,0.0,0.4815,0.45,0.03149999999999997,0.5429,0.4783,0.06460000000000005,0.4,0.3333,0.06670000000000004,3.931,3.6042,-2.7,0,1,-1,0.0,0,1
2024/2025_Ciste_Milan_10Round,2,0.25,0.4815,0.45,0.03149999999999997,0.5429,0.4783,0.06460000000000005,0.4,0.3333,0.06670000000000004,3.931,3.6042,-2.7,1,1,0,1.0,0,0
2024/2025_Ciste_Milan_10Round,2,0.25,0.4815,0.45,0.03149999999999997,0.5429,0.4783,0.06460000000000005,0.4,0.3333,0.06670000000000004,3.931,3.6042,-2.7,1,2,-1,0.0,0,0
2024/2025_Ciste_Milan_10Round,3,0.5,0.4815,0.45,0.03149999999999997,0.5429,0.4783,0.06460000000000005,0.4,0.3333,0.06670000000000004,3.931,3.6042,-2.7,1,3,-2,0.0,0,1
2024/2025_Ciste_Milan_10Round,3,0.5,0.4815,0.45,0.03149999999999997,0.5429,0.4783,0.06460000000000005,0.4,0.3333,0.06670000000000004,3.931,3.6042,-2.7,2,3,-1,1.0,0,1
2024/2025_Ciste_Milan_10Round,4,0.75,0.4815,0.45,0.03149999999999997,0.5429,0.4783,0.06460000000000005,0.4,0.3333,0.06670000000000004,3.931,3.6042,-2.7,3,3,0,1.0,0,0
2024/2025_Ciste_Milan_10Round,4,0.75,0.4815,0.45,0.03149999999999997,0.5429,0.4783,0.06460000000000005,0.4,0.3333,0.06670000000000004,3.931,3.6042,-2.7,3,4,-1,0.0,0,1
2024/2025_Ciste_Mint _11Round,1,0.0,0.4643,0.4938,-0.029500000000000026,0.5413,0.5323,0.009000000000000008,0.4,0.4667,-0.06669999999999998,3.9043,4.0075,0.86,0,0,0,0.5,0,1
2024/2025_Ciste_Mint _11Round,1,0.0,0.4643,0.4938,-0.029500000000000026,0.5413,0.5323,0.009000000000000008,0.4,0.4667,-0.06669999999999998,3.9043,4.0075,0.86,1,0,1,1.0,0,0
2024/2025_Ciste_Mint _11Round,2,0.25,0.4643,0.4938,-0.029500000000000026,0.5413,0.5323,0.009000000000000008,0.4,0.4667,-0.06669999999999998,3.9043,4.0075,0.86,1,1,0,0.0,0,1
2024/2025_Ciste_Mint _11Round,2,0.25,0.4643,0.4938,-0.029500000000000026,0.5413,0.5323,0.009000000000000008,0.4,0.4667,-0.06669999999999998,3.9043,4.0075,0.86,2,1,1,1.0,0,0
2024/2025_Ciste_Mint _11Round,3,0.5,0.4643,0.4938,-0.029500000000000026,0.5413,0.5323,0.009000000000000008,0.4,0.4667,-0.06669999999999998,3.9043,4.0075,0.86,2,2,0,0.0,0,0
2024/2025_Ciste_Mint _11Round,3,0.5,0.4643,0.4938,-0.029500000000000026,0.5413,0.5323,0.009000000000000008,0.4,0.4667,-0.06669999999999998,3.9043,4.0075,0.86,2,3,-1,0.0,0,1
2024/2025_Ciste_Mint _11Round,4,0.75,0.4643,0.4938,-0.029500000000000026,0.5413,0.5323,0.009000000000000008,0.4,0.4667,-0.06669999999999998,3.9043,4.0075,0.86,3,3,0,1.0,0,1
2024/2025_Ciste_Mint _11Round,4,0.75,0.4643,0.4938,-0.029500000000000026,0.5413,0.5323,0.009000000000000008,0.4,0.4667,-0.06669999999999998,3.9043,4.0075,0.86,4,3,1,1.0,0,1
2024/2025_Ciste_Mint _11Round,5,1.0,0.4643,0.4938,-0.029500000000000026,0.5413,0.5323,0.009000000000000008,0.4,0.4667,-0.06669999999999998,3.9043,4.0075,0.86,5,3,2,1.0,1,1
2024/2025_Ciste_Moden_7Round,1,0.0,0.52,0.4675,0.05249999999999999,0.5504,0.5009,0.04949999999999999,0.4,0.5333,-0.13329999999999997,3.7692,2.991,-1.216,0,0,0,0.5,0,1
2024/2025_Ciste_Moden_7Round,1,0.0,0.52,0.4675,0.05249999999999999,0.5504,0.5009,0.04949999999999999,0.4,0.5333,-0.13329999999999997,3.7692,2.991,-1.216,1,0,1,1.0,0,1
2024/2025_Ciste_Moden_7Round,2,0.25,0.52,0.4675,0.05249999999999999,0.5504,0.5009,0.04949999999999999,0.4,0.5333,-0.13329999999999997,3.7692,2.991,-1.216,2,0,2,1.0,0,1
2024/2025_Ciste_Moden_7Round,2,0.25,0.52,0.4675,0.05249999999999999,0.5504,0.5009,0.04949999999999999,0.4,0.5333,-0.13329999999999997,3.7692,2.991,-1.216,3,0,3,1.0,0,0
2024/2025_Ciste_Moden_7Round,3,0.5,0.52,0.4675,0.05249999999999999,0.5504,0.5009,0.04949999999999999,0.4,0.5333,-0.13329999999999997,3.7692,2.991,-1.216,3,1,2,0.0,0,0
2024/2025_Ciste_Moden_7Round,3,0.5,0.52,0.4675,0.05249999999999999,0.5504,0.5009,0.04949999999999999,0.4,0.5333,-0.13329999999999997,3.7692,2.991,-1.216,3,2,1,0.0,0,1
2024/2025_Ciste_Moden_7Round,4,0.75,0.52,0.4675,0.05249999999999999,0.5504,0.5009,0.04949999999999999,0.4,0.5333,-0.13329999999999997,3.7692,2.991,-1.216,4,2,2,1.0,0,0
2024/2025_Ciste_Moden_7Round,4,0.75,0.52,0.4675,0.05249999999999999,0.5504,0.5009,0.04949999999999999,0.4,0.5333,-0.13329999999999997,3.7692,2.991,-1.216,4,3,1,0.0,0,0
2024/2025_Ciste_Moden_7Round,5,1.0,0.52,0.4675,0.05249999999999999,0.5504,0.5009,0.04949999999999999,0.4,0.5333,-0.13329999999999997,3.7692,2.991,-1.216,4,4,0,0.0,1,1
2024/2025_Ciste_Moden_7Round,5,1.0,0.52,0.4675,0.05249999999999999,0.5504,0.5009,0.04949999999999999,0.4,0.5333,-0.13329999999999997,3.7692,2.991,-1.216,5,4,1,1.0,1,0
2024/2025_Ciste_Padov_6Round,1,0.0,0.5,0.4079,0.09210000000000002,0.5505,0.4947,0.055800000000000016,0.4,0.4,0.0,3.4991,4.2925,-2.043,0,0,0,0.5,0,1
2024/2025_Ciste_Padov_6Round,1,0.0,0.5,0.4079,0.09210000000000002,0.5505,0.4947,0.055800000000000016,0.4,0.4,0.0,3.4991,4.2925,-2.043,1,0,1,1.0,0,1
2024/2025_Ciste_Padov_6Round,2,0.25,0.5,0.4079,0.09210000000000002,0.5505,0.4947,0.055800000000000016,0.4,0.4,0.0,3.4991,4.2925,-2.043,2,0,2,1.0,0,0
2024/2025_Ciste_Padov_6Round,2,0.25,0.5,0.4079,0.09210000000000002,0.5505,0.4947,0.055800000000000016,0.4,0.4,0.0,3.4991,4.2925,-2.043,2,1,1,0.0,0,0
2024/2025_Ciste_Padov_6Round,3,0.5,0.5,0.4079,0.09210000000000002,0.5505,0.4947,0.055800000000000016,0.4,0.4,0.0,3.4991,4.2925,-2.043,2,2,0,0.0,0,0
2024/2025_Ciste_Padov_6Round,3,0.5,0.5,0.4079,0.09210000000000002,0.5505,0.4947,0.055800000000000016,0.4,0.4,0.0,3.4991,4.2925,-2.043,2,3,-1,0.0,0,1
2024/2025_Ciste_Padov_6Round,4,0.75,0.5,0.4079,0.09210000000000002,0.5505,0.4947,0.055800000000000016,0.4,0.4,0.0,3.4991,4.2925,-2.043,3,3,0,1.0,0,1
2024/2025_Ciste_Padov_6Round,4,0.75,0.5,0.4079,0.09210000000000002,0.5505,0.4947,0.055800000000000016,0.4,0.4,0.0,3.4991,4.2925,-2.043,4,3,1,1.0,0,1
2024/2025_Ciste_Padov_6Round,5,1.0,0.5,0.4079,0.09210000000000002,0.5505,0.4947,0.055800000000000016,0.4,0.4,0.0,3.4991,4.2925,-2.043,5,3,2,1.0,1,0
2024/2025_Ciste_Piace_3Round,1,0.0,0.5714,0.5273,0.04410000000000003,0.56,0.5024,0.057600000000000096,0.4667,0.6,-0.13329999999999997,3.7757,4.0142,-2.51,0,0,0,0.5,0,0
2024/2025_Ciste_Piace_3Round,1,0.0,0.5714,0.5273,0.04410000000000003,0.56,0.5024,0.057600000000000096,0.4667,0.6,-0.13329999999999997,3.7757,4.0142,-2.51,0,1,-1,0.0,0,1
2024/2025_Ciste_Piace_3Round,2,0.25,0.5714,0.5273,0.04410000000000003,0.56,0.5024,0.057600000000000096,0.4667,0.6,-0.13329999999999997,3.7757,4.0142,-2.51,1,1,0,1.0,0,0
2024/2025_Ciste_Piace_3Round,2,0.25,0.5714,0.5273,0.04410000000000003,0.56,0.5024,0.057600000000000096,0.4667,0.6,-0.13329999999999997,3.7757,4.0142,-2.51,1,2,-1,0.0,0,1
2024/2025_Ciste_Piace_3Round,3,0.5,0.5714,0.5273,0.04410000000000003,0.56,0.5024,0.057600000000000096,0.4667,0.6,-0.13329999999999997,3.7757,4.0142,-2.51,2,2,0,1.0,0,1
2024/2025_Ciste_Piace_3Round,3,0.5,0.5714,0.5273,0.04410000000000003,0.56,0.5024,0.057600000000000096,0.4667,0.6,-0.13329999999999997,3.7757,4.0142,-2.51,3,2,1,1.0,0,0
2024/2025_Ciste_Piace_3Round,4,0.75,0.5714,0.5273,0.04410000000000003,0.56,0.5024,0.057600000000000096,0.4667,0.6,-0.13329999999999997,3.7757,4.0142,-2.51,3,3,0,0.0,0,0
2024/2025_Ciste_Piace_3Round,4,0.75,0.5714,0.5273,0.04410000000000003,0.56,0.5024,0.057600000000000096,0.4667,0.6,-0.13329999999999997,3.7757,4.0142,-2.51,3,4,-1,0.0,0,1
2024/2025_Ciste_Sir S_4Round,1,0.0,0.5455,0.6,-0.05449999999999999,0.5569,0.4945,0.062399999999999956,0.4667,0.6,-0.13329999999999997,3.7826,3.8886,-3.0,0,0,0,0.5,0,0
2024/2025_Ciste_Sir S_4Round,1,0.0,0.5455,0.6,-0.05449999999999999,0.5569,0.4945,0.062399999999999956,0.4667,0.6,-0.13329999999999997,3.7826,3.8886,-3.0,0,1,-1,0.0,0,0
2024/2025_Ciste_Sir S_4Round,2,0.25,0.5455,0.6,-0.05449999999999999,0.5569,0.4945,0.062399999999999956,0.4667,0.6,-0.13329999999999997,3.7826,3.8886,-3.0,0,2,-2,0.0,0,0
2024/2025_Ciste_Sir S_4Round,2,0.25,0.5455,0.6,-0.05449999999999999,0.5569,0.4945,0.062399999999999956,0.4667,0.6,-0.13329999999999997,3.7826,3.8886,-3.0,0,3,-3,0.0,0,1
2024/2025_Ciste_Sir S_4Round,3,0.5,0.5455,0.6,-0.05449999999999999,0.5569,0.4945,0.062399999999999956,0.4667,0.6,-0.13329999999999997,3.7826,3.8886,-3.0,1,3,-2,1.0,0,0
2024/2025_Ciste_Sir S_4Round,3,0.5,0.5455,0.6,-0.05449999999999999,0.5569,0.4945,0.062399999999999956,0.4667,0.6,-0.13329999999999997,3.7826,3.8886,-3.0,1,4,-3,0.0,0,1
2024/2025_Ciste_Sir S_4Round,4,0.75,0.5455,0.6,-0.05449999999999999,0.5569,0.4945,0.062399999999999956,0.4667,0.6,-0.13329999999999997,3.7826,3.8886,-3.0,2,4,-2,1.0,0,1
2024/2025_Ciste_Trent_1Round,1,0.0,0.5789,0.5417,0.03720000000000001,0.5697,0.4909,0.07879999999999998,0.4667,0.5333,-0.06659999999999999,4.0528,3.6213,-2.447,0,0,0,0.5,0,1
2024/2025_Ciste_Trent_1Round,1,0.0,0.5789,0.5417,0.03720000000000001,0.5697,0.4909,0.07879999999999998,0.4667,0.5333,-0.06659999999999999,4.0528,3.6213,-2.447,1,0,1,1.0,0,1
2024/2025_Ciste_Trent_1Round,2,0.25,0.5789,0.5417,0.03720000000000001,0.5697,0.4909,0.07879999999999998,0.4667,0.5333,-0.06659999999999999,4.0528,3.6213,-2.447,2,0,2,1.0,0,1
2024/2025_Ciste_Trent_1Round,2,0.25,0.5789,0.5417,0.03720000000000001,0.5697,0.4909,0.07879999999999998,0.4667,0.5333,-0.06659999999999999,4.0528,3.6213,-2.447,3,0,3,1.0,0,0
2024/2025_Ciste_Trent_1Round,3,0.5,0.5789,0.5417,0.03720000000000001,0.5697,0.4909,0.07879999999999998,0.4667,0.5333,-0.06659999999999999,4.0528,3.6213,-2.447,3,1,2,0.0,0,1
2024/2025_Ciste_Trent_1Round,3,0.5,0.5789,0.5417,0.03720000000000001,0.5697,0.4909,0.07879999999999998,0.4667,0.5333,-0.06659999999999999,4.0528,3.6213,-2.447,4,1,3,1.0,0,0
2024/2025_Ciste_Trent_1Round,4,0.75,0.5789,0.5417,0.03720000000000001,0.5697,0.4909,0.07879999999999998,0.4667,0.5333,-0.06659999999999999,4.0528,3.6213,-2.447,4,2,2,0.0,0,0
2024/2025_Ciste_Veron_2Round,1,0.0,0.6,0.5068,0.09319999999999995,0.57,0.4648,0.10519999999999996,0.4667,0.4667,0.0,3.9833,3.579,-2.58,0,0,0,0.5,0,0
2024/2025_Ciste_Veron_2Round,1,0.0,0.6,0.5068,0.09319999999999995,0.57,0.4648,0.10519999999999996,0.4667,0.4667,0.0,3.9833,3.579,-2.58,0,1,-1,0.0,0,0
2024/2025_Ciste_Veron_2Round,2,0.25,0.6,0.5068,0.09319999999999995,0.57,0.4648,0.10519999999999996,0.4667,0.4667,0.0,3.9833,3.579,-2.58,0,2,-2,0.0,0,0
2024/2025_Ciste_Veron_2Round,2,0.25,0.6,0.5068,0.09319999999999995,0.57,0.4648,0.10519999999999996,0.4667,0.4667,0.0,3.9833,3.579,-2.58,0,3,-3,0.0,0,1
2024/2025_Ciste_Veron_2Round,3,0.5,0.6,0.5068,0.09319999999999995,0.57,0.4648,0.10519999999999996,0.4667,0.4667,0.0,3.9833,3.579,-2.58,1,3,-2,1.0,0,0
2024/2025_Ciste_Veron_2Round,3,0.5,0.6,0.5068,0.09319999999999995,0.57,0.4648,0.10519999999999996,0.4667,0.4667,0.0,3.9833,3.579,-2.58,1,4,-3,0.0,0,0
2024/2025_Ciste_Veron_2Round,4,0.75,0.6,0.5068,0.09319999999999995,0.57,0.4648,0.10519999999999996,0.4667,0.4667,0.0,3.9833,3.579,-2.58,1,5,-4,0.0,0,1
2024/2025_Ciste_Veron_2Round,5,1.0,0.6,0.5068,0.09319999999999995,0.57,0.4648,0.10519999999999996,0.4667,0.4667,0.0,3.9833,3.579,-2.58,2,5,-3,1.0,1,1
2024/2025_Cosed_Delta_13Round,1,0.0,0.6522,0.5,0.1522,0.561,0.5369,0.02410000000000001,0.6667,0.4667,0.19999999999999996,4.416,4.2576,0.0,0,0,0,0.5,0,1
2024/2025_Cosed_Delta_13Round,1,0.0,0.6522,0.5,0.1522,0.561,0.5369,0.02410000000000001,0.6667,0.4667,0.19999999999999996,4.416,4.2576,0.0,1,0,1,1.0,0,0
2024/2025_Cosed_Delta_13Round,2,0.25,0.6522,0.5,0.1522,0.561,0.5369,0.02410000000000001,0.6667,0.4667,0.19999999999999996,4.416,4.2576,0.0,1,1,0,0.0,0,1
2024/2025_Cosed_Delta_13Round,2,0.25,0.6522,0.5,0.1522,0.561,0.5369,0.02410000000000001,0.6667,0.4667,0.19999999999999996,4.416,4.2576,0.0,2,1,1,1.0,0,1
2024/2025_Cosed_Delta_13Round,3,0.5,0.6522,0.5,0.1522,0.561,0.5369,0.02410000000000001,0.6667,0.4667,0.19999999999999996,4.416,4.2576,0.0,3,1,2,1.0,0,1
2024/2025_Cosed_Delta_13Round,3,0.5,0.6522,0.5,0.1522,0.561,0.5369,0.02410000000000001,0.6667,0.4667,0.19999999999999996,4.416,4.2576,0.0,4,1,3,1.0,0,1
2024/2025_Cosed_Delta_13Round,4,0.75,0.6522,0.5,0.1522,0.561,0.5369,0.02410000000000001,0.6667,0.4667,0.19999999999999996,4.416,4.2576,0.0,5,1,4,1.0,0,1
2024/2025_Cosed_Emma _9Round,1,0.0,0.5789,0.4634,0.11549999999999999,0.5367,0.4811,0.05559999999999993,0.5714,0.4667,0.10470000000000002,4.0356,4.3253,0.0,0,0,0,0.5,0,0
2024/2025_Cosed_Emma _9Round,1,0.0,0.5789,0.4634,0.11549999999999999,0.5367,0.4811,0.05559999999999993,0.5714,0.4667,0.10470000000000002,4.0356,4.3253,0.0,0,1,-1,0.0,0,1
2024/2025_Cosed_Emma _9Round,2,0.25,0.5789,0.4634,0.11549999999999999,0.5367,0.4811,0.05559999999999993,0.5714,0.4667,0.10470000000000002,4.0356,4.3253,0.0,1,1,0,1.0,0,1
2024/2025_Cosed_Emma _9Round,2,0.25,0.5789,0.4634,0.11549999999999999,0.5367,0.4811,0.05559999999999993,0.5714,0.4667,0.10470000000000002,4.0356,4.3253,0.0,2,1,1,1.0,0,1
2024/2025_Cosed_Emma _9Round,3,0.5,0.5789,0.4634,0.11549999999999999,0.5367,0.4811,0.05559999999999993,0.5714,0.4667,0.10470000000000002,4.0356,4.3253,0.0,3,1,2,1.0,0,1
2024/2025_Cosed_Emma _9Round,3,0.5,0.5789,0.4634,0.11549999999999999,0.5367,0.4811,0.05559999999999993,0.5714,0.4667,0.10470000000000002,4.0356,4.3253,0.0,4,1,3,1.0,0,1
2024/2025_Cosed_Emma _9Round,4,0.75,0.5789,0.4634,0.11549999999999999,0.5367,0.4811,0.05559999999999993,0.5714,0.4667,0.10470000000000002,4.0356,4.3253,0.0,5,1,4,1.0,0,0
2024/2025_Cosed_Emma _9Round,5,1.0,0.5789,0.4634,0.11549999999999999,0.5367,0.4811,0.05559999999999993,0.5714,0.4667,0.10470000000000002,4.0356,4.3253,0.0,5,2,3,0.0,1,0
2024/2025_Cosed_Evolu_5Round,1,0.0,0.5882,0.5862,0.0019999999999998908,0.5337,0.5198,0.013899999999999912,0.5833,0.4667,0.11660000000000004,3.9086,3.9742,0.0,0,0,0,0.5,0,0
2024/2025_Cosed_Evolu_5Round,1,0.0,0.5882,0.5862,0.0019999999999998908,0.5337,0.5198,0.013899999999999912,0.5833,0.4667,0.11660000000000004,3.9086,3.9742,0.0,0,1,-1,0.0,0,0
2024/2025_Cosed_Evolu_5Round,2,0.25,0.5882,0.5862,0.0019999999999998908,0.5337,0.5198,0.013899999999999912,0.5833,0.4667,0.11660000000000004,3.9086,3.9742,0.0,0,2,-2,0.0,0,0
2024/2025_Cosed_Evolu_5Round,2,0.25,0.5882,0.5862,0.0019999999999998908,0.5337,0.5198,0.013899999999999912,0.5833,0.4667,0.11660000000000004,3.9086,3.9742,0.0,0,3,-3,0.0,0,1
2024/2025_Cosed_Evolu_5Round,3,0.5,0.5882,0.5862,0.0019999999999998908,0.5337,0.5198,0.013899999999999912,0.5833,0.4667,0.11660000000000004,3.9086,3.9742,0.0,1,3,-2,1.0,0,0
2024/2025_Cosed_Evolu_5Round,3,0.5,0.5882,0.5862,0.0019999999999998908,0.5337,0.5198,0.013899999999999912,0.5833,0.4667,0.11660000000000004,3.9086,3.9742,0.0,1,4,-3,0.0,0,1
2024/2025_Cosed_Evolu_5Round,4,0.75,0.5882,0.5862,0.0019999999999998908,0.5337,0.5198,0.013899999999999912,0.5833,0.4667,0.11660000000000004,3.9086,3.9742,0.0,2,4,-2,1.0,0,0
2024/2025_Cosed_Evolu_5Round,5,1.0,0.5882,0.5862,0.0019999999999998908,0.5337,0.5198,0.013899999999999912,0.5833,0.4667,0.11660000000000004,3.9086,3.9742,0.0,2,5,-3,0.0,1,1
2024/2025_Cosed_Macer_3Round,1,0.0,0.6,0.64,-0.040000000000000036,0.525,0.5456,-0.02059999999999995,0.5455,0.5385,0.007000000000000006,3.9204,4.3418,0.0,0,0,0,0.5,0,1
2024/2025_Cosed_Macer_3Round,1,0.0,0.6,0.64,-0.040000000000000036,0.525,0.5456,-0.02059999999999995,0.5455,0.5385,0.007000000000000006,3.9204,4.3418,0.0,1,0,1,1.0,0,0
2024/2025_Cosed_Macer_3Round,2,0.25,0.6,0.64,-0.040000000000000036,0.525,0.5456,-0.02059999999999995,0.5455,0.5385,0.007000000000000006,3.9204,4.3418,0.0,1,1,0,0.0,0,1
2024/2025_Cosed_Macer_3Round,2,0.25,0.6,0.64,-0.040000000000000036,0.525,0.5456,-0.02059999999999995,0.5455,0.5385,0.007000000000000006,3.9204,4.3418,0.0,2,1,1,1.0,0,0
2024/2025_Cosed_Macer_3Round,3,0.5,0.6,0.64,-0.040000000000000036,0.525,0.5456,-0.02059999999999995,0.5455,0.5385,0.007000000000000006,3.9204,4.3418,0.0,2,2,0,0.0,0,1
2024/2025_Cosed_Macer_3Round,3,0.5,0.6,0.64,-0.040000000000000036,0.525,0.5456,-0.02059999999999995,0.5455,0.5385,0.007000000000000006,3.9204,4.3418,0.0,3,2,1,1.0,0,1
2024/2025_Cosed_Macer_3Round,4,0.75,0.6,0.64,-0.040000000000000036,0.525,0.5456,-0.02059999999999995,0.5455,0.5385,0.007000000000000006,3.9204,4.3418,0.0,4,2,2,1.0,0,1
2024/2025_Cosed_Macer_3Round,5,1.0,0.6,0.64,-0.040000000000000036,0.525,0.5456,-0.02059999999999995,0.5455,0.5385,0.007000000000000006,3.9204,4.3418,0.0,5,2,3,1.0,1,1
2024/2025_Cosed_Pinet_6Round,1,0.0,0.5556,0.4138,0.14179999999999998,0.5247,0.4591,0.06560000000000005,0.5385,0.4,0.13849999999999996,3.7419,3.3162,0.0,0,0,0,0.5,0,1
2024/2025_Cosed_Pinet_6Round,1,0.0,0.5556,0.4138,0.14179999999999998,0.5247,0.4591,0.06560000000000005,0.5385,0.4,0.13849999999999996,3.7419,3.3162,0.0,1,0,1,1.0,0,0
2024/2025_Cosed_Pinet_6Round,2,0.25,0.5556,0.4138,0.14179999999999998,0.5247,0.4591,0.06560000000000005,0.5385,0.4,0.13849999999999996,3.7419,3.3162,0.0,1,1,0,0.0,0,1
2024/2025_Cosed_Pinet_6Round,2,0.25,0.5556,0.4138,0.14179999999999998,0.5247,0.4591,0.06560000000000005,0.5385,0.4,0.13849999999999996,3.7419,3.3162,0.0,2,1,1,1.0,0,1
2024/2025_Cosed_Pinet_6Round,3,0.5,0.5556,0.4138,0.14179999999999998,0.5247,0.4591,0.06560000000000005,0.5385,0.4,0.13849999999999996,3.7419,3.3162,0.0,3,1,2,1.0,0,1
2024/2025_Cosed_Pinet_6Round,3,0.5,0.5556,0.4138,0.14179999999999998,0.5247,0.4591,0.06560000000000005,0.5385,0.4,0.13849999999999996,3.7419,3.3162,0.0,4,1,3,1.0,0,0
2024/2025_Cosed_Pinet_6Round,4,0.75,0.5556,0.4138,0.14179999999999998,0.5247,0.4591,0.06560000000000005,0.5385,0.4,0.13849999999999996,3.7419,3.3162,0.0,4,2,2,0.0,0,1
2024/2025_Cosed_Pinet_6Round,5,1.0,0.5556,0.4138,0.14179999999999998,0.5247,0.4591,0.06560000000000005,0.5385,0.4,0.13849999999999996,3.7419,3.3162,0.0,5,2,3,1.0,1,1
2024/2025_Cosed_Prata_10Round,1,0.0,0.6,0.4054,0.1946,0.5411,0.4553,0.08580000000000004,0.6,0.4,0.19999999999999996,4.1206,3.2875,0.0,0,0,0,0.5,0,0
2024/2025_Cosed_Prata_10Round,1,0.0,0.6,0.4054,0.1946,0.5411,0.4553,0.08580000000000004,0.6,0.4,0.19999999999999996,4.1206,3.2875,0.0,0,1,-1,0.0,0,1
2024/2025_Cosed_Prata_10Round,2,0.25,0.6,0.4054,0.1946,0.5411,0.4553,0.08580000000000004,0.6,0.4,0.19999999999999996,4.1206,3.2875,0.0,1,1,0,1.0,0,1
2024/2025_Cosed_Prata_10Round,2,0.25,0.6,0.4054,0.1946,0.5411,0.4553,0.08580000000000004,0.6,0.4,0.19999999999999996,4.1206,3.2875,0.0,2,1,1,1.0,0,1
2024/2025_Cosed_Prata_10Round,3,0.5,0.6,0.4054,0.1946,0.5411,0.4553,0.08580000000000004,0.6,0.4,0.19999999999999996,4.1206,3.2875,0.0,3,1,2,1.0,0,1
2024/2025_Cosed_Prata_10Round,3,0.5,0.6,0.4054,0.1946,0.5411,0.4553,0.08580000000000004,0.6,0.4,0.19999999999999996,4.1206,3.2875,0.0,4,1,3,1.0,0,0
2024/2025_Cosed_Prata_10Round,4,0.75,0.6,0.4054,0.1946,0.5411,0.4553,0.08580000000000004,0.6,0.4,0.19999999999999996,4.1206,3.2875,0.0,4,2,2,0.0,0,1
2024/2025_Cosed_Prata_10Round,5,1.0,0.6,0.4054,0.1946,0.5411,0.4553,0.08580000000000004,0.6,0.4,0.19999999999999996,4.1206,3.2875,0.0,5,2,3,1.0,1,0
2024/2025_Cosed_Raven_12Round,1,0.0,0.6364,0.5312,0.10519999999999996,0.558,0.5298,0.028200000000000003,0.6,0.5333,0.06669999999999998,4.4124,3.5972,0.0,0,0,0,0.5,0,1
2024/2025_Cosed_Raven_12Round,1,0.0,0.6364,0.5312,0.10519999999999996,0.558,0.5298,0.028200000000000003,0.6,0.5333,0.06669999999999998,4.4124,3.5972,0.0,1,0,1,1.0,0,1
2024/2025_Cosed_Raven_12Round,2,0.25,0.6364,0.5312,0.10519999999999996,0.558,0.5298,0.028200000000000003,0.6,0.5333,0.06669999999999998,4.4124,3.5972,0.0,2,0,2,1.0,0,1
2024/2025_Cosed_Raven_12Round,2,0.25,0.6364,0.5312,0.10519999999999996,0.558,0.5298,0.028200000000000003,0.6,0.5333,0.06669999999999998,4.4124,3.5972,0.0,3,0,3,1.0,0,1
2024/2025_Cosed_Raven_12Round,3,0.5,0.6364,0.5312,0.10519999999999996,0.558,0.5298,0.028200000000000003,0.6,0.5333,0.06669999999999998,4.4124,3.5972,0.0,4,0,4,1.0,0,1
2024/2025_Cosed_Raven_12Round,3,0.5,0.6364,0.5312,0.10519999999999996,0.558,0.5298,0.028200000000000003,0.6,0.5333,0.06669999999999998,4.4124,3.5972,0.0,5,0,5,1.0,0,0
2024/2025_Cosed_Raven_12Round,4,0.75,0.6364,0.5312,0.10519999999999996,0.558,0.5298,0.028200000000000003,0.6,0.5333,0.06669999999999998,4.4124,3.5972,0.0,5,1,4,0.0,0,0
2024/2025_Cosed_Raven_12Round,5,1.0,0.6364,0.5312,0.10519999999999996,0.558,0.5298,0.028200000000000003,0.6,0.5333,0.06669999999999998,4.4124,3.5972,0.0,5,2,3,0.0,1,0
2024/2025_Cosed_Smart_11Round,1,0.0,0.619,0.3667,0.25229999999999997,0.5452,0.4259,0.11930000000000002,0.6,0.4667,0.13329999999999997,4.1907,3.2981,0.0,0,0,0,0.5,0,1
2024/2025_Cosed_Smart_11Round,1,0.0,0.619,0.3667,0.25229999999999997,0.5452,0.4259,0.11930000000000002,0.6,0.4667,0.13329999999999997,4.1907,3.2981,0.0,1,0,1,1.0,0,1
2024/2025_Cosed_Smart_11Round,2,0.25,0.619,0.3667,0.25229999999999997,0.5452,0.4259,0.11930000000000002,0.6,0.4667,0.13329999999999997,4.1907,3.2981,0.0,2,0,2,1.0,0,1
2024/2025_Cosed_Smart_11Round,2,0.25,0.619,0.3667,0.25229999999999997,0.5452,0.4259,0.11930000000000002,0.6,0.4667,0.13329999999999997,4.1907,3.2981,0.0,3,0,3,1.0,0,1
2024/2025_Cosed_Smart_11Round,3,0.5,0.619,0.3667,0.25229999999999997,0.5452,0.4259,0.11930000000000002,0.6,0.4667,0.13329999999999997,4.1907,3.2981,0.0,4,0,4,1.0,0,1
2024/2025_Cosed_Smart_11Round,3,0.5,0.619,0.3667,0.25229999999999997,0.5452,0.4259,0.11930000000000002,0.6,0.4667,0.13329999999999997,4.1907,3.2981,0.0,5,0,5,1.0,0,0
2024/2025_Cosed_Smart_11Round,4,0.75,0.619,0.3667,0.25229999999999997,0.5452,0.4259,0.11930000000000002,0.6,0.4667,0.13329999999999997,4.1907,3.2981,0.0,5,1,4,0.0,0,1
2024/2025_Delta_Emma _7Round,1,0.0,0.4722,0.4615,0.010699999999999987,0.5273,0.4766,0.05069999999999997,0.4667,0.4667,0.0,3.8417,3.8593,0.0,0,0,0,0.5,0,1
2024/2025_Delta_Emma _7Round,1,0.0,0.4722,0.4615,0.010699999999999987,0.5273,0.4766,0.05069999999999997,0.4667,0.4667,0.0,3.8417,3.8593,0.0,1,0,1,1.0,0,0
2024/2025_Delta_Emma _7Round,2,0.25,0.4722,0.4615,0.010699999999999987,0.5273,0.4766,0.05069999999999997,0.4667,0.4667,0.0,3.8417,3.8593,0.0,1,1,0,0.0,0,1
2024/2025_Delta_Emma _7Round,2,0.25,0.4722,0.4615,0.010699999999999987,0.5273,0.4766,0.05069999999999997,0.4667,0.4667,0.0,3.8417,3.8593,0.0,2,1,1,1.0,0,1
2024/2025_Delta_Emma _7Round,3,0.5,0.4722,0.4615,0.010699999999999987,0.5273,0.4766,0.05069999999999997,0.4667,0.4667,0.0,3.8417,3.8593,0.0,3,1,2,1.0,0,1
2024/2025_Delta_Emma _7Round,3,0.5,0.4722,0.4615,0.010699999999999987,0.5273,0.4766,0.05069999999999997,0.4667,0.4667,0.0,3.8417,3.8593,0.0,4,1,3,1.0,0,0
2024/2025_Delta_Emma _7Round,4,0.75,0.4722,0.4615,0.010699999999999987,0.5273,0.4766,0.05069999999999997,0.4667,0.4667,0.0,3.8417,3.8593,0.0,4,2,2,0.0,0,0
2024/2025_Delta_Emma _7Round,4,0.75,0.4722,0.4615,0.010699999999999987,0.5273,0.4766,0.05069999999999997,0.4667,0.4667,0.0,3.8417,3.8593,0.0,4,3,1,0.0,0,1
2024/2025_Delta_Emma _7Round,5,1.0,0.4722,0.4615,0.010699999999999987,0.5273,0.4766,0.05069999999999997,0.4667,0.4667,0.0,3.8417,3.8593,0.0,5,3,2,1.0,1,0
2024/2025_Delta_Evolu_6Round,1,0.0,0.4857,0.6,-0.11429999999999996,0.5296,0.5234,0.006199999999999983,0.4667,0.5333,-0.06659999999999999,4.136,4.1377,0.0,0,0,0,0.5,0,0
2024/2025_Delta_Evolu_6Round,1,0.0,0.4857,0.6,-0.11429999999999996,0.5296,0.5234,0.006199999999999983,0.4667,0.5333,-0.06659999999999999,4.136,4.1377,0.0,0,1,-1,0.0,0,0
2024/2025_Delta_Evolu_6Round,2,0.25,0.4857,0.6,-0.11429999999999996,0.5296,0.5234,0.006199999999999983,0.4667,0.5333,-0.06659999999999999,4.136,4.1377,0.0,0,2,-2,0.0,0,0
2024/2025_Delta_Evolu_6Round,2,0.25,0.4857,0.6,-0.11429999999999996,0.5296,0.5234,0.006199999999999983,0.4667,0.5333,-0.06659999999999999,4.136,4.1377,0.0,0,3,-3,0.0,0,1
2024/2025_Delta_Evolu_6Round,3,0.5,0.4857,0.6,-0.11429999999999996,0.5296,0.5234,0.006199999999999983,0.4667,0.5333,-0.06659999999999999,4.136,4.1377,0.0,1,3,-2,1.0,0,0
2024/2025_Delta_Evolu_6Round,3,0.5,0.4857,0.6,-0.11429999999999996,0.5296,0.5234,0.006199999999999983,0.4667,0.5333,-0.06659999999999999,4.136,4.1377,0.0,1,4,-3,0.0,0,1
2024/2025_Delta_Evolu_6Round,4,0.75,0.4857,0.6,-0.11429999999999996,0.5296,0.5234,0.006199999999999983,0.4667,0.5333,-0.06659999999999999,4.136,4.1377,0.0,2,4,-2,1.0,0,1
2024/2025_Delta_Macer_9Round,1,0.0,0.5,0.5517,-0.05169999999999997,0.5355,0.5168,0.01869999999999994,0.5333,0.4,0.13329999999999997,4.4554,3.2075,0.0,0,0,0,0.5,0,1
2024/2025_Delta_Macer_9Round,1,0.0,0.5,0.5517,-0.05169999999999997,0.5355,0.5168,0.01869999999999994,0.5333,0.4,0.13329999999999997,4.4554,3.2075,0.0,1,0,1,1.0,0,0
2024/2025_Delta_Macer_9Round,2,0.25,0.5,0.5517,-0.05169999999999997,0.5355,0.5168,0.01869999999999994,0.5333,0.4,0.13329999999999997,4.4554,3.2075,0.0,1,1,0,0.0,0,1
2024/2025_Delta_Macer_9Round,2,0.25,0.5,0.5517,-0.05169999999999997,0.5355,0.5168,0.01869999999999994,0.5333,0.4,0.13329999999999997,4.4554,3.2075,0.0,2,1,1,1.0,0,0
2024/2025_Delta_Macer_9Round,3,0.5,0.5,0.5517,-0.05169999999999997,0.5355,0.5168,0.01869999999999994,0.5333,0.4,0.13329999999999997,4.4554,3.2075,0.0,2,2,0,0.0,0,0
2024/2025_Delta_Macer_9Round,3,0.5,0.5,0.5517,-0.05169999999999997,0.5355,0.5168,0.01869999999999994,0.5333,0.4,0.13329999999999997,4.4554,3.2075,0.0,2,3,-1,0.0,0,1
2024/2025_Delta_Macer_9Round,4,0.75,0.5,0.5517,-0.05169999999999997,0.5355,0.5168,0.01869999999999994,0.5333,0.4,0.13329999999999997,4.4554,3.2075,0.0,3,3,0,1.0,0,1
2024/2025_Delta_Macer_9Round,4,0.75,0.5,0.5517,-0.05169999999999997,0.5355,0.5168,0.01869999999999994,0.5333,0.4,0.13329999999999997,4.4554,3.2075,0.0,4,3,1,1.0,0,1
2024/2025_Delta_Macer_9Round,5,1.0,0.5,0.5517,-0.05169999999999997,0.5355,0.5168,0.01869999999999994,0.5333,0.4,0.13329999999999997,4.4554,3.2075,0.0,5,3,2,1.0,1,1
2024/2025_Delta_Pinet_4Round,1,0.0,0.4848,0.4074,0.07740000000000002,0.5293,0.4661,0.06319999999999998,0.4667,0.4667,0.0,4.6601,3.6218,0.0,0,0,0,0.5,0,1
2024/2025_Delta_Pinet_4Round,1,0.0,0.4848,0.4074,0.07740000000000002,0.5293,0.4661,0.06319999999999998,0.4667,0.4667,0.0,4.6601,3.6218,0.0,1,0,1,1.0,0,0
2024/2025_Delta_Pinet_4Round,2,0.25,0.4848,0.4074,0.07740000000000002,0.5293,0.4661,0.06319999999999998,0.4667,0.4667,0.0,4.6601,3.6218,0.0,1,1,0,0.0,0,1
2024/2025_Delta_Pinet_4Round,2,0.25,0.4848,0.4074,0.07740000000000002,0.5293,0.4661,0.06319999999999998,0.4667,0.4667,0.0,4.6601,3.6218,0.0,2,1,1,1.0,0,1
2024/2025_Delta_Pinet_4Round,3,0.5,0.4848,0.4074,0.07740000000000002,0.5293,0.4661,0.06319999999999998,0.4667,0.4667,0.0,4.6601,3.6218,0.0,3,1,2,1.0,0,1
2024/2025_Delta_Pinet_4Round,3,0.5,0.4848,0.4074,0.07740000000000002,0.5293,0.4661,0.06319999999999998,0.4667,0.4667,0.0,4.6601,3.6218,0.0,4,1,3,1.0,0,1
2024/2025_Delta_Pinet_4Round,4,0.75,0.4848,0.4074,0.07740000000000002,0.5293,0.4661,0.06319999999999998,0.4667,0.4667,0.0,4.6601,3.6218,0.0,5,1,4,1.0,0,1
2024/2025_Delta_Prata_2Round,1,0.0,0.4688,0.4194,0.0494,0.5207,0.4692,0.051500000000000046,0.4667,0.5333,-0.06659999999999999,4.3983,4.1173,0.0,0,0,0,0.5,0,1
2024/2025_Delta_Prata_2Round,1,0.0,0.4688,0.4194,0.0494,0.5207,0.4692,0.051500000000000046,0.4667,0.5333,-0.06659999999999999,4.3983,4.1173,0.0,1,0,1,1.0,0,1
2024/2025_Delta_Prata_2Round,2,0.25,0.4688,0.4194,0.0494,0.5207,0.4692,0.051500000000000046,0.4667,0.5333,-0.06659999999999999,4.3983,4.1173,0.0,2,0,2,1.0,0,1
2024/2025_Delta_Prata_2Round,2,0.25,0.4688,0.4194,0.0494,0.5207,0.4692,0.051500000000000046,0.4667,0.5333,-0.06659999999999999,4.3983,4.1173,0.0,3,0,3,1.0,0,1
2024/2025_Delta_Prata_2Round,3,0.5,0.4688,0.4194,0.0494,0.5207,0.4692,0.051500000000000046,0.4667,0.5333,-0.06659999999999999,4.3983,4.1173,0.0,4,0,4,1.0,0,1
2024/2025_Delta_Prata_2Round,3,0.5,0.4688,0.4194,0.0494,0.5207,0.4692,0.051500000000000046,0.4667,0.5333,-0.06659999999999999,4.3983,4.1173,0.0,5,0,5,1.0,0,0
2024/2025_Delta_Prata_2Round,4,0.75,0.4688,0.4194,0.0494,0.5207,0.4692,0.051500000000000046,0.4667,0.5333,-0.06659999999999999,4.3983,4.1173,0.0,5,1,4,0.0,0,1
2024/2025_Delta_Raven_5Round,1,0.0,0.5,0.5185,-0.01849999999999996,0.5376,0.5308,0.006799999999999917,0.5333,0.5333,0.0,4.8518,3.86,0.0,0,0,0,0.5,0,0
2024/2025_Delta_Raven_5Round,1,0.0,0.5,0.5185,-0.01849999999999996,0.5376,0.5308,0.006799999999999917,0.5333,0.5333,0.0,4.8518,3.86,0.0,0,1,-1,0.0,0,0
2024/2025_Delta_Raven_5Round,2,0.25,0.5,0.5185,-0.01849999999999996,0.5376,0.5308,0.006799999999999917,0.5333,0.5333,0.0,4.8518,3.86,0.0,0,2,-2,0.0,0,0
2024/2025_Delta_Raven_5Round,2,0.25,0.5,0.5185,-0.01849999999999996,0.5376,0.5308,0.006799999999999917,0.5333,0.5333,0.0,4.8518,3.86,0.0,0,3,-3,0.0,0,1
2024/2025_Delta_Raven_5Round,3,0.5,0.5,0.5185,-0.01849999999999996,0.5376,0.5308,0.006799999999999917,0.5333,0.5333,0.0,4.8518,3.86,0.0,1,3,-2,1.0,0,0
2024/2025_Delta_Raven_5Round,3,0.5,0.5,0.5185,-0.01849999999999996,0.5376,0.5308,0.006799999999999917,0.5333,0.5333,0.0,4.8518,3.86,0.0,1,4,-3,0.0,0,1
2024/2025_Delta_Raven_5Round,4,0.75,0.5,0.5185,-0.01849999999999996,0.5376,0.5308,0.006799999999999917,0.5333,0.5333,0.0,4.8518,3.86,0.0,2,4,-2,1.0,0,0
2024/2025_Delta_Raven_5Round,5,1.0,0.5,0.5185,-0.01849999999999996,0.5376,0.5308,0.006799999999999917,0.5333,0.5333,0.0,4.8518,3.86,0.0,2,5,-3,0.0,1,0
2024/2025_Delta_Smart_8Round,1,0.0,0.4865,0.3571,0.12940000000000002,0.5281,0.4313,0.0968,0.5333,0.4,0.13329999999999997,4.0699,3.2016,0.0,0,0,0,0.5,0,1
2024/2025_Delta_Smart_8Round,1,0.0,0.4865,0.3571,0.12940000000000002,0.5281,0.4313,0.0968,0.5333,0.4,0.13329999999999997,4.0699,3.2016,0.0,1,0,1,1.0,0,0
2024/2025_Delta_Smart_8Round,2,0.25,0.4865,0.3571,0.12940000000000002,0.5281,0.4313,0.0968,0.5333,0.4,0.13329999999999997,4.0699,3.2016,0.0,1,1,0,0.0,0,1
2024/2025_Delta_Smart_8Round,2,0.25,0.4865,0.3571,0.12940000000000002,0.5281,0.4313,0.0968,0.5333,0.4,0.13329999999999997,4.0699,3.2016,0.0,2,1,1,1.0,0,1
2024/2025_Delta_Smart_8Round,3,0.5,0.4865,0.3571,0.12940000000000002,0.5281,0.4313,0.0968,0.5333,0.4,0.13329999999999997,4.0699,3.2016,0.0,3,1,2,1.0,0,1
2024/2025_Delta_Smart_8Round,3,0.5,0.4865,0.3571,0.12940000000000002,0.5281,0.4313,0.0968,0.5333,0.4,0.13329999999999997,4.0699,3.2016,0.0,4,1,3,1.0,0,1
2024/2025_Delta_Smart_8Round,4,0.75,0.4865,0.3571,0.12940000000000002,0.5281,0.4313,0.0968,0.5333,0.4,0.13329999999999997,4.0699,3.2016,0.0,5,1,4,1.0,0,1
2024/2025_Emma _Evolu_1Round,1,0.0,0.4412,0.6296,-0.18840000000000007,0.4676,0.5238,-0.05620000000000003,0.4,0.5333,-0.13329999999999997,3.9694,3.9872,0.0,0,0,0,0.5,0,1
2024/2025_Emma _Evolu_1Round,1,0.0,0.4412,0.6296,-0.18840000000000007,0.4676,0.5238,-0.05620000000000003,0.4,0.5333,-0.13329999999999997,3.9694,3.9872,0.0,1,0,1,1.0,0,0
2024/2025_Emma _Evolu_1Round,2,0.25,0.4412,0.6296,-0.18840000000000007,0.4676,0.5238,-0.05620000000000003,0.4,0.5333,-0.13329999999999997,3.9694,3.9872,0.0,1,1,0,0.0,0,1
2024/2025_Emma _Evolu_1Round,2,0.25,0.4412,0.6296,-0.18840000000000007,0.4676,0.5238,-0.05620000000000003,0.4,0.5333,-0.13329999999999997,3.9694,3.9872,0.0,2,1,1,1.0,0,0
2024/2025_Emma _Evolu_1Round,3,0.5,0.4412,0.6296,-0.18840000000000007,0.4676,0.5238,-0.05620000000000003,0.4,0.5333,-0.13329999999999997,3.9694,3.9872,0.0,2,2,0,0.0,0,1
2024/2025_Emma _Evolu_1Round,3,0.5,0.4412,0.6296,-0.18840000000000007,0.4676,0.5238,-0.05620000000000003,0.4,0.5333,-0.13329999999999997,3.9694,3.9872,0.0,3,2,1,1.0,0,1
2024/2025_Emma _Evolu_1Round,4,0.75,0.4412,0.6296,-0.18840000000000007,0.4676,0.5238,-0.05620000000000003,0.4,0.5333,-0.13329999999999997,3.9694,3.9872,0.0,4,2,2,1.0,0,0
2024/2025_Emma _Macer_5Round,1,0.0,0.4474,0.6154,-0.16799999999999993,0.4743,0.5347,-0.060399999999999954,0.5333,0.5,0.033299999999999996,3.8509,3.8273,0.0,0,0,0,0.5,0,1
2024/2025_Emma _Macer_5Round,1,0.0,0.4474,0.6154,-0.16799999999999993,0.4743,0.5347,-0.060399999999999954,0.5333,0.5,0.033299999999999996,3.8509,3.8273,0.0,1,0,1,1.0,0,1
2024/2025_Emma _Macer_5Round,2,0.25,0.4474,0.6154,-0.16799999999999993,0.4743,0.5347,-0.060399999999999954,0.5333,0.5,0.033299999999999996,3.8509,3.8273,0.0,2,0,2,1.0,0,1
2024/2025_Emma _Macer_5Round,2,0.25,0.4474,0.6154,-0.16799999999999993,0.4743,0.5347,-0.060399999999999954,0.5333,0.5,0.033299999999999996,3.8509,3.8273,0.0,3,0,3,1.0,0,0
2024/2025_Emma _Macer_5Round,3,0.5,0.4474,0.6154,-0.16799999999999993,0.4743,0.5347,-0.060399999999999954,0.5333,0.5,0.033299999999999996,3.8509,3.8273,0.0,3,1,2,0.0,0,1
2024/2025_Emma _Macer_5Round,3,0.5,0.4474,0.6154,-0.16799999999999993,0.4743,0.5347,-0.060399999999999954,0.5333,0.5,0.033299999999999996,3.8509,3.8273,0.0,4,1,3,1.0,0,0
2024/2025_Emma _Macer_5Round,4,0.75,0.4474,0.6154,-0.16799999999999993,0.4743,0.5347,-0.060399999999999954,0.5333,0.5,0.033299999999999996,3.8509,3.8273,0.0,4,2,2,0.0,0,0
2024/2025_Emma _Pinet_2Round,1,0.0,0.4571,0.4,0.057099999999999984,0.4702,0.4679,0.0023000000000000242,0.4667,0.4,0.06669999999999998,3.9396,3.315,0.0,0,0,0,0.5,0,1
2024/2025_Emma _Pinet_2Round,1,0.0,0.4571,0.4,0.057099999999999984,0.4702,0.4679,0.0023000000000000242,0.4667,0.4,0.06669999999999998,3.9396,3.315,0.0,1,0,1,1.0,0,1
2024/2025_Emma _Pinet_2Round,2,0.25,0.4571,0.4,0.057099999999999984,0.4702,0.4679,0.0023000000000000242,0.4667,0.4,0.06669999999999998,3.9396,3.315,0.0,2,0,2,1.0,0,1
2024/2025_Emma _Pinet_2Round,2,0.25,0.4571,0.4,0.057099999999999984,0.4702,0.4679,0.0023000000000000242,0.4667,0.4,0.06669999999999998,3.9396,3.315,0.0,3,0,3,1.0,0,1
2024/2025_Emma _Pinet_2Round,3,0.5,0.4571,0.4,0.057099999999999984,0.4702,0.4679,0.0023000000000000242,0.4667,0.4,0.06669999999999998,3.9396,3.315,0.0,4,0,4,1.0,0,1
2024/2025_Emma _Pinet_2Round,3,0.5,0.4571,0.4,0.057099999999999984,0.4702,0.4679,0.0023000000000000242,0.4667,0.4,0.06669999999999998,3.9396,3.315,0.0,5,0,5,1.0,0,0
2024/2025_Emma _Pinet_2Round,4,0.75,0.4571,0.4,0.057099999999999984,0.4702,0.4679,0.0023000000000000242,0.4667,0.4,0.06669999999999998,3.9396,3.315,0.0,5,1,4,0.0,0,0
2024/2025_Emma _Pinet_2Round,5,1.0,0.4571,0.4,0.057099999999999984,0.4702,0.4679,0.0023000000000000242,0.4667,0.4,0.06669999999999998,3.9396,3.315,0.0,5,2,3,0.0,1,0
2024/2025_Emma _Prata_8Round,1,0.0,0.45,0.4167,0.033299999999999996,0.4756,0.4591,0.016500000000000015,0.6,0.4667,0.13329999999999997,3.8661,3.3545,0.0,0,0,0,0.5,0,0
2024/2025_Emma _Prata_8Round,1,0.0,0.45,0.4167,0.033299999999999996,0.4756,0.4591,0.016500000000000015,0.6,0.4667,0.13329999999999997,3.8661,3.3545,0.0,0,1,-1,0.0,0,1
2024/2025_Emma _Prata_8Round,2,0.25,0.45,0.4167,0.033299999999999996,0.4756,0.4591,0.016500000000000015,0.6,0.4667,0.13329999999999997,3.8661,3.3545,0.0,1,1,0,1.0,0,1
2024/2025_Emma _Prata_8Round,2,0.25,0.45,0.4167,0.033299999999999996,0.4756,0.4591,0.016500000000000015,0.6,0.4667,0.13329999999999997,3.8661,3.3545,0.0,2,1,1,1.0,0,1
2024/2025_Emma _Prata_8Round,3,0.5,0.45,0.4167,0.033299999999999996,0.4756,0.4591,0.016500000000000015,0.6,0.4667,0.13329999999999997,3.8661,3.3545,0.0,3,1,2,1.0,0,0
2024/2025_Emma _Prata_8Round,3,0.5,0.45,0.4167,0.033299999999999996,0.4756,0.4591,0.016500000000000015,0.6,0.4667,0.13329999999999997,3.8661,3.3545,0.0,3,2,1,0.0,0,0
2024/2025_Emma _Prata_8Round,4,0.75,0.45,0.4167,0.033299999999999996,0.4756,0.4591,0.016500000000000015,0.6,0.4667,0.13329999999999997,3.8661,3.3545,0.0,3,3,0,0.0,0,1
2024/2025_Emma _Prata_8Round,4,0.75,0.45,0.4167,0.033299999999999996,0.4756,0.4591,0.016500000000000015,0.6,0.4667,0.13329999999999997,3.8661,3.3545,0.0,4,3,1,1.0,0,1
2024/2025_Emma _Prata_8Round,5,1.0,0.45,0.4167,0.033299999999999996,0.4756,0.4591,0.016500000000000015,0.6,0.4667,0.13329999999999997,3.8661,3.3545,0.0,5,3,2,1.0,1,1
2024/2025_Emma _Raven_3Round,1,0.0,0.4722,0.52,-0.04780000000000001,0.4747,0.5356,-0.060899999999999954,0.5333,0.6,-0.06669999999999998,4.136,4.1455,0.0,0,0,0,0.5,0,0
2024/2025_Emma _Raven_3Round,1,0.0,0.4722,0.52,-0.04780000000000001,0.4747,0.5356,-0.060899999999999954,0.5333,0.6,-0.06669999999999998,4.136,4.1455,0.0,0,1,-1,0.0,0,1
2024/2025_Emma _Raven_3Round,2,0.25,0.4722,0.52,-0.04780000000000001,0.4747,0.5356,-0.060899999999999954,0.5333,0.6,-0.06669999999999998,4.136,4.1455,0.0,1,1,0,1.0,0,0
2024/2025_Emma _Raven_3Round,2,0.25,0.4722,0.52,-0.04780000000000001,0.4747,0.5356,-0.060899999999999954,0.5333,0.6,-0.06669999999999998,4.136,4.1455,0.0,1,2,-1,0.0,0,1
2024/2025_Emma _Raven_3Round,3,0.5,0.4722,0.52,-0.04780000000000001,0.4747,0.5356,-0.060899999999999954,0.5333,0.6,-0.06669999999999998,4.136,4.1455,0.0,2,2,0,1.0,0,0
2024/2025_Emma _Raven_3Round,3,0.5,0.4722,0.52,-0.04780000000000001,0.4747,0.5356,-0.060899999999999954,0.5333,0.6,-0.06669999999999998,4.136,4.1455,0.0,2,3,-1,0.0,0,1
2024/2025_Emma _Smart_12Round,1,0.0,0.4419,0.3548,0.08710000000000001,0.4698,0.4178,0.05199999999999999,0.6,0.4,0.19999999999999996,3.0239,2.8482,0.0,0,0,0,0.5,0,1
2024/2025_Emma _Smart_12Round,1,0.0,0.4419,0.3548,0.08710000000000001,0.4698,0.4178,0.05199999999999999,0.6,0.4,0.19999999999999996,3.0239,2.8482,0.0,1,0,1,1.0,0,1
2024/2025_Emma _Smart_12Round,2,0.25,0.4419,0.3548,0.08710000000000001,0.4698,0.4178,0.05199999999999999,0.6,0.4,0.19999999999999996,3.0239,2.8482,0.0,2,0,2,1.0,0,1
2024/2025_Emma _Smart_12Round,2,0.25,0.4419,0.3548,0.08710000000000001,0.4698,0.4178,0.05199999999999999,0.6,0.4,0.19999999999999996,3.0239,2.8482,0.0,3,0,3,1.0,0,1
2024/2025_Emma _Smart_12Round,3,0.5,0.4419,0.3548,0.08710000000000001,0.4698,0.4178,0.05199999999999999,0.6,0.4,0.19999999999999996,3.0239,2.8482,0.0,4,0,4,1.0,0,1
2024/2025_Emma _Smart_12Round,3,0.5,0.4419,0.3548,0.08710000000000001,0.4698,0.4178,0.05199999999999999,0.6,0.4,0.19999999999999996,3.0239,2.8482,0.0,5,0,5,1.0,0,1
2024/2025_Evolu_Macer_8Round,1,0.0,0.5938,0.5714,0.022399999999999975,0.516,0.5261,-0.010099999999999998,0.4286,0.4667,-0.03810000000000002,3.5848,3.5034,0.0,0,0,0,0.5,0,1
2024/2025_Evolu_Macer_8Round,1,0.0,0.5938,0.5714,0.022399999999999975,0.516,0.5261,-0.010099999999999998,0.4286,0.4667,-0.03810000000000002,3.5848,3.5034,0.0,1,0,1,1.0,0,0
2024/2025_Evolu_Macer_8Round,2,0.25,0.5938,0.5714,0.022399999999999975,0.516,0.5261,-0.010099999999999998,0.4286,0.4667,-0.03810000000000002,3.5848,3.5034,0.0,1,1,0,0.0,0,1
2024/2025_Evolu_Macer_8Round,2,0.25,0.5938,0.5714,0.022399999999999975,0.516,0.5261,-0.010099999999999998,0.4286,0.4667,-0.03810000000000002,3.5848,3.5034,0.0,2,1,1,1.0,0,0
2024/2025_Evolu_Macer_8Round,3,0.5,0.5938,0.5714,0.022399999999999975,0.516,0.5261,-0.010099999999999998,0.4286,0.4667,-0.03810000000000002,3.5848,3.5034,0.0,2,2,0,0.0,0,1
2024/2025_Evolu_Macer_8Round,3,0.5,0.5938,0.5714,0.022399999999999975,0.516,0.5261,-0.010099999999999998,0.4286,0.4667,-0.03810000000000002,3.5848,3.5034,0.0,3,2,1,1.0,0,1
2024/2025_Evolu_Macer_8Round,4,0.75,0.5938,0.5714,0.022399999999999975,0.516,0.5261,-0.010099999999999998,0.4286,0.4667,-0.03810000000000002,3.5848,3.5034,0.0,4,2,2,1.0,0,1
2024/2025_Evolu_Macer_8Round,5,1.0,0.5938,0.5714,0.022399999999999975,0.516,0.5261,-0.010099999999999998,0.4286,0.4667,-0.03810000000000002,3.5848,3.5034,0.0,5,2,3,1.0,1,1
2024/2025_Evolu_Pinet_3Round,1,0.0,0.6071,0.3846,0.22249999999999998,0.5208,0.4641,0.05670000000000003,0.5,0.4,0.09999999999999998,3.7517,3.2747,0.0,0,0,0,0.5,0,1
2024/2025_Evolu_Pinet_3Round,1,0.0,0.6071,0.3846,0.22249999999999998,0.5208,0.4641,0.05670000000000003,0.5,0.4,0.09999999999999998,3.7517,3.2747,0.0,1,0,1,1.0,0,0
2024/2025_Evolu_Pinet_3Round,2,0.25,0.6071,0.3846,0.22249999999999998,0.5208,0.4641,0.05670000000000003,0.5,0.4,0.09999999999999998,3.7517,3.2747,0.0,1,1,0,0.0,0,1
2024/2025_Evolu_Pinet_3Round,2,0.25,0.6071,0.3846,0.22249999999999998,0.5208,0.4641,0.05670000000000003,0.5,0.4,0.09999999999999998,3.7517,3.2747,0.0,2,1,1,1.0,0,1
2024/2025_Evolu_Pinet_3Round,3,0.5,0.6071,0.3846,0.22249999999999998,0.5208,0.4641,0.05670000000000003,0.5,0.4,0.09999999999999998,3.7517,3.2747,0.0,3,1,2,1.0,0,0
2024/2025_Evolu_Pinet_3Round,3,0.5,0.6071,0.3846,0.22249999999999998,0.5208,0.4641,0.05670000000000003,0.5,0.4,0.09999999999999998,3.7517,3.2747,0.0,3,2,1,0.0,0,0
2024/2025_Evolu_Pinet_3Round,4,0.75,0.6071,0.3846,0.22249999999999998,0.5208,0.4641,0.05670000000000003,0.5,0.4,0.09999999999999998,3.7517,3.2747,0.0,3,3,0,0.0,0,0
2024/2025_Evolu_Pinet_3Round,4,0.75,0.6071,0.3846,0.22249999999999998,0.5208,0.4641,0.05670000000000003,0.5,0.4,0.09999999999999998,3.7517,3.2747,0.0,3,4,-1,0.0,0,1
2024/2025_Evolu_Pinet_3Round,5,1.0,0.6071,0.3846,0.22249999999999998,0.5208,0.4641,0.05670000000000003,0.5,0.4,0.09999999999999998,3.7517,3.2747,0.0,4,4,0,1.0,1,1
2024/2025_Evolu_Pinet_3Round,5,1.0,0.6071,0.3846,0.22249999999999998,0.5208,0.4641,0.05670000000000003,0.5,0.4,0.09999999999999998,3.7517,3.2747,0.0,5,4,1,1.0,1,0
2024/2025_Evolu_Prata_11Round,1,0.0,0.5714,0.3947,0.17670000000000002,0.518,0.4531,0.06490000000000001,0.4667,0.4,0.06669999999999998,4.0389,3.2392,0.0,0,0,0,0.5,0,0
2024/2025_Evolu_Prata_11Round,1,0.0,0.5714,0.3947,0.17670000000000002,0.518,0.4531,0.06490000000000001,0.4667,0.4,0.06669999999999998,4.0389,3.2392,0.0,0,1,-1,0.0,0,1
2024/2025_Evolu_Prata_11Round,2,0.25,0.5714,0.3947,0.17670000000000002,0.518,0.4531,0.06490000000000001,0.4667,0.4,0.06669999999999998,4.0389,3.2392,0.0,1,1,0,1.0,0,1
2024/2025_Evolu_Prata_11Round,2,0.25,0.5714,0.3947,0.17670000000000002,0.518,0.4531,0.06490000000000001,0.4667,0.4,0.06669999999999998,4.0389,3.2392,0.0,2,1,1,1.0,0,0
2024/2025_Evolu_Prata_11Round,3,0.5,0.5714,0.3947,0.17670000000000002,0.518,0.4531,0.06490000000000001,0.4667,0.4,0.06669999999999998,4.0389,3.2392,0.0,2,2,0,0.0,0,0
2024/2025_Evolu_Prata_11Round,3,0.5,0.5714,0.3947,0.17670000000000002,0.518,0.4531,0.06490000000000001,0.4667,0.4,0.06669999999999998,4.0389,3.2392,0.0,2,3,-1,0.0,0,1
2024/2025_Evolu_Prata_11Round,4,0.75,0.5714,0.3947,0.17670000000000002,0.518,0.4531,0.06490000000000001,0.4667,0.4,0.06669999999999998,4.0389,3.2392,0.0,3,3,0,1.0,0,1
2024/2025_Evolu_Prata_11Round,4,0.75,0.5714,0.3947,0.17670000000000002,0.518,0.4531,0.06490000000000001,0.4667,0.4,0.06669999999999998,4.0389,3.2392,0.0,4,3,1,1.0,0,1
2024/2025_Evolu_Prata_11Round,5,1.0,0.5714,0.3947,0.17670000000000002,0.518,0.4531,0.06490000000000001,0.4667,0.4,0.06669999999999998,4.0389,3.2392,0.0,5,3,2,1.0,1,0
2024/2025_Evolu_Raven_7Round,1,0.0,0.6129,0.5357,0.07720000000000005,0.5248,0.5388,-0.013999999999999901,0.4615,0.5333,-0.07179999999999997,4.0551,4.2393,0.0,0,0,0,0.5,0,1
2024/2025_Evolu_Raven_7Round,1,0.0,0.6129,0.5357,0.07720000000000005,0.5248,0.5388,-0.013999999999999901,0.4615,0.5333,-0.07179999999999997,4.0551,4.2393,0.0,1,0,1,1.0,0,0
2024/2025_Evolu_Raven_7Round,2,0.25,0.6129,0.5357,0.07720000000000005,0.5248,0.5388,-0.013999999999999901,0.4615,0.5333,-0.07179999999999997,4.0551,4.2393,0.0,1,1,0,0.0,0,0
2024/2025_Evolu_Raven_7Round,2,0.25,0.6129,0.5357,0.07720000000000005,0.5248,0.5388,-0.013999999999999901,0.4615,0.5333,-0.07179999999999997,4.0551,4.2393,0.0,1,2,-1,0.0,0,1
2024/2025_Evolu_Raven_7Round,3,0.5,0.6129,0.5357,0.07720000000000005,0.5248,0.5388,-0.013999999999999901,0.4615,0.5333,-0.07179999999999997,4.0551,4.2393,0.0,2,2,0,1.0,0,0
2024/2025_Evolu_Raven_7Round,3,0.5,0.6129,0.5357,0.07720000000000005,0.5248,0.5388,-0.013999999999999901,0.4615,0.5333,-0.07179999999999997,4.0551,4.2393,0.0,2,3,-1,0.0,0,0
2024/2025_Evolu_Raven_7Round,4,0.75,0.6129,0.5357,0.07720000000000005,0.5248,0.5388,-0.013999999999999901,0.4615,0.5333,-0.07179999999999997,4.0551,4.2393,0.0,2,4,-2,0.0,0,0
2024/2025_Evolu_Raven_7Round,5,1.0,0.6129,0.5357,0.07720000000000005,0.5248,0.5388,-0.013999999999999901,0.4615,0.5333,-0.07179999999999997,4.0551,4.2393,0.0,2,5,-3,0.0,1,0
2024/2025_Evolu_Smart_10Round,1,0.0,0.5882,0.3448,0.24339999999999995,0.5188,0.4224,0.09640000000000004,0.4667,0.4,0.06669999999999998,3.8072,2.7956,0.0,0,0,0,0.5,0,1
2024/2025_Evolu_Smart_10Round,1,0.0,0.5882,0.3448,0.24339999999999995,0.5188,0.4224,0.09640000000000004,0.4667,0.4,0.06669999999999998,3.8072,2.7956,0.0,1,0,1,1.0,0,0
2024/2025_Evolu_Smart_10Round,2,0.25,0.5882,0.3448,0.24339999999999995,0.5188,0.4224,0.09640000000000004,0.4667,0.4,0.06669999999999998,3.8072,2.7956,0.0,1,1,0,0.0,0,1
2024/2025_Evolu_Smart_10Round,2,0.25,0.5882,0.3448,0.24339999999999995,0.5188,0.4224,0.09640000000000004,0.4667,0.4,0.06669999999999998,3.8072,2.7956,0.0,2,1,1,1.0,0,0
2024/2025_Evolu_Smart_10Round,3,0.5,0.5882,0.3448,0.24339999999999995,0.5188,0.4224,0.09640000000000004,0.4667,0.4,0.06669999999999998,3.8072,2.7956,0.0,2,2,0,0.0,0,1
2024/2025_Evolu_Smart_10Round,3,0.5,0.5882,0.3448,0.24339999999999995,0.5188,0.4224,0.09640000000000004,0.4667,0.4,0.06669999999999998,3.8072,2.7956,0.0,3,2,1,1.0,0,1
2024/2025_Evolu_Smart_10Round,4,0.75,0.5882,0.3448,0.24339999999999995,0.5188,0.4224,0.09640000000000004,0.4667,0.4,0.06669999999999998,3.8072,2.7956,0.0,4,2,2,1.0,0,0
2024/2025_Evolu_Smart_10Round,4,0.75,0.5882,0.3448,0.24339999999999995,0.5188,0.4224,0.09640000000000004,0.4667,0.4,0.06669999999999998,3.8072,2.7956,0.0,4,3,1,0.0,0,0
2024/2025_Evolu_Smart_10Round,5,1.0,0.5882,0.3448,0.24339999999999995,0.5188,0.4224,0.09640000000000004,0.4667,0.4,0.06669999999999998,3.8072,2.7956,0.0,4,4,0,0.0,1,1
2024/2025_Evolu_Smart_10Round,5,1.0,0.5882,0.3448,0.24339999999999995,0.5188,0.4224,0.09640000000000004,0.4667,0.4,0.06669999999999998,3.8072,2.7956,0.0,5,4,1,1.0,1,0
2024/2025_Grott_Lube_11Round,1,0.0,0.4783,0.5062,-0.02789999999999998,0.4889,0.5355,-0.046599999999999975,0.4667,0.6,-0.13329999999999997,3.7986,5.0111,-2.7,0,0,0,0.5,0,0
2024/2025_Grott_Lube_11Round,1,0.0,0.4783,0.5062,-0.02789999999999998,0.4889,0.5355,-0.046599999999999975,0.4667,0.6,-0.13329999999999997,3.7986,5.0111,-2.7,0,1,-1,0.0,0,1
2024/2025_Grott_Lube_11Round,2,0.25,0.4783,0.5062,-0.02789999999999998,0.4889,0.5355,-0.046599999999999975,0.4667,0.6,-0.13329999999999997,3.7986,5.0111,-2.7,1,1,0,1.0,0,0
2024/2025_Grott_Lube_11Round,2,0.25,0.4783,0.5062,-0.02789999999999998,0.4889,0.5355,-0.046599999999999975,0.4667,0.6,-0.13329999999999997,3.7986,5.0111,-2.7,1,2,-1,0.0,0,1
2024/2025_Grott_Lube_11Round,3,0.5,0.4783,0.5062,-0.02789999999999998,0.4889,0.5355,-0.046599999999999975,0.4667,0.6,-0.13329999999999997,3.7986,5.0111,-2.7,2,2,0,1.0,0,0
2024/2025_Grott_Lube_11Round,3,0.5,0.4783,0.5062,-0.02789999999999998,0.4889,0.5355,-0.046599999999999975,0.4667,0.6,-0.13329999999999997,3.7986,5.0111,-2.7,2,3,-1,0.0,0,1
2024/2025_Grott_Milan_7Round,1,0.0,0.4211,0.4675,-0.04640000000000005,0.47,0.4809,-0.01090000000000002,0.4,0.3333,0.06670000000000004,3.5654,3.8749,-3.0,0,0,0,0.5,0,1
2024/2025_Grott_Milan_7Round,1,0.0,0.4211,0.4675,-0.04640000000000005,0.47,0.4809,-0.01090000000000002,0.4,0.3333,0.06670000000000004,3.5654,3.8749,-3.0,1,0,1,1.0,0,1
2024/2025_Grott_Milan_7Round,2,0.25,0.4211,0.4675,-0.04640000000000005,0.47,0.4809,-0.01090000000000002,0.4,0.3333,0.06670000000000004,3.5654,3.8749,-3.0,2,0,2,1.0,0,1
2024/2025_Grott_Milan_7Round,2,0.25,0.4211,0.4675,-0.04640000000000005,0.47,0.4809,-0.01090000000000002,0.4,0.3333,0.06670000000000004,3.5654,3.8749,-3.0,3,0,3,1.0,0,0
2024/2025_Grott_Milan_7Round,3,0.5,0.4211,0.4675,-0.04640000000000005,0.47,0.4809,-0.01090000000000002,0.4,0.3333,0.06670000000000004,3.5654,3.8749,-3.0,3,1,2,0.0,0,0
2024/2025_Grott_Milan_7Round,3,0.5,0.4211,0.4675,-0.04640000000000005,0.47,0.4809,-0.01090000000000002,0.4,0.3333,0.06670000000000004,3.5654,3.8749,-3.0,3,2,1,0.0,0,1
2024/2025_Grott_Milan_7Round,4,0.75,0.4211,0.4675,-0.04640000000000005,0.47,0.4809,-0.01090000000000002,0.4,0.3333,0.06670000000000004,3.5654,3.8749,-3.0,4,2,2,1.0,0,0
2024/2025_Grott_Milan_7Round,4,0.75,0.4211,0.4675,-0.04640000000000005,0.47,0.4809,-0.01090000000000002,0.4,0.3333,0.06670000000000004,3.5654,3.8749,-3.0,4,3,1,0.0,0,1
2024/2025_Grott_Milan_7Round,5,1.0,0.4211,0.4675,-0.04640000000000005,0.47,0.4809,-0.01090000000000002,0.4,0.3333,0.06670000000000004,3.5654,3.8749,-3.0,5,3,2,1.0,1,1
2024/2025_Grott_Mint _1Round,1,0.0,0.5,0.5139,-0.013900000000000023,0.481,0.5277,-0.046699999999999964,0.5455,0.5333,0.012199999999999989,3.5313,3.3433,-2.4,0,0,0,0.5,0,0
2024/2025_Grott_Mint _1Round,1,0.0,0.5,0.5139,-0.013900000000000023,0.481,0.5277,-0.046699999999999964,0.5455,0.5333,0.012199999999999989,3.5313,3.3433,-2.4,0,1,-1,0.0,0,0
2024/2025_Grott_Mint _1Round,2,0.25,0.5,0.5139,-0.013900000000000023,0.481,0.5277,-0.046699999999999964,0.5455,0.5333,0.012199999999999989,3.5313,3.3433,-2.4,0,2,-2,0.0,0,0
2024/2025_Grott_Mint _1Round,2,0.25,0.5,0.5139,-0.013900000000000023,0.481,0.5277,-0.046699999999999964,0.5455,0.5333,0.012199999999999989,3.5313,3.3433,-2.4,0,3,-3,0.0,0,1
2024/2025_Grott_Mint _1Round,3,0.5,0.5,0.5139,-0.013900000000000023,0.481,0.5277,-0.046699999999999964,0.5455,0.5333,0.012199999999999989,3.5313,3.3433,-2.4,1,3,-2,1.0,0,0
2024/2025_Grott_Mint _1Round,3,0.5,0.5,0.5139,-0.013900000000000023,0.481,0.5277,-0.046699999999999964,0.5455,0.5333,0.012199999999999989,3.5313,3.3433,-2.4,1,4,-3,0.0,0,0
2024/2025_Grott_Mint _1Round,4,0.75,0.5,0.5139,-0.013900000000000023,0.481,0.5277,-0.046699999999999964,0.5455,0.5333,0.012199999999999989,3.5313,3.3433,-2.4,1,5,-4,0.0,0,1
2024/2025_Grott_Mint _1Round,5,1.0,0.5,0.5139,-0.013900000000000023,0.481,0.5277,-0.046699999999999964,0.5455,0.5333,0.012199999999999989,3.5313,3.3433,-2.4,2,5,-3,1.0,1,0
2024/2025_Grott_Moden_2Round,1,0.0,0.4667,0.4861,-0.019399999999999973,0.4649,0.5092,-0.044300000000000006,0.5,0.4667,0.033299999999999996,3.3754,4.1568,-2.7,0,0,0,0.5,0,1
2024/2025_Grott_Moden_2Round,1,0.0,0.4667,0.4861,-0.019399999999999973,0.4649,0.5092,-0.044300000000000006,0.5,0.4667,0.033299999999999996,3.3754,4.1568,-2.7,1,0,1,1.0,0,1
2024/2025_Grott_Moden_2Round,2,0.25,0.4667,0.4861,-0.019399999999999973,0.4649,0.5092,-0.044300000000000006,0.5,0.4667,0.033299999999999996,3.3754,4.1568,-2.7,2,0,2,1.0,0,1
2024/2025_Grott_Moden_2Round,2,0.25,0.4667,0.4861,-0.019399999999999973,0.4649,0.5092,-0.044300000000000006,0.5,0.4667,0.033299999999999996,3.3754,4.1568,-2.7,3,0,3,1.0,0,1
2024/2025_Grott_Moden_2Round,3,0.5,0.4667,0.4861,-0.019399999999999973,0.4649,0.5092,-0.044300000000000006,0.5,0.4667,0.033299999999999996,3.3754,4.1568,-2.7,4,0,4,1.0,0,1
2024/2025_Grott_Moden_2Round,3,0.5,0.4667,0.4861,-0.019399999999999973,0.4649,0.5092,-0.044300000000000006,0.5,0.4667,0.033299999999999996,3.3754,4.1568,-2.7,5,0,5,1.0,0,0
2024/2025_Grott_Moden_2Round,4,0.75,0.4667,0.4861,-0.019399999999999973,0.4649,0.5092,-0.044300000000000006,0.5,0.4667,0.033299999999999996,3.3754,4.1568,-2.7,5,1,4,0.0,0,1
2024/2025_Grott_Padov_4Round,1,0.0,0.4706,0.4054,0.06520000000000004,0.4806,0.4918,-0.011199999999999988,0.5,0.3333,0.16670000000000001,3.5788,3.3901,-1.3,0,0,0,0.5,0,1
2024/2025_Grott_Padov_4Round,1,0.0,0.4706,0.4054,0.06520000000000004,0.4806,0.4918,-0.011199999999999988,0.5,0.3333,0.16670000000000001,3.5788,3.3901,-1.3,1,0,1,1.0,0,1
2024/2025_Grott_Padov_4Round,2,0.25,0.4706,0.4054,0.06520000000000004,0.4806,0.4918,-0.011199999999999988,0.5,0.3333,0.16670000000000001,3.5788,3.3901,-1.3,2,0,2,1.0,0,0
2024/2025_Grott_Padov_4Round,2,0.25,0.4706,0.4054,0.06520000000000004,0.4806,0.4918,-0.011199999999999988,0.5,0.3333,0.16670000000000001,3.5788,3.3901,-1.3,2,1,1,0.0,0,0
2024/2025_Grott_Padov_4Round,3,0.5,0.4706,0.4054,0.06520000000000004,0.4806,0.4918,-0.011199999999999988,0.5,0.3333,0.16670000000000001,3.5788,3.3901,-1.3,2,2,0,0.0,0,0
2024/2025_Grott_Padov_4Round,3,0.5,0.4706,0.4054,0.06520000000000004,0.4806,0.4918,-0.011199999999999988,0.5,0.3333,0.16670000000000001,3.5788,3.3901,-1.3,2,3,-1,0.0,0,0
2024/2025_Grott_Padov_4Round,4,0.75,0.4706,0.4054,0.06520000000000004,0.4806,0.4918,-0.011199999999999988,0.5,0.3333,0.16670000000000001,3.5788,3.3901,-1.3,2,4,-2,0.0,0,1
2024/2025_Grott_Padov_4Round,4,0.75,0.4706,0.4054,0.06520000000000004,0.4806,0.4918,-0.011199999999999988,0.5,0.3333,0.16670000000000001,3.5788,3.3901,-1.3,3,4,-1,1.0,0,0
2024/2025_Grott_Padov_4Round,5,1.0,0.4706,0.4054,0.06520000000000004,0.4806,0.4918,-0.011199999999999988,0.5,0.3333,0.16670000000000001,3.5788,3.3901,-1.3,3,5,-2,0.0,1,0
2024/2025_Grott_Piace_10Round,1,0.0,0.5,0.5246,-0.024599999999999955,0.4886,0.4968,-0.00820000000000004,0.4667,0.6,-0.13329999999999997,4.0287,3.4449,-3.0,0,0,0,0.5,0,0
2024/2025_Grott_Piace_10Round,1,0.0,0.5,0.5246,-0.024599999999999955,0.4886,0.4968,-0.00820000000000004,0.4667,0.6,-0.13329999999999997,4.0287,3.4449,-3.0,0,1,-1,0.0,0,1
2024/2025_Grott_Piace_10Round,2,0.25,0.5,0.5246,-0.024599999999999955,0.4886,0.4968,-0.00820000000000004,0.4667,0.6,-0.13329999999999997,4.0287,3.4449,-3.0,1,1,0,1.0,0,0
2024/2025_Grott_Piace_10Round,2,0.25,0.5,0.5246,-0.024599999999999955,0.4886,0.4968,-0.00820000000000004,0.4667,0.6,-0.13329999999999997,4.0287,3.4449,-3.0,1,2,-1,0.0,0,1
2024/2025_Grott_Piace_10Round,3,0.5,0.5,0.5246,-0.024599999999999955,0.4886,0.4968,-0.00820000000000004,0.4667,0.6,-0.13329999999999997,4.0287,3.4449,-3.0,2,2,0,1.0,0,0
2024/2025_Grott_Piace_10Round,3,0.5,0.5,0.5246,-0.024599999999999955,0.4886,0.4968,-0.00820000000000004,0.4667,0.6,-0.13329999999999997,4.0287,3.4449,-3.0,2,3,-1,0.0,0,1
2024/2025_Grott_Sir S_8Round,1,0.0,0.45,0.5897,-0.1397,0.4812,0.4904,-0.009199999999999986,0.4667,0.5333,-0.06659999999999999,3.9232,3.4757,-3.0,0,0,0,0.5,0,0
2024/2025_Grott_Sir S_8Round,1,0.0,0.45,0.5897,-0.1397,0.4812,0.4904,-0.009199999999999986,0.4667,0.5333,-0.06659999999999999,3.9232,3.4757,-3.0,0,1,-1,0.0,0,1
2024/2025_Grott_Sir S_8Round,2,0.25,0.45,0.5897,-0.1397,0.4812,0.4904,-0.009199999999999986,0.4667,0.5333,-0.06659999999999999,3.9232,3.4757,-3.0,1,1,0,1.0,0,1
2024/2025_Grott_Sir S_8Round,2,0.25,0.45,0.5897,-0.1397,0.4812,0.4904,-0.009199999999999986,0.4667,0.5333,-0.06659999999999999,3.9232,3.4757,-3.0,2,1,1,1.0,0,1
2024/2025_Grott_Sir S_8Round,3,0.5,0.45,0.5897,-0.1397,0.4812,0.4904,-0.009199999999999986,0.4667,0.5333,-0.06659999999999999,3.9232,3.4757,-3.0,3,1,2,1.0,0,1
2024/2025_Grott_Sir S_8Round,3,0.5,0.45,0.5897,-0.1397,0.4812,0.4904,-0.009199999999999986,0.4667,0.5333,-0.06659999999999999,3.9232,3.4757,-3.0,4,1,3,1.0,0,0
2024/2025_Grott_Sir S_8Round,4,0.75,0.45,0.5897,-0.1397,0.4812,0.4904,-0.009199999999999986,0.4667,0.5333,-0.06659999999999999,3.9232,3.4757,-3.0,4,2,2,0.0,0,0
2024/2025_Grott_Trent_6Round,1,0.0,0.4444,0.5395,-0.09509999999999996,0.4713,0.4922,-0.02090000000000003,0.4667,0.5333,-0.06659999999999999,3.4927,4.1632,-2.4,0,0,0,0.5,0,1
2024/2025_Grott_Trent_6Round,1,0.0,0.4444,0.5395,-0.09509999999999996,0.4713,0.4922,-0.02090000000000003,0.4667,0.5333,-0.06659999999999999,3.4927,4.1632,-2.4,1,0,1,1.0,0,1
2024/2025_Grott_Trent_6Round,2,0.25,0.4444,0.5395,-0.09509999999999996,0.4713,0.4922,-0.02090000000000003,0.4667,0.5333,-0.06659999999999999,3.4927,4.1632,-2.4,2,0,2,1.0,0,0
2024/2025_Grott_Trent_6Round,2,0.25,0.4444,0.5395,-0.09509999999999996,0.4713,0.4922,-0.02090000000000003,0.4667,0.5333,-0.06659999999999999,3.4927,4.1632,-2.4,2,1,1,0.0,0,0
2024/2025_Grott_Trent_6Round,3,0.5,0.4444,0.5395,-0.09509999999999996,0.4713,0.4922,-0.02090000000000003,0.4667,0.5333,-0.06659999999999999,3.4927,4.1632,-2.4,2,2,0,0.0,0,1
2024/2025_Grott_Trent_6Round,3,0.5,0.4444,0.5395,-0.09509999999999996,0.4713,0.4922,-0.02090000000000003,0.4667,0.5333,-0.06659999999999999,3.4927,4.1632,-2.4,3,2,1,1.0,0,0
2024/2025_Grott_Trent_6Round,4,0.75,0.4444,0.5395,-0.09509999999999996,0.4713,0.4922,-0.02090000000000003,0.4667,0.5333,-0.06659999999999999,3.4927,4.1632,-2.4,3,3,0,0.0,0,0
2024/2025_Grott_Trent_6Round,4,0.75,0.4444,0.5395,-0.09509999999999996,0.4713,0.4922,-0.02090000000000003,0.4667,0.5333,-0.06659999999999999,3.4927,4.1632,-2.4,3,4,-1,0.0,0,0
2024/2025_Grott_Trent_6Round,5,1.0,0.4444,0.5395,-0.09509999999999996,0.4713,0.4922,-0.02090000000000003,0.4667,0.5333,-0.06659999999999999,3.4927,4.1632,-2.4,3,5,-2,0.0,1,1
2024/2025_Grott_Veron_3Round,1,0.0,0.5,0.5135,-0.013499999999999956,0.4875,0.4672,0.020299999999999985,0.5385,0.5333,0.005199999999999982,3.683,3.9446,-3.0,0,0,0,0.5,0,0
2024/2025_Grott_Veron_3Round,1,0.0,0.5,0.5135,-0.013499999999999956,0.4875,0.4672,0.020299999999999985,0.5385,0.5333,0.005199999999999982,3.683,3.9446,-3.0,0,1,-1,0.0,0,1
2024/2025_Grott_Veron_3Round,2,0.25,0.5,0.5135,-0.013499999999999956,0.4875,0.4672,0.020299999999999985,0.5385,0.5333,0.005199999999999982,3.683,3.9446,-3.0,1,1,0,1.0,0,0
2024/2025_Grott_Veron_3Round,2,0.25,0.5,0.5135,-0.013499999999999956,0.4875,0.4672,0.020299999999999985,0.5385,0.5333,0.005199999999999982,3.683,3.9446,-3.0,1,2,-1,0.0,0,1
2024/2025_Grott_Veron_3Round,3,0.5,0.5,0.5135,-0.013499999999999956,0.4875,0.4672,0.020299999999999985,0.5385,0.5333,0.005199999999999982,3.683,3.9446,-3.0,2,2,0,1.0,0,0
2024/2025_Grott_Veron_3Round,3,0.5,0.5,0.5135,-0.013499999999999956,0.4875,0.4672,0.020299999999999985,0.5385,0.5333,0.005199999999999982,3.683,3.9446,-3.0,2,3,-1,0.0,0,0
2024/2025_Grott_Veron_3Round,4,0.75,0.5,0.5135,-0.013499999999999956,0.4875,0.4672,0.020299999999999985,0.5385,0.5333,0.005199999999999982,3.683,3.9446,-3.0,2,4,-2,0.0,0,0
2024/2025_Grott_Veron_3Round,5,1.0,0.5,0.5135,-0.013499999999999956,0.4875,0.4672,0.020299999999999985,0.5385,0.5333,0.005199999999999982,3.683,3.9446,-3.0,2,5,-3,0.0,1,1
2024/2025_Lagon_Sorre_11Round,1,0.0,0.4865,0.5294,-0.042899999999999994,0.5332,0.5229,0.010299999999999976,0.6,0.6154,-0.01539999999999997,4.3517,3.9079,0.0,0,0,0,0.5,0,1
2024/2025_Lagon_Sorre_11Round,1,0.0,0.4865,0.5294,-0.042899999999999994,0.5332,0.5229,0.010299999999999976,0.6,0.6154,-0.01539999999999997,4.3517,3.9079,0.0,1,0,1,1.0,0,1
2024/2025_Lagon_Sorre_11Round,2,0.25,0.4865,0.5294,-0.042899999999999994,0.5332,0.5229,0.010299999999999976,0.6,0.6154,-0.01539999999999997,4.3517,3.9079,0.0,2,0,2,1.0,0,1
2024/2025_Lagon_Sorre_11Round,2,0.25,0.4865,0.5294,-0.042899999999999994,0.5332,0.5229,0.010299999999999976,0.6,0.6154,-0.01539999999999997,4.3517,3.9079,0.0,3,0,3,1.0,0,1
2024/2025_Lagon_Sorre_11Round,3,0.5,0.4865,0.5294,-0.042899999999999994,0.5332,0.5229,0.010299999999999976,0.6,0.6154,-0.01539999999999997,4.3517,3.9079,0.0,4,0,4,1.0,0,1
2024/2025_Lagon_Sorre_11Round,3,0.5,0.4865,0.5294,-0.042899999999999994,0.5332,0.5229,0.010299999999999976,0.6,0.6154,-0.01539999999999997,4.3517,3.9079,0.0,5,0,5,1.0,0,0
2024/2025_Lagon_Sorre_11Round,4,0.75,0.4865,0.5294,-0.042899999999999994,0.5332,0.5229,0.010299999999999976,0.6,0.6154,-0.01539999999999997,4.3517,3.9079,0.0,5,1,4,0.0,0,0
2024/2025_Lagon_Sorre_11Round,5,1.0,0.4865,0.5294,-0.042899999999999994,0.5332,0.5229,0.010299999999999976,0.6,0.6154,-0.01539999999999997,4.3517,3.9079,0.0,5,2,3,0.0,1,1
2024/2025_Lube_Milan_2Round,1,0.0,0.4658,0.4583,0.007500000000000007,0.514,0.4833,0.030700000000000005,0.4,0.4,0.0,3.8799,4.1309,0.786,0,0,0,0.5,0,1
2024/2025_Lube_Milan_2Round,1,0.0,0.4658,0.4583,0.007500000000000007,0.514,0.4833,0.030700000000000005,0.4,0.4,0.0,3.8799,4.1309,0.786,1,0,1,1.0,0,1
2024/2025_Lube_Milan_2Round,2,0.25,0.4658,0.4583,0.007500000000000007,0.514,0.4833,0.030700000000000005,0.4,0.4,0.0,3.8799,4.1309,0.786,2,0,2,1.0,0,1
2024/2025_Lube_Milan_2Round,2,0.25,0.4658,0.4583,0.007500000000000007,0.514,0.4833,0.030700000000000005,0.4,0.4,0.0,3.8799,4.1309,0.786,3,0,3,1.0,0,1
2024/2025_Lube_Milan_2Round,3,0.5,0.4658,0.4583,0.007500000000000007,0.514,0.4833,0.030700000000000005,0.4,0.4,0.0,3.8799,4.1309,0.786,4,0,4,1.0,0,1
2024/2025_Lube_Milan_2Round,3,0.5,0.4658,0.4583,0.007500000000000007,0.514,0.4833,0.030700000000000005,0.4,0.4,0.0,3.8799,4.1309,0.786,5,0,5,1.0,0,1
2024/2025_Lube_Mint _3Round,1,0.0,0.473,0.5135,-0.04049999999999998,0.5194,0.5306,-0.011199999999999988,0.4667,0.6,-0.13329999999999997,4.4151,3.7471,1.157,0,0,0,0.5,0,1
2024/2025_Lube_Mint _3Round,1,0.0,0.473,0.5135,-0.04049999999999998,0.5194,0.5306,-0.011199999999999988,0.4667,0.6,-0.13329999999999997,4.4151,3.7471,1.157,1,0,1,1.0,0,1
2024/2025_Lube_Mint _3Round,2,0.25,0.473,0.5135,-0.04049999999999998,0.5194,0.5306,-0.011199999999999988,0.4667,0.6,-0.13329999999999997,4.4151,3.7471,1.157,2,0,2,1.0,0,1
2024/2025_Lube_Mint _3Round,2,0.25,0.473,0.5135,-0.04049999999999998,0.5194,0.5306,-0.011199999999999988,0.4667,0.6,-0.13329999999999997,4.4151,3.7471,1.157,3,0,3,1.0,0,0
2024/2025_Lube_Mint _3Round,3,0.5,0.473,0.5135,-0.04049999999999998,0.5194,0.5306,-0.011199999999999988,0.4667,0.6,-0.13329999999999997,4.4151,3.7471,1.157,3,1,2,0.0,0,1
2024/2025_Lube_Mint _3Round,3,0.5,0.473,0.5135,-0.04049999999999998,0.5194,0.5306,-0.011199999999999988,0.4667,0.6,-0.13329999999999997,4.4151,3.7471,1.157,4,1,3,1.0,0,0
2024/2025_Lube_Mint _3Round,4,0.75,0.473,0.5135,-0.04049999999999998,0.5194,0.5306,-0.011199999999999988,0.4667,0.6,-0.13329999999999997,4.4151,3.7471,1.157,4,2,2,0.0,0,1
2024/2025_Lube_Mint _3Round,5,1.0,0.473,0.5135,-0.04049999999999998,0.5194,0.5306,-0.011199999999999988,0.4667,0.6,-0.13329999999999997,4.4151,3.7471,1.157,5,2,3,1.0,1,1
2024/2025_Lube_Moden_8Round,1,0.0,0.4937,0.4744,0.01930000000000004,0.5287,0.5008,0.027899999999999925,0.6,0.5333,0.06669999999999998,4.3005,3.5353,0.226,0,0,0,0.5,0,1
2024/2025_Lube_Moden_8Round,1,0.0,0.4937,0.4744,0.01930000000000004,0.5287,0.5008,0.027899999999999925,0.6,0.5333,0.06669999999999998,4.3005,3.5353,0.226,1,0,1,1.0,0,1
2024/2025_Lube_Moden_8Round,2,0.25,0.4937,0.4744,0.01930000000000004,0.5287,0.5008,0.027899999999999925,0.6,0.5333,0.06669999999999998,4.3005,3.5353,0.226,2,0,2,1.0,0,1
2024/2025_Lube_Moden_8Round,2,0.25,0.4937,0.4744,0.01930000000000004,0.5287,0.5008,0.027899999999999925,0.6,0.5333,0.06669999999999998,4.3005,3.5353,0.226,3,0,3,1.0,0,1
2024/2025_Lube_Moden_8Round,3,0.5,0.4937,0.4744,0.01930000000000004,0.5287,0.5008,0.027899999999999925,0.6,0.5333,0.06669999999999998,4.3005,3.5353,0.226,4,0,4,1.0,0,1
2024/2025_Lube_Moden_8Round,3,0.5,0.4937,0.4744,0.01930000000000004,0.5287,0.5008,0.027899999999999925,0.6,0.5333,0.06669999999999998,4.3005,3.5353,0.226,5,0,5,1.0,0,0
2024/2025_Lube_Moden_8Round,4,0.75,0.4937,0.4744,0.01930000000000004,0.5287,0.5008,0.027899999999999925,0.6,0.5333,0.06669999999999998,4.3005,3.5353,0.226,5,1,4,0.0,0,1
2024/2025_Lube_Padov_1Round,1,0.0,0.4583,0.4028,0.055499999999999994,0.5114,0.4934,0.01799999999999996,0.4,0.4,0.0,3.1189,2.6706,1.8,0,0,0,0.5,0,1
2024/2025_Lube_Padov_1Round,1,0.0,0.4583,0.4028,0.055499999999999994,0.5114,0.4934,0.01799999999999996,0.4,0.4,0.0,3.1189,2.6706,1.8,1,0,1,1.0,0,0
2024/2025_Lube_Padov_1Round,2,0.25,0.4583,0.4028,0.055499999999999994,0.5114,0.4934,0.01799999999999996,0.4,0.4,0.0,3.1189,2.6706,1.8,1,1,0,0.0,0,1
2024/2025_Lube_Padov_1Round,2,0.25,0.4583,0.4028,0.055499999999999994,0.5114,0.4934,0.01799999999999996,0.4,0.4,0.0,3.1189,2.6706,1.8,2,1,1,1.0,0,0
2024/2025_Lube_Padov_1Round,3,0.5,0.4583,0.4028,0.055499999999999994,0.5114,0.4934,0.01799999999999996,0.4,0.4,0.0,3.1189,2.6706,1.8,2,2,0,0.0,0,1
2024/2025_Lube_Padov_1Round,3,0.5,0.4583,0.4028,0.055499999999999994,0.5114,0.4934,0.01799999999999996,0.4,0.4,0.0,3.1189,2.6706,1.8,3,2,1,1.0,0,1
2024/2025_Lube_Padov_1Round,4,0.75,0.4583,0.4028,0.055499999999999994,0.5114,0.4934,0.01799999999999996,0.4,0.4,0.0,3.1189,2.6706,1.8,4,2,2,1.0,0,1
2024/2025_Lube_Padov_1Round,4,0.75,0.4583,0.4028,0.055499999999999994,0.5114,0.4934,0.01799999999999996,0.4,0.4,0.0,3.1189,2.6706,1.8,5,2,3,1.0,0,0
2024/2025_Lube_Padov_1Round,5,1.0,0.4583,0.4028,0.055499999999999994,0.5114,0.4934,0.01799999999999996,0.4,0.4,0.0,3.1189,2.6706,1.8,5,3,2,0.0,1,1
2024/2025_Lube_Piace_7Round,1,0.0,0.5,0.5345,-0.034499999999999975,0.5289,0.4978,0.031100000000000017,0.6667,0.5333,0.13339999999999996,4.8283,3.6274,0.5,0,0,0,0.5,0,1
2024/2025_Lube_Piace_7Round,1,0.0,0.5,0.5345,-0.034499999999999975,0.5289,0.4978,0.031100000000000017,0.6667,0.5333,0.13339999999999996,4.8283,3.6274,0.5,1,0,1,1.0,0,0
2024/2025_Lube_Piace_7Round,2,0.25,0.5,0.5345,-0.034499999999999975,0.5289,0.4978,0.031100000000000017,0.6667,0.5333,0.13339999999999996,4.8283,3.6274,0.5,1,1,0,0.0,0,1
2024/2025_Lube_Piace_7Round,2,0.25,0.5,0.5345,-0.034499999999999975,0.5289,0.4978,0.031100000000000017,0.6667,0.5333,0.13339999999999996,4.8283,3.6274,0.5,2,1,1,1.0,0,0
2024/2025_Lube_Piace_7Round,3,0.5,0.5,0.5345,-0.034499999999999975,0.5289,0.4978,0.031100000000000017,0.6667,0.5333,0.13339999999999996,4.8283,3.6274,0.5,2,2,0,0.0,0,1
2024/2025_Lube_Piace_7Round,3,0.5,0.5,0.5345,-0.034499999999999975,0.5289,0.4978,0.031100000000000017,0.6667,0.5333,0.13339999999999996,4.8283,3.6274,0.5,3,2,1,1.0,0,0
2024/2025_Lube_Sir S_6Round,1,0.0,0.4935,0.5974,-0.10390000000000005,0.5267,0.4929,0.03379999999999994,0.6,0.6,0.0,4.4617,3.6519,-0.727,0,0,0,0.5,0,0
2024/2025_Lube_Sir S_6Round,1,0.0,0.4935,0.5974,-0.10390000000000005,0.5267,0.4929,0.03379999999999994,0.6,0.6,0.0,4.4617,3.6519,-0.727,0,1,-1,0.0,0,0
2024/2025_Lube_Sir S_6Round,2,0.25,0.4935,0.5974,-0.10390000000000005,0.5267,0.4929,0.03379999999999994,0.6,0.6,0.0,4.4617,3.6519,-0.727,0,2,-2,0.0,0,0
2024/2025_Lube_Sir S_6Round,2,0.25,0.4935,0.5974,-0.10390000000000005,0.5267,0.4929,0.03379999999999994,0.6,0.6,0.0,4.4617,3.6519,-0.727,0,3,-3,0.0,0,1
2024/2025_Lube_Sir S_6Round,3,0.5,0.4935,0.5974,-0.10390000000000005,0.5267,0.4929,0.03379999999999994,0.6,0.6,0.0,4.4617,3.6519,-0.727,1,3,-2,1.0,0,1
2024/2025_Lube_Sir S_6Round,3,0.5,0.4935,0.5974,-0.10390000000000005,0.5267,0.4929,0.03379999999999994,0.6,0.6,0.0,4.4617,3.6519,-0.727,2,3,-1,1.0,0,1
2024/2025_Lube_Sir S_6Round,4,0.75,0.4935,0.5974,-0.10390000000000005,0.5267,0.4929,0.03379999999999994,0.6,0.6,0.0,4.4617,3.6519,-0.727,3,3,0,1.0,0,1
2024/2025_Lube_Sir S_6Round,4,0.75,0.4935,0.5974,-0.10390000000000005,0.5267,0.4929,0.03379999999999994,0.6,0.6,0.0,4.4617,3.6519,-0.727,4,3,1,1.0,0,1
2024/2025_Lube_Sir S_6Round,5,1.0,0.4935,0.5974,-0.10390000000000005,0.5267,0.4929,0.03379999999999994,0.6,0.6,0.0,4.4617,3.6519,-0.727,5,3,2,1.0,1,1
2024/2025_Lube_Trent_10Round,1,0.0,0.5,0.55,-0.050000000000000044,0.5326,0.4934,0.03919999999999996,0.6,0.6667,-0.06669999999999998,4.7175,3.8754,0.093,0,0,0,0.5,0,1
2024/2025_Lube_Trent_10Round,1,0.0,0.5,0.55,-0.050000000000000044,0.5326,0.4934,0.03919999999999996,0.6,0.6667,-0.06669999999999998,4.7175,3.8754,0.093,1,0,1,1.0,0,1
2024/2025_Lube_Trent_10Round,2,0.25,0.5,0.55,-0.050000000000000044,0.5326,0.4934,0.03919999999999996,0.6,0.6667,-0.06669999999999998,4.7175,3.8754,0.093,2,0,2,1.0,0,0
2024/2025_Lube_Trent_10Round,2,0.25,0.5,0.55,-0.050000000000000044,0.5326,0.4934,0.03919999999999996,0.6,0.6667,-0.06669999999999998,4.7175,3.8754,0.093,2,1,1,0.0,0,0
2024/2025_Lube_Trent_10Round,3,0.5,0.5,0.55,-0.050000000000000044,0.5326,0.4934,0.03919999999999996,0.6,0.6667,-0.06669999999999998,4.7175,3.8754,0.093,2,2,0,0.0,0,1
2024/2025_Lube_Trent_10Round,3,0.5,0.5,0.55,-0.050000000000000044,0.5326,0.4934,0.03919999999999996,0.6,0.6667,-0.06669999999999998,4.7175,3.8754,0.093,3,2,1,1.0,0,1
2024/2025_Lube_Trent_10Round,4,0.75,0.5,0.55,-0.050000000000000044,0.5326,0.4934,0.03919999999999996,0.6,0.6667,-0.06669999999999998,4.7175,3.8754,0.093,4,2,2,1.0,0,1
2024/2025_Lube_Trent_10Round,4,0.75,0.5,0.55,-0.050000000000000044,0.5326,0.4934,0.03919999999999996,0.6,0.6667,-0.06669999999999998,4.7175,3.8754,0.093,5,2,3,1.0,0,1
2024/2025_Lube_Veron_4Round,1,0.0,0.48,0.52,-0.040000000000000036,0.5228,0.4694,0.05340000000000006,0.5333,0.6,-0.06669999999999998,4.7918,4.2018,2.657,0,0,0,0.5,0,1
2024/2025_Lube_Veron_4Round,1,0.0,0.48,0.52,-0.040000000000000036,0.5228,0.4694,0.05340000000000006,0.5333,0.6,-0.06669999999999998,4.7918,4.2018,2.657,1,0,1,1.0,0,1
2024/2025_Lube_Veron_4Round,2,0.25,0.48,0.52,-0.040000000000000036,0.5228,0.4694,0.05340000000000006,0.5333,0.6,-0.06669999999999998,4.7918,4.2018,2.657,2,0,2,1.0,0,1
2024/2025_Lube_Veron_4Round,2,0.25,0.48,0.52,-0.040000000000000036,0.5228,0.4694,0.05340000000000006,0.5333,0.6,-0.06669999999999998,4.7918,4.2018,2.657,3,0,3,1.0,0,0
2024/2025_Lube_Veron_4Round,3,0.5,0.48,0.52,-0.040000000000000036,0.5228,0.4694,0.05340000000000006,0.5333,0.6,-0.06669999999999998,4.7918,4.2018,2.657,3,1,2,0.0,0,1
2024/2025_Lube_Veron_4Round,3,0.5,0.48,0.52,-0.040000000000000036,0.5228,0.4694,0.05340000000000006,0.5333,0.6,-0.06669999999999998,4.7918,4.2018,2.657,4,1,3,1.0,0,1
2024/2025_Lube_Veron_4Round,4,0.75,0.48,0.52,-0.040000000000000036,0.5228,0.4694,0.05340000000000006,0.5333,0.6,-0.06669999999999998,4.7918,4.2018,2.657,5,1,4,1.0,0,1
2024/2025_Macer_Pinet_1Round,1,0.0,0.6087,0.4167,0.192,0.5441,0.4694,0.07470000000000004,0.6,0.4,0.19999999999999996,4.4787,3.3682,0.0,0,0,0,0.5,0,0
2024/2025_Macer_Pinet_1Round,1,0.0,0.6087,0.4167,0.192,0.5441,0.4694,0.07470000000000004,0.6,0.4,0.19999999999999996,4.4787,3.3682,0.0,0,1,-1,0.0,0,1
2024/2025_Macer_Pinet_1Round,2,0.25,0.6087,0.4167,0.192,0.5441,0.4694,0.07470000000000004,0.6,0.4,0.19999999999999996,4.4787,3.3682,0.0,1,1,0,1.0,0,1
2024/2025_Macer_Pinet_1Round,2,0.25,0.6087,0.4167,0.192,0.5441,0.4694,0.07470000000000004,0.6,0.4,0.19999999999999996,4.4787,3.3682,0.0,2,1,1,1.0,0,0
2024/2025_Macer_Pinet_1Round,3,0.5,0.6087,0.4167,0.192,0.5441,0.4694,0.07470000000000004,0.6,0.4,0.19999999999999996,4.4787,3.3682,0.0,2,2,0,0.0,0,1
2024/2025_Macer_Pinet_1Round,3,0.5,0.6087,0.4167,0.192,0.5441,0.4694,0.07470000000000004,0.6,0.4,0.19999999999999996,4.4787,3.3682,0.0,3,2,1,1.0,0,1
2024/2025_Macer_Pinet_1Round,4,0.75,0.6087,0.4167,0.192,0.5441,0.4694,0.07470000000000004,0.6,0.4,0.19999999999999996,4.4787,3.3682,0.0,4,2,2,1.0,0,0
2024/2025_Macer_Prata_12Round,1,0.0,0.5161,0.3846,0.1315,0.5078,0.4529,0.054900000000000004,0.6,0.4,0.19999999999999996,3.3821,3.4272,0.0,0,0,0,0.5,0,1
2024/2025_Macer_Prata_12Round,1,0.0,0.5161,0.3846,0.1315,0.5078,0.4529,0.054900000000000004,0.6,0.4,0.19999999999999996,3.3821,3.4272,0.0,1,0,1,1.0,0,1
2024/2025_Macer_Prata_12Round,2,0.25,0.5161,0.3846,0.1315,0.5078,0.4529,0.054900000000000004,0.6,0.4,0.19999999999999996,3.3821,3.4272,0.0,2,0,2,1.0,0,0
2024/2025_Macer_Prata_12Round,2,0.25,0.5161,0.3846,0.1315,0.5078,0.4529,0.054900000000000004,0.6,0.4,0.19999999999999996,3.3821,3.4272,0.0,2,1,1,0.0,0,0
2024/2025_Macer_Prata_12Round,3,0.5,0.5161,0.3846,0.1315,0.5078,0.4529,0.054900000000000004,0.6,0.4,0.19999999999999996,3.3821,3.4272,0.0,2,2,0,0.0,0,0
2024/2025_Macer_Prata_12Round,3,0.5,0.5161,0.3846,0.1315,0.5078,0.4529,0.054900000000000004,0.6,0.4,0.19999999999999996,3.3821,3.4272,0.0,2,3,-1,0.0,0,1
2024/2025_Macer_Prata_12Round,4,0.75,0.5161,0.3846,0.1315,0.5078,0.4529,0.054900000000000004,0.6,0.4,0.19999999999999996,3.3821,3.4272,0.0,3,3,0,1.0,0,1
2024/2025_Macer_Prata_12Round,4,0.75,0.5161,0.3846,0.1315,0.5078,0.4529,0.054900000000000004,0.6,0.4,0.19999999999999996,3.3821,3.4272,0.0,4,3,1,1.0,0,0
2024/2025_Macer_Raven_13Round,1,0.0,0.5,0.5152,-0.015199999999999991,0.5076,0.525,-0.01739999999999997,0.5333,0.4667,0.06659999999999999,3.5192,3.4643,0.0,0,0,0,0.5,0,1
2024/2025_Macer_Raven_13Round,1,0.0,0.5,0.5152,-0.015199999999999991,0.5076,0.525,-0.01739999999999997,0.5333,0.4667,0.06659999999999999,3.5192,3.4643,0.0,1,0,1,1.0,0,1
2024/2025_Macer_Raven_13Round,2,0.25,0.5,0.5152,-0.015199999999999991,0.5076,0.525,-0.01739999999999997,0.5333,0.4667,0.06659999999999999,3.5192,3.4643,0.0,2,0,2,1.0,0,1
2024/2025_Macer_Raven_13Round,2,0.25,0.5,0.5152,-0.015199999999999991,0.5076,0.525,-0.01739999999999997,0.5333,0.4667,0.06659999999999999,3.5192,3.4643,0.0,3,0,3,1.0,0,1
2024/2025_Macer_Raven_13Round,3,0.5,0.5,0.5152,-0.015199999999999991,0.5076,0.525,-0.01739999999999997,0.5333,0.4667,0.06659999999999999,3.5192,3.4643,0.0,4,0,4,1.0,0,0
2024/2025_Macer_Raven_13Round,3,0.5,0.5,0.5152,-0.015199999999999991,0.5076,0.525,-0.01739999999999997,0.5333,0.4667,0.06659999999999999,3.5192,3.4643,0.0,4,1,3,0.0,0,0
2024/2025_Macer_Raven_13Round,4,0.75,0.5,0.5152,-0.015199999999999991,0.5076,0.525,-0.01739999999999997,0.5333,0.4667,0.06659999999999999,3.5192,3.4643,0.0,4,2,2,0.0,0,0
2024/2025_Macer_Raven_13Round,4,0.75,0.5,0.5152,-0.015199999999999991,0.5076,0.525,-0.01739999999999997,0.5333,0.4667,0.06659999999999999,3.5192,3.4643,0.0,4,3,1,0.0,0,1
2024/2025_Macer_Raven_13Round,5,1.0,0.5,0.5152,-0.015199999999999991,0.5076,0.525,-0.01739999999999997,0.5333,0.4667,0.06659999999999999,3.5192,3.4643,0.0,5,3,2,1.0,1,0
2024/2025_Macer_Smart_2Round,1,0.0,0.625,0.375,0.25,0.5453,0.4284,0.1169,0.6,0.3333,0.2667,4.2944,2.6894,0.0,0,0,0,0.5,0,0
2024/2025_Macer_Smart_2Round,1,0.0,0.625,0.375,0.25,0.5453,0.4284,0.1169,0.6,0.3333,0.2667,4.2944,2.6894,0.0,0,1,-1,0.0,0,0
2024/2025_Macer_Smart_2Round,2,0.25,0.625,0.375,0.25,0.5453,0.4284,0.1169,0.6,0.3333,0.2667,4.2944,2.6894,0.0,0,2,-2,0.0,0,1
2024/2025_Macer_Smart_2Round,2,0.25,0.625,0.375,0.25,0.5453,0.4284,0.1169,0.6,0.3333,0.2667,4.2944,2.6894,0.0,1,2,-1,1.0,0,0
2024/2025_Macer_Smart_2Round,3,0.5,0.625,0.375,0.25,0.5453,0.4284,0.1169,0.6,0.3333,0.2667,4.2944,2.6894,0.0,1,3,-2,0.0,0,1
2024/2025_Macer_Smart_2Round,3,0.5,0.625,0.375,0.25,0.5453,0.4284,0.1169,0.6,0.3333,0.2667,4.2944,2.6894,0.0,2,3,-1,1.0,0,1
2024/2025_Macer_Smart_2Round,4,0.75,0.625,0.375,0.25,0.5453,0.4284,0.1169,0.6,0.3333,0.2667,4.2944,2.6894,0.0,3,3,0,1.0,0,1
2024/2025_Macer_Smart_2Round,4,0.75,0.625,0.375,0.25,0.5453,0.4284,0.1169,0.6,0.3333,0.2667,4.2944,2.6894,0.0,4,3,1,1.0,0,1
2024/2025_Macer_Smart_2Round,5,1.0,0.625,0.375,0.25,0.5453,0.4284,0.1169,0.6,0.3333,0.2667,4.2944,2.6894,0.0,5,3,2,1.0,1,0
2024/2025_Milan_Mint _4Round,1,0.0,0.4595,0.5067,-0.04720000000000002,0.4791,0.5266,-0.04749999999999993,0.5333,0.5333,0.0,3.3044,3.2833,-0.229,0,0,0,0.5,0,1
2024/2025_Milan_Mint _4Round,1,0.0,0.4595,0.5067,-0.04720000000000002,0.4791,0.5266,-0.04749999999999993,0.5333,0.5333,0.0,3.3044,3.2833,-0.229,1,0,1,1.0,0,0
2024/2025_Milan_Mint _4Round,2,0.25,0.4595,0.5067,-0.04720000000000002,0.4791,0.5266,-0.04749999999999993,0.5333,0.5333,0.0,3.3044,3.2833,-0.229,1,1,0,0.0,0,1
2024/2025_Milan_Mint _4Round,2,0.25,0.4595,0.5067,-0.04720000000000002,0.4791,0.5266,-0.04749999999999993,0.5333,0.5333,0.0,3.3044,3.2833,-0.229,2,1,1,1.0,0,1
2024/2025_Milan_Mint _4Round,3,0.5,0.4595,0.5067,-0.04720000000000002,0.4791,0.5266,-0.04749999999999993,0.5333,0.5333,0.0,3.3044,3.2833,-0.229,3,1,2,1.0,0,1
2024/2025_Milan_Mint _4Round,3,0.5,0.4595,0.5067,-0.04720000000000002,0.4791,0.5266,-0.04749999999999993,0.5333,0.5333,0.0,3.3044,3.2833,-0.229,4,1,3,1.0,0,0
2024/2025_Milan_Mint _4Round,4,0.75,0.4595,0.5067,-0.04720000000000002,0.4791,0.5266,-0.04749999999999993,0.5333,0.5333,0.0,3.3044,3.2833,-0.229,4,2,2,0.0,0,0
2024/2025_Milan_Moden_11Round,1,0.0,0.4568,0.475,-0.018199999999999994,0.4786,0.4992,-0.02059999999999995,0.4667,0.4667,0.0,3.7045,3.7141,0.01,0,0,0,0.5,0,0
2024/2025_Milan_Moden_11Round,1,0.0,0.4568,0.475,-0.018199999999999994,0.4786,0.4992,-0.02059999999999995,0.4667,0.4667,0.0,3.7045,3.7141,0.01,0,1,-1,0.0,0,0
2024/2025_Milan_Moden_11Round,2,0.25,0.4568,0.475,-0.018199999999999994,0.4786,0.4992,-0.02059999999999995,0.4667,0.4667,0.0,3.7045,3.7141,0.01,0,2,-2,0.0,0,0
2024/2025_Milan_Moden_11Round,2,0.25,0.4568,0.475,-0.018199999999999994,0.4786,0.4992,-0.02059999999999995,0.4667,0.4667,0.0,3.7045,3.7141,0.01,0,3,-3,0.0,0,0
2024/2025_Milan_Moden_11Round,3,0.5,0.4568,0.475,-0.018199999999999994,0.4786,0.4992,-0.02059999999999995,0.4667,0.4667,0.0,3.7045,3.7141,0.01,0,4,-4,0.0,0,0
2024/2025_Milan_Moden_11Round,3,0.5,0.4568,0.475,-0.018199999999999994,0.4786,0.4992,-0.02059999999999995,0.4667,0.4667,0.0,3.7045,3.7141,0.01,0,5,-5,0.0,0,1
2024/2025_Milan_Moden_11Round,4,0.75,0.4568,0.475,-0.018199999999999994,0.4786,0.4992,-0.02059999999999995,0.4667,0.4667,0.0,3.7045,3.7141,0.01,1,5,-4,1.0,0,0
2024/2025_Milan_Padov_8Round,1,0.0,0.4615,0.3974,0.06410000000000005,0.4786,0.4897,-0.011099999999999999,0.5333,0.4,0.13329999999999997,3.6321,3.3275,1.49,0,0,0,0.5,0,1
2024/2025_Milan_Padov_8Round,1,0.0,0.4615,0.3974,0.06410000000000005,0.4786,0.4897,-0.011099999999999999,0.5333,0.4,0.13329999999999997,3.6321,3.3275,1.49,1,0,1,1.0,0,0
2024/2025_Milan_Padov_8Round,2,0.25,0.4615,0.3974,0.06410000000000005,0.4786,0.4897,-0.011099999999999999,0.5333,0.4,0.13329999999999997,3.6321,3.3275,1.49,1,1,0,0.0,0,0
2024/2025_Milan_Padov_8Round,2,0.25,0.4615,0.3974,0.06410000000000005,0.4786,0.4897,-0.011099999999999999,0.5333,0.4,0.13329999999999997,3.6321,3.3275,1.49,1,2,-1,0.0,0,0
2024/2025_Milan_Padov_8Round,3,0.5,0.4615,0.3974,0.06410000000000005,0.4786,0.4897,-0.011099999999999999,0.5333,0.4,0.13329999999999997,3.6321,3.3275,1.49,1,3,-2,0.0,0,0
2024/2025_Milan_Padov_8Round,3,0.5,0.4615,0.3974,0.06410000000000005,0.4786,0.4897,-0.011099999999999999,0.5333,0.4,0.13329999999999997,3.6321,3.3275,1.49,1,4,-3,0.0,0,1
2024/2025_Milan_Padov_8Round,4,0.75,0.4615,0.3974,0.06410000000000005,0.4786,0.4897,-0.011099999999999999,0.5333,0.4,0.13329999999999997,3.6321,3.3275,1.49,2,4,-2,1.0,0,1
2024/2025_Milan_Piace_6Round,1,0.0,0.4605,0.5439,-0.08340000000000003,0.4771,0.5023,-0.025199999999999945,0.5333,0.6,-0.06669999999999998,3.1041,4.2114,-1.937,0,0,0,0.5,0,0
2024/2025_Milan_Piace_6Round,1,0.0,0.4605,0.5439,-0.08340000000000003,0.4771,0.5023,-0.025199999999999945,0.5333,0.6,-0.06669999999999998,3.1041,4.2114,-1.937,0,1,-1,0.0,0,1
2024/2025_Milan_Piace_6Round,2,0.25,0.4605,0.5439,-0.08340000000000003,0.4771,0.5023,-0.025199999999999945,0.5333,0.6,-0.06669999999999998,3.1041,4.2114,-1.937,1,1,0,1.0,0,1
2024/2025_Milan_Piace_6Round,2,0.25,0.4605,0.5439,-0.08340000000000003,0.4771,0.5023,-0.025199999999999945,0.5333,0.6,-0.06669999999999998,3.1041,4.2114,-1.937,2,1,1,1.0,0,0
2024/2025_Milan_Piace_6Round,3,0.5,0.4605,0.5439,-0.08340000000000003,0.4771,0.5023,-0.025199999999999945,0.5333,0.6,-0.06669999999999998,3.1041,4.2114,-1.937,2,2,0,0.0,0,1
2024/2025_Milan_Piace_6Round,3,0.5,0.4605,0.5439,-0.08340000000000003,0.4771,0.5023,-0.025199999999999945,0.5333,0.6,-0.06669999999999998,3.1041,4.2114,-1.937,3,2,1,1.0,0,1
2024/2025_Milan_Piace_6Round,4,0.75,0.4605,0.5439,-0.08340000000000003,0.4771,0.5023,-0.025199999999999945,0.5333,0.6,-0.06669999999999998,3.1041,4.2114,-1.937,4,2,2,1.0,0,1
2024/2025_Milan_Piace_6Round,5,1.0,0.4605,0.5439,-0.08340000000000003,0.4771,0.5023,-0.025199999999999945,0.5333,0.6,-0.06669999999999998,3.1041,4.2114,-1.937,5,2,3,1.0,1,1
2024/2025_Milan_Sir S_9Round,1,0.0,0.4557,0.5823,-0.12660000000000005,0.478,0.4896,-0.0116,0.5333,0.4667,0.06659999999999999,3.4616,3.3519,-2.147,0,0,0,0.5,0,1
2024/2025_Milan_Sir S_9Round,1,0.0,0.4557,0.5823,-0.12660000000000005,0.478,0.4896,-0.0116,0.5333,0.4667,0.06659999999999999,3.4616,3.3519,-2.147,1,0,1,1.0,0,1
2024/2025_Milan_Sir S_9Round,2,0.25,0.4557,0.5823,-0.12660000000000005,0.478,0.4896,-0.0116,0.5333,0.4667,0.06659999999999999,3.4616,3.3519,-2.147,2,0,2,1.0,0,0
2024/2025_Milan_Sir S_9Round,2,0.25,0.4557,0.5823,-0.12660000000000005,0.478,0.4896,-0.0116,0.5333,0.4667,0.06659999999999999,3.4616,3.3519,-2.147,2,1,1,0.0,0,0
2024/2025_Milan_Sir S_9Round,3,0.5,0.4557,0.5823,-0.12660000000000005,0.478,0.4896,-0.0116,0.5333,0.4667,0.06659999999999999,3.4616,3.3519,-2.147,2,2,0,0.0,0,1
2024/2025_Milan_Sir S_9Round,3,0.5,0.4557,0.5823,-0.12660000000000005,0.478,0.4896,-0.0116,0.5333,0.4667,0.06659999999999999,3.4616,3.3519,-2.147,3,2,1,1.0,0,0
2024/2025_Milan_Sir S_9Round,4,0.75,0.4557,0.5823,-0.12660000000000005,0.478,0.4896,-0.0116,0.5333,0.4667,0.06659999999999999,3.4616,3.3519,-2.147,3,3,0,0.0,0,0
2024/2025_Milan_Sir S_9Round,4,0.75,0.4557,0.5823,-0.12660000000000005,0.478,0.4896,-0.0116,0.5333,0.4667,0.06659999999999999,3.4616,3.3519,-2.147,3,4,-1,0.0,0,1
2024/2025_Milan_Trent_3Round,1,0.0,0.4521,0.5342,-0.0821,0.478,0.4901,-0.0121,0.5333,0.4667,0.06659999999999999,3.0364,3.4556,-0.942,0,0,0,0.5,0,0
2024/2025_Milan_Trent_3Round,1,0.0,0.4521,0.5342,-0.0821,0.478,0.4901,-0.0121,0.5333,0.4667,0.06659999999999999,3.0364,3.4556,-0.942,0,1,-1,0.0,0,1
2024/2025_Milan_Trent_3Round,2,0.25,0.4521,0.5342,-0.0821,0.478,0.4901,-0.0121,0.5333,0.4667,0.06659999999999999,3.0364,3.4556,-0.942,1,1,0,1.0,0,1
2024/2025_Milan_Trent_3Round,2,0.25,0.4521,0.5342,-0.0821,0.478,0.4901,-0.0121,0.5333,0.4667,0.06659999999999999,3.0364,3.4556,-0.942,2,1,1,1.0,0,0
2024/2025_Milan_Trent_3Round,3,0.5,0.4521,0.5342,-0.0821,0.478,0.4901,-0.0121,0.5333,0.4667,0.06659999999999999,3.0364,3.4556,-0.942,2,2,0,0.0,0,1
2024/2025_Milan_Trent_3Round,3,0.5,0.4521,0.5342,-0.0821,0.478,0.4901,-0.0121,0.5333,0.4667,0.06659999999999999,3.0364,3.4556,-0.942,3,2,1,1.0,0,1
2024/2025_Milan_Trent_3Round,4,0.75,0.4521,0.5342,-0.0821,0.478,0.4901,-0.0121,0.5333,0.4667,0.06659999999999999,3.0364,3.4556,-0.942,4,2,2,1.0,0,0
2024/2025_Milan_Veron_5Round,1,0.0,0.4667,0.5132,-0.046499999999999986,0.4803,0.4654,0.014900000000000024,0.5333,0.5333,0.0,3.4928,3.3409,-1.075,0,0,0,0.5,0,1
2024/2025_Milan_Veron_5Round,1,0.0,0.4667,0.5132,-0.046499999999999986,0.4803,0.4654,0.014900000000000024,0.5333,0.5333,0.0,3.4928,3.3409,-1.075,1,0,1,1.0,0,0
2024/2025_Milan_Veron_5Round,2,0.25,0.4667,0.5132,-0.046499999999999986,0.4803,0.4654,0.014900000000000024,0.5333,0.5333,0.0,3.4928,3.3409,-1.075,1,1,0,0.0,0,1
2024/2025_Milan_Veron_5Round,2,0.25,0.4667,0.5132,-0.046499999999999986,0.4803,0.4654,0.014900000000000024,0.5333,0.5333,0.0,3.4928,3.3409,-1.075,2,1,1,1.0,0,0
2024/2025_Milan_Veron_5Round,3,0.5,0.4667,0.5132,-0.046499999999999986,0.4803,0.4654,0.014900000000000024,0.5333,0.5333,0.0,3.4928,3.3409,-1.075,2,2,0,0.0,0,0
2024/2025_Milan_Veron_5Round,3,0.5,0.4667,0.5132,-0.046499999999999986,0.4803,0.4654,0.014900000000000024,0.5333,0.5333,0.0,3.4928,3.3409,-1.075,2,3,-1,0.0,0,0
2024/2025_Milan_Veron_5Round,4,0.75,0.4667,0.5132,-0.046499999999999986,0.4803,0.4654,0.014900000000000024,0.5333,0.5333,0.0,3.4928,3.3409,-1.075,2,4,-2,0.0,0,0
2024/2025_Milan_Veron_5Round,4,0.75,0.4667,0.5132,-0.046499999999999986,0.4803,0.4654,0.014900000000000024,0.5333,0.5333,0.0,3.4928,3.3409,-1.075,2,5,-3,0.0,0,0
2024/2025_Mint _Moden_5Round,1,0.0,0.5,0.4667,0.033299999999999996,0.5254,0.5044,0.02100000000000002,0.4,0.4667,-0.06669999999999998,3.2177,3.4471,0.647,0,0,0,0.5,0,0
2024/2025_Mint _Moden_5Round,1,0.0,0.5,0.4667,0.033299999999999996,0.5254,0.5044,0.02100000000000002,0.4,0.4667,-0.06669999999999998,3.2177,3.4471,0.647,0,1,-1,0.0,0,1
2024/2025_Mint _Moden_5Round,2,0.25,0.5,0.4667,0.033299999999999996,0.5254,0.5044,0.02100000000000002,0.4,0.4667,-0.06669999999999998,3.2177,3.4471,0.647,1,1,0,1.0,0,0
2024/2025_Mint _Moden_5Round,2,0.25,0.5,0.4667,0.033299999999999996,0.5254,0.5044,0.02100000000000002,0.4,0.4667,-0.06669999999999998,3.2177,3.4471,0.647,1,2,-1,0.0,0,1
2024/2025_Mint _Moden_5Round,3,0.5,0.5,0.4667,0.033299999999999996,0.5254,0.5044,0.02100000000000002,0.4,0.4667,-0.06669999999999998,3.2177,3.4471,0.647,2,2,0,1.0,0,0
2024/2025_Mint _Moden_5Round,3,0.5,0.5,0.4667,0.033299999999999996,0.5254,0.5044,0.02100000000000002,0.4,0.4667,-0.06669999999999998,3.2177,3.4471,0.647,2,3,-1,0.0,0,1
2024/2025_Mint _Padov_7Round,1,0.0,0.4935,0.4026,0.09089999999999998,0.5252,0.4939,0.031299999999999994,0.4,0.4,0.0,3.1714,4.1863,1.594,0,0,0,0.5,0,1
2024/2025_Mint _Padov_7Round,1,0.0,0.4935,0.4026,0.09089999999999998,0.5252,0.4939,0.031299999999999994,0.4,0.4,0.0,3.1714,4.1863,1.594,1,0,1,1.0,0,1
2024/2025_Mint _Padov_7Round,2,0.25,0.4935,0.4026,0.09089999999999998,0.5252,0.4939,0.031299999999999994,0.4,0.4,0.0,3.1714,4.1863,1.594,2,0,2,1.0,0,1
2024/2025_Mint _Padov_7Round,2,0.25,0.4935,0.4026,0.09089999999999998,0.5252,0.4939,0.031299999999999994,0.4,0.4,0.0,3.1714,4.1863,1.594,3,0,3,1.0,0,0
2024/2025_Mint _Padov_7Round,3,0.5,0.4935,0.4026,0.09089999999999998,0.5252,0.4939,0.031299999999999994,0.4,0.4,0.0,3.1714,4.1863,1.594,3,1,2,0.0,0,1
2024/2025_Mint _Padov_7Round,3,0.5,0.4935,0.4026,0.09089999999999998,0.5252,0.4939,0.031299999999999994,0.4,0.4,0.0,3.1714,4.1863,1.594,4,1,3,1.0,0,1
2024/2025_Mint _Padov_7Round,4,0.75,0.4935,0.4026,0.09089999999999998,0.5252,0.4939,0.031299999999999994,0.4,0.4,0.0,3.1714,4.1863,1.594,5,1,4,1.0,0,1
2024/2025_Mint _Piace_2Round,1,0.0,0.5205,0.5185,0.0020000000000000018,0.531,0.5024,0.02860000000000007,0.4,0.5333,-0.13329999999999997,4.0373,4.4063,-1.95,0,0,0,0.5,0,0
2024/2025_Mint _Piace_2Round,1,0.0,0.5205,0.5185,0.0020000000000000018,0.531,0.5024,0.02860000000000007,0.4,0.5333,-0.13329999999999997,4.0373,4.4063,-1.95,0,1,-1,0.0,0,1
2024/2025_Mint _Piace_2Round,2,0.25,0.5205,0.5185,0.0020000000000000018,0.531,0.5024,0.02860000000000007,0.4,0.5333,-0.13329999999999997,4.0373,4.4063,-1.95,1,1,0,1.0,0,0
2024/2025_Mint _Piace_2Round,2,0.25,0.5205,0.5185,0.0020000000000000018,0.531,0.5024,0.02860000000000007,0.4,0.5333,-0.13329999999999997,4.0373,4.4063,-1.95,1,2,-1,0.0,0,1
2024/2025_Mint _Piace_2Round,3,0.5,0.5205,0.5185,0.0020000000000000018,0.531,0.5024,0.02860000000000007,0.4,0.5333,-0.13329999999999997,4.0373,4.4063,-1.95,2,2,0,1.0,0,0
2024/2025_Mint _Piace_2Round,3,0.5,0.5205,0.5185,0.0020000000000000018,0.531,0.5024,0.02860000000000007,0.4,0.5333,-0.13329999999999997,4.0373,4.4063,-1.95,2,3,-1,0.0,0,1
2024/2025_Mint _Sir S_10Round,1,0.0,0.5,0.5875,-0.08750000000000002,0.5327,0.4897,0.04299999999999993,0.4667,0.5333,-0.06659999999999999,4.0362,3.5274,0.765,0,0,0,0.5,0,1
2024/2025_Mint _Sir S_10Round,1,0.0,0.5,0.5875,-0.08750000000000002,0.5327,0.4897,0.04299999999999993,0.4667,0.5333,-0.06659999999999999,4.0362,3.5274,0.765,1,0,1,1.0,0,1
2024/2025_Mint _Sir S_10Round,2,0.25,0.5,0.5875,-0.08750000000000002,0.5327,0.4897,0.04299999999999993,0.4667,0.5333,-0.06659999999999999,4.0362,3.5274,0.765,2,0,2,1.0,0,0
2024/2025_Mint _Sir S_10Round,2,0.25,0.5,0.5875,-0.08750000000000002,0.5327,0.4897,0.04299999999999993,0.4667,0.5333,-0.06659999999999999,4.0362,3.5274,0.765,2,1,1,0.0,0,0
2024/2025_Mint _Sir S_10Round,3,0.5,0.5,0.5875,-0.08750000000000002,0.5327,0.4897,0.04299999999999993,0.4667,0.5333,-0.06659999999999999,4.0362,3.5274,0.765,2,2,0,0.0,0,1
2024/2025_Mint _Sir S_10Round,3,0.5,0.5,0.5875,-0.08750000000000002,0.5327,0.4897,0.04299999999999993,0.4667,0.5333,-0.06659999999999999,4.0362,3.5274,0.765,3,2,1,1.0,0,0
2024/2025_Mint _Sir S_10Round,4,0.75,0.5,0.5875,-0.08750000000000002,0.5327,0.4897,0.04299999999999993,0.4667,0.5333,-0.06659999999999999,4.0362,3.5274,0.765,3,3,0,0.0,0,0
2024/2025_Mint _Sir S_10Round,4,0.75,0.5,0.5875,-0.08750000000000002,0.5327,0.4897,0.04299999999999993,0.4667,0.5333,-0.06659999999999999,4.0362,3.5274,0.765,3,4,-1,0.0,0,1
2024/2025_Mint _Trent_9Round,1,0.0,0.5063,0.5443,-0.038000000000000034,0.5331,0.4934,0.03970000000000001,0.5333,0.6,-0.06669999999999998,4.4519,4.2226,-1.208,0,0,0,0.5,0,0
2024/2025_Mint _Trent_9Round,1,0.0,0.5063,0.5443,-0.038000000000000034,0.5331,0.4934,0.03970000000000001,0.5333,0.6,-0.06669999999999998,4.4519,4.2226,-1.208,0,1,-1,0.0,0,1
2024/2025_Mint _Trent_9Round,2,0.25,0.5063,0.5443,-0.038000000000000034,0.5331,0.4934,0.03970000000000001,0.5333,0.6,-0.06669999999999998,4.4519,4.2226,-1.208,1,1,0,1.0,0,0
2024/2025_Mint _Trent_9Round,2,0.25,0.5063,0.5443,-0.038000000000000034,0.5331,0.4934,0.03970000000000001,0.5333,0.6,-0.06669999999999998,4.4519,4.2226,-1.208,1,2,-1,0.0,0,1
2024/2025_Mint _Trent_9Round,3,0.5,0.5063,0.5443,-0.038000000000000034,0.5331,0.4934,0.03970000000000001,0.5333,0.6,-0.06669999999999998,4.4519,4.2226,-1.208,2,2,0,1.0,0,0
2024/2025_Mint _Trent_9Round,3,0.5,0.5063,0.5443,-0.038000000000000034,0.5331,0.4934,0.03970000000000001,0.5333,0.6,-0.06669999999999998,4.4519,4.2226,-1.208,2,3,-1,0.0,0,1
2024/2025_Mint _Veron_8Round,1,0.0,0.5,0.5316,-0.03159999999999996,0.5292,0.4744,0.054800000000000015,0.4667,0.6,-0.13329999999999997,3.9233,4.3555,-0.732,0,0,0,0.5,0,1
2024/2025_Mint _Veron_8Round,1,0.0,0.5,0.5316,-0.03159999999999996,0.5292,0.4744,0.054800000000000015,0.4667,0.6,-0.13329999999999997,3.9233,4.3555,-0.732,1,0,1,1.0,0,1
2024/2025_Mint _Veron_8Round,2,0.25,0.5,0.5316,-0.03159999999999996,0.5292,0.4744,0.054800000000000015,0.4667,0.6,-0.13329999999999997,3.9233,4.3555,-0.732,2,0,2,1.0,0,1
2024/2025_Mint _Veron_8Round,2,0.25,0.5,0.5316,-0.03159999999999996,0.5292,0.4744,0.054800000000000015,0.4667,0.6,-0.13329999999999997,3.9233,4.3555,-0.732,3,0,3,1.0,0,1
2024/2025_Mint _Veron_8Round,3,0.5,0.5,0.5316,-0.03159999999999996,0.5292,0.4744,0.054800000000000015,0.4667,0.6,-0.13329999999999997,3.9233,4.3555,-0.732,4,0,4,1.0,0,1
2024/2025_Mint _Veron_8Round,3,0.5,0.5,0.5316,-0.03159999999999996,0.5292,0.4744,0.054800000000000015,0.4667,0.6,-0.13329999999999997,3.9233,4.3555,-0.732,5,0,5,1.0,0,0
2024/2025_Mint _Veron_8Round,4,0.75,0.5,0.5316,-0.03159999999999996,0.5292,0.4744,0.054800000000000015,0.4667,0.6,-0.13329999999999997,3.9233,4.3555,-0.732,5,1,4,0.0,0,1
2024/2025_Moden_Padov_9Round,1,0.0,0.4684,0.4051,0.06329999999999997,0.4967,0.4907,0.00599999999999995,0.4,0.4667,-0.06669999999999998,2.8696,3.51,2.49,0,0,0,0.5,0,1
2024/2025_Moden_Padov_9Round,1,0.0,0.4684,0.4051,0.06329999999999997,0.4967,0.4907,0.00599999999999995,0.4,0.4667,-0.06669999999999998,2.8696,3.51,2.49,1,0,1,1.0,0,0
2024/2025_Moden_Padov_9Round,2,0.25,0.4684,0.4051,0.06329999999999997,0.4967,0.4907,0.00599999999999995,0.4,0.4667,-0.06669999999999998,2.8696,3.51,2.49,1,1,0,0.0,0,1
2024/2025_Moden_Padov_9Round,2,0.25,0.4684,0.4051,0.06329999999999997,0.4967,0.4907,0.00599999999999995,0.4,0.4667,-0.06669999999999998,2.8696,3.51,2.49,2,1,1,1.0,0,0
2024/2025_Moden_Padov_9Round,3,0.5,0.4684,0.4051,0.06329999999999997,0.4967,0.4907,0.00599999999999995,0.4,0.4667,-0.06669999999999998,2.8696,3.51,2.49,2,2,0,0.0,0,1
2024/2025_Moden_Padov_9Round,3,0.5,0.4684,0.4051,0.06329999999999997,0.4967,0.4907,0.00599999999999995,0.4,0.4667,-0.06669999999999998,2.8696,3.51,2.49,3,2,1,1.0,0,1
2024/2025_Moden_Padov_9Round,4,0.75,0.4684,0.4051,0.06329999999999997,0.4967,0.4907,0.00599999999999995,0.4,0.4667,-0.06669999999999998,2.8696,3.51,2.49,4,2,2,1.0,0,1
2024/2025_Moden_Padov_9Round,4,0.75,0.4684,0.4051,0.06329999999999997,0.4967,0.4907,0.00599999999999995,0.4,0.4667,-0.06669999999999998,2.8696,3.51,2.49,5,2,3,1.0,0,0
2024/2025_Moden_Padov_9Round,5,1.0,0.4684,0.4051,0.06329999999999997,0.4967,0.4907,0.00599999999999995,0.4,0.4667,-0.06669999999999998,2.8696,3.51,2.49,5,3,2,0.0,1,1
2024/2025_Moden_Piace_1Round,1,0.0,0.4789,0.5283,-0.0494,0.5084,0.5037,0.0046999999999999265,0.4667,0.6,-0.13329999999999997,3.8839,4.6154,2.406,0,0,0,0.5,0,0
2024/2025_Moden_Piace_1Round,1,0.0,0.4789,0.5283,-0.0494,0.5084,0.5037,0.0046999999999999265,0.4667,0.6,-0.13329999999999997,3.8839,4.6154,2.406,0,1,-1,0.0,0,1
2024/2025_Moden_Piace_1Round,2,0.25,0.4789,0.5283,-0.0494,0.5084,0.5037,0.0046999999999999265,0.4667,0.6,-0.13329999999999997,3.8839,4.6154,2.406,1,1,0,1.0,0,0
2024/2025_Moden_Piace_1Round,2,0.25,0.4789,0.5283,-0.0494,0.5084,0.5037,0.0046999999999999265,0.4667,0.6,-0.13329999999999997,3.8839,4.6154,2.406,1,2,-1,0.0,0,1
2024/2025_Moden_Piace_1Round,3,0.5,0.4789,0.5283,-0.0494,0.5084,0.5037,0.0046999999999999265,0.4667,0.6,-0.13329999999999997,3.8839,4.6154,2.406,2,2,0,1.0,0,1
2024/2025_Moden_Piace_1Round,3,0.5,0.4789,0.5283,-0.0494,0.5084,0.5037,0.0046999999999999265,0.4667,0.6,-0.13329999999999997,3.8839,4.6154,2.406,3,2,1,1.0,0,1
2024/2025_Moden_Piace_1Round,4,0.75,0.4789,0.5283,-0.0494,0.5084,0.5037,0.0046999999999999265,0.4667,0.6,-0.13329999999999997,3.8839,4.6154,2.406,4,2,2,1.0,0,0
2024/2025_Moden_Piace_1Round,4,0.75,0.4789,0.5283,-0.0494,0.5084,0.5037,0.0046999999999999265,0.4667,0.6,-0.13329999999999997,3.8839,4.6154,2.406,4,3,1,0.0,0,1
2024/2025_Moden_Piace_1Round,5,1.0,0.4789,0.5283,-0.0494,0.5084,0.5037,0.0046999999999999265,0.4667,0.6,-0.13329999999999997,3.8839,4.6154,2.406,5,3,2,1.0,1,0
2024/2025_Moden_Sir S_3Round,1,0.0,0.4795,0.5946,-0.11510000000000004,0.5045,0.4944,0.010099999999999942,0.5333,0.5333,0.0,3.3134,4.2394,-2.21,0,0,0,0.5,0,0
2024/2025_Moden_Sir S_3Round,1,0.0,0.4795,0.5946,-0.11510000000000004,0.5045,0.4944,0.010099999999999942,0.5333,0.5333,0.0,3.3134,4.2394,-2.21,0,1,-1,0.0,0,1
2024/2025_Moden_Sir S_3Round,2,0.25,0.4795,0.5946,-0.11510000000000004,0.5045,0.4944,0.010099999999999942,0.5333,0.5333,0.0,3.3134,4.2394,-2.21,1,1,0,1.0,0,0
2024/2025_Moden_Sir S_3Round,2,0.25,0.4795,0.5946,-0.11510000000000004,0.5045,0.4944,0.010099999999999942,0.5333,0.5333,0.0,3.3134,4.2394,-2.21,1,2,-1,0.0,0,1
2024/2025_Moden_Sir S_3Round,3,0.5,0.4795,0.5946,-0.11510000000000004,0.5045,0.4944,0.010099999999999942,0.5333,0.5333,0.0,3.3134,4.2394,-2.21,2,2,0,1.0,0,0
2024/2025_Moden_Sir S_3Round,3,0.5,0.4795,0.5946,-0.11510000000000004,0.5045,0.4944,0.010099999999999942,0.5333,0.5333,0.0,3.3134,4.2394,-2.21,2,3,-1,0.0,0,1
2024/2025_Moden_Trent_4Round,1,0.0,0.473,0.527,-0.05400000000000005,0.5045,0.4893,0.015199999999999936,0.5333,0.4,0.13329999999999997,3.2393,3.3391,-1.922,0,0,0,0.5,0,1
2024/2025_Moden_Trent_4Round,1,0.0,0.473,0.527,-0.05400000000000005,0.5045,0.4893,0.015199999999999936,0.5333,0.4,0.13329999999999997,3.2393,3.3391,-1.922,1,0,1,1.0,0,1
2024/2025_Moden_Trent_4Round,2,0.25,0.473,0.527,-0.05400000000000005,0.5045,0.4893,0.015199999999999936,0.5333,0.4,0.13329999999999997,3.2393,3.3391,-1.922,2,0,2,1.0,0,0
2024/2025_Moden_Trent_4Round,2,0.25,0.473,0.527,-0.05400000000000005,0.5045,0.4893,0.015199999999999936,0.5333,0.4,0.13329999999999997,3.2393,3.3391,-1.922,2,1,1,0.0,0,0
2024/2025_Moden_Trent_4Round,3,0.5,0.473,0.527,-0.05400000000000005,0.5045,0.4893,0.015199999999999936,0.5333,0.4,0.13329999999999997,3.2393,3.3391,-1.922,2,2,0,0.0,0,1
2024/2025_Moden_Trent_4Round,3,0.5,0.473,0.527,-0.05400000000000005,0.5045,0.4893,0.015199999999999936,0.5333,0.4,0.13329999999999997,3.2393,3.3391,-1.922,3,2,1,1.0,0,0
2024/2025_Moden_Trent_4Round,4,0.75,0.473,0.527,-0.05400000000000005,0.5045,0.4893,0.015199999999999936,0.5333,0.4,0.13329999999999997,3.2393,3.3391,-1.922,3,3,0,0.0,0,0
2024/2025_Moden_Trent_4Round,4,0.75,0.473,0.527,-0.05400000000000005,0.5045,0.4893,0.015199999999999936,0.5333,0.4,0.13329999999999997,3.2393,3.3391,-1.922,3,4,-1,0.0,0,1
2024/2025_Moden_Veron_6Round,1,0.0,0.4737,0.5195,-0.04579999999999995,0.5044,0.4694,0.034999999999999976,0.4667,0.5333,-0.06659999999999999,3.3326,4.0409,2.0,0,0,0,0.5,0,0
2024/2025_Moden_Veron_6Round,1,0.0,0.4737,0.5195,-0.04579999999999995,0.5044,0.4694,0.034999999999999976,0.4667,0.5333,-0.06659999999999999,3.3326,4.0409,2.0,0,1,-1,0.0,0,1
2024/2025_Moden_Veron_6Round,2,0.25,0.4737,0.5195,-0.04579999999999995,0.5044,0.4694,0.034999999999999976,0.4667,0.5333,-0.06659999999999999,3.3326,4.0409,2.0,1,1,0,1.0,0,0
2024/2025_Moden_Veron_6Round,2,0.25,0.4737,0.5195,-0.04579999999999995,0.5044,0.4694,0.034999999999999976,0.4667,0.5333,-0.06659999999999999,3.3326,4.0409,2.0,1,2,-1,0.0,0,0
2024/2025_Moden_Veron_6Round,3,0.5,0.4737,0.5195,-0.04579999999999995,0.5044,0.4694,0.034999999999999976,0.4667,0.5333,-0.06659999999999999,3.3326,4.0409,2.0,1,3,-2,0.0,0,0
2024/2025_Moden_Veron_6Round,3,0.5,0.4737,0.5195,-0.04579999999999995,0.5044,0.4694,0.034999999999999976,0.4667,0.5333,-0.06659999999999999,3.3326,4.0409,2.0,1,4,-3,0.0,0,1
2024/2025_Moden_Veron_6Round,4,0.75,0.4737,0.5195,-0.04579999999999995,0.5044,0.4694,0.034999999999999976,0.4667,0.5333,-0.06659999999999999,3.3326,4.0409,2.0,2,4,-2,1.0,0,0
2024/2025_Moden_Veron_6Round,5,1.0,0.4737,0.5195,-0.04579999999999995,0.5044,0.4694,0.034999999999999976,0.4667,0.5333,-0.06659999999999999,3.3326,4.0409,2.0,2,5,-3,0.0,1,0
2024/2025_Padov_Piace_5Round,1,0.0,0.4133,0.5357,-0.12239999999999995,0.4946,0.5023,-0.007699999999999985,0.5333,0.6,-0.06669999999999998,4.0728,3.9845,-1.516,0,0,0,0.5,0,1
2024/2025_Padov_Piace_5Round,1,0.0,0.4133,0.5357,-0.12239999999999995,0.4946,0.5023,-0.007699999999999985,0.5333,0.6,-0.06669999999999998,4.0728,3.9845,-1.516,1,0,1,1.0,0,0
2024/2025_Padov_Piace_5Round,2,0.25,0.4133,0.5357,-0.12239999999999995,0.4946,0.5023,-0.007699999999999985,0.5333,0.6,-0.06669999999999998,4.0728,3.9845,-1.516,1,1,0,0.0,0,1
2024/2025_Padov_Piace_5Round,2,0.25,0.4133,0.5357,-0.12239999999999995,0.4946,0.5023,-0.007699999999999985,0.5333,0.6,-0.06669999999999998,4.0728,3.9845,-1.516,2,1,1,1.0,0,0
2024/2025_Padov_Piace_5Round,3,0.5,0.4133,0.5357,-0.12239999999999995,0.4946,0.5023,-0.007699999999999985,0.5333,0.6,-0.06669999999999998,4.0728,3.9845,-1.516,2,2,0,0.0,0,1
2024/2025_Padov_Piace_5Round,3,0.5,0.4133,0.5357,-0.12239999999999995,0.4946,0.5023,-0.007699999999999985,0.5333,0.6,-0.06669999999999998,4.0728,3.9845,-1.516,3,2,1,1.0,0,1
2024/2025_Padov_Piace_5Round,4,0.75,0.4133,0.5357,-0.12239999999999995,0.4946,0.5023,-0.007699999999999985,0.5333,0.6,-0.06669999999999998,4.0728,3.9845,-1.516,4,2,2,1.0,0,0
2024/2025_Padov_Piace_5Round,4,0.75,0.4133,0.5357,-0.12239999999999995,0.4946,0.5023,-0.007699999999999985,0.5333,0.6,-0.06669999999999998,4.0728,3.9845,-1.516,4,3,1,0.0,0,0
2024/2025_Padov_Piace_5Round,5,1.0,0.4133,0.5357,-0.12239999999999995,0.4946,0.5023,-0.007699999999999985,0.5333,0.6,-0.06669999999999998,4.0728,3.9845,-1.516,4,4,0,0.0,1,0
2024/2025_Padov_Piace_5Round,5,1.0,0.4133,0.5357,-0.12239999999999995,0.4946,0.5023,-0.007699999999999985,0.5333,0.6,-0.06669999999999998,4.0728,3.9845,-1.516,4,5,-1,0.0,1,1
2024/2025_Padov_Sir S_2Round,1,0.0,0.3973,0.6027,-0.20540000000000003,0.4907,0.4953,-0.004599999999999993,0.4667,0.6,-0.13329999999999997,2.7886,4.3692,-2.853,0,0,0,0.5,0,0
2024/2025_Padov_Sir S_2Round,1,0.0,0.3973,0.6027,-0.20540000000000003,0.4907,0.4953,-0.004599999999999993,0.4667,0.6,-0.13329999999999997,2.7886,4.3692,-2.853,0,1,-1,0.0,0,0
2024/2025_Padov_Sir S_2Round,2,0.25,0.3973,0.6027,-0.20540000000000003,0.4907,0.4953,-0.004599999999999993,0.4667,0.6,-0.13329999999999997,2.7886,4.3692,-2.853,0,2,-2,0.0,0,1
2024/2025_Padov_Sir S_2Round,2,0.25,0.3973,0.6027,-0.20540000000000003,0.4907,0.4953,-0.004599999999999993,0.4667,0.6,-0.13329999999999997,2.7886,4.3692,-2.853,1,2,-1,1.0,0,1
2024/2025_Padov_Sir S_2Round,3,0.5,0.3973,0.6027,-0.20540000000000003,0.4907,0.4953,-0.004599999999999993,0.4667,0.6,-0.13329999999999997,2.7886,4.3692,-2.853,2,2,0,1.0,0,1
2024/2025_Padov_Sir S_2Round,3,0.5,0.3973,0.6027,-0.20540000000000003,0.4907,0.4953,-0.004599999999999993,0.4667,0.6,-0.13329999999999997,2.7886,4.3692,-2.853,3,2,1,1.0,0,1
2024/2025_Padov_Sir S_2Round,4,0.75,0.3973,0.6027,-0.20540000000000003,0.4907,0.4953,-0.004599999999999993,0.4667,0.6,-0.13329999999999997,2.7886,4.3692,-2.853,4,2,2,1.0,0,0
2024/2025_Padov_Sir S_2Round,4,0.75,0.3973,0.6027,-0.20540000000000003,0.4907,0.4953,-0.004599999999999993,0.4667,0.6,-0.13329999999999997,2.7886,4.3692,-2.853,4,3,1,0.0,0,1
2024/2025_Padov_Sir S_2Round,5,1.0,0.3973,0.6027,-0.20540000000000003,0.4907,0.4953,-0.004599999999999993,0.4667,0.6,-0.13329999999999997,2.7886,4.3692,-2.853,5,3,2,1.0,1,0
2024/2025_Padov_Trent_11Round,1,0.0,0.3951,0.5432,-0.1481,0.4876,0.4903,-0.0027000000000000357,0.4,0.6,-0.19999999999999996,3.2813,3.3688,-3.0,0,0,0,0.5,0,0
2024/2025_Padov_Trent_11Round,1,0.0,0.3951,0.5432,-0.1481,0.4876,0.4903,-0.0027000000000000357,0.4,0.6,-0.19999999999999996,3.2813,3.3688,-3.0,0,1,-1,0.0,0,1
2024/2025_Padov_Trent_11Round,2,0.25,0.3951,0.5432,-0.1481,0.4876,0.4903,-0.0027000000000000357,0.4,0.6,-0.19999999999999996,3.2813,3.3688,-3.0,1,1,0,1.0,0,0
2024/2025_Padov_Trent_11Round,2,0.25,0.3951,0.5432,-0.1481,0.4876,0.4903,-0.0027000000000000357,0.4,0.6,-0.19999999999999996,3.2813,3.3688,-3.0,1,2,-1,0.0,0,0
2024/2025_Padov_Trent_11Round,3,0.5,0.3951,0.5432,-0.1481,0.4876,0.4903,-0.0027000000000000357,0.4,0.6,-0.19999999999999996,3.2813,3.3688,-3.0,1,3,-2,0.0,0,0
2024/2025_Padov_Trent_11Round,3,0.5,0.3951,0.5432,-0.1481,0.4876,0.4903,-0.0027000000000000357,0.4,0.6,-0.19999999999999996,3.2813,3.3688,-3.0,1,4,-3,0.0,0,1
2024/2025_Padov_Trent_11Round,4,0.75,0.3951,0.5432,-0.1481,0.4876,0.4903,-0.0027000000000000357,0.4,0.6,-0.19999999999999996,3.2813,3.3688,-3.0,2,4,-2,1.0,0,1
2024/2025_Padov_Veron_10Round,1,0.0,0.4,0.5309,-0.13090000000000002,0.4883,0.4708,0.017500000000000016,0.4667,0.6,-0.13329999999999997,3.3757,3.329,-0.431,0,0,0,0.5,0,0
2024/2025_Padov_Veron_10Round,1,0.0,0.4,0.5309,-0.13090000000000002,0.4883,0.4708,0.017500000000000016,0.4667,0.6,-0.13329999999999997,3.3757,3.329,-0.431,0,1,-1,0.0,0,0
2024/2025_Padov_Veron_10Round,2,0.25,0.4,0.5309,-0.13090000000000002,0.4883,0.4708,0.017500000000000016,0.4667,0.6,-0.13329999999999997,3.3757,3.329,-0.431,0,2,-2,0.0,0,0
2024/2025_Padov_Veron_10Round,2,0.25,0.4,0.5309,-0.13090000000000002,0.4883,0.4708,0.017500000000000016,0.4667,0.6,-0.13329999999999997,3.3757,3.329,-0.431,0,3,-3,0.0,0,1
2024/2025_Padov_Veron_10Round,3,0.5,0.4,0.5309,-0.13090000000000002,0.4883,0.4708,0.017500000000000016,0.4667,0.6,-0.13329999999999997,3.3757,3.329,-0.431,1,3,-2,1.0,0,0
2024/2025_Padov_Veron_10Round,3,0.5,0.4,0.5309,-0.13090000000000002,0.4883,0.4708,0.017500000000000016,0.4667,0.6,-0.13329999999999997,3.3757,3.329,-0.431,1,4,-3,0.0,0,1
2024/2025_Padov_Veron_10Round,4,0.75,0.4,0.5309,-0.13090000000000002,0.4883,0.4708,0.017500000000000016,0.4667,0.6,-0.13329999999999997,3.3757,3.329,-0.431,2,4,-2,1.0,0,1
2024/2025_Piace_Sir S_11Round,1,0.0,0.5323,0.5926,-0.06030000000000002,0.4968,0.4899,0.006900000000000017,0.4667,0.5333,-0.06659999999999999,3.3354,3.6506,-1.763,0,0,0,0.5,0,0
2024/2025_Piace_Sir S_11Round,1,0.0,0.5323,0.5926,-0.06030000000000002,0.4968,0.4899,0.006900000000000017,0.4667,0.5333,-0.06659999999999999,3.3354,3.6506,-1.763,0,1,-1,0.0,0,1
2024/2025_Piace_Sir S_11Round,2,0.25,0.5323,0.5926,-0.06030000000000002,0.4968,0.4899,0.006900000000000017,0.4667,0.5333,-0.06659999999999999,3.3354,3.6506,-1.763,1,1,0,1.0,0,1
2024/2025_Piace_Sir S_11Round,2,0.25,0.5323,0.5926,-0.06030000000000002,0.4968,0.4899,0.006900000000000017,0.4667,0.5333,-0.06659999999999999,3.3354,3.6506,-1.763,2,1,1,1.0,0,0
2024/2025_Piace_Sir S_11Round,3,0.5,0.5323,0.5926,-0.06030000000000002,0.4968,0.4899,0.006900000000000017,0.4667,0.5333,-0.06659999999999999,3.3354,3.6506,-1.763,2,2,0,0.0,0,0
2024/2025_Piace_Sir S_11Round,3,0.5,0.5323,0.5926,-0.06030000000000002,0.4968,0.4899,0.006900000000000017,0.4667,0.5333,-0.06659999999999999,3.3354,3.6506,-1.763,2,3,-1,0.0,0,1
2024/2025_Piace_Sir S_11Round,4,0.75,0.5323,0.5926,-0.06030000000000002,0.4968,0.4899,0.006900000000000017,0.4667,0.5333,-0.06659999999999999,3.3354,3.6506,-1.763,3,3,0,1.0,0,0
2024/2025_Piace_Sir S_11Round,4,0.75,0.5323,0.5926,-0.06030000000000002,0.4968,0.4899,0.006900000000000017,0.4667,0.5333,-0.06659999999999999,3.3354,3.6506,-1.763,3,4,-1,0.0,0,0
2024/2025_Piace_Sir S_11Round,5,1.0,0.5323,0.5926,-0.06030000000000002,0.4968,0.4899,0.006900000000000017,0.4667,0.5333,-0.06659999999999999,3.3354,3.6506,-1.763,3,5,-2,0.0,1,1
2024/2025_Piace_Trent_8Round,1,0.0,0.5424,0.5385,0.0039000000000000146,0.4978,0.4924,0.005400000000000016,0.4667,0.5333,-0.06659999999999999,3.4648,3.97,-1.665,0,0,0,0.5,0,0
2024/2025_Piace_Trent_8Round,1,0.0,0.5424,0.5385,0.0039000000000000146,0.4978,0.4924,0.005400000000000016,0.4667,0.5333,-0.06659999999999999,3.4648,3.97,-1.665,0,1,-1,0.0,0,0
2024/2025_Piace_Trent_8Round,2,0.25,0.5424,0.5385,0.0039000000000000146,0.4978,0.4924,0.005400000000000016,0.4667,0.5333,-0.06659999999999999,3.4648,3.97,-1.665,0,2,-2,0.0,0,0
2024/2025_Piace_Trent_8Round,2,0.25,0.5424,0.5385,0.0039000000000000146,0.4978,0.4924,0.005400000000000016,0.4667,0.5333,-0.06659999999999999,3.4648,3.97,-1.665,0,3,-3,0.0,0,0
2024/2025_Piace_Trent_8Round,3,0.5,0.5424,0.5385,0.0039000000000000146,0.4978,0.4924,0.005400000000000016,0.4667,0.5333,-0.06659999999999999,3.4648,3.97,-1.665,0,4,-4,0.0,0,1
2024/2025_Piace_Trent_8Round,3,0.5,0.5424,0.5385,0.0039000000000000146,0.4978,0.4924,0.005400000000000016,0.4667,0.5333,-0.06659999999999999,3.4648,3.97,-1.665,1,4,-3,1.0,0,1
2024/2025_Piace_Trent_8Round,4,0.75,0.5424,0.5385,0.0039000000000000146,0.4978,0.4924,0.005400000000000016,0.4667,0.5333,-0.06659999999999999,3.4648,3.97,-1.665,2,4,-2,1.0,0,0
2024/2025_Piace_Trent_8Round,4,0.75,0.5424,0.5385,0.0039000000000000146,0.4978,0.4924,0.005400000000000016,0.4667,0.5333,-0.06659999999999999,3.4648,3.97,-1.665,2,5,-3,0.0,0,1
2024/2025_Piace_Trent_8Round,5,1.0,0.5424,0.5385,0.0039000000000000146,0.4978,0.4924,0.005400000000000016,0.4667,0.5333,-0.06659999999999999,3.4648,3.97,-1.665,3,5,-2,1.0,1,1
2024/2025_Piace_Veron_9Round,1,0.0,0.5333,0.525,0.008299999999999974,0.4968,0.4705,0.026300000000000046,0.4667,0.5333,-0.06659999999999999,3.6002,3.4437,0.359,0,0,0,0.5,0,0
2024/2025_Piace_Veron_9Round,1,0.0,0.5333,0.525,0.008299999999999974,0.4968,0.4705,0.026300000000000046,0.4667,0.5333,-0.06659999999999999,3.6002,3.4437,0.359,0,1,-1,0.0,0,1
2024/2025_Piace_Veron_9Round,2,0.25,0.5333,0.525,0.008299999999999974,0.4968,0.4705,0.026300000000000046,0.4667,0.5333,-0.06659999999999999,3.6002,3.4437,0.359,1,1,0,1.0,0,0
2024/2025_Piace_Veron_9Round,2,0.25,0.5333,0.525,0.008299999999999974,0.4968,0.4705,0.026300000000000046,0.4667,0.5333,-0.06659999999999999,3.6002,3.4437,0.359,1,2,-1,0.0,0,1
2024/2025_Piace_Veron_9Round,3,0.5,0.5333,0.525,0.008299999999999974,0.4968,0.4705,0.026300000000000046,0.4667,0.5333,-0.06659999999999999,3.6002,3.4437,0.359,2,2,0,1.0,0,0
2024/2025_Piace_Veron_9Round,3,0.5,0.5333,0.525,0.008299999999999974,0.4968,0.4705,0.026300000000000046,0.4667,0.5333,-0.06659999999999999,3.6002,3.4437,0.359,2,3,-1,0.0,0,1
2024/2025_Pinet_Prata_7Round,1,0.0,0.4,0.4286,-0.02859999999999996,0.4518,0.4599,-0.008099999999999996,0.4,0.4667,-0.06669999999999998,3.069,3.4476,0.0,0,0,0,0.5,0,0
2024/2025_Pinet_Prata_7Round,1,0.0,0.4,0.4286,-0.02859999999999996,0.4518,0.4599,-0.008099999999999996,0.4,0.4667,-0.06669999999999998,3.069,3.4476,0.0,0,1,-1,0.0,0,1
2024/2025_Pinet_Prata_7Round,2,0.25,0.4,0.4286,-0.02859999999999996,0.4518,0.4599,-0.008099999999999996,0.4,0.4667,-0.06669999999999998,3.069,3.4476,0.0,1,1,0,1.0,0,1
2024/2025_Pinet_Prata_7Round,2,0.25,0.4,0.4286,-0.02859999999999996,0.4518,0.4599,-0.008099999999999996,0.4,0.4667,-0.06669999999999998,3.069,3.4476,0.0,2,1,1,1.0,0,0
2024/2025_Pinet_Prata_7Round,3,0.5,0.4,0.4286,-0.02859999999999996,0.4518,0.4599,-0.008099999999999996,0.4,0.4667,-0.06669999999999998,3.069,3.4476,0.0,2,2,0,0.0,0,1
2024/2025_Pinet_Prata_7Round,3,0.5,0.4,0.4286,-0.02859999999999996,0.4518,0.4599,-0.008099999999999996,0.4,0.4667,-0.06669999999999998,3.069,3.4476,0.0,3,2,1,1.0,0,1
2024/2025_Pinet_Prata_7Round,4,0.75,0.4,0.4286,-0.02859999999999996,0.4518,0.4599,-0.008099999999999996,0.4,0.4667,-0.06669999999999998,3.069,3.4476,0.0,4,2,2,1.0,0,0
2024/2025_Pinet_Raven_9Round,1,0.0,0.4375,0.5667,-0.12919999999999998,0.4562,0.5446,-0.08839999999999998,0.4667,0.6,-0.13329999999999997,3.2511,4.3255,0.0,0,0,0,0.5,0,1
2024/2025_Pinet_Raven_9Round,1,0.0,0.4375,0.5667,-0.12919999999999998,0.4562,0.5446,-0.08839999999999998,0.4667,0.6,-0.13329999999999997,3.2511,4.3255,0.0,1,0,1,1.0,0,1
2024/2025_Pinet_Raven_9Round,2,0.25,0.4375,0.5667,-0.12919999999999998,0.4562,0.5446,-0.08839999999999998,0.4667,0.6,-0.13329999999999997,3.2511,4.3255,0.0,2,0,2,1.0,0,1
2024/2025_Pinet_Raven_9Round,2,0.25,0.4375,0.5667,-0.12919999999999998,0.4562,0.5446,-0.08839999999999998,0.4667,0.6,-0.13329999999999997,3.2511,4.3255,0.0,3,0,3,1.0,0,1
2024/2025_Pinet_Raven_9Round,3,0.5,0.4375,0.5667,-0.12919999999999998,0.4562,0.5446,-0.08839999999999998,0.4667,0.6,-0.13329999999999997,3.2511,4.3255,0.0,4,0,4,1.0,0,1
2024/2025_Pinet_Raven_9Round,3,0.5,0.4375,0.5667,-0.12919999999999998,0.4562,0.5446,-0.08839999999999998,0.4667,0.6,-0.13329999999999997,3.2511,4.3255,0.0,5,0,5,1.0,0,0
2024/2025_Pinet_Raven_9Round,4,0.75,0.4375,0.5667,-0.12919999999999998,0.4562,0.5446,-0.08839999999999998,0.4667,0.6,-0.13329999999999997,3.2511,4.3255,0.0,5,1,4,0.0,0,0
2024/2025_Pinet_Raven_9Round,5,1.0,0.4375,0.5667,-0.12919999999999998,0.4562,0.5446,-0.08839999999999998,0.4667,0.6,-0.13329999999999997,3.2511,4.3255,0.0,5,2,3,0.0,1,1
2024/2025_Pinet_Smart_5Round,1,0.0,0.3929,0.3846,0.00830000000000003,0.4554,0.4319,0.02350000000000002,0.4,0.4,0.0,3.1048,3.2377,0.0,0,0,0,0.5,0,1
2024/2025_Pinet_Smart_5Round,1,0.0,0.3929,0.3846,0.00830000000000003,0.4554,0.4319,0.02350000000000002,0.4,0.4,0.0,3.1048,3.2377,0.0,1,0,1,1.0,0,1
2024/2025_Pinet_Smart_5Round,2,0.25,0.3929,0.3846,0.00830000000000003,0.4554,0.4319,0.02350000000000002,0.4,0.4,0.0,3.1048,3.2377,0.0,2,0,2,1.0,0,1
2024/2025_Pinet_Smart_5Round,2,0.25,0.3929,0.3846,0.00830000000000003,0.4554,0.4319,0.02350000000000002,0.4,0.4,0.0,3.1048,3.2377,0.0,3,0,3,1.0,0,0
2024/2025_Pinet_Smart_5Round,3,0.5,0.3929,0.3846,0.00830000000000003,0.4554,0.4319,0.02350000000000002,0.4,0.4,0.0,3.1048,3.2377,0.0,3,1,2,0.0,0,1
2024/2025_Pinet_Smart_5Round,3,0.5,0.3929,0.3846,0.00830000000000003,0.4554,0.4319,0.02350000000000002,0.4,0.4,0.0,3.1048,3.2377,0.0,4,1,3,1.0,0,0
2024/2025_Pinet_Smart_5Round,4,0.75,0.3929,0.3846,0.00830000000000003,0.4554,0.4319,0.02350000000000002,0.4,0.4,0.0,3.1048,3.2377,0.0,4,2,2,0.0,0,0
2024/2025_Prata_Raven_4Round,1,0.0,0.4062,0.5385,-0.13229999999999997,0.46,0.5347,-0.07469999999999993,0.4286,0.6,-0.1714,3.4228,3.871,0.0,0,0,0,0.5,0,0
2024/2025_Prata_Raven_4Round,1,0.0,0.4062,0.5385,-0.13229999999999997,0.46,0.5347,-0.07469999999999993,0.4286,0.6,-0.1714,3.4228,3.871,0.0,0,1,-1,0.0,0,1
2024/2025_Prata_Raven_4Round,2,0.25,0.4062,0.5385,-0.13229999999999997,0.46,0.5347,-0.07469999999999993,0.4286,0.6,-0.1714,3.4228,3.871,0.0,1,1,0,1.0,0,1
2024/2025_Prata_Raven_4Round,2,0.25,0.4062,0.5385,-0.13229999999999997,0.46,0.5347,-0.07469999999999993,0.4286,0.6,-0.1714,3.4228,3.871,0.0,2,1,1,1.0,0,1
2024/2025_Prata_Raven_4Round,3,0.5,0.4062,0.5385,-0.13229999999999997,0.46,0.5347,-0.07469999999999993,0.4286,0.6,-0.1714,3.4228,3.871,0.0,3,1,2,1.0,0,0
2024/2025_Prata_Raven_4Round,3,0.5,0.4062,0.5385,-0.13229999999999997,0.46,0.5347,-0.07469999999999993,0.4286,0.6,-0.1714,3.4228,3.871,0.0,3,2,1,0.0,0,1
2024/2025_Prata_Raven_4Round,4,0.75,0.4062,0.5385,-0.13229999999999997,0.46,0.5347,-0.07469999999999993,0.4286,0.6,-0.1714,3.4228,3.871,0.0,4,2,2,1.0,0,0
2024/2025_Prata_Raven_4Round,4,0.75,0.4062,0.5385,-0.13229999999999997,0.46,0.5347,-0.07469999999999993,0.4286,0.6,-0.1714,3.4228,3.871,0.0,4,3,1,0.0,0,1
2024/2025_Prata_Raven_4Round,5,1.0,0.4062,0.5385,-0.13229999999999997,0.46,0.5347,-0.07469999999999993,0.4286,0.6,-0.1714,3.4228,3.871,0.0,5,3,2,1.0,1,0
2024/2025_Prata_Smart_13Round,1,0.0,0.4,0.3438,0.05620000000000003,0.4541,0.4077,0.0464,0.4667,0.4,0.06669999999999998,3.561,2.315,0.0,0,0,0,0.5,0,0
2024/2025_Prata_Smart_13Round,1,0.0,0.4,0.3438,0.05620000000000003,0.4541,0.4077,0.0464,0.4667,0.4,0.06669999999999998,3.561,2.315,0.0,0,1,-1,0.0,0,0
2024/2025_Prata_Smart_13Round,2,0.25,0.4,0.3438,0.05620000000000003,0.4541,0.4077,0.0464,0.4667,0.4,0.06669999999999998,3.561,2.315,0.0,0,2,-2,0.0,0,0
2024/2025_Prata_Smart_13Round,2,0.25,0.4,0.3438,0.05620000000000003,0.4541,0.4077,0.0464,0.4667,0.4,0.06669999999999998,3.561,2.315,0.0,0,3,-3,0.0,0,1
2024/2025_Prata_Smart_13Round,3,0.5,0.4,0.3438,0.05620000000000003,0.4541,0.4077,0.0464,0.4667,0.4,0.06669999999999998,3.561,2.315,0.0,1,3,-2,1.0,0,0
2024/2025_Prata_Smart_13Round,3,0.5,0.4,0.3438,0.05620000000000003,0.4541,0.4077,0.0464,0.4667,0.4,0.06669999999999998,3.561,2.315,0.0,1,4,-3,0.0,0,1
2024/2025_Prata_Smart_13Round,4,0.75,0.4,0.3438,0.05620000000000003,0.4541,0.4077,0.0464,0.4667,0.4,0.06669999999999998,3.561,2.315,0.0,2,4,-2,1.0,0,0
2024/2025_Prata_Smart_13Round,5,1.0,0.4,0.3438,0.05620000000000003,0.4541,0.4077,0.0464,0.4667,0.4,0.06669999999999998,3.561,2.315,0.0,2,5,-3,0.0,1,1
2024/2025_Raven_Smart_1Round,1,0.0,0.5,0.3913,0.10870000000000002,0.5318,0.4307,0.10110000000000002,0.4667,0.3333,0.13340000000000002,4.0217,2.4993,0.0,0,0,0,0.5,0,1
2024/2025_Raven_Smart_1Round,1,0.0,0.5,0.3913,0.10870000000000002,0.5318,0.4307,0.10110000000000002,0.4667,0.3333,0.13340000000000002,4.0217,2.4993,0.0,1,0,1,1.0,0,0
2024/2025_Raven_Smart_1Round,2,0.25,0.5,0.3913,0.10870000000000002,0.5318,0.4307,0.10110000000000002,0.4667,0.3333,0.13340000000000002,4.0217,2.4993,0.0,1,1,0,0.0,0,1
2024/2025_Raven_Smart_1Round,2,0.25,0.5,0.3913,0.10870000000000002,0.5318,0.4307,0.10110000000000002,0.4667,0.3333,0.13340000000000002,4.0217,2.4993,0.0,2,1,1,1.0,0,1
2024/2025_Raven_Smart_1Round,3,0.5,0.5,0.3913,0.10870000000000002,0.5318,0.4307,0.10110000000000002,0.4667,0.3333,0.13340000000000002,4.0217,2.4993,0.0,3,1,2,1.0,0,1
2024/2025_Raven_Smart_1Round,3,0.5,0.5,0.3913,0.10870000000000002,0.5318,0.4307,0.10110000000000002,0.4667,0.3333,0.13340000000000002,4.0217,2.4993,0.0,4,1,3,1.0,0,0
2024/2025_Raven_Smart_1Round,4,0.75,0.5,0.3913,0.10870000000000002,0.5318,0.4307,0.10110000000000002,0.4667,0.3333,0.13340000000000002,4.0217,2.4993,0.0,4,2,2,0.0,0,1
2024/2025_Raven_Smart_1Round,5,1.0,0.5,0.3913,0.10870000000000002,0.5318,0.4307,0.10110000000000002,0.4667,0.3333,0.13340000000000002,4.0217,2.4993,0.0,5,2,3,1.0,1,0
2024/2025_Sir S_Trent_5Round,1,0.0,0.6053,0.5333,0.07199999999999995,0.4955,0.4895,0.006000000000000005,0.5333,0.4667,0.06659999999999999,3.9028,3.5171,-0.572,0,0,0,0.5,0,1
2024/2025_Sir S_Trent_5Round,1,0.0,0.6053,0.5333,0.07199999999999995,0.4955,0.4895,0.006000000000000005,0.5333,0.4667,0.06659999999999999,3.9028,3.5171,-0.572,1,0,1,1.0,0,1
2024/2025_Sir S_Trent_5Round,2,0.25,0.6053,0.5333,0.07199999999999995,0.4955,0.4895,0.006000000000000005,0.5333,0.4667,0.06659999999999999,3.9028,3.5171,-0.572,2,0,2,1.0,0,0
2024/2025_Sir S_Trent_5Round,2,0.25,0.6053,0.5333,0.07199999999999995,0.4955,0.4895,0.006000000000000005,0.5333,0.4667,0.06659999999999999,3.9028,3.5171,-0.572,2,1,1,0.0,0,0
2024/2025_Sir S_Trent_5Round,3,0.5,0.6053,0.5333,0.07199999999999995,0.4955,0.4895,0.006000000000000005,0.5333,0.4667,0.06659999999999999,3.9028,3.5171,-0.572,2,2,0,0.0,0,0
2024/2025_Sir S_Trent_5Round,3,0.5,0.6053,0.5333,0.07199999999999995,0.4955,0.4895,0.006000000000000005,0.5333,0.4667,0.06659999999999999,3.9028,3.5171,-0.572,2,3,-1,0.0,0,1
2024/2025_Sir S_Trent_5Round,4,0.75,0.6053,0.5333,0.07199999999999995,0.4955,0.4895,0.006000000000000005,0.5333,0.4667,0.06659999999999999,3.9028,3.5171,-0.572,3,3,0,1.0,0,0
2024/2025_Sir S_Trent_5Round,4,0.75,0.6053,0.5333,0.07199999999999995,0.4955,0.4895,0.006000000000000005,0.5333,0.4667,0.06659999999999999,3.9028,3.5171,-0.572,3,4,-1,0.0,0,0
2024/2025_Sir S_Trent_5Round,5,1.0,0.6053,0.5333,0.07199999999999995,0.4955,0.4895,0.006000000000000005,0.5333,0.4667,0.06659999999999999,3.9028,3.5171,-0.572,3,5,-2,0.0,1,0
2024/2025_Sir S_Veron_1Round,1,0.0,0.5972,0.5139,0.08329999999999993,0.4933,0.4662,0.027100000000000013,0.5333,0.5333,0.0,4.1855,3.7972,2.069,0,0,0,0.5,0,1
2024/2025_Sir S_Veron_1Round,1,0.0,0.5972,0.5139,0.08329999999999993,0.4933,0.4662,0.027100000000000013,0.5333,0.5333,0.0,4.1855,3.7972,2.069,1,0,1,1.0,0,0
2024/2025_Sir S_Veron_1Round,2,0.25,0.5972,0.5139,0.08329999999999993,0.4933,0.4662,0.027100000000000013,0.5333,0.5333,0.0,4.1855,3.7972,2.069,1,1,0,0.0,0,1
2024/2025_Sir S_Veron_1Round,2,0.25,0.5972,0.5139,0.08329999999999993,0.4933,0.4662,0.027100000000000013,0.5333,0.5333,0.0,4.1855,3.7972,2.069,2,1,1,1.0,0,1
2024/2025_Sir S_Veron_1Round,3,0.5,0.5972,0.5139,0.08329999999999993,0.4933,0.4662,0.027100000000000013,0.5333,0.5333,0.0,4.1855,3.7972,2.069,3,1,2,1.0,0,1
2024/2025_Sir S_Veron_1Round,3,0.5,0.5972,0.5139,0.08329999999999993,0.4933,0.4662,0.027100000000000013,0.5333,0.5333,0.0,4.1855,3.7972,2.069,4,1,3,1.0,0,0
2024/2025_Sir S_Veron_1Round,4,0.75,0.5972,0.5139,0.08329999999999993,0.4933,0.4662,0.027100000000000013,0.5333,0.5333,0.0,4.1855,3.7972,2.069,4,2,2,0.0,0,1
2024/2025_Sir S_Veron_1Round,5,1.0,0.5972,0.5139,0.08329999999999993,0.4933,0.4662,0.027100000000000013,0.5333,0.5333,0.0,4.1855,3.7972,2.069,5,2,3,1.0,1,0
2024/2025_Trent_Veron_7Round,1,0.0,0.5455,0.5256,0.01990000000000003,0.4932,0.4732,0.020000000000000018,0.4667,0.6,-0.13329999999999997,4.3567,4.5332,-1.566,0,0,0,0.5,0,0
2024/2025_Trent_Veron_7Round,1,0.0,0.5455,0.5256,0.01990000000000003,0.4932,0.4732,0.020000000000000018,0.4667,0.6,-0.13329999999999997,4.3567,4.5332,-1.566,0,1,-1,0.0,0,0
2024/2025_Trent_Veron_7Round,2,0.25,0.5455,0.5256,0.01990000000000003,0.4932,0.4732,0.020000000000000018,0.4667,0.6,-0.13329999999999997,4.3567,4.5332,-1.566,0,2,-2,0.0,0,0
2024/2025_Trent_Veron_7Round,2,0.25,0.5455,0.5256,0.01990000000000003,0.4932,0.4732,0.020000000000000018,0.4667,0.6,-0.13329999999999997,4.3567,4.5332,-1.566,0,3,-3,0.0,0,1
2024/2025_Trent_Veron_7Round,3,0.5,0.5455,0.5256,0.01990000000000003,0.4932,0.4732,0.020000000000000018,0.4667,0.6,-0.13329999999999997,4.3567,4.5332,-1.566,1,3,-2,1.0,0,0
2024/2025_Trent_Veron_7Round,3,0.5,0.5455,0.5256,0.01990000000000003,0.4932,0.4732,0.020000000000000018,0.4667,0.6,-0.13329999999999997,4.3567,4.5332,-1.566,1,4,-3,0.0,0,1
2024/2025_Trent_Veron_7Round,4,0.75,0.5455,0.5256,0.01990000000000003,0.4932,0.4732,0.020000000000000018,0.4667,0.6,-0.13329999999999997,4.3567,4.5332,-1.566,2,4,-2,1.0,0,1
2025/2026_Acica_Avers_11Round,1,0.0,0.6471,0.6383,0.00880000000000003,0.5542,0.5434,0.010800000000000032,0.5333,0.5333,0.0,3.5215,4.392,0.0,0,0,0,0.5,0,0
2025/2026_Acica_Avers_11Round,1,0.0,0.6471,0.6383,0.00880000000000003,0.5542,0.5434,0.010800000000000032,0.5333,0.5333,0.0,3.5215,4.392,0.0,0,1,-1,0.0,0,1
2025/2026_Acica_Avers_11Round,2,0.25,0.6471,0.6383,0.00880000000000003,0.5542,0.5434,0.010800000000000032,0.5333,0.5333,0.0,3.5215,4.392,0.0,1,1,0,1.0,0,0
2025/2026_Acica_Avers_11Round,2,0.25,0.6471,0.6383,0.00880000000000003,0.5542,0.5434,0.010800000000000032,0.5333,0.5333,0.0,3.5215,4.392,0.0,1,2,-1,0.0,0,0
2025/2026_Acica_Avers_11Round,3,0.5,0.6471,0.6383,0.00880000000000003,0.5542,0.5434,0.010800000000000032,0.5333,0.5333,0.0,3.5215,4.392,0.0,1,3,-2,0.0,0,1
2025/2026_Acica_Avers_11Round,3,0.5,0.6471,0.6383,0.00880000000000003,0.5542,0.5434,0.010800000000000032,0.5333,0.5333,0.0,3.5215,4.392,0.0,2,3,-1,1.0,0,1
2025/2026_Acica_Avers_11Round,4,0.75,0.6471,0.6383,0.00880000000000003,0.5542,0.5434,0.010800000000000032,0.5333,0.5333,0.0,3.5215,4.392,0.0,3,3,0,1.0,0,0
2025/2026_Acica_Avers_11Round,4,0.75,0.6471,0.6383,0.00880000000000003,0.5542,0.5434,0.010800000000000032,0.5333,0.5333,0.0,3.5215,4.392,0.0,3,4,-1,0.0,0,0
2025/2026_Acica_Avers_11Round,5,1.0,0.6471,0.6383,0.00880000000000003,0.5542,0.5434,0.010800000000000032,0.5333,0.5333,0.0,3.5215,4.392,0.0,3,5,-2,0.0,1,1
2025/2026_Acica_Bresc_6Round,1,0.0,0.6552,0.5818,0.07340000000000002,0.5708,0.5297,0.041100000000000025,0.5333,0.5333,0.0,4.0654,4.5103,0.0,0,0,0,0.5,0,0
2025/2026_Acica_Bresc_6Round,1,0.0,0.6552,0.5818,0.07340000000000002,0.5708,0.5297,0.041100000000000025,0.5333,0.5333,0.0,4.0654,4.5103,0.0,0,1,-1,0.0,0,1
2025/2026_Acica_Bresc_6Round,2,0.25,0.6552,0.5818,0.07340000000000002,0.5708,0.5297,0.041100000000000025,0.5333,0.5333,0.0,4.0654,4.5103,0.0,1,1,0,1.0,0,0
2025/2026_Acica_Bresc_6Round,2,0.25,0.6552,0.5818,0.07340000000000002,0.5708,0.5297,0.041100000000000025,0.5333,0.5333,0.0,4.0654,4.5103,0.0,1,2,-1,0.0,0,0
2025/2026_Acica_Bresc_6Round,3,0.5,0.6552,0.5818,0.07340000000000002,0.5708,0.5297,0.041100000000000025,0.5333,0.5333,0.0,4.0654,4.5103,0.0,1,3,-2,0.0,0,1
2025/2026_Acica_Bresc_6Round,3,0.5,0.6552,0.5818,0.07340000000000002,0.5708,0.5297,0.041100000000000025,0.5333,0.5333,0.0,4.0654,4.5103,0.0,2,3,-1,1.0,0,1
2025/2026_Acica_Bresc_6Round,4,0.75,0.6552,0.5818,0.07340000000000002,0.5708,0.5297,0.041100000000000025,0.5333,0.5333,0.0,4.0654,4.5103,0.0,3,3,0,1.0,0,1
2025/2026_Acica_Bresc_6Round,4,0.75,0.6552,0.5818,0.07340000000000002,0.5708,0.5297,0.041100000000000025,0.5333,0.5333,0.0,4.0654,4.5103,0.0,4,3,1,1.0,0,1
2025/2026_Acica_Bresc_6Round,5,1.0,0.6552,0.5818,0.07340000000000002,0.5708,0.5297,0.041100000000000025,0.5333,0.5333,0.0,4.0654,4.5103,0.0,5,3,2,1.0,1,1
2025/2026_Acica_Cantù_8Round,1,0.0,0.6774,0.5536,0.12380000000000002,0.5735,0.5048,0.06869999999999998,0.5333,0.4667,0.06659999999999999,4.4467,4.5596,0.0,0,0,0,0.5,0,0
2025/2026_Acica_Cantù_8Round,1,0.0,0.6774,0.5536,0.12380000000000002,0.5735,0.5048,0.06869999999999998,0.5333,0.4667,0.06659999999999999,4.4467,4.5596,0.0,0,1,-1,0.0,0,0
2025/2026_Acica_Cantù_8Round,2,0.25,0.6774,0.5536,0.12380000000000002,0.5735,0.5048,0.06869999999999998,0.5333,0.4667,0.06659999999999999,4.4467,4.5596,0.0,0,2,-2,0.0,0,1
2025/2026_Acica_Cantù_8Round,2,0.25,0.6774,0.5536,0.12380000000000002,0.5735,0.5048,0.06869999999999998,0.5333,0.4667,0.06659999999999999,4.4467,4.5596,0.0,1,2,-1,1.0,0,1
2025/2026_Acica_Cantù_8Round,3,0.5,0.6774,0.5536,0.12380000000000002,0.5735,0.5048,0.06869999999999998,0.5333,0.4667,0.06659999999999999,4.4467,4.5596,0.0,2,2,0,1.0,0,0
2025/2026_Acica_Cantù_8Round,3,0.5,0.6774,0.5536,0.12380000000000002,0.5735,0.5048,0.06869999999999998,0.5333,0.4667,0.06659999999999999,4.4467,4.5596,0.0,2,3,-1,0.0,0,0
2025/2026_Acica_Cantù_8Round,4,0.75,0.6774,0.5536,0.12380000000000002,0.5735,0.5048,0.06869999999999998,0.5333,0.4667,0.06659999999999999,4.4467,4.5596,0.0,2,4,-2,0.0,0,1
2025/2026_Acica_Cantù_8Round,4,0.75,0.6774,0.5536,0.12380000000000002,0.5735,0.5048,0.06869999999999998,0.5333,0.4667,0.06659999999999999,4.4467,4.5596,0.0,3,4,-1,1.0,0,0
2025/2026_Acica_Cantù_8Round,5,1.0,0.6774,0.5536,0.12380000000000002,0.5735,0.5048,0.06869999999999998,0.5333,0.4667,0.06659999999999999,4.4467,4.5596,0.0,3,5,-2,0.0,1,0
2025/2026_Acica_Fano_4Round,1,0.0,0.6667,0.3611,0.3056,0.5734,0.4194,0.15400000000000003,0.6,0.4,0.19999999999999996,4.2816,3.3329,0.0,0,0,0,0.5,0,1
2025/2026_Acica_Fano_4Round,1,0.0,0.6667,0.3611,0.3056,0.5734,0.4194,0.15400000000000003,0.6,0.4,0.19999999999999996,4.2816,3.3329,0.0,1,0,1,1.0,0,1
2025/2026_Acica_Fano_4Round,2,0.25,0.6667,0.3611,0.3056,0.5734,0.4194,0.15400000000000003,0.6,0.4,0.19999999999999996,4.2816,3.3329,0.0,2,0,2,1.0,0,0
2025/2026_Acica_Fano_4Round,2,0.25,0.6667,0.3611,0.3056,0.5734,0.4194,0.15400000000000003,0.6,0.4,0.19999999999999996,4.2816,3.3329,0.0,2,1,1,0.0,0,1
2025/2026_Acica_Fano_4Round,3,0.5,0.6667,0.3611,0.3056,0.5734,0.4194,0.15400000000000003,0.6,0.4,0.19999999999999996,4.2816,3.3329,0.0,3,1,2,1.0,0,0
2025/2026_Acica_Fano_4Round,3,0.5,0.6667,0.3611,0.3056,0.5734,0.4194,0.15400000000000003,0.6,0.4,0.19999999999999996,4.2816,3.3329,0.0,3,2,1,0.0,0,0
2025/2026_Acica_Fano_4Round,4,0.75,0.6667,0.3611,0.3056,0.5734,0.4194,0.15400000000000003,0.6,0.4,0.19999999999999996,4.2816,3.3329,0.0,3,3,0,0.0,0,1
2025/2026_Acica_Fano_4Round,4,0.75,0.6667,0.3611,0.3056,0.5734,0.4194,0.15400000000000003,0.6,0.4,0.19999999999999996,4.2816,3.3329,0.0,4,3,1,1.0,0,0
2025/2026_Acica_Lagon_7Round,1,0.0,0.6667,0.5227,0.1439999999999999,0.5743,0.5487,0.025600000000000067,0.5333,0.5333,0.0,4.4026,4.628,0.0,0,0,0,0.5,0,1
2025/2026_Acica_Lagon_7Round,1,0.0,0.6667,0.5227,0.1439999999999999,0.5743,0.5487,0.025600000000000067,0.5333,0.5333,0.0,4.4026,4.628,0.0,1,0,1,1.0,0,1
2025/2026_Acica_Lagon_7Round,2,0.25,0.6667,0.5227,0.1439999999999999,0.5743,0.5487,0.025600000000000067,0.5333,0.5333,0.0,4.4026,4.628,0.0,2,0,2,1.0,0,0
2025/2026_Acica_Lagon_7Round,2,0.25,0.6667,0.5227,0.1439999999999999,0.5743,0.5487,0.025600000000000067,0.5333,0.5333,0.0,4.4026,4.628,0.0,2,1,1,0.0,0,1
2025/2026_Acica_Lagon_7Round,3,0.5,0.6667,0.5227,0.1439999999999999,0.5743,0.5487,0.025600000000000067,0.5333,0.5333,0.0,4.4026,4.628,0.0,3,1,2,1.0,0,0
2025/2026_Acica_Lagon_7Round,3,0.5,0.6667,0.5227,0.1439999999999999,0.5743,0.5487,0.025600000000000067,0.5333,0.5333,0.0,4.4026,4.628,0.0,3,2,1,0.0,0,0
2025/2026_Acica_Lagon_7Round,4,0.75,0.6667,0.5227,0.1439999999999999,0.5743,0.5487,0.025600000000000067,0.5333,0.5333,0.0,4.4026,4.628,0.0,3,3,0,0.0,0,1
2025/2026_Acica_Lagon_7Round,4,0.75,0.6667,0.5227,0.1439999999999999,0.5743,0.5487,0.025600000000000067,0.5333,0.5333,0.0,4.4026,4.628,0.0,4,3,1,1.0,0,1
2025/2026_Acica_Lagon_7Round,5,1.0,0.6667,0.5227,0.1439999999999999,0.5743,0.5487,0.025600000000000067,0.5333,0.5333,0.0,4.4026,4.628,0.0,5,3,2,1.0,1,0
2025/2026_Acica_Macer_1Round,1,0.0,0.6667,0.5152,0.15149999999999997,0.5722,0.5091,0.06310000000000004,0.6667,0.3333,0.3334,4.5991,3.8272,0.0,0,0,0,0.5,0,1
2025/2026_Acica_Macer_1Round,1,0.0,0.6667,0.5152,0.15149999999999997,0.5722,0.5091,0.06310000000000004,0.6667,0.3333,0.3334,4.5991,3.8272,0.0,1,0,1,1.0,0,1
2025/2026_Acica_Macer_1Round,2,0.25,0.6667,0.5152,0.15149999999999997,0.5722,0.5091,0.06310000000000004,0.6667,0.3333,0.3334,4.5991,3.8272,0.0,2,0,2,1.0,0,1
2025/2026_Acica_Macer_1Round,2,0.25,0.6667,0.5152,0.15149999999999997,0.5722,0.5091,0.06310000000000004,0.6667,0.3333,0.3334,4.5991,3.8272,0.0,3,0,3,1.0,0,0
2025/2026_Acica_Macer_1Round,3,0.5,0.6667,0.5152,0.15149999999999997,0.5722,0.5091,0.06310000000000004,0.6667,0.3333,0.3334,4.5991,3.8272,0.0,3,1,2,0.0,0,1
2025/2026_Acica_Macer_1Round,3,0.5,0.6667,0.5152,0.15149999999999997,0.5722,0.5091,0.06310000000000004,0.6667,0.3333,0.3334,4.5991,3.8272,0.0,4,1,3,1.0,0,0
2025/2026_Acica_Macer_1Round,4,0.75,0.6667,0.5152,0.15149999999999997,0.5722,0.5091,0.06310000000000004,0.6667,0.3333,0.3334,4.5991,3.8272,0.0,4,2,2,0.0,0,1
2025/2026_Acica_Macer_1Round,5,1.0,0.6667,0.5152,0.15149999999999997,0.5722,0.5091,0.06310000000000004,0.6667,0.3333,0.3334,4.5991,3.8272,0.0,5,2,3,1.0,1,0
2025/2026_Acica_Pinet_5Round,1,0.0,0.6429,0.4211,0.22180000000000005,0.5707,0.4474,0.12329999999999997,0.5333,0.4,0.13329999999999997,4.1549,2.9812,0.0,0,0,0,0.5,0,0
2025/2026_Acica_Pinet_5Round,1,0.0,0.6429,0.4211,0.22180000000000005,0.5707,0.4474,0.12329999999999997,0.5333,0.4,0.13329999999999997,4.1549,2.9812,0.0,0,1,-1,0.0,0,1
2025/2026_Acica_Pinet_5Round,2,0.25,0.6429,0.4211,0.22180000000000005,0.5707,0.4474,0.12329999999999997,0.5333,0.4,0.13329999999999997,4.1549,2.9812,0.0,1,1,0,1.0,0,1
2025/2026_Acica_Pinet_5Round,2,0.25,0.6429,0.4211,0.22180000000000005,0.5707,0.4474,0.12329999999999997,0.5333,0.4,0.13329999999999997,4.1549,2.9812,0.0,2,1,1,1.0,0,0
2025/2026_Acica_Pinet_5Round,3,0.5,0.6429,0.4211,0.22180000000000005,0.5707,0.4474,0.12329999999999997,0.5333,0.4,0.13329999999999997,4.1549,2.9812,0.0,2,2,0,0.0,0,1
2025/2026_Acica_Pinet_5Round,3,0.5,0.6429,0.4211,0.22180000000000005,0.5707,0.4474,0.12329999999999997,0.5333,0.4,0.13329999999999997,4.1549,2.9812,0.0,3,2,1,1.0,0,1
2025/2026_Acica_Pinet_5Round,4,0.75,0.6429,0.4211,0.22180000000000005,0.5707,0.4474,0.12329999999999997,0.5333,0.4,0.13329999999999997,4.1549,2.9812,0.0,4,2,2,1.0,0,0
2025/2026_Acica_Porto_12Round,1,0.0,0.6286,0.5192,0.10940000000000005,0.5505,0.5406,0.00990000000000002,0.4667,0.4667,0.0,3.6223,4.9838,0.0,0,0,0,0.5,0,1
2025/2026_Acica_Porto_12Round,1,0.0,0.6286,0.5192,0.10940000000000005,0.5505,0.5406,0.00990000000000002,0.4667,0.4667,0.0,3.6223,4.9838,0.0,1,0,1,1.0,0,1
2025/2026_Acica_Porto_12Round,2,0.25,0.6286,0.5192,0.10940000000000005,0.5505,0.5406,0.00990000000000002,0.4667,0.4667,0.0,3.6223,4.9838,0.0,2,0,2,1.0,0,0
2025/2026_Acica_Porto_12Round,2,0.25,0.6286,0.5192,0.10940000000000005,0.5505,0.5406,0.00990000000000002,0.4667,0.4667,0.0,3.6223,4.9838,0.0,2,1,1,0.0,0,0
2025/2026_Acica_Porto_12Round,3,0.5,0.6286,0.5192,0.10940000000000005,0.5505,0.5406,0.00990000000000002,0.4667,0.4667,0.0,3.6223,4.9838,0.0,2,2,0,0.0,0,1
2025/2026_Acica_Porto_12Round,3,0.5,0.6286,0.5192,0.10940000000000005,0.5505,0.5406,0.00990000000000002,0.4667,0.4667,0.0,3.6223,4.9838,0.0,3,2,1,1.0,0,0
2025/2026_Acica_Porto_12Round,4,0.75,0.6286,0.5192,0.10940000000000005,0.5505,0.5406,0.00990000000000002,0.4667,0.4667,0.0,3.6223,4.9838,0.0,3,3,0,0.0,0,0
2025/2026_Acica_Porto_12Round,4,0.75,0.6286,0.5192,0.10940000000000005,0.5505,0.5406,0.00990000000000002,0.4667,0.4667,0.0,3.6223,4.9838,0.0,3,4,-1,0.0,0,0
2025/2026_Acica_Porto_12Round,5,1.0,0.6286,0.5192,0.10940000000000005,0.5505,0.5406,0.00990000000000002,0.4667,0.4667,0.0,3.6223,4.9838,0.0,3,5,-2,0.0,1,0
2025/2026_Acica_Prata_9Round,1,0.0,0.6562,0.3469,0.3093,0.5648,0.4341,0.13069999999999998,0.5333,0.4,0.13329999999999997,4.0693,2.7145,0.0,0,0,0,0.5,0,0
2025/2026_Acica_Prata_9Round,1,0.0,0.6562,0.3469,0.3093,0.5648,0.4341,0.13069999999999998,0.5333,0.4,0.13329999999999997,4.0693,2.7145,0.0,0,1,-1,0.0,0,1
2025/2026_Acica_Prata_9Round,2,0.25,0.6562,0.3469,0.3093,0.5648,0.4341,0.13069999999999998,0.5333,0.4,0.13329999999999997,4.0693,2.7145,0.0,1,1,0,1.0,0,0
2025/2026_Acica_Prata_9Round,2,0.25,0.6562,0.3469,0.3093,0.5648,0.4341,0.13069999999999998,0.5333,0.4,0.13329999999999997,4.0693,2.7145,0.0,1,2,-1,0.0,0,0
2025/2026_Acica_Prata_9Round,3,0.5,0.6562,0.3469,0.3093,0.5648,0.4341,0.13069999999999998,0.5333,0.4,0.13329999999999997,4.0693,2.7145,0.0,1,3,-2,0.0,0,0
2025/2026_Acica_Prata_9Round,3,0.5,0.6562,0.3469,0.3093,0.5648,0.4341,0.13069999999999998,0.5333,0.4,0.13329999999999997,4.0693,2.7145,0.0,1,4,-3,0.0,0,0
2025/2026_Acica_Prata_9Round,4,0.75,0.6562,0.3469,0.3093,0.5648,0.4341,0.13069999999999998,0.5333,0.4,0.13329999999999997,4.0693,2.7145,0.0,1,5,-4,0.0,0,0
2025/2026_Acica_Raven_10Round,1,0.0,0.6364,0.5349,0.10149999999999992,0.5536,0.5164,0.03720000000000001,0.5333,0.5333,0.0,3.3812,3.1297,0.0,0,0,0,0.5,0,1
2025/2026_Acica_Raven_10Round,1,0.0,0.6364,0.5349,0.10149999999999992,0.5536,0.5164,0.03720000000000001,0.5333,0.5333,0.0,3.3812,3.1297,0.0,1,0,1,1.0,0,1
2025/2026_Acica_Raven_10Round,2,0.25,0.6364,0.5349,0.10149999999999992,0.5536,0.5164,0.03720000000000001,0.5333,0.5333,0.0,3.3812,3.1297,0.0,2,0,2,1.0,0,1
2025/2026_Acica_Raven_10Round,2,0.25,0.6364,0.5349,0.10149999999999992,0.5536,0.5164,0.03720000000000001,0.5333,0.5333,0.0,3.3812,3.1297,0.0,3,0,3,1.0,0,0
2025/2026_Acica_Raven_10Round,3,0.5,0.6364,0.5349,0.10149999999999992,0.5536,0.5164,0.03720000000000001,0.5333,0.5333,0.0,3.3812,3.1297,0.0,3,1,2,0.0,0,1
2025/2026_Acica_Raven_10Round,3,0.5,0.6364,0.5349,0.10149999999999992,0.5536,0.5164,0.03720000000000001,0.5333,0.5333,0.0,3.3812,3.1297,0.0,4,1,3,1.0,0,0
2025/2026_Acica_Raven_10Round,4,0.75,0.6364,0.5349,0.10149999999999992,0.5536,0.5164,0.03720000000000001,0.5333,0.5333,0.0,3.3812,3.1297,0.0,4,2,2,0.0,0,0
2025/2026_Acica_Siena_2Round,1,0.0,0.68,0.4444,0.23560000000000003,0.5744,0.4782,0.09620000000000001,0.6667,0.3333,0.3334,4.5612,3.5551,0.0,0,0,0,0.5,0,1
2025/2026_Acica_Siena_2Round,1,0.0,0.68,0.4444,0.23560000000000003,0.5744,0.4782,0.09620000000000001,0.6667,0.3333,0.3334,4.5612,3.5551,0.0,1,0,1,1.0,0,1
2025/2026_Acica_Siena_2Round,2,0.25,0.68,0.4444,0.23560000000000003,0.5744,0.4782,0.09620000000000001,0.6667,0.3333,0.3334,4.5612,3.5551,0.0,2,0,2,1.0,0,1
2025/2026_Acica_Siena_2Round,2,0.25,0.68,0.4444,0.23560000000000003,0.5744,0.4782,0.09620000000000001,0.6667,0.3333,0.3334,4.5612,3.5551,0.0,3,0,3,1.0,0,1
2025/2026_Acica_Siena_2Round,3,0.5,0.68,0.4444,0.23560000000000003,0.5744,0.4782,0.09620000000000001,0.6667,0.3333,0.3334,4.5612,3.5551,0.0,4,0,4,1.0,0,1
2025/2026_Acica_Siena_2Round,3,0.5,0.68,0.4444,0.23560000000000003,0.5744,0.4782,0.09620000000000001,0.6667,0.3333,0.3334,4.5612,3.5551,0.0,5,0,5,1.0,0,0
2025/2026_Acica_Siena_2Round,4,0.75,0.68,0.4444,0.23560000000000003,0.5744,0.4782,0.09620000000000001,0.6667,0.3333,0.3334,4.5612,3.5551,0.0,5,1,4,0.0,0,0
2025/2026_Acica_Siena_2Round,5,1.0,0.68,0.4444,0.23560000000000003,0.5744,0.4782,0.09620000000000001,0.6667,0.3333,0.3334,4.5612,3.5551,0.0,5,2,3,0.0,1,1
2025/2026_Acica_Sorre_3Round,1,0.0,0.6923,0.5,0.19230000000000003,0.5812,0.5162,0.06500000000000006,0.6667,0.5333,0.13339999999999996,4.7233,3.8818,0.0,0,0,0,0.5,0,1
2025/2026_Acica_Sorre_3Round,1,0.0,0.6923,0.5,0.19230000000000003,0.5812,0.5162,0.06500000000000006,0.6667,0.5333,0.13339999999999996,4.7233,3.8818,0.0,1,0,1,1.0,0,0
2025/2026_Acica_Sorre_3Round,2,0.25,0.6923,0.5,0.19230000000000003,0.5812,0.5162,0.06500000000000006,0.6667,0.5333,0.13339999999999996,4.7233,3.8818,0.0,1,1,0,0.0,0,0
2025/2026_Acica_Sorre_3Round,2,0.25,0.6923,0.5,0.19230000000000003,0.5812,0.5162,0.06500000000000006,0.6667,0.5333,0.13339999999999996,4.7233,3.8818,0.0,1,2,-1,0.0,0,0
2025/2026_Acica_Sorre_3Round,3,0.5,0.6923,0.5,0.19230000000000003,0.5812,0.5162,0.06500000000000006,0.6667,0.5333,0.13339999999999996,4.7233,3.8818,0.0,1,3,-2,0.0,0,0
2025/2026_Acica_Sorre_3Round,3,0.5,0.6923,0.5,0.19230000000000003,0.5812,0.5162,0.06500000000000006,0.6667,0.5333,0.13339999999999996,4.7233,3.8818,0.0,1,4,-3,0.0,0,1
2025/2026_Acica_Sorre_3Round,4,0.75,0.6923,0.5,0.19230000000000003,0.5812,0.5162,0.06500000000000006,0.6667,0.5333,0.13339999999999996,4.7233,3.8818,0.0,2,4,-2,1.0,0,0
2025/2026_Acica_Sorre_3Round,5,1.0,0.6923,0.5,0.19230000000000003,0.5812,0.5162,0.06500000000000006,0.6667,0.5333,0.13339999999999996,4.7233,3.8818,0.0,2,5,-3,0.0,1,1
2025/2026_Acica_Taran_13Round,1,0.0,0.6111,0.3793,0.23179999999999995,0.5436,0.414,0.1296,0.4,0.3333,0.06670000000000004,3.4781,2.468,0.0,0,0,0,0.5,0,0
2025/2026_Acica_Taran_13Round,1,0.0,0.6111,0.3793,0.23179999999999995,0.5436,0.414,0.1296,0.4,0.3333,0.06670000000000004,3.4781,2.468,0.0,0,1,-1,0.0,0,1
2025/2026_Acica_Taran_13Round,2,0.25,0.6111,0.3793,0.23179999999999995,0.5436,0.414,0.1296,0.4,0.3333,0.06670000000000004,3.4781,2.468,0.0,1,1,0,1.0,0,0
2025/2026_Acica_Taran_13Round,2,0.25,0.6111,0.3793,0.23179999999999995,0.5436,0.414,0.1296,0.4,0.3333,0.06670000000000004,3.4781,2.468,0.0,1,2,-1,0.0,0,1
2025/2026_Acica_Taran_13Round,3,0.5,0.6111,0.3793,0.23179999999999995,0.5436,0.414,0.1296,0.4,0.3333,0.06670000000000004,3.4781,2.468,0.0,2,2,0,1.0,0,0
2025/2026_Acica_Taran_13Round,3,0.5,0.6111,0.3793,0.23179999999999995,0.5436,0.414,0.1296,0.4,0.3333,0.06670000000000004,3.4781,2.468,0.0,2,3,-1,0.0,0,1
2025/2026_Avers_Bresc_9Round,1,0.0,0.6444,0.569,0.07540000000000002,0.5483,0.527,0.021299999999999986,0.6,0.4667,0.13329999999999997,5.0845,4.3233,0.0,0,0,0,0.5,0,0
2025/2026_Avers_Bresc_9Round,1,0.0,0.6444,0.569,0.07540000000000002,0.5483,0.527,0.021299999999999986,0.6,0.4667,0.13329999999999997,5.0845,4.3233,0.0,0,1,-1,0.0,0,1
2025/2026_Avers_Bresc_9Round,2,0.25,0.6444,0.569,0.07540000000000002,0.5483,0.527,0.021299999999999986,0.6,0.4667,0.13329999999999997,5.0845,4.3233,0.0,1,1,0,1.0,0,0
2025/2026_Avers_Bresc_9Round,2,0.25,0.6444,0.569,0.07540000000000002,0.5483,0.527,0.021299999999999986,0.6,0.4667,0.13329999999999997,5.0845,4.3233,0.0,1,2,-1,0.0,0,1
2025/2026_Avers_Bresc_9Round,3,0.5,0.6444,0.569,0.07540000000000002,0.5483,0.527,0.021299999999999986,0.6,0.4667,0.13329999999999997,5.0845,4.3233,0.0,2,2,0,1.0,0,0
2025/2026_Avers_Bresc_9Round,3,0.5,0.6444,0.569,0.07540000000000002,0.5483,0.527,0.021299999999999986,0.6,0.4667,0.13329999999999997,5.0845,4.3233,0.0,2,3,-1,0.0,0,0
2025/2026_Avers_Bresc_9Round,4,0.75,0.6444,0.569,0.07540000000000002,0.5483,0.527,0.021299999999999986,0.6,0.4667,0.13329999999999997,5.0845,4.3233,0.0,2,4,-2,0.0,0,0
2025/2026_Avers_Bresc_9Round,5,1.0,0.6444,0.569,0.07540000000000002,0.5483,0.527,0.021299999999999986,0.6,0.4667,0.13329999999999997,5.0845,4.3233,0.0,2,5,-3,0.0,1,0
2025/2026_Avers_Cantù_1Round,1,0.0,0.5946,0.551,0.04359999999999997,0.5187,0.4945,0.024200000000000055,0.4667,0.5333,-0.06659999999999999,4.1089,3.88,0.0,0,0,0,0.5,0,1
2025/2026_Avers_Cantù_1Round,1,0.0,0.5946,0.551,0.04359999999999997,0.5187,0.4945,0.024200000000000055,0.4667,0.5333,-0.06659999999999999,4.1089,3.88,0.0,1,0,1,1.0,0,0
2025/2026_Avers_Cantù_1Round,2,0.25,0.5946,0.551,0.04359999999999997,0.5187,0.4945,0.024200000000000055,0.4667,0.5333,-0.06659999999999999,4.1089,3.88,0.0,1,1,0,0.0,0,1
2025/2026_Avers_Cantù_1Round,2,0.25,0.5946,0.551,0.04359999999999997,0.5187,0.4945,0.024200000000000055,0.4667,0.5333,-0.06659999999999999,4.1089,3.88,0.0,2,1,1,1.0,0,1
2025/2026_Avers_Cantù_1Round,3,0.5,0.5946,0.551,0.04359999999999997,0.5187,0.4945,0.024200000000000055,0.4667,0.5333,-0.06659999999999999,4.1089,3.88,0.0,3,1,2,1.0,0,1
2025/2026_Avers_Cantù_1Round,3,0.5,0.5946,0.551,0.04359999999999997,0.5187,0.4945,0.024200000000000055,0.4667,0.5333,-0.06659999999999999,4.1089,3.88,0.0,4,1,3,1.0,0,0
2025/2026_Avers_Cantù_1Round,4,0.75,0.5946,0.551,0.04359999999999997,0.5187,0.4945,0.024200000000000055,0.4667,0.5333,-0.06659999999999999,4.1089,3.88,0.0,4,2,2,0.0,0,0
2025/2026_Avers_Fano_3Round,1,0.0,0.6154,0.3714,0.24399999999999994,0.5276,0.4192,0.10839999999999994,0.6,0.4667,0.13329999999999997,4.4396,3.4171,0.0,0,0,0,0.5,0,1
2025/2026_Avers_Fano_3Round,1,0.0,0.6154,0.3714,0.24399999999999994,0.5276,0.4192,0.10839999999999994,0.6,0.4667,0.13329999999999997,4.4396,3.4171,0.0,1,0,1,1.0,0,1
2025/2026_Avers_Fano_3Round,2,0.25,0.6154,0.3714,0.24399999999999994,0.5276,0.4192,0.10839999999999994,0.6,0.4667,0.13329999999999997,4.4396,3.4171,0.0,2,0,2,1.0,0,1
2025/2026_Avers_Fano_3Round,2,0.25,0.6154,0.3714,0.24399999999999994,0.5276,0.4192,0.10839999999999994,0.6,0.4667,0.13329999999999997,4.4396,3.4171,0.0,3,0,3,1.0,0,0
2025/2026_Avers_Fano_3Round,3,0.5,0.6154,0.3714,0.24399999999999994,0.5276,0.4192,0.10839999999999994,0.6,0.4667,0.13329999999999997,4.4396,3.4171,0.0,3,1,2,0.0,0,1
2025/2026_Avers_Fano_3Round,3,0.5,0.6154,0.3714,0.24399999999999994,0.5276,0.4192,0.10839999999999994,0.6,0.4667,0.13329999999999997,4.4396,3.4171,0.0,4,1,3,1.0,0,0
2025/2026_Avers_Fano_3Round,4,0.75,0.6154,0.3714,0.24399999999999994,0.5276,0.4192,0.10839999999999994,0.6,0.4667,0.13329999999999997,4.4396,3.4171,0.0,4,2,2,0.0,0,0
2025/2026_Avers_Lagon_5Round,1,0.0,0.6098,0.5238,0.08599999999999997,0.5281,0.5466,-0.01849999999999996,0.6,0.5333,0.06669999999999998,3.934,4.4407,0.0,0,0,0,0.5,0,0
2025/2026_Avers_Lagon_5Round,1,0.0,0.6098,0.5238,0.08599999999999997,0.5281,0.5466,-0.01849999999999996,0.6,0.5333,0.06669999999999998,3.934,4.4407,0.0,0,1,-1,0.0,0,1
2025/2026_Avers_Lagon_5Round,2,0.25,0.6098,0.5238,0.08599999999999997,0.5281,0.5466,-0.01849999999999996,0.6,0.5333,0.06669999999999998,3.934,4.4407,0.0,1,1,0,1.0,0,1
2025/2026_Avers_Lagon_5Round,2,0.25,0.6098,0.5238,0.08599999999999997,0.5281,0.5466,-0.01849999999999996,0.6,0.5333,0.06669999999999998,3.934,4.4407,0.0,2,1,1,1.0,0,1
2025/2026_Avers_Lagon_5Round,3,0.5,0.6098,0.5238,0.08599999999999997,0.5281,0.5466,-0.01849999999999996,0.6,0.5333,0.06669999999999998,3.934,4.4407,0.0,3,1,2,1.0,0,0
2025/2026_Avers_Lagon_5Round,3,0.5,0.6098,0.5238,0.08599999999999997,0.5281,0.5466,-0.01849999999999996,0.6,0.5333,0.06669999999999998,3.934,4.4407,0.0,3,2,1,0.0,0,1
2025/2026_Avers_Lagon_5Round,4,0.75,0.6098,0.5238,0.08599999999999997,0.5281,0.5466,-0.01849999999999996,0.6,0.5333,0.06669999999999998,3.934,4.4407,0.0,4,2,2,1.0,0,0
2025/2026_Avers_Lagon_5Round,4,0.75,0.6098,0.5238,0.08599999999999997,0.5281,0.5466,-0.01849999999999996,0.6,0.5333,0.06669999999999998,3.934,4.4407,0.0,4,3,1,0.0,0,0
2025/2026_Avers_Lagon_5Round,5,1.0,0.6098,0.5238,0.08599999999999997,0.5281,0.5466,-0.01849999999999996,0.6,0.5333,0.06669999999999998,3.934,4.4407,0.0,4,4,0,0.0,1,1
2025/2026_Avers_Lagon_5Round,5,1.0,0.6098,0.5238,0.08599999999999997,0.5281,0.5466,-0.01849999999999996,0.6,0.5333,0.06669999999999998,3.934,4.4407,0.0,5,4,1,1.0,1,1
2025/2026_Avers_Macer_10Round,1,0.0,0.6304,0.5238,0.10659999999999992,0.5416,0.5282,0.013399999999999967,0.6,0.4,0.19999999999999996,4.2638,4.589,0.0,0,0,0,0.5,0,1
2025/2026_Avers_Macer_10Round,1,0.0,0.6304,0.5238,0.10659999999999992,0.5416,0.5282,0.013399999999999967,0.6,0.4,0.19999999999999996,4.2638,4.589,0.0,1,0,1,1.0,0,0
2025/2026_Avers_Macer_10Round,2,0.25,0.6304,0.5238,0.10659999999999992,0.5416,0.5282,0.013399999999999967,0.6,0.4,0.19999999999999996,4.2638,4.589,0.0,1,1,0,0.0,0,1
2025/2026_Avers_Macer_10Round,2,0.25,0.6304,0.5238,0.10659999999999992,0.5416,0.5282,0.013399999999999967,0.6,0.4,0.19999999999999996,4.2638,4.589,0.0,2,1,1,1.0,0,1
2025/2026_Avers_Macer_10Round,3,0.5,0.6304,0.5238,0.10659999999999992,0.5416,0.5282,0.013399999999999967,0.6,0.4,0.19999999999999996,4.2638,4.589,0.0,3,1,2,1.0,0,1
2025/2026_Avers_Macer_10Round,3,0.5,0.6304,0.5238,0.10659999999999992,0.5416,0.5282,0.013399999999999967,0.6,0.4,0.19999999999999996,4.2638,4.589,0.0,4,1,3,1.0,0,1
2025/2026_Avers_Macer_10Round,4,0.75,0.6304,0.5238,0.10659999999999992,0.5416,0.5282,0.013399999999999967,0.6,0.4,0.19999999999999996,4.2638,4.589,0.0,5,1,4,1.0,0,0
2025/2026_Avers_Macer_10Round,5,1.0,0.6304,0.5238,0.10659999999999992,0.5416,0.5282,0.013399999999999967,0.6,0.4,0.19999999999999996,4.2638,4.589,0.0,5,2,3,0.0,1,0
2025/2026_Avers_Pinet_6Round,1,0.0,0.619,0.4103,0.2087,0.5302,0.4469,0.08329999999999999,0.6,0.4,0.19999999999999996,4.3775,3.0219,0.0,0,0,0,0.5,0,1
2025/2026_Avers_Pinet_6Round,1,0.0,0.619,0.4103,0.2087,0.5302,0.4469,0.08329999999999999,0.6,0.4,0.19999999999999996,4.3775,3.0219,0.0,1,0,1,1.0,0,1
2025/2026_Avers_Pinet_6Round,2,0.25,0.619,0.4103,0.2087,0.5302,0.4469,0.08329999999999999,0.6,0.4,0.19999999999999996,4.3775,3.0219,0.0,2,0,2,1.0,0,1
2025/2026_Avers_Pinet_6Round,2,0.25,0.619,0.4103,0.2087,0.5302,0.4469,0.08329999999999999,0.6,0.4,0.19999999999999996,4.3775,3.0219,0.0,3,0,3,1.0,0,1
2025/2026_Avers_Pinet_6Round,3,0.5,0.619,0.4103,0.2087,0.5302,0.4469,0.08329999999999999,0.6,0.4,0.19999999999999996,4.3775,3.0219,0.0,4,0,4,1.0,0,1
2025/2026_Avers_Pinet_6Round,3,0.5,0.619,0.4103,0.2087,0.5302,0.4469,0.08329999999999999,0.6,0.4,0.19999999999999996,4.3775,3.0219,0.0,5,0,5,1.0,0,1
2025/2026_Avers_Porto_7Round,1,0.0,0.6279,0.4894,0.1385,0.5387,0.5248,0.013899999999999912,0.6,0.4667,0.13329999999999997,4.6942,3.7137,0.0,0,0,0,0.5,0,1
2025/2026_Avers_Porto_7Round,1,0.0,0.6279,0.4894,0.1385,0.5387,0.5248,0.013899999999999912,0.6,0.4667,0.13329999999999997,4.6942,3.7137,0.0,1,0,1,1.0,0,1
2025/2026_Avers_Porto_7Round,2,0.25,0.6279,0.4894,0.1385,0.5387,0.5248,0.013899999999999912,0.6,0.4667,0.13329999999999997,4.6942,3.7137,0.0,2,0,2,1.0,0,1
2025/2026_Avers_Porto_7Round,2,0.25,0.6279,0.4894,0.1385,0.5387,0.5248,0.013899999999999912,0.6,0.4667,0.13329999999999997,4.6942,3.7137,0.0,3,0,3,1.0,0,0
2025/2026_Avers_Porto_7Round,3,0.5,0.6279,0.4894,0.1385,0.5387,0.5248,0.013899999999999912,0.6,0.4667,0.13329999999999997,4.6942,3.7137,0.0,3,1,2,0.0,0,1
2025/2026_Avers_Porto_7Round,3,0.5,0.6279,0.4894,0.1385,0.5387,0.5248,0.013899999999999912,0.6,0.4667,0.13329999999999997,4.6942,3.7137,0.0,4,1,3,1.0,0,1
2025/2026_Avers_Porto_7Round,4,0.75,0.6279,0.4894,0.1385,0.5387,0.5248,0.013899999999999912,0.6,0.4667,0.13329999999999997,4.6942,3.7137,0.0,5,1,4,1.0,0,0
2025/2026_Avers_Porto_7Round,5,1.0,0.6279,0.4894,0.1385,0.5387,0.5248,0.013899999999999912,0.6,0.4667,0.13329999999999997,4.6942,3.7137,0.0,5,2,3,0.0,1,1
2025/2026_Avers_Prata_2Round,1,0.0,0.6053,0.381,0.22429999999999994,0.5199,0.4456,0.07430000000000003,0.5333,0.4,0.13329999999999997,4.0408,2.8788,0.0,0,0,0,0.5,0,1
2025/2026_Avers_Prata_2Round,1,0.0,0.6053,0.381,0.22429999999999994,0.5199,0.4456,0.07430000000000003,0.5333,0.4,0.13329999999999997,4.0408,2.8788,0.0,1,0,1,1.0,0,1
2025/2026_Avers_Prata_2Round,2,0.25,0.6053,0.381,0.22429999999999994,0.5199,0.4456,0.07430000000000003,0.5333,0.4,0.13329999999999997,4.0408,2.8788,0.0,2,0,2,1.0,0,1
2025/2026_Avers_Prata_2Round,2,0.25,0.6053,0.381,0.22429999999999994,0.5199,0.4456,0.07430000000000003,0.5333,0.4,0.13329999999999997,4.0408,2.8788,0.0,3,0,3,1.0,0,1
2025/2026_Avers_Prata_2Round,3,0.5,0.6053,0.381,0.22429999999999994,0.5199,0.4456,0.07430000000000003,0.5333,0.4,0.13329999999999997,4.0408,2.8788,0.0,4,0,4,1.0,0,1
2025/2026_Avers_Prata_2Round,3,0.5,0.6053,0.381,0.22429999999999994,0.5199,0.4456,0.07430000000000003,0.5333,0.4,0.13329999999999997,4.0408,2.8788,0.0,5,0,5,1.0,0,0
2025/2026_Avers_Prata_2Round,4,0.75,0.6053,0.381,0.22429999999999994,0.5199,0.4456,0.07430000000000003,0.5333,0.4,0.13329999999999997,4.0408,2.8788,0.0,5,1,4,0.0,0,1
2025/2026_Avers_Raven_4Round,1,0.0,0.625,0.5405,0.08450000000000002,0.5286,0.5341,-0.00550000000000006,0.6,0.4667,0.13329999999999997,4.2758,4.4664,0.0,0,0,0,0.5,0,0
2025/2026_Avers_Raven_4Round,1,0.0,0.625,0.5405,0.08450000000000002,0.5286,0.5341,-0.00550000000000006,0.6,0.4667,0.13329999999999997,4.2758,4.4664,0.0,0,1,-1,0.0,0,1
2025/2026_Avers_Raven_4Round,2,0.25,0.625,0.5405,0.08450000000000002,0.5286,0.5341,-0.00550000000000006,0.6,0.4667,0.13329999999999997,4.2758,4.4664,0.0,1,1,0,1.0,0,0
2025/2026_Avers_Raven_4Round,2,0.25,0.625,0.5405,0.08450000000000002,0.5286,0.5341,-0.00550000000000006,0.6,0.4667,0.13329999999999997,4.2758,4.4664,0.0,1,2,-1,0.0,0,1
2025/2026_Avers_Raven_4Round,3,0.5,0.625,0.5405,0.08450000000000002,0.5286,0.5341,-0.00550000000000006,0.6,0.4667,0.13329999999999997,4.2758,4.4664,0.0,2,2,0,1.0,0,0
2025/2026_Avers_Raven_4Round,3,0.5,0.625,0.5405,0.08450000000000002,0.5286,0.5341,-0.00550000000000006,0.6,0.4667,0.13329999999999997,4.2758,4.4664,0.0,2,3,-1,0.0,0,1
2025/2026_Avers_Siena_13Round,1,0.0,0.6531,0.4643,0.18880000000000002,0.5494,0.4697,0.0797,0.6,0.6,0.0,4.7894,3.1308,0.0,0,0,0,0.5,0,1
2025/2026_Avers_Siena_13Round,1,0.0,0.6531,0.4643,0.18880000000000002,0.5494,0.4697,0.0797,0.6,0.6,0.0,4.7894,3.1308,0.0,1,0,1,1.0,0,0
2025/2026_Avers_Siena_13Round,2,0.25,0.6531,0.4643,0.18880000000000002,0.5494,0.4697,0.0797,0.6,0.6,0.0,4.7894,3.1308,0.0,1,1,0,0.0,0,0
2025/2026_Avers_Siena_13Round,2,0.25,0.6531,0.4643,0.18880000000000002,0.5494,0.4697,0.0797,0.6,0.6,0.0,4.7894,3.1308,0.0,1,2,-1,0.0,0,0
2025/2026_Avers_Siena_13Round,3,0.5,0.6531,0.4643,0.18880000000000002,0.5494,0.4697,0.0797,0.6,0.6,0.0,4.7894,3.1308,0.0,1,3,-2,0.0,0,1
2025/2026_Avers_Siena_13Round,3,0.5,0.6531,0.4643,0.18880000000000002,0.5494,0.4697,0.0797,0.6,0.6,0.0,4.7894,3.1308,0.0,2,3,-1,1.0,0,0
2025/2026_Avers_Siena_13Round,4,0.75,0.6531,0.4643,0.18880000000000002,0.5494,0.4697,0.0797,0.6,0.6,0.0,4.7894,3.1308,0.0,2,4,-2,0.0,0,1
2025/2026_Avers_Siena_13Round,4,0.75,0.6531,0.4643,0.18880000000000002,0.5494,0.4697,0.0797,0.6,0.6,0.0,4.7894,3.1308,0.0,3,4,-1,1.0,0,1
2025/2026_Avers_Siena_13Round,5,1.0,0.6531,0.4643,0.18880000000000002,0.5494,0.4697,0.0797,0.6,0.6,0.0,4.7894,3.1308,0.0,4,4,0,1.0,1,0
2025/2026_Avers_Siena_13Round,5,1.0,0.6531,0.4643,0.18880000000000002,0.5494,0.4697,0.0797,0.6,0.6,0.0,4.7894,3.1308,0.0,4,5,-1,0.0,1,1
2025/2026_Avers_Sorre_8Round,1,0.0,0.6364,0.52,0.11639999999999995,0.5436,0.513,0.03059999999999996,0.6,0.5333,0.06669999999999998,4.9211,3.7032,0.0,0,0,0,0.5,0,1
2025/2026_Avers_Sorre_8Round,1,0.0,0.6364,0.52,0.11639999999999995,0.5436,0.513,0.03059999999999996,0.6,0.5333,0.06669999999999998,4.9211,3.7032,0.0,1,0,1,1.0,0,1
2025/2026_Avers_Sorre_8Round,2,0.25,0.6364,0.52,0.11639999999999995,0.5436,0.513,0.03059999999999996,0.6,0.5333,0.06669999999999998,4.9211,3.7032,0.0,2,0,2,1.0,0,1
2025/2026_Avers_Sorre_8Round,2,0.25,0.6364,0.52,0.11639999999999995,0.5436,0.513,0.03059999999999996,0.6,0.5333,0.06669999999999998,4.9211,3.7032,0.0,3,0,3,1.0,0,0
2025/2026_Avers_Sorre_8Round,3,0.5,0.6364,0.52,0.11639999999999995,0.5436,0.513,0.03059999999999996,0.6,0.5333,0.06669999999999998,4.9211,3.7032,0.0,3,1,2,0.0,0,0
2025/2026_Avers_Sorre_8Round,3,0.5,0.6364,0.52,0.11639999999999995,0.5436,0.513,0.03059999999999996,0.6,0.5333,0.06669999999999998,4.9211,3.7032,0.0,3,2,1,0.0,0,1
2025/2026_Avers_Sorre_8Round,4,0.75,0.6364,0.52,0.11639999999999995,0.5436,0.513,0.03059999999999996,0.6,0.5333,0.06669999999999998,4.9211,3.7032,0.0,4,2,2,1.0,0,1
2025/2026_Avers_Sorre_8Round,4,0.75,0.6364,0.52,0.11639999999999995,0.5436,0.513,0.03059999999999996,0.6,0.5333,0.06669999999999998,4.9211,3.7032,0.0,5,2,3,1.0,0,1
2025/2026_Avers_Taran_12Round,1,0.0,0.6458,0.3929,0.2529,0.5437,0.4232,0.12049999999999994,0.6,0.4,0.19999999999999996,4.4841,2.7424,0.0,0,0,0,0.5,0,1
2025/2026_Avers_Taran_12Round,1,0.0,0.6458,0.3929,0.2529,0.5437,0.4232,0.12049999999999994,0.6,0.4,0.19999999999999996,4.4841,2.7424,0.0,1,0,1,1.0,0,0
2025/2026_Avers_Taran_12Round,2,0.25,0.6458,0.3929,0.2529,0.5437,0.4232,0.12049999999999994,0.6,0.4,0.19999999999999996,4.4841,2.7424,0.0,1,1,0,0.0,0,1
2025/2026_Avers_Taran_12Round,2,0.25,0.6458,0.3929,0.2529,0.5437,0.4232,0.12049999999999994,0.6,0.4,0.19999999999999996,4.4841,2.7424,0.0,2,1,1,1.0,0,1
2025/2026_Avers_Taran_12Round,3,0.5,0.6458,0.3929,0.2529,0.5437,0.4232,0.12049999999999994,0.6,0.4,0.19999999999999996,4.4841,2.7424,0.0,3,1,2,1.0,0,1
2025/2026_Avers_Taran_12Round,3,0.5,0.6458,0.3929,0.2529,0.5437,0.4232,0.12049999999999994,0.6,0.4,0.19999999999999996,4.4841,2.7424,0.0,4,1,3,1.0,0,1
2025/2026_Avers_Taran_12Round,4,0.75,0.6458,0.3929,0.2529,0.5437,0.4232,0.12049999999999994,0.6,0.4,0.19999999999999996,4.4841,2.7424,0.0,5,1,4,1.0,0,1
2025/2026_Bresc_Cantù_11Round,1,0.0,0.5833,0.5593,0.02400000000000002,0.5345,0.5091,0.025399999999999978,0.6,0.5333,0.06669999999999998,4.9686,4.3843,0.0,0,0,0,0.5,0,0
2025/2026_Bresc_Cantù_11Round,1,0.0,0.5833,0.5593,0.02400000000000002,0.5345,0.5091,0.025399999999999978,0.6,0.5333,0.06669999999999998,4.9686,4.3843,0.0,0,1,-1,0.0,0,0
2025/2026_Bresc_Cantù_11Round,2,0.25,0.5833,0.5593,0.02400000000000002,0.5345,0.5091,0.025399999999999978,0.6,0.5333,0.06669999999999998,4.9686,4.3843,0.0,0,2,-2,0.0,0,0
2025/2026_Bresc_Cantù_11Round,2,0.25,0.5833,0.5593,0.02400000000000002,0.5345,0.5091,0.025399999999999978,0.6,0.5333,0.06669999999999998,4.9686,4.3843,0.0,0,3,-3,0.0,0,1
2025/2026_Bresc_Cantù_11Round,3,0.5,0.5833,0.5593,0.02400000000000002,0.5345,0.5091,0.025399999999999978,0.6,0.5333,0.06669999999999998,4.9686,4.3843,0.0,1,3,-2,1.0,0,0
2025/2026_Bresc_Cantù_11Round,3,0.5,0.5833,0.5593,0.02400000000000002,0.5345,0.5091,0.025399999999999978,0.6,0.5333,0.06669999999999998,4.9686,4.3843,0.0,1,4,-3,0.0,0,1
2025/2026_Bresc_Cantù_11Round,4,0.75,0.5833,0.5593,0.02400000000000002,0.5345,0.5091,0.025399999999999978,0.6,0.5333,0.06669999999999998,4.9686,4.3843,0.0,2,4,-2,1.0,0,0
2025/2026_Bresc_Cantù_11Round,5,1.0,0.5833,0.5593,0.02400000000000002,0.5345,0.5091,0.025399999999999978,0.6,0.5333,0.06669999999999998,4.9686,4.3843,0.0,2,5,-3,0.0,1,0
2025/2026_Bresc_Fano_2Round,1,0.0,0.5686,0.3824,0.18619999999999998,0.5284,0.4183,0.11009999999999998,0.6,0.4667,0.13329999999999997,4.2907,3.2319,0.0,0,0,0,0.5,0,0
2025/2026_Bresc_Fano_2Round,1,0.0,0.5686,0.3824,0.18619999999999998,0.5284,0.4183,0.11009999999999998,0.6,0.4667,0.13329999999999997,4.2907,3.2319,0.0,0,1,-1,0.0,0,1
2025/2026_Bresc_Fano_2Round,2,0.25,0.5686,0.3824,0.18619999999999998,0.5284,0.4183,0.11009999999999998,0.6,0.4667,0.13329999999999997,4.2907,3.2319,0.0,1,1,0,1.0,0,1
2025/2026_Bresc_Fano_2Round,2,0.25,0.5686,0.3824,0.18619999999999998,0.5284,0.4183,0.11009999999999998,0.6,0.4667,0.13329999999999997,4.2907,3.2319,0.0,2,1,1,1.0,0,1
2025/2026_Bresc_Fano_2Round,3,0.5,0.5686,0.3824,0.18619999999999998,0.5284,0.4183,0.11009999999999998,0.6,0.4667,0.13329999999999997,4.2907,3.2319,0.0,3,1,2,1.0,0,0
2025/2026_Bresc_Fano_2Round,3,0.5,0.5686,0.3824,0.18619999999999998,0.5284,0.4183,0.11009999999999998,0.6,0.4667,0.13329999999999997,4.2907,3.2319,0.0,3,2,1,0.0,0,1
2025/2026_Bresc_Fano_2Round,4,0.75,0.5686,0.3824,0.18619999999999998,0.5284,0.4183,0.11009999999999998,0.6,0.4667,0.13329999999999997,4.2907,3.2319,0.0,4,2,2,1.0,0,1
2025/2026_Bresc_Fano_2Round,4,0.75,0.5686,0.3824,0.18619999999999998,0.5284,0.4183,0.11009999999999998,0.6,0.4667,0.13329999999999997,4.2907,3.2319,0.0,5,2,3,1.0,0,0
2025/2026_Bresc_Fano_2Round,5,1.0,0.5686,0.3824,0.18619999999999998,0.5284,0.4183,0.11009999999999998,0.6,0.4667,0.13329999999999997,4.2907,3.2319,0.0,5,3,2,0.0,1,0
2025/2026_Bresc_Lagon_3Round,1,0.0,0.5769,0.525,0.051899999999999946,0.529,0.5462,-0.017199999999999993,0.6,0.4667,0.13329999999999997,4.4194,4.3569,0.0,0,0,0,0.5,0,1
2025/2026_Bresc_Lagon_3Round,1,0.0,0.5769,0.525,0.051899999999999946,0.529,0.5462,-0.017199999999999993,0.6,0.4667,0.13329999999999997,4.4194,4.3569,0.0,1,0,1,1.0,0,0
2025/2026_Bresc_Lagon_3Round,2,0.25,0.5769,0.525,0.051899999999999946,0.529,0.5462,-0.017199999999999993,0.6,0.4667,0.13329999999999997,4.4194,4.3569,0.0,1,1,0,0.0,0,0
2025/2026_Bresc_Lagon_3Round,2,0.25,0.5769,0.525,0.051899999999999946,0.529,0.5462,-0.017199999999999993,0.6,0.4667,0.13329999999999997,4.4194,4.3569,0.0,1,2,-1,0.0,0,0
2025/2026_Bresc_Lagon_3Round,3,0.5,0.5769,0.525,0.051899999999999946,0.529,0.5462,-0.017199999999999993,0.6,0.4667,0.13329999999999997,4.4194,4.3569,0.0,1,3,-2,0.0,0,0
2025/2026_Bresc_Lagon_3Round,3,0.5,0.5769,0.525,0.051899999999999946,0.529,0.5462,-0.017199999999999993,0.6,0.4667,0.13329999999999997,4.4194,4.3569,0.0,1,4,-3,0.0,0,0
2025/2026_Bresc_Lagon_3Round,4,0.75,0.5769,0.525,0.051899999999999946,0.529,0.5462,-0.017199999999999993,0.6,0.4667,0.13329999999999997,4.4194,4.3569,0.0,1,5,-4,0.0,0,1
2025/2026_Bresc_Lagon_3Round,5,1.0,0.5769,0.525,0.051899999999999946,0.529,0.5462,-0.017199999999999993,0.6,0.4667,0.13329999999999997,4.4194,4.3569,0.0,2,5,-3,1.0,1,0
2025/2026_Bresc_Macer_7Round,1,0.0,0.5714,0.5128,0.058599999999999985,0.5257,0.5207,0.004999999999999893,0.6,0.3333,0.2667,4.0867,4.2676,0.0,0,0,0,0.5,0,0
2025/2026_Bresc_Macer_7Round,1,0.0,0.5714,0.5128,0.058599999999999985,0.5257,0.5207,0.004999999999999893,0.6,0.3333,0.2667,4.0867,4.2676,0.0,0,1,-1,0.0,0,0
2025/2026_Bresc_Macer_7Round,2,0.25,0.5714,0.5128,0.058599999999999985,0.5257,0.5207,0.004999999999999893,0.6,0.3333,0.2667,4.0867,4.2676,0.0,0,2,-2,0.0,0,0
2025/2026_Bresc_Macer_7Round,2,0.25,0.5714,0.5128,0.058599999999999985,0.5257,0.5207,0.004999999999999893,0.6,0.3333,0.2667,4.0867,4.2676,0.0,0,3,-3,0.0,0,1
2025/2026_Bresc_Macer_7Round,3,0.5,0.5714,0.5128,0.058599999999999985,0.5257,0.5207,0.004999999999999893,0.6,0.3333,0.2667,4.0867,4.2676,0.0,1,3,-2,1.0,0,0
2025/2026_Bresc_Macer_7Round,3,0.5,0.5714,0.5128,0.058599999999999985,0.5257,0.5207,0.004999999999999893,0.6,0.3333,0.2667,4.0867,4.2676,0.0,1,4,-3,0.0,0,1
2025/2026_Bresc_Macer_7Round,4,0.75,0.5714,0.5128,0.058599999999999985,0.5257,0.5207,0.004999999999999893,0.6,0.3333,0.2667,4.0867,4.2676,0.0,2,4,-2,1.0,0,0
2025/2026_Bresc_Macer_7Round,5,1.0,0.5714,0.5128,0.058599999999999985,0.5257,0.5207,0.004999999999999893,0.6,0.3333,0.2667,4.0867,4.2676,0.0,2,5,-3,0.0,1,1
2025/2026_Bresc_Pinet_4Round,1,0.0,0.566,0.4324,0.13359999999999994,0.5237,0.4474,0.07630000000000003,0.5333,0.4,0.13329999999999997,3.7813,2.6098,0.0,0,0,0,0.5,0,0
2025/2026_Bresc_Pinet_4Round,1,0.0,0.566,0.4324,0.13359999999999994,0.5237,0.4474,0.07630000000000003,0.5333,0.4,0.13329999999999997,3.7813,2.6098,0.0,0,1,-1,0.0,0,1
2025/2026_Bresc_Pinet_4Round,2,0.25,0.566,0.4324,0.13359999999999994,0.5237,0.4474,0.07630000000000003,0.5333,0.4,0.13329999999999997,3.7813,2.6098,0.0,1,1,0,1.0,0,0
2025/2026_Bresc_Pinet_4Round,2,0.25,0.566,0.4324,0.13359999999999994,0.5237,0.4474,0.07630000000000003,0.5333,0.4,0.13329999999999997,3.7813,2.6098,0.0,1,2,-1,0.0,0,1
2025/2026_Bresc_Pinet_4Round,3,0.5,0.566,0.4324,0.13359999999999994,0.5237,0.4474,0.07630000000000003,0.5333,0.4,0.13329999999999997,3.7813,2.6098,0.0,2,2,0,1.0,0,0
2025/2026_Bresc_Pinet_4Round,3,0.5,0.566,0.4324,0.13359999999999994,0.5237,0.4474,0.07630000000000003,0.5333,0.4,0.13329999999999997,3.7813,2.6098,0.0,2,3,-1,0.0,0,1
2025/2026_Bresc_Pinet_4Round,4,0.75,0.566,0.4324,0.13359999999999994,0.5237,0.4474,0.07630000000000003,0.5333,0.4,0.13329999999999997,3.7813,2.6098,0.0,3,3,0,1.0,0,1
2025/2026_Bresc_Pinet_4Round,4,0.75,0.566,0.4324,0.13359999999999994,0.5237,0.4474,0.07630000000000003,0.5333,0.4,0.13329999999999997,3.7813,2.6098,0.0,4,3,1,1.0,0,1
2025/2026_Bresc_Pinet_4Round,5,1.0,0.566,0.4324,0.13359999999999994,0.5237,0.4474,0.07630000000000003,0.5333,0.4,0.13329999999999997,3.7813,2.6098,0.0,5,3,2,1.0,1,0
2025/2026_Bresc_Porto_13Round,1,0.0,0.5645,0.5283,0.03620000000000001,0.5294,0.5433,-0.013900000000000023,0.4667,0.5333,-0.06659999999999999,3.8342,5.1517,0.0,0,0,0,0.5,0,1
2025/2026_Bresc_Porto_13Round,1,0.0,0.5645,0.5283,0.03620000000000001,0.5294,0.5433,-0.013900000000000023,0.4667,0.5333,-0.06659999999999999,3.8342,5.1517,0.0,1,0,1,1.0,0,0
2025/2026_Bresc_Porto_13Round,2,0.25,0.5645,0.5283,0.03620000000000001,0.5294,0.5433,-0.013900000000000023,0.4667,0.5333,-0.06659999999999999,3.8342,5.1517,0.0,1,1,0,0.0,0,1
2025/2026_Bresc_Porto_13Round,2,0.25,0.5645,0.5283,0.03620000000000001,0.5294,0.5433,-0.013900000000000023,0.4667,0.5333,-0.06659999999999999,3.8342,5.1517,0.0,2,1,1,1.0,0,0
2025/2026_Bresc_Porto_13Round,3,0.5,0.5645,0.5283,0.03620000000000001,0.5294,0.5433,-0.013900000000000023,0.4667,0.5333,-0.06659999999999999,3.8342,5.1517,0.0,2,2,0,0.0,0,1
2025/2026_Bresc_Porto_13Round,3,0.5,0.5645,0.5283,0.03620000000000001,0.5294,0.5433,-0.013900000000000023,0.4667,0.5333,-0.06659999999999999,3.8342,5.1517,0.0,3,2,1,1.0,0,0
2025/2026_Bresc_Prata_10Round,1,0.0,0.5763,0.36,0.21630000000000005,0.5308,0.4417,0.08910000000000007,0.5333,0.4667,0.06659999999999999,4.7012,3.5473,0.0,0,0,0,0.5,0,0
2025/2026_Bresc_Prata_10Round,1,0.0,0.5763,0.36,0.21630000000000005,0.5308,0.4417,0.08910000000000007,0.5333,0.4667,0.06659999999999999,4.7012,3.5473,0.0,0,1,-1,0.0,0,1
2025/2026_Bresc_Prata_10Round,2,0.25,0.5763,0.36,0.21630000000000005,0.5308,0.4417,0.08910000000000007,0.5333,0.4667,0.06659999999999999,4.7012,3.5473,0.0,1,1,0,1.0,0,1
2025/2026_Bresc_Prata_10Round,2,0.25,0.5763,0.36,0.21630000000000005,0.5308,0.4417,0.08910000000000007,0.5333,0.4667,0.06659999999999999,4.7012,3.5473,0.0,2,1,1,1.0,0,1
2025/2026_Bresc_Prata_10Round,3,0.5,0.5763,0.36,0.21630000000000005,0.5308,0.4417,0.08910000000000007,0.5333,0.4667,0.06659999999999999,4.7012,3.5473,0.0,3,1,2,1.0,0,1
2025/2026_Bresc_Prata_10Round,3,0.5,0.5763,0.36,0.21630000000000005,0.5308,0.4417,0.08910000000000007,0.5333,0.4667,0.06659999999999999,4.7012,3.5473,0.0,4,1,3,1.0,0,0
2025/2026_Bresc_Prata_10Round,4,0.75,0.5763,0.36,0.21630000000000005,0.5308,0.4417,0.08910000000000007,0.5333,0.4667,0.06659999999999999,4.7012,3.5473,0.0,4,2,2,0.0,0,1
2025/2026_Bresc_Prata_10Round,5,1.0,0.5763,0.36,0.21630000000000005,0.5308,0.4417,0.08910000000000007,0.5333,0.4667,0.06659999999999999,4.7012,3.5473,0.0,5,2,3,1.0,1,1
2025/2026_Bresc_Raven_8Round,1,0.0,0.5614,0.561,0.00039999999999995595,0.5231,0.525,-0.0019000000000000128,0.5333,0.6,-0.06669999999999998,3.7885,3.4733,0.0,0,0,0,0.5,0,1
2025/2026_Bresc_Raven_8Round,1,0.0,0.5614,0.561,0.00039999999999995595,0.5231,0.525,-0.0019000000000000128,0.5333,0.6,-0.06669999999999998,3.7885,3.4733,0.0,1,0,1,1.0,0,1
2025/2026_Bresc_Raven_8Round,2,0.25,0.5614,0.561,0.00039999999999995595,0.5231,0.525,-0.0019000000000000128,0.5333,0.6,-0.06669999999999998,3.7885,3.4733,0.0,2,0,2,1.0,0,1
2025/2026_Bresc_Raven_8Round,2,0.25,0.5614,0.561,0.00039999999999995595,0.5231,0.525,-0.0019000000000000128,0.5333,0.6,-0.06669999999999998,3.7885,3.4733,0.0,3,0,3,1.0,0,1
2025/2026_Bresc_Raven_8Round,3,0.5,0.5614,0.561,0.00039999999999995595,0.5231,0.525,-0.0019000000000000128,0.5333,0.6,-0.06669999999999998,3.7885,3.4733,0.0,4,0,4,1.0,0,0
2025/2026_Bresc_Raven_8Round,3,0.5,0.5614,0.561,0.00039999999999995595,0.5231,0.525,-0.0019000000000000128,0.5333,0.6,-0.06669999999999998,3.7885,3.4733,0.0,4,1,3,0.0,0,0
2025/2026_Bresc_Raven_8Round,4,0.75,0.5614,0.561,0.00039999999999995595,0.5231,0.525,-0.0019000000000000128,0.5333,0.6,-0.06669999999999998,3.7885,3.4733,0.0,4,2,2,0.0,0,1
2025/2026_Bresc_Raven_8Round,4,0.75,0.5614,0.561,0.00039999999999995595,0.5231,0.525,-0.0019000000000000128,0.5333,0.6,-0.06669999999999998,3.7885,3.4733,0.0,5,2,3,1.0,0,1
2025/2026_Bresc_Siena_12Round,1,0.0,0.5738,0.4545,0.11929999999999996,0.5298,0.4693,0.060500000000000054,0.5333,0.6,-0.06669999999999998,4.1551,3.1501,0.0,0,0,0,0.5,0,1
2025/2026_Bresc_Siena_12Round,1,0.0,0.5738,0.4545,0.11929999999999996,0.5298,0.4693,0.060500000000000054,0.5333,0.6,-0.06669999999999998,4.1551,3.1501,0.0,1,0,1,1.0,0,0
2025/2026_Bresc_Siena_12Round,2,0.25,0.5738,0.4545,0.11929999999999996,0.5298,0.4693,0.060500000000000054,0.5333,0.6,-0.06669999999999998,4.1551,3.1501,0.0,1,1,0,0.0,0,1
2025/2026_Bresc_Siena_12Round,2,0.25,0.5738,0.4545,0.11929999999999996,0.5298,0.4693,0.060500000000000054,0.5333,0.6,-0.06669999999999998,4.1551,3.1501,0.0,2,1,1,1.0,0,0
2025/2026_Bresc_Siena_12Round,3,0.5,0.5738,0.4545,0.11929999999999996,0.5298,0.4693,0.060500000000000054,0.5333,0.6,-0.06669999999999998,4.1551,3.1501,0.0,2,2,0,0.0,0,1
2025/2026_Bresc_Siena_12Round,3,0.5,0.5738,0.4545,0.11929999999999996,0.5298,0.4693,0.060500000000000054,0.5333,0.6,-0.06669999999999998,4.1551,3.1501,0.0,3,2,1,1.0,0,0
2025/2026_Bresc_Sorre_1Round,1,0.0,0.56,0.5,0.06000000000000005,0.5265,0.5072,0.019299999999999984,0.6,0.5714,0.02859999999999996,4.1098,3.608,0.0,0,0,0,0.5,0,1
2025/2026_Bresc_Sorre_1Round,1,0.0,0.56,0.5,0.06000000000000005,0.5265,0.5072,0.019299999999999984,0.6,0.5714,0.02859999999999996,4.1098,3.608,0.0,1,0,1,1.0,0,0
2025/2026_Bresc_Sorre_1Round,2,0.25,0.56,0.5,0.06000000000000005,0.5265,0.5072,0.019299999999999984,0.6,0.5714,0.02859999999999996,4.1098,3.608,0.0,1,1,0,0.0,0,1
2025/2026_Bresc_Sorre_1Round,2,0.25,0.56,0.5,0.06000000000000005,0.5265,0.5072,0.019299999999999984,0.6,0.5714,0.02859999999999996,4.1098,3.608,0.0,2,1,1,1.0,0,1
2025/2026_Bresc_Sorre_1Round,3,0.5,0.56,0.5,0.06000000000000005,0.5265,0.5072,0.019299999999999984,0.6,0.5714,0.02859999999999996,4.1098,3.608,0.0,3,1,2,1.0,0,1
2025/2026_Bresc_Sorre_1Round,3,0.5,0.56,0.5,0.06000000000000005,0.5265,0.5072,0.019299999999999984,0.6,0.5714,0.02859999999999996,4.1098,3.608,0.0,4,1,3,1.0,0,1
2025/2026_Bresc_Sorre_1Round,4,0.75,0.56,0.5,0.06000000000000005,0.5265,0.5072,0.019299999999999984,0.6,0.5714,0.02859999999999996,4.1098,3.608,0.0,5,1,4,1.0,0,0
2025/2026_Bresc_Sorre_1Round,5,1.0,0.56,0.5,0.06000000000000005,0.5265,0.5072,0.019299999999999984,0.6,0.5714,0.02859999999999996,4.1098,3.608,0.0,5,2,3,0.0,1,0
2025/2026_Bresc_Taran_5Round,1,0.0,0.5741,0.4762,0.09790000000000004,0.5244,0.4617,0.06269999999999998,0.5333,0.4,0.13329999999999997,4.0644,3.171,0.0,0,0,0,0.5,0,1
2025/2026_Bresc_Taran_5Round,1,0.0,0.5741,0.4762,0.09790000000000004,0.5244,0.4617,0.06269999999999998,0.5333,0.4,0.13329999999999997,4.0644,3.171,0.0,1,0,1,1.0,0,1
2025/2026_Bresc_Taran_5Round,2,0.25,0.5741,0.4762,0.09790000000000004,0.5244,0.4617,0.06269999999999998,0.5333,0.4,0.13329999999999997,4.0644,3.171,0.0,2,0,2,1.0,0,1
2025/2026_Bresc_Taran_5Round,2,0.25,0.5741,0.4762,0.09790000000000004,0.5244,0.4617,0.06269999999999998,0.5333,0.4,0.13329999999999997,4.0644,3.171,0.0,3,0,3,1.0,0,1
2025/2026_Bresc_Taran_5Round,3,0.5,0.5741,0.4762,0.09790000000000004,0.5244,0.4617,0.06269999999999998,0.5333,0.4,0.13329999999999997,4.0644,3.171,0.0,4,0,4,1.0,0,1
2025/2026_Bresc_Taran_5Round,3,0.5,0.5741,0.4762,0.09790000000000004,0.5244,0.4617,0.06269999999999998,0.5333,0.4,0.13329999999999997,4.0644,3.171,0.0,5,0,5,1.0,0,0
2025/2026_Bresc_Taran_5Round,4,0.75,0.5741,0.4762,0.09790000000000004,0.5244,0.4617,0.06269999999999998,0.5333,0.4,0.13329999999999997,4.0644,3.171,0.0,5,1,4,0.0,0,1
2025/2026_Cantù_Fano_7Round,1,0.0,0.5455,0.359,0.1865,0.5,0.4185,0.08150000000000002,0.5333,0.4667,0.06659999999999999,4.1313,3.1496,0.0,0,0,0,0.5,0,1
2025/2026_Cantù_Fano_7Round,1,0.0,0.5455,0.359,0.1865,0.5,0.4185,0.08150000000000002,0.5333,0.4667,0.06659999999999999,4.1313,3.1496,0.0,1,0,1,1.0,0,1
2025/2026_Cantù_Fano_7Round,2,0.25,0.5455,0.359,0.1865,0.5,0.4185,0.08150000000000002,0.5333,0.4667,0.06659999999999999,4.1313,3.1496,0.0,2,0,2,1.0,0,1
2025/2026_Cantù_Fano_7Round,2,0.25,0.5455,0.359,0.1865,0.5,0.4185,0.08150000000000002,0.5333,0.4667,0.06659999999999999,4.1313,3.1496,0.0,3,0,3,1.0,0,0
2025/2026_Cantù_Fano_7Round,3,0.5,0.5455,0.359,0.1865,0.5,0.4185,0.08150000000000002,0.5333,0.4667,0.06659999999999999,4.1313,3.1496,0.0,3,1,2,0.0,0,1
2025/2026_Cantù_Fano_7Round,3,0.5,0.5455,0.359,0.1865,0.5,0.4185,0.08150000000000002,0.5333,0.4667,0.06659999999999999,4.1313,3.1496,0.0,4,1,3,1.0,0,1
2025/2026_Cantù_Fano_7Round,4,0.75,0.5455,0.359,0.1865,0.5,0.4185,0.08150000000000002,0.5333,0.4667,0.06659999999999999,4.1313,3.1496,0.0,5,1,4,1.0,0,0
2025/2026_Cantù_Fano_7Round,5,1.0,0.5455,0.359,0.1865,0.5,0.4185,0.08150000000000002,0.5333,0.4667,0.06659999999999999,4.1313,3.1496,0.0,5,2,3,0.0,1,1
2025/2026_Cantù_Lagon_2Round,1,0.0,0.54,0.5128,0.027200000000000002,0.4932,0.5471,-0.0539,0.5333,0.4286,0.10470000000000002,3.6473,4.8731,0.0,0,0,0,0.5,0,0
2025/2026_Cantù_Lagon_2Round,1,0.0,0.54,0.5128,0.027200000000000002,0.4932,0.5471,-0.0539,0.5333,0.4286,0.10470000000000002,3.6473,4.8731,0.0,0,1,-1,0.0,0,1
2025/2026_Cantù_Lagon_2Round,2,0.25,0.54,0.5128,0.027200000000000002,0.4932,0.5471,-0.0539,0.5333,0.4286,0.10470000000000002,3.6473,4.8731,0.0,1,1,0,1.0,0,0
2025/2026_Cantù_Lagon_2Round,2,0.25,0.54,0.5128,0.027200000000000002,0.4932,0.5471,-0.0539,0.5333,0.4286,0.10470000000000002,3.6473,4.8731,0.0,1,2,-1,0.0,0,1
2025/2026_Cantù_Lagon_2Round,3,0.5,0.54,0.5128,0.027200000000000002,0.4932,0.5471,-0.0539,0.5333,0.4286,0.10470000000000002,3.6473,4.8731,0.0,2,2,0,1.0,0,0
2025/2026_Cantù_Lagon_2Round,3,0.5,0.54,0.5128,0.027200000000000002,0.4932,0.5471,-0.0539,0.5333,0.4286,0.10470000000000002,3.6473,4.8731,0.0,2,3,-1,0.0,0,1
2025/2026_Cantù_Macer_13Round,1,0.0,0.5738,0.4889,0.08489999999999998,0.5175,0.5165,0.0010000000000000009,0.6,0.4,0.19999999999999996,5.0021,3.6256,0.0,0,0,0,0.5,0,0
2025/2026_Cantù_Macer_13Round,1,0.0,0.5738,0.4889,0.08489999999999998,0.5175,0.5165,0.0010000000000000009,0.6,0.4,0.19999999999999996,5.0021,3.6256,0.0,0,1,-1,0.0,0,0
2025/2026_Cantù_Macer_13Round,2,0.25,0.5738,0.4889,0.08489999999999998,0.5175,0.5165,0.0010000000000000009,0.6,0.4,0.19999999999999996,5.0021,3.6256,0.0,0,2,-2,0.0,0,0
2025/2026_Cantù_Macer_13Round,2,0.25,0.5738,0.4889,0.08489999999999998,0.5175,0.5165,0.0010000000000000009,0.6,0.4,0.19999999999999996,5.0021,3.6256,0.0,0,3,-3,0.0,0,1
2025/2026_Cantù_Macer_13Round,3,0.5,0.5738,0.4889,0.08489999999999998,0.5175,0.5165,0.0010000000000000009,0.6,0.4,0.19999999999999996,5.0021,3.6256,0.0,1,3,-2,1.0,0,0
2025/2026_Cantù_Macer_13Round,3,0.5,0.5738,0.4889,0.08489999999999998,0.5175,0.5165,0.0010000000000000009,0.6,0.4,0.19999999999999996,5.0021,3.6256,0.0,1,4,-3,0.0,0,1
2025/2026_Cantù_Macer_13Round,4,0.75,0.5738,0.4889,0.08489999999999998,0.5175,0.5165,0.0010000000000000009,0.6,0.4,0.19999999999999996,5.0021,3.6256,0.0,2,4,-2,1.0,0,0
2025/2026_Cantù_Macer_13Round,5,1.0,0.5738,0.4889,0.08489999999999998,0.5175,0.5165,0.0010000000000000009,0.6,0.4,0.19999999999999996,5.0021,3.6256,0.0,2,5,-3,0.0,1,1
2025/2026_Cantù_Pinet_10Round,1,0.0,0.5517,0.3953,0.15639999999999998,0.5081,0.435,0.0731,0.5333,0.3333,0.2,4.5816,2.8689,0.0,0,0,0,0.5,0,0
2025/2026_Cantù_Pinet_10Round,1,0.0,0.5517,0.3953,0.15639999999999998,0.5081,0.435,0.0731,0.5333,0.3333,0.2,4.5816,2.8689,0.0,0,1,-1,0.0,0,1
2025/2026_Cantù_Pinet_10Round,2,0.25,0.5517,0.3953,0.15639999999999998,0.5081,0.435,0.0731,0.5333,0.3333,0.2,4.5816,2.8689,0.0,1,1,0,1.0,0,1
2025/2026_Cantù_Pinet_10Round,2,0.25,0.5517,0.3953,0.15639999999999998,0.5081,0.435,0.0731,0.5333,0.3333,0.2,4.5816,2.8689,0.0,2,1,1,1.0,0,1
2025/2026_Cantù_Pinet_10Round,3,0.5,0.5517,0.3953,0.15639999999999998,0.5081,0.435,0.0731,0.5333,0.3333,0.2,4.5816,2.8689,0.0,3,1,2,1.0,0,1
2025/2026_Cantù_Pinet_10Round,3,0.5,0.5517,0.3953,0.15639999999999998,0.5081,0.435,0.0731,0.5333,0.3333,0.2,4.5816,2.8689,0.0,4,1,3,1.0,0,0
2025/2026_Cantù_Pinet_10Round,4,0.75,0.5517,0.3953,0.15639999999999998,0.5081,0.435,0.0731,0.5333,0.3333,0.2,4.5816,2.8689,0.0,4,2,2,0.0,0,0
2025/2026_Cantù_Porto_3Round,1,0.0,0.5294,0.4884,0.04099999999999998,0.4933,0.5273,-0.033999999999999975,0.4667,0.4667,0.0,3.483,3.7484,0.0,0,0,0,0.5,0,0
2025/2026_Cantù_Porto_3Round,1,0.0,0.5294,0.4884,0.04099999999999998,0.4933,0.5273,-0.033999999999999975,0.4667,0.4667,0.0,3.483,3.7484,0.0,0,1,-1,0.0,0,1
2025/2026_Cantù_Porto_3Round,2,0.25,0.5294,0.4884,0.04099999999999998,0.4933,0.5273,-0.033999999999999975,0.4667,0.4667,0.0,3.483,3.7484,0.0,1,1,0,1.0,0,1
2025/2026_Cantù_Porto_3Round,2,0.25,0.5294,0.4884,0.04099999999999998,0.4933,0.5273,-0.033999999999999975,0.4667,0.4667,0.0,3.483,3.7484,0.0,2,1,1,1.0,0,0
2025/2026_Cantù_Porto_3Round,3,0.5,0.5294,0.4884,0.04099999999999998,0.4933,0.5273,-0.033999999999999975,0.4667,0.4667,0.0,3.483,3.7484,0.0,2,2,0,0.0,0,0
2025/2026_Cantù_Porto_3Round,3,0.5,0.5294,0.4884,0.04099999999999998,0.4933,0.5273,-0.033999999999999975,0.4667,0.4667,0.0,3.483,3.7484,0.0,2,3,-1,0.0,0,1
2025/2026_Cantù_Porto_3Round,4,0.75,0.5294,0.4884,0.04099999999999998,0.4933,0.5273,-0.033999999999999975,0.4667,0.4667,0.0,3.483,3.7484,0.0,3,3,0,1.0,0,1
2025/2026_Cantù_Porto_3Round,4,0.75,0.5294,0.4884,0.04099999999999998,0.4933,0.5273,-0.033999999999999975,0.4667,0.4667,0.0,3.483,3.7484,0.0,4,3,1,1.0,0,1
2025/2026_Cantù_Porto_3Round,5,1.0,0.5294,0.4884,0.04099999999999998,0.4933,0.5273,-0.033999999999999975,0.4667,0.4667,0.0,3.483,3.7484,0.0,5,3,2,1.0,1,0
2025/2026_Cantù_Prata_12Round,1,0.0,0.5667,0.3654,0.20129999999999998,0.5134,0.4462,0.06719999999999998,0.5333,0.4667,0.06659999999999999,4.7461,3.8746,0.0,0,0,0,0.5,0,0
2025/2026_Cantù_Prata_12Round,1,0.0,0.5667,0.3654,0.20129999999999998,0.5134,0.4462,0.06719999999999998,0.5333,0.4667,0.06659999999999999,4.7461,3.8746,0.0,0,1,-1,0.0,0,1
2025/2026_Cantù_Prata_12Round,2,0.25,0.5667,0.3654,0.20129999999999998,0.5134,0.4462,0.06719999999999998,0.5333,0.4667,0.06659999999999999,4.7461,3.8746,0.0,1,1,0,1.0,0,1
2025/2026_Cantù_Prata_12Round,2,0.25,0.5667,0.3654,0.20129999999999998,0.5134,0.4462,0.06719999999999998,0.5333,0.4667,0.06659999999999999,4.7461,3.8746,0.0,2,1,1,1.0,0,1
2025/2026_Cantù_Prata_12Round,3,0.5,0.5667,0.3654,0.20129999999999998,0.5134,0.4462,0.06719999999999998,0.5333,0.4667,0.06659999999999999,4.7461,3.8746,0.0,3,1,2,1.0,0,1
2025/2026_Cantù_Prata_12Round,3,0.5,0.5667,0.3654,0.20129999999999998,0.5134,0.4462,0.06719999999999998,0.5333,0.4667,0.06659999999999999,4.7461,3.8746,0.0,4,1,3,1.0,0,1
2025/2026_Cantù_Prata_12Round,4,0.75,0.5667,0.3654,0.20129999999999998,0.5134,0.4462,0.06719999999999998,0.5333,0.4667,0.06659999999999999,4.7461,3.8746,0.0,5,1,4,1.0,0,0
2025/2026_Cantù_Prata_12Round,5,1.0,0.5667,0.3654,0.20129999999999998,0.5134,0.4462,0.06719999999999998,0.5333,0.4667,0.06659999999999999,4.7461,3.8746,0.0,5,2,3,0.0,1,1
2025/2026_Cantù_Raven_5Round,1,0.0,0.5472,0.5526,-0.00539999999999996,0.4987,0.5335,-0.0348,0.5333,0.5333,0.0,4.3555,4.0724,0.0,0,0,0,0.5,0,0
2025/2026_Cantù_Raven_5Round,1,0.0,0.5472,0.5526,-0.00539999999999996,0.4987,0.5335,-0.0348,0.5333,0.5333,0.0,4.3555,4.0724,0.0,0,1,-1,0.0,0,1
2025/2026_Cantù_Raven_5Round,2,0.25,0.5472,0.5526,-0.00539999999999996,0.4987,0.5335,-0.0348,0.5333,0.5333,0.0,4.3555,4.0724,0.0,1,1,0,1.0,0,0
2025/2026_Cantù_Raven_5Round,2,0.25,0.5472,0.5526,-0.00539999999999996,0.4987,0.5335,-0.0348,0.5333,0.5333,0.0,4.3555,4.0724,0.0,1,2,-1,0.0,0,1
2025/2026_Cantù_Raven_5Round,3,0.5,0.5472,0.5526,-0.00539999999999996,0.4987,0.5335,-0.0348,0.5333,0.5333,0.0,4.3555,4.0724,0.0,2,2,0,1.0,0,1
2025/2026_Cantù_Raven_5Round,3,0.5,0.5472,0.5526,-0.00539999999999996,0.4987,0.5335,-0.0348,0.5333,0.5333,0.0,4.3555,4.0724,0.0,3,2,1,1.0,0,0
2025/2026_Cantù_Raven_5Round,4,0.75,0.5472,0.5526,-0.00539999999999996,0.4987,0.5335,-0.0348,0.5333,0.5333,0.0,4.3555,4.0724,0.0,3,3,0,0.0,0,0
2025/2026_Cantù_Raven_5Round,4,0.75,0.5472,0.5526,-0.00539999999999996,0.4987,0.5335,-0.0348,0.5333,0.5333,0.0,4.3555,4.0724,0.0,3,4,-1,0.0,0,1
2025/2026_Cantù_Siena_4Round,1,0.0,0.5385,0.4468,0.0917,0.4948,0.4734,0.02140000000000003,0.5333,0.4,0.13329999999999997,3.8514,3.1611,0.0,0,0,0,0.5,0,0
2025/2026_Cantù_Siena_4Round,1,0.0,0.5385,0.4468,0.0917,0.4948,0.4734,0.02140000000000003,0.5333,0.4,0.13329999999999997,3.8514,3.1611,0.0,0,1,-1,0.0,0,1
2025/2026_Cantù_Siena_4Round,2,0.25,0.5385,0.4468,0.0917,0.4948,0.4734,0.02140000000000003,0.5333,0.4,0.13329999999999997,3.8514,3.1611,0.0,1,1,0,1.0,0,0
2025/2026_Cantù_Siena_4Round,2,0.25,0.5385,0.4468,0.0917,0.4948,0.4734,0.02140000000000003,0.5333,0.4,0.13329999999999997,3.8514,3.1611,0.0,1,2,-1,0.0,0,0
2025/2026_Cantù_Siena_4Round,3,0.5,0.5385,0.4468,0.0917,0.4948,0.4734,0.02140000000000003,0.5333,0.4,0.13329999999999997,3.8514,3.1611,0.0,1,3,-2,0.0,0,1
2025/2026_Cantù_Siena_4Round,3,0.5,0.5385,0.4468,0.0917,0.4948,0.4734,0.02140000000000003,0.5333,0.4,0.13329999999999997,3.8514,3.1611,0.0,2,3,-1,1.0,0,1
2025/2026_Cantù_Siena_4Round,4,0.75,0.5385,0.4468,0.0917,0.4948,0.4734,0.02140000000000003,0.5333,0.4,0.13329999999999997,3.8514,3.1611,0.0,3,3,0,1.0,0,1
2025/2026_Cantù_Siena_4Round,4,0.75,0.5385,0.4468,0.0917,0.4948,0.4734,0.02140000000000003,0.5333,0.4,0.13329999999999997,3.8514,3.1611,0.0,4,3,1,1.0,0,1
2025/2026_Cantù_Siena_4Round,5,1.0,0.5385,0.4468,0.0917,0.4948,0.4734,0.02140000000000003,0.5333,0.4,0.13329999999999997,3.8514,3.1611,0.0,5,3,2,1.0,1,1
2025/2026_Cantù_Sorre_9Round,1,0.0,0.5614,0.5,0.06140000000000001,0.5082,0.5025,0.005700000000000038,0.6,0.4667,0.13329999999999997,4.8629,3.3689,0.0,0,0,0,0.5,0,0
2025/2026_Cantù_Sorre_9Round,1,0.0,0.5614,0.5,0.06140000000000001,0.5082,0.5025,0.005700000000000038,0.6,0.4667,0.13329999999999997,4.8629,3.3689,0.0,0,1,-1,0.0,0,1
2025/2026_Cantù_Sorre_9Round,2,0.25,0.5614,0.5,0.06140000000000001,0.5082,0.5025,0.005700000000000038,0.6,0.4667,0.13329999999999997,4.8629,3.3689,0.0,1,1,0,1.0,0,1
2025/2026_Cantù_Sorre_9Round,2,0.25,0.5614,0.5,0.06140000000000001,0.5082,0.5025,0.005700000000000038,0.6,0.4667,0.13329999999999997,4.8629,3.3689,0.0,2,1,1,1.0,0,0
2025/2026_Cantù_Sorre_9Round,3,0.5,0.5614,0.5,0.06140000000000001,0.5082,0.5025,0.005700000000000038,0.6,0.4667,0.13329999999999997,4.8629,3.3689,0.0,2,2,0,0.0,0,0
2025/2026_Cantù_Sorre_9Round,3,0.5,0.5614,0.5,0.06140000000000001,0.5082,0.5025,0.005700000000000038,0.6,0.4667,0.13329999999999997,4.8629,3.3689,0.0,2,3,-1,0.0,0,1
2025/2026_Cantù_Sorre_9Round,4,0.75,0.5614,0.5,0.06140000000000001,0.5082,0.5025,0.005700000000000038,0.6,0.4667,0.13329999999999997,4.8629,3.3689,0.0,3,3,0,1.0,0,0
2025/2026_Cantù_Sorre_9Round,4,0.75,0.5614,0.5,0.06140000000000001,0.5082,0.5025,0.005700000000000038,0.6,0.4667,0.13329999999999997,4.8629,3.3689,0.0,3,4,-1,0.0,0,1
2025/2026_Cantù_Taran_6Round,1,0.0,0.537,0.4545,0.08250000000000002,0.4988,0.4479,0.0509,0.4667,0.4,0.06669999999999998,4.2236,2.8509,0.0,0,0,0,0.5,0,1
2025/2026_Cantù_Taran_6Round,1,0.0,0.537,0.4545,0.08250000000000002,0.4988,0.4479,0.0509,0.4667,0.4,0.06669999999999998,4.2236,2.8509,0.0,1,0,1,1.0,0,1
2025/2026_Cantù_Taran_6Round,2,0.25,0.537,0.4545,0.08250000000000002,0.4988,0.4479,0.0509,0.4667,0.4,0.06669999999999998,4.2236,2.8509,0.0,2,0,2,1.0,0,1
2025/2026_Cantù_Taran_6Round,2,0.25,0.537,0.4545,0.08250000000000002,0.4988,0.4479,0.0509,0.4667,0.4,0.06669999999999998,4.2236,2.8509,0.0,3,0,3,1.0,0,0
2025/2026_Cantù_Taran_6Round,3,0.5,0.537,0.4545,0.08250000000000002,0.4988,0.4479,0.0509,0.4667,0.4,0.06669999999999998,4.2236,2.8509,0.0,3,1,2,0.0,0,1
2025/2026_Cantù_Taran_6Round,3,0.5,0.537,0.4545,0.08250000000000002,0.4988,0.4479,0.0509,0.4667,0.4,0.06669999999999998,4.2236,2.8509,0.0,4,1,3,1.0,0,0
2025/2026_Cantù_Taran_6Round,4,0.75,0.537,0.4545,0.08250000000000002,0.4988,0.4479,0.0509,0.4667,0.4,0.06669999999999998,4.2236,2.8509,0.0,4,2,2,0.0,0,0
2025/2026_Ciste_Cuneo_2Round,1,0.0,0.4375,0.4516,-0.014100000000000001,0.5268,0.5347,-0.007899999999999907,0.5,0.4545,0.045499999999999985,3.1597,2.8279,0.0,0,0,0,0.5,0,1
2025/2026_Ciste_Cuneo_2Round,2,0.25,0.4375,0.4516,-0.014100000000000001,0.5268,0.5347,-0.007899999999999907,0.5,0.4545,0.045499999999999985,3.1597,2.8279,0.0,1,0,1,1.0,0,1
2025/2026_Ciste_Cuneo_2Round,3,0.5,0.4375,0.4516,-0.014100000000000001,0.5268,0.5347,-0.007899999999999907,0.5,0.4545,0.045499999999999985,3.1597,2.8279,0.0,2,0,2,1.0,0,1
2025/2026_Ciste_Cuneo_9Round,1,0.0,0.4091,0.3667,0.04239999999999999,0.4982,0.4647,0.033499999999999974,0.5333,0.4,0.13329999999999997,1.2432,1.7492,0.0,0,0,0,0.5,0,1
2025/2026_Ciste_Cuneo_9Round,2,0.25,0.4091,0.3667,0.04239999999999999,0.4982,0.4647,0.033499999999999974,0.5333,0.4,0.13329999999999997,1.2432,1.7492,0.0,1,0,1,1.0,0,1
2025/2026_Ciste_Cuneo_9Round,3,0.5,0.4091,0.3667,0.04239999999999999,0.4982,0.4647,0.033499999999999974,0.5333,0.4,0.13329999999999997,1.2432,1.7492,0.0,2,0,2,1.0,0,1
2025/2026_Ciste_Grott_3Round,1,0.0,0.4242,0.4074,0.016800000000000037,0.5215,0.4766,0.04489999999999994,0.4,0.4667,-0.06669999999999998,1.9169,2.7585,0.4,0,0,0,0.5,0,1
2025/2026_Ciste_Grott_3Round,1,0.0,0.4242,0.4074,0.016800000000000037,0.5215,0.4766,0.04489999999999994,0.4,0.4667,-0.06669999999999998,1.9169,2.7585,0.4,1,0,1,1.0,0,0
2025/2026_Ciste_Grott_3Round,2,0.25,0.4242,0.4074,0.016800000000000037,0.5215,0.4766,0.04489999999999994,0.4,0.4667,-0.06669999999999998,1.9169,2.7585,0.4,1,1,0,0.0,0,1
2025/2026_Ciste_Grott_3Round,2,0.25,0.4242,0.4074,0.016800000000000037,0.5215,0.4766,0.04489999999999994,0.4,0.4667,-0.06669999999999998,1.9169,2.7585,0.4,2,1,1,1.0,0,0
2025/2026_Ciste_Grott_3Round,3,0.5,0.4242,0.4074,0.016800000000000037,0.5215,0.4766,0.04489999999999994,0.4,0.4667,-0.06669999999999998,1.9169,2.7585,0.4,2,2,0,0.0,0,1
2025/2026_Ciste_Grott_3Round,3,0.5,0.4242,0.4074,0.016800000000000037,0.5215,0.4766,0.04489999999999994,0.4,0.4667,-0.06669999999999998,1.9169,2.7585,0.4,3,2,1,1.0,0,1
2025/2026_Ciste_Grott_3Round,4,0.75,0.4242,0.4074,0.016800000000000037,0.5215,0.4766,0.04489999999999994,0.4,0.4667,-0.06669999999999998,1.9169,2.7585,0.4,4,2,2,1.0,0,0
2025/2026_Ciste_Grott_3Round,4,0.75,0.4242,0.4074,0.016800000000000037,0.5215,0.4766,0.04489999999999994,0.4,0.4667,-0.06669999999999998,1.9169,2.7585,0.4,4,3,1,0.0,0,0
2025/2026_Ciste_Grott_3Round,5,1.0,0.4242,0.4074,0.016800000000000037,0.5215,0.4766,0.04489999999999994,0.4,0.4667,-0.06669999999999998,1.9169,2.7585,0.4,4,4,0,0.0,1,1
2025/2026_Ciste_Grott_3Round,5,1.0,0.4242,0.4074,0.016800000000000037,0.5215,0.4766,0.04489999999999994,0.4,0.4667,-0.06669999999999998,1.9169,2.7585,0.4,5,4,1,1.0,1,1
2025/2026_Ciste_Lube_10Round,1,0.0,0.413,0.5253,-0.11230000000000001,0.4982,0.544,-0.04580000000000006,0.5333,0.4,0.13329999999999997,1.476,2.0883,-2.406,0,0,0,0.5,0,0
2025/2026_Ciste_Lube_10Round,2,0.25,0.413,0.5253,-0.11230000000000001,0.4982,0.544,-0.04580000000000006,0.5333,0.4,0.13329999999999997,1.476,2.0883,-2.406,0,1,-1,0.0,0,0
2025/2026_Ciste_Lube_10Round,3,0.5,0.413,0.5253,-0.11230000000000001,0.4982,0.544,-0.04580000000000006,0.5333,0.4,0.13329999999999997,1.476,2.0883,-2.406,0,2,-2,0.0,0,1
2025/2026_Ciste_Lube_10Round,4,0.75,0.413,0.5253,-0.11230000000000001,0.4982,0.544,-0.04580000000000006,0.5333,0.4,0.13329999999999997,1.476,2.0883,-2.406,1,2,-1,1.0,0,1
2025/2026_Ciste_Lube_10Round,5,1.0,0.413,0.5253,-0.11230000000000001,0.4982,0.544,-0.04580000000000006,0.5333,0.4,0.13329999999999997,1.476,2.0883,-2.406,2,2,0,1.0,1,0
2025/2026_Ciste_Lube_4Round,1,0.0,0.5287,0.4412,0.08749999999999997,0.542,0.5246,0.017400000000000082,0.6667,0.4167,0.24999999999999994,3.9554,2.9069,2.253,0,0,0,0.5,0,1
2025/2026_Ciste_Lube_4Round,2,0.25,0.5287,0.4412,0.08749999999999997,0.542,0.5246,0.017400000000000082,0.6667,0.4167,0.24999999999999994,3.9554,2.9069,2.253,1,0,1,1.0,0,1
2025/2026_Ciste_Lube_4Round,3,0.5,0.5287,0.4412,0.08749999999999997,0.542,0.5246,0.017400000000000082,0.6667,0.4167,0.24999999999999994,3.9554,2.9069,2.253,2,0,2,1.0,0,0
2025/2026_Ciste_Lube_4Round,4,0.75,0.5287,0.4412,0.08749999999999997,0.542,0.5246,0.017400000000000082,0.6667,0.4167,0.24999999999999994,3.9554,2.9069,2.253,2,1,1,0.0,0,1
2025/2026_Ciste_Milan_4Round,1,0.0,0.4545,0.4286,0.025900000000000034,0.4748,0.5203,-0.045499999999999985,0.4667,0.3846,0.0821,1.617,2.5441,2.853,0,0,0,0.5,0,1
2025/2026_Ciste_Milan_4Round,2,0.25,0.4545,0.4286,0.025900000000000034,0.4748,0.5203,-0.045499999999999985,0.4667,0.3846,0.0821,1.617,2.5441,2.853,1,0,1,1.0,0,1
2025/2026_Ciste_Milan_4Round,3,0.5,0.4545,0.4286,0.025900000000000034,0.4748,0.5203,-0.045499999999999985,0.4667,0.3846,0.0821,1.617,2.5441,2.853,2,0,2,1.0,0,0
2025/2026_Ciste_Milan_4Round,4,0.75,0.4545,0.4286,0.025900000000000034,0.4748,0.5203,-0.045499999999999985,0.4667,0.3846,0.0821,1.617,2.5441,2.853,2,1,1,0.0,0,1
2025/2026_Ciste_Milan_7Round,1,0.0,0.45,0.4681,-0.018100000000000005,0.5207,0.477,0.04370000000000007,0.5333,0.4,0.13329999999999997,2.686,1.6839,-2.7,0,0,0,0.5,0,0
2025/2026_Ciste_Milan_7Round,2,0.25,0.45,0.4681,-0.018100000000000005,0.5207,0.477,0.04370000000000007,0.5333,0.4,0.13329999999999997,2.686,1.6839,-2.7,0,1,-1,0.0,0,0
2025/2026_Ciste_Milan_7Round,3,0.5,0.45,0.4681,-0.018100000000000005,0.5207,0.477,0.04370000000000007,0.5333,0.4,0.13329999999999997,2.686,1.6839,-2.7,0,2,-2,0.0,0,0
2025/2026_Ciste_Moden_1Round,1,0.0,0.4815,0.4828,-0.0013000000000000234,0.5033,0.5462,-0.04290000000000005,0.4667,0.5,-0.033299999999999996,4.3075,4.2797,0.89,0,0,0,0.5,0,1
2025/2026_Ciste_Moden_1Round,2,0.25,0.4815,0.4828,-0.0013000000000000234,0.5033,0.5462,-0.04290000000000005,0.4667,0.5,-0.033299999999999996,4.3075,4.2797,0.89,1,0,1,1.0,0,0
2025/2026_Ciste_Moden_1Round,3,0.5,0.4815,0.4828,-0.0013000000000000234,0.5033,0.5462,-0.04290000000000005,0.4667,0.5,-0.033299999999999996,4.3075,4.2797,0.89,1,1,0,0.0,0,1
2025/2026_Ciste_Moden_1Round,4,0.75,0.4815,0.4828,-0.0013000000000000234,0.5033,0.5462,-0.04290000000000005,0.4667,0.5,-0.033299999999999996,4.3075,4.2797,0.89,2,1,1,1.0,0,1
2025/2026_Ciste_Moden_5Round,1,0.0,0.4167,0.5,-0.08329999999999999,0.516,0.5117,0.0042999999999999705,0.4667,0.5333,-0.06659999999999999,2.2817,3.3816,-1.216,0,0,0,0.5,0,1
2025/2026_Ciste_Moden_5Round,2,0.25,0.4167,0.5,-0.08329999999999999,0.516,0.5117,0.0042999999999999705,0.4667,0.5333,-0.06659999999999999,2.2817,3.3816,-1.216,1,0,1,1.0,0,0
2025/2026_Ciste_Moden_5Round,3,0.5,0.4167,0.5,-0.08329999999999999,0.516,0.5117,0.0042999999999999705,0.4667,0.5333,-0.06659999999999999,2.2817,3.3816,-1.216,1,1,0,0.0,0,0
2025/2026_Ciste_Moden_5Round,4,0.75,0.4167,0.5,-0.08329999999999999,0.516,0.5117,0.0042999999999999705,0.4667,0.5333,-0.06659999999999999,2.2817,3.3816,-1.216,1,2,-1,0.0,0,1
2025/2026_Ciste_Moden_5Round,5,1.0,0.4167,0.5,-0.08329999999999999,0.516,0.5117,0.0042999999999999705,0.4667,0.5333,-0.06659999999999999,2.2817,3.3816,-1.216,2,2,0,1.0,1,1
2025/2026_Ciste_Monza_5Round,1,0.0,0.4324,0.4607,-0.028299999999999992,0.5178,0.5188,-0.0010000000000000009,0.5333,0.3333,0.2,2.5287,1.2534,0.86,0,0,0,0.5,0,1
2025/2026_Ciste_Monza_5Round,2,0.25,0.4324,0.4607,-0.028299999999999992,0.5178,0.5188,-0.0010000000000000009,0.5333,0.3333,0.2,2.5287,1.2534,0.86,1,0,1,1.0,0,1
2025/2026_Ciste_Monza_5Round,3,0.5,0.4324,0.4607,-0.028299999999999992,0.5178,0.5188,-0.0010000000000000009,0.5333,0.3333,0.2,2.5287,1.2534,0.86,2,0,2,1.0,0,0
2025/2026_Ciste_Monza_5Round,4,0.75,0.4324,0.4607,-0.028299999999999992,0.5178,0.5188,-0.0010000000000000009,0.5333,0.3333,0.2,2.5287,1.2534,0.86,2,1,1,0.0,0,1
2025/2026_Ciste_Monza_6Round,1,0.0,0.4505,0.4474,0.0030999999999999917,0.5148,0.5214,-0.006599999999999939,0.4,0.3571,0.04290000000000005,0.9941,2.7029,-0.481,0,0,0,0.5,0,0
2025/2026_Ciste_Monza_6Round,2,0.25,0.4505,0.4474,0.0030999999999999917,0.5148,0.5214,-0.006599999999999939,0.4,0.3571,0.04290000000000005,0.9941,2.7029,-0.481,0,1,-1,0.0,0,1
2025/2026_Ciste_Monza_6Round,3,0.5,0.4505,0.4474,0.0030999999999999917,0.5148,0.5214,-0.006599999999999939,0.4,0.3571,0.04290000000000005,0.9941,2.7029,-0.481,1,1,0,1.0,0,1
2025/2026_Ciste_Monza_6Round,4,0.75,0.4505,0.4474,0.0030999999999999917,0.5148,0.5214,-0.006599999999999939,0.4,0.3571,0.04290000000000005,0.9941,2.7029,-0.481,2,1,1,1.0,0,0
2025/2026_Ciste_Monza_6Round,5,1.0,0.4505,0.4474,0.0030999999999999917,0.5148,0.5214,-0.006599999999999939,0.4,0.3571,0.04290000000000005,0.9941,2.7029,-0.481,2,2,0,0.0,1,0
2025/2026_Ciste_Padov_11Round,1,0.0,0.3958,0.3725,0.023299999999999987,0.493,0.4678,0.0252,0.4,0.4667,-0.06669999999999998,1.6535,1.5111,-2.043,0,0,0,0.5,0,1
2025/2026_Ciste_Padov_11Round,2,0.25,0.3958,0.3725,0.023299999999999987,0.493,0.4678,0.0252,0.4,0.4667,-0.06669999999999998,1.6535,1.5111,-2.043,1,0,1,1.0,0,0
2025/2026_Ciste_Padov_11Round,3,0.5,0.3958,0.3725,0.023299999999999987,0.493,0.4678,0.0252,0.4,0.4667,-0.06669999999999998,1.6535,1.5111,-2.043,1,1,0,0.0,0,0
2025/2026_Ciste_Padov_11Round,4,0.75,0.3958,0.3725,0.023299999999999987,0.493,0.4678,0.0252,0.4,0.4667,-0.06669999999999998,1.6535,1.5111,-2.043,1,2,-1,0.0,0,0
2025/2026_Ciste_Padov_6Round,1,0.0,0.3696,0.4615,-0.09190000000000004,0.4744,0.523,-0.04860000000000003,0.4667,0.4,0.06669999999999998,1.2091,2.8253,2.063,0,0,0,0.5,0,0
2025/2026_Ciste_Padov_6Round,2,0.25,0.3696,0.4615,-0.09190000000000004,0.4744,0.523,-0.04860000000000003,0.4667,0.4,0.06669999999999998,1.2091,2.8253,2.063,0,1,-1,0.0,0,1
2025/2026_Ciste_Padov_6Round,3,0.5,0.3696,0.4615,-0.09190000000000004,0.4744,0.523,-0.04860000000000003,0.4667,0.4,0.06669999999999998,1.2091,2.8253,2.063,1,1,0,1.0,0,1
2025/2026_Ciste_Padov_6Round,4,0.75,0.3696,0.4615,-0.09190000000000004,0.4744,0.523,-0.04860000000000003,0.4667,0.4,0.06669999999999998,1.2091,2.8253,2.063,2,1,1,1.0,0,0
2025/2026_Ciste_Padov_6Round,5,1.0,0.3696,0.4615,-0.09190000000000004,0.4744,0.523,-0.04860000000000003,0.4667,0.4,0.06669999999999998,1.2091,2.8253,2.063,2,2,0,0.0,1,1
2025/2026_Ciste_Perug_2Round,1,0.0,0.4375,0.6024,-0.16490000000000005,0.5281,0.491,0.03710000000000002,0.4,0.6,-0.19999999999999996,2.3005,3.9829,-3.0,0,0,0,0.5,0,0
2025/2026_Ciste_Perug_2Round,2,0.25,0.4375,0.6024,-0.16490000000000005,0.5281,0.491,0.03710000000000002,0.4,0.6,-0.19999999999999996,2.3005,3.9829,-3.0,0,1,-1,0.0,0,0
2025/2026_Ciste_Perug_2Round,3,0.5,0.4375,0.6024,-0.16490000000000005,0.5281,0.491,0.03710000000000002,0.4,0.6,-0.19999999999999996,2.3005,3.9829,-3.0,0,2,-2,0.0,0,0
2025/2026_Ciste_Perug_8Round,1,0.0,0.6344,0.4286,0.20579999999999998,0.5053,0.5093,-0.0040000000000000036,0.6,0.4,0.19999999999999996,3.8365,1.7347,3.0,0,0,0,0.5,0,1
2025/2026_Ciste_Perug_8Round,2,0.25,0.6344,0.4286,0.20579999999999998,0.5053,0.5093,-0.0040000000000000036,0.6,0.4,0.19999999999999996,3.8365,1.7347,3.0,1,0,1,1.0,0,1
2025/2026_Ciste_Perug_8Round,3,0.5,0.6344,0.4286,0.20579999999999998,0.5053,0.5093,-0.0040000000000000036,0.6,0.4,0.19999999999999996,3.8365,1.7347,3.0,2,0,2,1.0,0,1
2025/2026_Ciste_Piace_10Round,1,0.0,0.4043,0.5625,-0.1582,0.4965,0.5184,-0.021899999999999975,0.4667,0.5333,-0.06659999999999999,1.7205,2.6989,-2.51,0,0,0,0.5,0,1
2025/2026_Ciste_Piace_10Round,2,0.25,0.4043,0.5625,-0.1582,0.4965,0.5184,-0.021899999999999975,0.4667,0.5333,-0.06659999999999999,1.7205,2.6989,-2.51,1,0,1,1.0,0,0
2025/2026_Ciste_Piace_10Round,3,0.5,0.4043,0.5625,-0.1582,0.4965,0.5184,-0.021899999999999975,0.4667,0.5333,-0.06659999999999999,1.7205,2.6989,-2.51,1,1,0,0.0,0,0
2025/2026_Ciste_Piace_10Round,4,0.75,0.4043,0.5625,-0.1582,0.4965,0.5184,-0.021899999999999975,0.4667,0.5333,-0.06659999999999999,1.7205,2.6989,-2.51,1,2,-1,0.0,0,0
2025/2026_Ciste_Piace_8Round,1,0.0,0.5526,0.4186,0.13399999999999995,0.5113,0.5037,0.00759999999999994,0.5333,0.4,0.13329999999999997,2.6486,1.4494,2.49,0,0,0,0.5,0,1
2025/2026_Ciste_Piace_8Round,2,0.25,0.5526,0.4186,0.13399999999999995,0.5113,0.5037,0.00759999999999994,0.5333,0.4,0.13329999999999997,2.6486,1.4494,2.49,1,0,1,1.0,0,1
2025/2026_Ciste_Piace_8Round,3,0.5,0.5526,0.4186,0.13399999999999995,0.5113,0.5037,0.00759999999999994,0.5333,0.4,0.13329999999999997,2.6486,1.4494,2.49,2,0,2,1.0,0,1
2025/2026_Ciste_Trent_11Round,1,0.0,0.5859,0.3878,0.1981,0.508,0.4896,0.018400000000000027,0.6667,0.4,0.26669999999999994,2.4721,1.6035,2.447,0,0,0,0.5,0,1
2025/2026_Ciste_Trent_11Round,2,0.25,0.5859,0.3878,0.1981,0.508,0.4896,0.018400000000000027,0.6667,0.4,0.26669999999999994,2.4721,1.6035,2.447,1,0,1,1.0,0,1
2025/2026_Ciste_Trent_11Round,3,0.5,0.5859,0.3878,0.1981,0.508,0.4896,0.018400000000000027,0.6667,0.4,0.26669999999999994,2.4721,1.6035,2.447,2,0,2,1.0,0,1
2025/2026_Ciste_Trent_1Round,1,0.0,0.4667,0.5488,-0.08209999999999995,0.5414,0.4912,0.05019999999999997,0.4667,0.6,-0.13329999999999997,3.5552,3.5396,-2.447,0,0,0,0.5,0,0
2025/2026_Ciste_Trent_1Round,2,0.25,0.4667,0.5488,-0.08209999999999995,0.5414,0.4912,0.05019999999999997,0.4667,0.6,-0.13329999999999997,3.5552,3.5396,-2.447,0,1,-1,0.0,0,0
2025/2026_Ciste_Trent_1Round,3,0.5,0.4667,0.5488,-0.08209999999999995,0.5414,0.4912,0.05019999999999997,0.4667,0.6,-0.13329999999999997,3.5552,3.5396,-2.447,0,2,-2,0.0,0,0
2025/2026_Ciste_Veron_7Round,1,0.0,0.439,0.5495,-0.11049999999999999,0.515,0.4799,0.03510000000000002,0.5333,0.5333,0.0,2.1316,2.3516,-2.58,0,0,0,0.5,0,0
2025/2026_Ciste_Veron_7Round,2,0.25,0.439,0.5495,-0.11049999999999999,0.515,0.4799,0.03510000000000002,0.5333,0.5333,0.0,2.1316,2.3516,-2.58,0,1,-1,0.0,0,0
2025/2026_Ciste_Veron_7Round,3,0.5,0.439,0.5495,-0.11049999999999999,0.515,0.4799,0.03510000000000002,0.5333,0.5333,0.0,2.1316,2.3516,-2.58,0,2,-2,0.0,0,0
2025/2026_Ciste_Veron_9Round,1,0.0,0.5579,0.4222,0.13569999999999993,0.484,0.5036,-0.019600000000000062,0.6,0.4,0.19999999999999996,2.3191,1.7932,2.314,0,0,0,0.5,0,1
2025/2026_Ciste_Veron_9Round,2,0.25,0.5579,0.4222,0.13569999999999993,0.484,0.5036,-0.019600000000000062,0.6,0.4,0.19999999999999996,2.3191,1.7932,2.314,1,0,1,1.0,0,1
2025/2026_Ciste_Veron_9Round,3,0.5,0.5579,0.4222,0.13569999999999993,0.484,0.5036,-0.019600000000000062,0.6,0.4,0.19999999999999996,2.3191,1.7932,2.314,2,0,2,1.0,0,1
2025/2026_Cuneo_Grott_4Round,1,0.0,0.4,0.3929,0.007099999999999995,0.5,0.473,0.027000000000000024,0.5333,0.4667,0.06659999999999999,2.3202,3.0663,0.0,0,0,0,0.5,0,1
2025/2026_Cuneo_Grott_4Round,2,0.25,0.4,0.3929,0.007099999999999995,0.5,0.473,0.027000000000000024,0.5333,0.4667,0.06659999999999999,2.3202,3.0663,0.0,1,0,1,1.0,0,1
2025/2026_Cuneo_Grott_4Round,3,0.5,0.4,0.3929,0.007099999999999995,0.5,0.473,0.027000000000000024,0.5333,0.4667,0.06659999999999999,2.3202,3.0663,0.0,2,0,2,1.0,0,1
2025/2026_Cuneo_Grott_5Round,1,0.0,0.3667,0.4091,-0.04239999999999999,0.4614,0.5097,-0.048300000000000065,0.4,0.3333,0.06670000000000004,2.2894,2.5663,0.0,0,0,0,0.5,0,0
2025/2026_Cuneo_Grott_5Round,2,0.25,0.3667,0.4091,-0.04239999999999999,0.4614,0.5097,-0.048300000000000065,0.4,0.3333,0.06670000000000004,2.2894,2.5663,0.0,0,1,-1,0.0,0,0
2025/2026_Cuneo_Grott_5Round,3,0.5,0.3667,0.4091,-0.04239999999999999,0.4614,0.5097,-0.048300000000000065,0.4,0.3333,0.06670000000000004,2.2894,2.5663,0.0,0,2,-2,0.0,0,0
2025/2026_Cuneo_Lube_1Round,1,0.0,0.5,0.5122,-0.012199999999999989,0.5476,0.5352,0.012399999999999967,0.5385,0.6,-0.0615,3.6621,4.4279,0.0,0,0,0,0.5,0,0
2025/2026_Cuneo_Lube_1Round,2,0.25,0.5,0.5122,-0.012199999999999989,0.5476,0.5352,0.012399999999999967,0.5385,0.6,-0.0615,3.6621,4.4279,0.0,0,1,-1,0.0,0,0
2025/2026_Cuneo_Lube_1Round,3,0.5,0.5,0.5122,-0.012199999999999989,0.5476,0.5352,0.012399999999999967,0.5385,0.6,-0.0615,3.6621,4.4279,0.0,0,2,-2,0.0,0,0
2025/2026_Cuneo_Lube_8Round,1,0.0,0.5263,0.3929,0.13339999999999996,0.5426,0.4878,0.05479999999999996,0.6,0.4,0.19999999999999996,2.0831,2.3968,0.0,0,0,0,0.5,0,1
2025/2026_Cuneo_Lube_8Round,2,0.25,0.5263,0.3929,0.13339999999999996,0.5426,0.4878,0.05479999999999996,0.6,0.4,0.19999999999999996,2.0831,2.3968,0.0,1,0,1,1.0,0,1
2025/2026_Cuneo_Lube_8Round,3,0.5,0.5263,0.3929,0.13339999999999996,0.5426,0.4878,0.05479999999999996,0.6,0.4,0.19999999999999996,2.0831,2.3968,0.0,2,0,2,1.0,0,1
2025/2026_Cuneo_Milan_11Round,1,0.0,0.4608,0.3235,0.13729999999999998,0.4727,0.4365,0.03620000000000001,0.4667,0.4,0.06669999999999998,1.0495,1.5774,0.0,0,0,0,0.5,0,1
2025/2026_Cuneo_Milan_11Round,2,0.25,0.4608,0.3235,0.13729999999999998,0.4727,0.4365,0.03620000000000001,0.4667,0.4,0.06669999999999998,1.0495,1.5774,0.0,1,0,1,1.0,0,1
2025/2026_Cuneo_Milan_11Round,3,0.5,0.4608,0.3235,0.13729999999999998,0.4727,0.4365,0.03620000000000001,0.4667,0.4,0.06669999999999998,1.0495,1.5774,0.0,2,0,2,1.0,0,1
2025/2026_Cuneo_Milan_9Round,1,0.0,0.3548,0.4694,-0.11459999999999998,0.4538,0.4767,-0.02290000000000003,0.4,0.4667,-0.06669999999999998,1.5433,1.3467,0.0,0,0,0,0.5,0,0
2025/2026_Cuneo_Milan_9Round,2,0.25,0.3548,0.4694,-0.11459999999999998,0.4538,0.4767,-0.02290000000000003,0.4,0.4667,-0.06669999999999998,1.5433,1.3467,0.0,0,1,-1,0.0,0,0
2025/2026_Cuneo_Milan_9Round,3,0.5,0.3548,0.4694,-0.11459999999999998,0.4538,0.4767,-0.02290000000000003,0.4,0.4667,-0.06669999999999998,1.5433,1.3467,0.0,0,2,-2,0.0,0,1
2025/2026_Cuneo_Milan_9Round,4,0.75,0.3548,0.4694,-0.11459999999999998,0.4538,0.4767,-0.02290000000000003,0.4,0.4667,-0.06669999999999998,1.5433,1.3467,0.0,1,2,-1,1.0,0,0
2025/2026_Cuneo_Moden_2Round,1,0.0,0.4819,0.4706,0.011299999999999977,0.504,0.5433,-0.0393,0.4667,0.4167,0.04999999999999999,3.4088,3.1765,0.0,0,0,0,0.5,0,1
2025/2026_Cuneo_Moden_2Round,2,0.25,0.4819,0.4706,0.011299999999999977,0.504,0.5433,-0.0393,0.4667,0.4167,0.04999999999999999,3.4088,3.1765,0.0,1,0,1,1.0,0,1
2025/2026_Cuneo_Moden_2Round,3,0.5,0.4819,0.4706,0.011299999999999977,0.504,0.5433,-0.0393,0.4667,0.4167,0.04999999999999999,3.4088,3.1765,0.0,2,0,2,1.0,0,1
2025/2026_Cuneo_Moden_7Round,1,0.0,0.3846,0.5,-0.1154,0.4866,0.5122,-0.02560000000000001,0.4667,0.4667,0.0,1.9292,2.4794,0.0,0,0,0,0.5,0,0
2025/2026_Cuneo_Moden_7Round,2,0.25,0.3846,0.5,-0.1154,0.4866,0.5122,-0.02560000000000001,0.4667,0.4667,0.0,1.9292,2.4794,0.0,0,1,-1,0.0,0,1
2025/2026_Cuneo_Moden_7Round,3,0.5,0.3846,0.5,-0.1154,0.4866,0.5122,-0.02560000000000001,0.4667,0.4667,0.0,1.9292,2.4794,0.0,1,1,0,1.0,0,0
2025/2026_Cuneo_Moden_7Round,4,0.75,0.3846,0.5,-0.1154,0.4866,0.5122,-0.02560000000000001,0.4667,0.4667,0.0,1.9292,2.4794,0.0,1,2,-1,0.0,0,1
2025/2026_Cuneo_Moden_7Round,5,1.0,0.3846,0.5,-0.1154,0.4866,0.5122,-0.02560000000000001,0.4667,0.4667,0.0,1.9292,2.4794,0.0,2,2,0,1.0,1,0
2025/2026_Cuneo_Monza_3Round,1,0.0,0.4706,0.4444,0.0262,0.524,0.5271,-0.0030999999999999917,0.4,0.3846,0.015400000000000025,2.067,2.7888,0.0,0,0,0,0.5,0,0
2025/2026_Cuneo_Monza_3Round,2,0.25,0.4706,0.4444,0.0262,0.524,0.5271,-0.0030999999999999917,0.4,0.3846,0.015400000000000025,2.067,2.7888,0.0,0,1,-1,0.0,0,1
2025/2026_Cuneo_Monza_3Round,3,0.5,0.4706,0.4444,0.0262,0.524,0.5271,-0.0030999999999999917,0.4,0.3846,0.015400000000000025,2.067,2.7888,0.0,1,1,0,1.0,0,1
2025/2026_Cuneo_Monza_3Round,4,0.75,0.4706,0.4444,0.0262,0.524,0.5271,-0.0030999999999999917,0.4,0.3846,0.015400000000000025,2.067,2.7888,0.0,2,1,1,1.0,0,1
2025/2026_Cuneo_Monza_7Round,1,0.0,0.3704,0.4516,-0.0812,0.483,0.5161,-0.03310000000000002,0.4,0.3333,0.06670000000000004,2.0915,1.8538,0.0,0,0,0,0.5,0,0
2025/2026_Cuneo_Monza_7Round,2,0.25,0.3704,0.4516,-0.0812,0.483,0.5161,-0.03310000000000002,0.4,0.3333,0.06670000000000004,2.0915,1.8538,0.0,0,1,-1,0.0,0,1
2025/2026_Cuneo_Monza_7Round,3,0.5,0.3704,0.4516,-0.0812,0.483,0.5161,-0.03310000000000002,0.4,0.3333,0.06670000000000004,2.0915,1.8538,0.0,1,1,0,1.0,0,1
2025/2026_Cuneo_Monza_7Round,4,0.75,0.3704,0.4516,-0.0812,0.483,0.5161,-0.03310000000000002,0.4,0.3333,0.06670000000000004,2.0915,1.8538,0.0,2,1,1,1.0,0,0
2025/2026_Cuneo_Monza_7Round,5,1.0,0.3704,0.4516,-0.0812,0.483,0.5161,-0.03310000000000002,0.4,0.3333,0.06670000000000004,2.0915,1.8538,0.0,2,2,0,0.0,1,1
2025/2026_Cuneo_Padov_10Round,1,0.0,0.3438,0.37,-0.0262,0.4477,0.4681,-0.02040000000000003,0.4,0.4,0.0,1.5942,1.0203,0.0,0,0,0,0.5,0,1
2025/2026_Cuneo_Padov_10Round,2,0.25,0.3438,0.37,-0.0262,0.4477,0.4681,-0.02040000000000003,0.4,0.4,0.0,1.5942,1.0203,0.0,1,0,1,1.0,0,0
2025/2026_Cuneo_Padov_10Round,3,0.5,0.3438,0.37,-0.0262,0.4477,0.4681,-0.02040000000000003,0.4,0.4,0.0,1.5942,1.0203,0.0,1,1,0,0.0,0,1
2025/2026_Cuneo_Padov_10Round,4,0.75,0.3438,0.37,-0.0262,0.4477,0.4681,-0.02040000000000003,0.4,0.4,0.0,1.5942,1.0203,0.0,2,1,1,1.0,0,0
2025/2026_Cuneo_Padov_10Round,5,1.0,0.3438,0.37,-0.0262,0.4477,0.4681,-0.02040000000000003,0.4,0.4,0.0,1.5942,1.0203,0.0,2,2,0,0.0,1,0
2025/2026_Cuneo_Padov_1Round,1,0.0,0.3902,0.4667,-0.07650000000000001,0.4869,0.5333,-0.0464,0.4,0.4545,-0.05449999999999999,3.2149,3.2823,0.0,0,0,0,0.5,0,1
2025/2026_Cuneo_Padov_1Round,2,0.25,0.3902,0.4667,-0.07650000000000001,0.4869,0.5333,-0.0464,0.4,0.4545,-0.05449999999999999,3.2149,3.2823,0.0,1,0,1,1.0,0,0
2025/2026_Cuneo_Padov_1Round,3,0.5,0.3902,0.4667,-0.07650000000000001,0.4869,0.5333,-0.0464,0.4,0.4545,-0.05449999999999999,3.2149,3.2823,0.0,1,1,0,0.0,0,1
2025/2026_Cuneo_Padov_1Round,4,0.75,0.3902,0.4667,-0.07650000000000001,0.4869,0.5333,-0.0464,0.4,0.4545,-0.05449999999999999,3.2149,3.2823,0.0,2,1,1,1.0,0,0
2025/2026_Cuneo_Padov_1Round,5,1.0,0.3902,0.4667,-0.07650000000000001,0.4869,0.5333,-0.0464,0.4,0.4545,-0.05449999999999999,3.2149,3.2823,0.0,2,2,0,0.0,1,1
2025/2026_Cuneo_Perug_11Round,1,0.0,0.6566,0.3143,0.34229999999999994,0.5163,0.4272,0.08909999999999996,0.6,0.3333,0.2667,3.1431,1.3881,0.0,0,0,0,0.5,0,1
2025/2026_Cuneo_Perug_11Round,2,0.25,0.6566,0.3143,0.34229999999999994,0.5163,0.4272,0.08909999999999996,0.6,0.3333,0.2667,3.1431,1.3881,0.0,1,0,1,1.0,0,1
2025/2026_Cuneo_Perug_11Round,3,0.5,0.6566,0.3143,0.34229999999999994,0.5163,0.4272,0.08909999999999996,0.6,0.3333,0.2667,3.1431,1.3881,0.0,2,0,2,1.0,0,1
2025/2026_Cuneo_Perug_5Round,1,0.0,0.4348,0.625,-0.19019999999999998,0.5239,0.4984,0.025500000000000023,0.5333,0.6667,-0.13339999999999996,2.7378,3.4789,0.0,0,0,0,0.5,0,0
2025/2026_Cuneo_Perug_5Round,2,0.25,0.4348,0.625,-0.19019999999999998,0.5239,0.4984,0.025500000000000023,0.5333,0.6667,-0.13339999999999996,2.7378,3.4789,0.0,0,1,-1,0.0,0,0
2025/2026_Cuneo_Perug_5Round,3,0.5,0.4348,0.625,-0.19019999999999998,0.5239,0.4984,0.025500000000000023,0.5333,0.6667,-0.13339999999999996,2.7378,3.4789,0.0,0,2,-2,0.0,0,0
2025/2026_Cuneo_Piace_3Round,1,0.0,0.5303,0.4211,0.10920000000000002,0.497,0.5158,-0.01880000000000004,0.4667,0.3571,0.10960000000000003,3.1179,2.614,0.0,0,0,0,0.5,0,1
2025/2026_Cuneo_Piace_3Round,2,0.25,0.5303,0.4211,0.10920000000000002,0.497,0.5158,-0.01880000000000004,0.4667,0.3571,0.10960000000000003,3.1179,2.614,0.0,1,0,1,1.0,0,1
2025/2026_Cuneo_Piace_3Round,3,0.5,0.5303,0.4211,0.10920000000000002,0.497,0.5158,-0.01880000000000004,0.4667,0.3571,0.10960000000000003,3.1179,2.614,0.0,2,0,2,1.0,0,1
2025/2026_Cuneo_Piace_4Round,1,0.0,0.4286,0.5294,-0.1008,0.5154,0.498,0.01739999999999997,0.6,0.5333,0.06669999999999998,2.5561,2.5824,0.0,0,0,0,0.5,0,1
2025/2026_Cuneo_Piace_4Round,2,0.25,0.4286,0.5294,-0.1008,0.5154,0.498,0.01739999999999997,0.6,0.5333,0.06669999999999998,2.5561,2.5824,0.0,1,0,1,1.0,0,1
2025/2026_Cuneo_Piace_4Round,3,0.5,0.4286,0.5294,-0.1008,0.5154,0.498,0.01739999999999997,0.6,0.5333,0.06669999999999998,2.5561,2.5824,0.0,2,0,2,1.0,0,0
2025/2026_Cuneo_Piace_4Round,4,0.75,0.4286,0.5294,-0.1008,0.5154,0.498,0.01739999999999997,0.6,0.5333,0.06669999999999998,2.5561,2.5824,0.0,2,1,1,0.0,0,0
2025/2026_Cuneo_Piace_4Round,5,1.0,0.4286,0.5294,-0.1008,0.5154,0.498,0.01739999999999997,0.6,0.5333,0.06669999999999998,2.5561,2.5824,0.0,2,2,0,0.0,1,0
2025/2026_Cuneo_Trent_6Round,1,0.0,0.4167,0.5667,-0.14999999999999997,0.5094,0.4992,0.010199999999999987,0.4667,0.5333,-0.06659999999999999,2.3367,2.8799,0.0,0,0,0,0.5,0,1
2025/2026_Cuneo_Trent_6Round,2,0.25,0.4167,0.5667,-0.14999999999999997,0.5094,0.4992,0.010199999999999987,0.4667,0.5333,-0.06659999999999999,2.3367,2.8799,0.0,1,0,1,1.0,0,0
2025/2026_Cuneo_Trent_6Round,3,0.5,0.4167,0.5667,-0.14999999999999997,0.5094,0.4992,0.010199999999999987,0.4667,0.5333,-0.06659999999999999,2.3367,2.8799,0.0,1,1,0,0.0,0,0
2025/2026_Cuneo_Trent_6Round,4,0.75,0.4167,0.5667,-0.14999999999999997,0.5094,0.4992,0.010199999999999987,0.4667,0.5333,-0.06659999999999999,2.3367,2.8799,0.0,1,2,-1,0.0,0,0
2025/2026_Cuneo_Trent_8Round,1,0.0,0.5699,0.3793,0.19059999999999994,0.5,0.476,0.02400000000000002,0.6,0.4,0.19999999999999996,2.7254,2.0249,0.0,0,0,0,0.5,0,1
2025/2026_Cuneo_Trent_8Round,2,0.25,0.5699,0.3793,0.19059999999999994,0.5,0.476,0.02400000000000002,0.6,0.4,0.19999999999999996,2.7254,2.0249,0.0,1,0,1,1.0,0,1
2025/2026_Cuneo_Trent_8Round,3,0.5,0.5699,0.3793,0.19059999999999994,0.5,0.476,0.02400000000000002,0.6,0.4,0.19999999999999996,2.7254,2.0249,0.0,2,0,2,1.0,0,1
2025/2026_Cuneo_Veron_10Round,1,0.0,0.3333,0.567,-0.23369999999999996,0.4461,0.4887,-0.04260000000000003,0.4,0.6,-0.19999999999999996,1.8338,2.6912,0.0,0,0,0,0.5,0,0
2025/2026_Cuneo_Veron_10Round,2,0.25,0.3333,0.567,-0.23369999999999996,0.4461,0.4887,-0.04260000000000003,0.4,0.6,-0.19999999999999996,1.8338,2.6912,0.0,0,1,-1,0.0,0,0
2025/2026_Cuneo_Veron_10Round,3,0.5,0.3333,0.567,-0.23369999999999996,0.4461,0.4887,-0.04260000000000003,0.4,0.6,-0.19999999999999996,1.8338,2.6912,0.0,0,2,-2,0.0,0,0
2025/2026_Cuneo_Veron_6Round,1,0.0,0.5506,0.4,0.15059999999999996,0.4798,0.5,-0.020199999999999996,0.5385,0.4,0.13849999999999996,3.2554,2.2123,0.0,0,0,0,0.5,0,1
2025/2026_Cuneo_Veron_6Round,2,0.25,0.5506,0.4,0.15059999999999996,0.4798,0.5,-0.020199999999999996,0.5385,0.4,0.13849999999999996,3.2554,2.2123,0.0,1,0,1,1.0,0,1
2025/2026_Cuneo_Veron_6Round,3,0.5,0.5506,0.4,0.15059999999999996,0.4798,0.5,-0.020199999999999996,0.5385,0.4,0.13849999999999996,3.2554,2.2123,0.0,2,0,2,1.0,0,1
2025/2026_Fano_Lagon_13Round,1,0.0,0.3556,0.54,-0.1844,0.4166,0.5583,-0.1417,0.4667,0.4667,0.0,3.4136,4.8861,0.0,0,0,0,0.5,0,0
2025/2026_Fano_Lagon_13Round,1,0.0,0.3556,0.54,-0.1844,0.4166,0.5583,-0.1417,0.4667,0.4667,0.0,3.4136,4.8861,0.0,0,1,-1,0.0,0,1
2025/2026_Fano_Lagon_13Round,2,0.25,0.3556,0.54,-0.1844,0.4166,0.5583,-0.1417,0.4667,0.4667,0.0,3.4136,4.8861,0.0,1,1,0,1.0,0,1
2025/2026_Fano_Lagon_13Round,2,0.25,0.3556,0.54,-0.1844,0.4166,0.5583,-0.1417,0.4667,0.4667,0.0,3.4136,4.8861,0.0,2,1,1,1.0,0,0
2025/2026_Fano_Lagon_13Round,3,0.5,0.3556,0.54,-0.1844,0.4166,0.5583,-0.1417,0.4667,0.4667,0.0,3.4136,4.8861,0.0,2,2,0,0.0,0,1
2025/2026_Fano_Lagon_13Round,3,0.5,0.3556,0.54,-0.1844,0.4166,0.5583,-0.1417,0.4667,0.4667,0.0,3.4136,4.8861,0.0,3,2,1,1.0,0,1
2025/2026_Fano_Lagon_13Round,4,0.75,0.3556,0.54,-0.1844,0.4166,0.5583,-0.1417,0.4667,0.4667,0.0,3.4136,4.8861,0.0,4,2,2,1.0,0,1
2025/2026_Fano_Lagon_13Round,5,1.0,0.3556,0.54,-0.1844,0.4166,0.5583,-0.1417,0.4667,0.4667,0.0,3.4136,4.8861,0.0,5,2,3,1.0,1,1
2025/2026_Fano_Macer_11Round,1,0.0,0.3488,0.5116,-0.16280000000000006,0.4119,0.5246,-0.11269999999999997,0.4,0.4,0.0,2.598,4.1526,0.0,0,0,0,0.5,0,0
2025/2026_Fano_Macer_11Round,1,0.0,0.3488,0.5116,-0.16280000000000006,0.4119,0.5246,-0.11269999999999997,0.4,0.4,0.0,2.598,4.1526,0.0,0,1,-1,0.0,0,1
2025/2026_Fano_Macer_11Round,2,0.25,0.3488,0.5116,-0.16280000000000006,0.4119,0.5246,-0.11269999999999997,0.4,0.4,0.0,2.598,4.1526,0.0,1,1,0,1.0,0,1
2025/2026_Fano_Macer_11Round,2,0.25,0.3488,0.5116,-0.16280000000000006,0.4119,0.5246,-0.11269999999999997,0.4,0.4,0.0,2.598,4.1526,0.0,2,1,1,1.0,0,1
2025/2026_Fano_Macer_11Round,3,0.5,0.3488,0.5116,-0.16280000000000006,0.4119,0.5246,-0.11269999999999997,0.4,0.4,0.0,2.598,4.1526,0.0,3,1,2,1.0,0,1
2025/2026_Fano_Macer_11Round,3,0.5,0.3488,0.5116,-0.16280000000000006,0.4119,0.5246,-0.11269999999999997,0.4,0.4,0.0,2.598,4.1526,0.0,4,1,3,1.0,0,1
2025/2026_Fano_Macer_11Round,4,0.75,0.3488,0.5116,-0.16280000000000006,0.4119,0.5246,-0.11269999999999997,0.4,0.4,0.0,2.598,4.1526,0.0,5,1,4,1.0,0,0
2025/2026_Fano_Macer_11Round,5,1.0,0.3488,0.5116,-0.16280000000000006,0.4119,0.5246,-0.11269999999999997,0.4,0.4,0.0,2.598,4.1526,0.0,5,2,3,0.0,1,0
2025/2026_Fano_Pinet_8Round,1,0.0,0.35,0.4146,-0.06460000000000005,0.4142,0.4432,-0.02899999999999997,0.4286,0.3333,0.0953,2.915,3.273,0.0,0,0,0,0.5,0,1
2025/2026_Fano_Pinet_8Round,1,0.0,0.35,0.4146,-0.06460000000000005,0.4142,0.4432,-0.02899999999999997,0.4286,0.3333,0.0953,2.915,3.273,0.0,1,0,1,1.0,0,1
2025/2026_Fano_Pinet_8Round,2,0.25,0.35,0.4146,-0.06460000000000005,0.4142,0.4432,-0.02899999999999997,0.4286,0.3333,0.0953,2.915,3.273,0.0,2,0,2,1.0,0,1
2025/2026_Fano_Pinet_8Round,2,0.25,0.35,0.4146,-0.06460000000000005,0.4142,0.4432,-0.02899999999999997,0.4286,0.3333,0.0953,2.915,3.273,0.0,3,0,3,1.0,0,0
2025/2026_Fano_Pinet_8Round,3,0.5,0.35,0.4146,-0.06460000000000005,0.4142,0.4432,-0.02899999999999997,0.4286,0.3333,0.0953,2.915,3.273,0.0,3,1,2,0.0,0,1
2025/2026_Fano_Pinet_8Round,3,0.5,0.35,0.4146,-0.06460000000000005,0.4142,0.4432,-0.02899999999999997,0.4286,0.3333,0.0953,2.915,3.273,0.0,4,1,3,1.0,0,1
2025/2026_Fano_Pinet_8Round,4,0.75,0.35,0.4146,-0.06460000000000005,0.4142,0.4432,-0.02899999999999997,0.4286,0.3333,0.0953,2.915,3.273,0.0,5,1,4,1.0,0,1
2025/2026_Fano_Porto_9Round,1,0.0,0.3659,0.4898,-0.12390000000000001,0.4238,0.5252,-0.10139999999999999,0.4667,0.4667,0.0,3.6542,3.9519,0.0,0,0,0,0.5,0,0
2025/2026_Fano_Porto_9Round,1,0.0,0.3659,0.4898,-0.12390000000000001,0.4238,0.5252,-0.10139999999999999,0.4667,0.4667,0.0,3.6542,3.9519,0.0,0,1,-1,0.0,0,0
2025/2026_Fano_Porto_9Round,2,0.25,0.3659,0.4898,-0.12390000000000001,0.4238,0.5252,-0.10139999999999999,0.4667,0.4667,0.0,3.6542,3.9519,0.0,0,2,-2,0.0,0,0
2025/2026_Fano_Porto_9Round,2,0.25,0.3659,0.4898,-0.12390000000000001,0.4238,0.5252,-0.10139999999999999,0.4667,0.4667,0.0,3.6542,3.9519,0.0,0,3,-3,0.0,0,1
2025/2026_Fano_Porto_9Round,3,0.5,0.3659,0.4898,-0.12390000000000001,0.4238,0.5252,-0.10139999999999999,0.4667,0.4667,0.0,3.6542,3.9519,0.0,1,3,-2,1.0,0,0
2025/2026_Fano_Porto_9Round,3,0.5,0.3659,0.4898,-0.12390000000000001,0.4238,0.5252,-0.10139999999999999,0.4667,0.4667,0.0,3.6542,3.9519,0.0,1,4,-3,0.0,0,0
2025/2026_Fano_Porto_9Round,4,0.75,0.3659,0.4898,-0.12390000000000001,0.4238,0.5252,-0.10139999999999999,0.4667,0.4667,0.0,3.6542,3.9519,0.0,1,5,-4,0.0,0,0
2025/2026_Fano_Prata_6Round,1,0.0,0.3684,0.3478,0.020600000000000007,0.417,0.4397,-0.022699999999999998,0.4615,0.4,0.0615,3.1621,2.8882,0.0,0,0,0,0.5,0,0
2025/2026_Fano_Prata_6Round,1,0.0,0.3684,0.3478,0.020600000000000007,0.417,0.4397,-0.022699999999999998,0.4615,0.4,0.0615,3.1621,2.8882,0.0,0,1,-1,0.0,0,1
2025/2026_Fano_Prata_6Round,2,0.25,0.3684,0.3478,0.020600000000000007,0.417,0.4397,-0.022699999999999998,0.4615,0.4,0.0615,3.1621,2.8882,0.0,1,1,0,1.0,0,0
2025/2026_Fano_Prata_6Round,2,0.25,0.3684,0.3478,0.020600000000000007,0.417,0.4397,-0.022699999999999998,0.4615,0.4,0.0615,3.1621,2.8882,0.0,1,2,-1,0.0,0,1
2025/2026_Fano_Prata_6Round,3,0.5,0.3684,0.3478,0.020600000000000007,0.417,0.4397,-0.022699999999999998,0.4615,0.4,0.0615,3.1621,2.8882,0.0,2,2,0,1.0,0,0
2025/2026_Fano_Prata_6Round,3,0.5,0.3684,0.3478,0.020600000000000007,0.417,0.4397,-0.022699999999999998,0.4615,0.4,0.0615,3.1621,2.8882,0.0,2,3,-1,0.0,0,1
2025/2026_Fano_Raven_12Round,1,0.0,0.3636,0.5111,-0.14750000000000002,0.4169,0.5058,-0.08890000000000003,0.4667,0.4,0.06669999999999998,3.2119,2.4176,0.0,0,0,0,0.5,0,1
2025/2026_Fano_Raven_12Round,1,0.0,0.3636,0.5111,-0.14750000000000002,0.4169,0.5058,-0.08890000000000003,0.4667,0.4,0.06669999999999998,3.2119,2.4176,0.0,1,0,1,1.0,0,0
2025/2026_Fano_Raven_12Round,2,0.25,0.3636,0.5111,-0.14750000000000002,0.4169,0.5058,-0.08890000000000003,0.4667,0.4,0.06669999999999998,3.2119,2.4176,0.0,1,1,0,0.0,0,1
2025/2026_Fano_Raven_12Round,2,0.25,0.3636,0.5111,-0.14750000000000002,0.4169,0.5058,-0.08890000000000003,0.4667,0.4,0.06669999999999998,3.2119,2.4176,0.0,2,1,1,1.0,0,0
2025/2026_Fano_Raven_12Round,3,0.5,0.3636,0.5111,-0.14750000000000002,0.4169,0.5058,-0.08890000000000003,0.4667,0.4,0.06669999999999998,3.2119,2.4176,0.0,2,2,0,0.0,0,1
2025/2026_Fano_Raven_12Round,3,0.5,0.3636,0.5111,-0.14750000000000002,0.4169,0.5058,-0.08890000000000003,0.4667,0.4,0.06669999999999998,3.2119,2.4176,0.0,3,2,1,1.0,0,0
2025/2026_Fano_Raven_12Round,4,0.75,0.3636,0.5111,-0.14750000000000002,0.4169,0.5058,-0.08890000000000003,0.4667,0.4,0.06669999999999998,3.2119,2.4176,0.0,3,3,0,0.0,0,1
2025/2026_Fano_Raven_12Round,4,0.75,0.3636,0.5111,-0.14750000000000002,0.4169,0.5058,-0.08890000000000003,0.4667,0.4,0.06669999999999998,3.2119,2.4176,0.0,4,3,1,1.0,0,0
2025/2026_Fano_Raven_12Round,5,1.0,0.3636,0.5111,-0.14750000000000002,0.4169,0.5058,-0.08890000000000003,0.4667,0.4,0.06669999999999998,3.2119,2.4176,0.0,4,4,0,0.0,1,0
2025/2026_Fano_Raven_12Round,5,1.0,0.3636,0.5111,-0.14750000000000002,0.4169,0.5058,-0.08890000000000003,0.4667,0.4,0.06669999999999998,3.2119,2.4176,0.0,4,5,-1,0.0,1,0
2025/2026_Fano_Siena_5Round,1,0.0,0.3784,0.4375,-0.059099999999999986,0.4216,0.47,-0.0484,0.5,0.4,0.09999999999999998,3.4912,3.1426,0.0,0,0,0,0.5,0,0
2025/2026_Fano_Siena_5Round,1,0.0,0.3784,0.4375,-0.059099999999999986,0.4216,0.47,-0.0484,0.5,0.4,0.09999999999999998,3.4912,3.1426,0.0,0,1,-1,0.0,0,0
2025/2026_Fano_Siena_5Round,2,0.25,0.3784,0.4375,-0.059099999999999986,0.4216,0.47,-0.0484,0.5,0.4,0.09999999999999998,3.4912,3.1426,0.0,0,2,-2,0.0,0,0
2025/2026_Fano_Siena_5Round,2,0.25,0.3784,0.4375,-0.059099999999999986,0.4216,0.47,-0.0484,0.5,0.4,0.09999999999999998,3.4912,3.1426,0.0,0,3,-3,0.0,0,1
2025/2026_Fano_Siena_5Round,3,0.5,0.3784,0.4375,-0.059099999999999986,0.4216,0.47,-0.0484,0.5,0.4,0.09999999999999998,3.4912,3.1426,0.0,1,3,-2,1.0,0,0
2025/2026_Fano_Siena_5Round,3,0.5,0.3784,0.4375,-0.059099999999999986,0.4216,0.47,-0.0484,0.5,0.4,0.09999999999999998,3.4912,3.1426,0.0,1,4,-3,0.0,0,1
2025/2026_Fano_Siena_5Round,4,0.75,0.3784,0.4375,-0.059099999999999986,0.4216,0.47,-0.0484,0.5,0.4,0.09999999999999998,3.4912,3.1426,0.0,2,4,-2,1.0,0,0
2025/2026_Fano_Siena_5Round,5,1.0,0.3784,0.4375,-0.059099999999999986,0.4216,0.47,-0.0484,0.5,0.4,0.09999999999999998,3.4912,3.1426,0.0,2,5,-3,0.0,1,0
2025/2026_Fano_Sorre_10Round,1,0.0,0.3571,0.5185,-0.1614,0.4177,0.5024,-0.08469999999999994,0.4667,0.4667,0.0,3.0372,3.5004,0.0,0,0,0,0.5,0,0
2025/2026_Fano_Sorre_10Round,1,0.0,0.3571,0.5185,-0.1614,0.4177,0.5024,-0.08469999999999994,0.4667,0.4667,0.0,3.0372,3.5004,0.0,0,1,-1,0.0,0,0
2025/2026_Fano_Sorre_10Round,2,0.25,0.3571,0.5185,-0.1614,0.4177,0.5024,-0.08469999999999994,0.4667,0.4667,0.0,3.0372,3.5004,0.0,0,2,-2,0.0,0,0
2025/2026_Fano_Sorre_10Round,2,0.25,0.3571,0.5185,-0.1614,0.4177,0.5024,-0.08469999999999994,0.4667,0.4667,0.0,3.0372,3.5004,0.0,0,3,-3,0.0,0,0
2025/2026_Fano_Sorre_10Round,3,0.5,0.3571,0.5185,-0.1614,0.4177,0.5024,-0.08469999999999994,0.4667,0.4667,0.0,3.0372,3.5004,0.0,0,4,-4,0.0,0,0
2025/2026_Fano_Sorre_10Round,3,0.5,0.3571,0.5185,-0.1614,0.4177,0.5024,-0.08469999999999994,0.4667,0.4667,0.0,3.0372,3.5004,0.0,0,5,-5,0.0,0,1
2025/2026_Fano_Sorre_10Round,4,0.75,0.3571,0.5185,-0.1614,0.4177,0.5024,-0.08469999999999994,0.4667,0.4667,0.0,3.0372,3.5004,0.0,1,5,-4,1.0,0,0
2025/2026_Fano_Taran_1Round,1,0.0,0.3636,0.5294,-0.1658,0.4143,0.4883,-0.07400000000000001,0.4545,0.6,-0.14549999999999996,2.9726,3.4256,0.0,0,0,0,0.5,0,1
2025/2026_Fano_Taran_1Round,1,0.0,0.3636,0.5294,-0.1658,0.4143,0.4883,-0.07400000000000001,0.4545,0.6,-0.14549999999999996,2.9726,3.4256,0.0,1,0,1,1.0,0,0
2025/2026_Fano_Taran_1Round,2,0.25,0.3636,0.5294,-0.1658,0.4143,0.4883,-0.07400000000000001,0.4545,0.6,-0.14549999999999996,2.9726,3.4256,0.0,1,1,0,0.0,0,1
2025/2026_Fano_Taran_1Round,2,0.25,0.3636,0.5294,-0.1658,0.4143,0.4883,-0.07400000000000001,0.4545,0.6,-0.14549999999999996,2.9726,3.4256,0.0,2,1,1,1.0,0,0
2025/2026_Fano_Taran_1Round,3,0.5,0.3636,0.5294,-0.1658,0.4143,0.4883,-0.07400000000000001,0.4545,0.6,-0.14549999999999996,2.9726,3.4256,0.0,2,2,0,0.0,0,1
2025/2026_Fano_Taran_1Round,3,0.5,0.3636,0.5294,-0.1658,0.4143,0.4883,-0.07400000000000001,0.4545,0.6,-0.14549999999999996,2.9726,3.4256,0.0,3,2,1,1.0,0,1
2025/2026_Fano_Taran_1Round,4,0.75,0.3636,0.5294,-0.1658,0.4143,0.4883,-0.07400000000000001,0.4545,0.6,-0.14549999999999996,2.9726,3.4256,0.0,4,2,2,1.0,0,0
2025/2026_Grott_Lube_1Round,1,0.0,0.5181,0.4583,0.05980000000000002,0.5376,0.4892,0.04839999999999994,0.6,0.5,0.09999999999999998,4.0186,3.628,2.3,0,0,0,0.5,0,1
2025/2026_Grott_Lube_1Round,2,0.25,0.5181,0.4583,0.05980000000000002,0.5376,0.4892,0.04839999999999994,0.6,0.5,0.09999999999999998,4.0186,3.628,2.3,1,0,1,1.0,0,1
2025/2026_Grott_Lube_1Round,3,0.5,0.5181,0.4583,0.05980000000000002,0.5376,0.4892,0.04839999999999994,0.6,0.5,0.09999999999999998,4.0186,3.628,2.3,2,0,2,1.0,0,0
2025/2026_Grott_Lube_1Round,4,0.75,0.5181,0.4583,0.05980000000000002,0.5376,0.4892,0.04839999999999994,0.6,0.5,0.09999999999999998,4.0186,3.628,2.3,2,1,1,0.0,0,1
2025/2026_Grott_Lube_5Round,1,0.0,0.3548,0.5393,-0.1845,0.4544,0.5456,-0.09119999999999995,0.3333,0.6,-0.2667,1.9275,3.4973,-2.7,0,0,0,0.5,0,0
2025/2026_Grott_Lube_5Round,2,0.25,0.3548,0.5393,-0.1845,0.4544,0.5456,-0.09119999999999995,0.3333,0.6,-0.2667,1.9275,3.4973,-2.7,0,1,-1,0.0,0,0
2025/2026_Grott_Lube_5Round,3,0.5,0.3548,0.5393,-0.1845,0.4544,0.5456,-0.09119999999999995,0.3333,0.6,-0.2667,1.9275,3.4973,-2.7,0,2,-2,0.0,0,0
2025/2026_Grott_Milan_1Round,1,0.0,0.44,0.4512,-0.011199999999999988,0.4839,0.4747,0.009199999999999986,0.4667,0.4,0.06669999999999998,3.1421,2.9848,-3.0,0,0,0,0.5,0,0
2025/2026_Grott_Milan_1Round,2,0.25,0.44,0.4512,-0.011199999999999988,0.4839,0.4747,0.009199999999999986,0.4667,0.4,0.06669999999999998,3.1421,2.9848,-3.0,0,1,-1,0.0,0,0
2025/2026_Grott_Milan_1Round,3,0.5,0.44,0.4512,-0.011199999999999988,0.4839,0.4747,0.009199999999999986,0.4667,0.4,0.06669999999999998,3.1421,2.9848,-3.0,0,2,-2,0.0,0,0
2025/2026_Grott_Milan_6Round,1,0.0,0.4674,0.3438,0.12359999999999999,0.4769,0.4475,0.02939999999999998,0.6,0.4,0.19999999999999996,1.9044,1.6609,3.0,0,0,0,0.5,0,1
2025/2026_Grott_Milan_6Round,2,0.25,0.4674,0.3438,0.12359999999999999,0.4769,0.4475,0.02939999999999998,0.6,0.4,0.19999999999999996,1.9044,1.6609,3.0,1,0,1,1.0,0,1
2025/2026_Grott_Milan_6Round,3,0.5,0.4674,0.3438,0.12359999999999999,0.4769,0.4475,0.02939999999999998,0.6,0.4,0.19999999999999996,1.9044,1.6609,3.0,2,0,2,1.0,0,1
2025/2026_Grott_Moden_10Round,1,0.0,0.275,0.5204,-0.24539999999999995,0.4111,0.5155,-0.10439999999999994,0.3333,0.4667,-0.13340000000000002,1.5132,2.1746,-2.7,0,0,0,0.5,0,0
2025/2026_Grott_Moden_10Round,2,0.25,0.275,0.5204,-0.24539999999999995,0.4111,0.5155,-0.10439999999999994,0.3333,0.4667,-0.13340000000000002,1.5132,2.1746,-2.7,0,1,-1,0.0,0,0
2025/2026_Grott_Moden_10Round,3,0.5,0.275,0.5204,-0.24539999999999995,0.4111,0.5155,-0.10439999999999994,0.3333,0.4667,-0.13340000000000002,1.5132,2.1746,-2.7,0,2,-2,0.0,0,0
2025/2026_Grott_Moden_8Round,1,0.0,0.5106,0.3056,0.20500000000000007,0.5135,0.4269,0.08659999999999995,0.6,0.3333,0.2667,2.7707,1.4183,2.3,0,0,0,0.5,0,1
2025/2026_Grott_Moden_8Round,2,0.25,0.5106,0.3056,0.20500000000000007,0.5135,0.4269,0.08659999999999995,0.6,0.3333,0.2667,2.7707,1.4183,2.3,1,0,1,1.0,0,0
2025/2026_Grott_Moden_8Round,3,0.5,0.5106,0.3056,0.20500000000000007,0.5135,0.4269,0.08659999999999995,0.6,0.3333,0.2667,2.7707,1.4183,2.3,1,1,0,0.0,0,1
2025/2026_Grott_Moden_8Round,4,0.75,0.5106,0.3056,0.20500000000000007,0.5135,0.4269,0.08659999999999995,0.6,0.3333,0.2667,2.7707,1.4183,2.3,2,1,1,1.0,0,1
2025/2026_Grott_Monza_11Round,1,0.0,0.4653,0.2619,0.20339999999999997,0.5192,0.4,0.11919999999999997,0.6,0.3333,0.2667,2.6672,1.1508,1.6,0,0,0,0.5,0,0
2025/2026_Grott_Monza_11Round,2,0.25,0.4653,0.2619,0.20339999999999997,0.5192,0.4,0.11919999999999997,0.6,0.3333,0.2667,2.6672,1.1508,1.6,0,1,-1,0.0,0,0
2025/2026_Grott_Monza_11Round,3,0.5,0.4653,0.2619,0.20339999999999997,0.5192,0.4,0.11919999999999997,0.6,0.3333,0.2667,2.6672,1.1508,1.6,0,2,-2,0.0,0,1
2025/2026_Grott_Monza_11Round,4,0.75,0.4653,0.2619,0.20339999999999997,0.5192,0.4,0.11919999999999997,0.6,0.3333,0.2667,2.6672,1.1508,1.6,1,2,-1,1.0,0,1
2025/2026_Grott_Monza_11Round,5,1.0,0.4653,0.2619,0.20339999999999997,0.5192,0.4,0.11919999999999997,0.6,0.3333,0.2667,2.6672,1.1508,1.6,2,2,0,1.0,1,1
2025/2026_Grott_Monza_8Round,1,0.0,0.2973,0.4421,-0.14479999999999998,0.4234,0.5129,-0.08950000000000002,0.3333,0.3333,0.0,1.4803,1.4699,-2.4,0,0,0,0.5,0,0
2025/2026_Grott_Monza_8Round,2,0.25,0.2973,0.4421,-0.14479999999999998,0.4234,0.5129,-0.08950000000000002,0.3333,0.3333,0.0,1.4803,1.4699,-2.4,0,1,-1,0.0,0,0
2025/2026_Grott_Monza_8Round,3,0.5,0.2973,0.4421,-0.14479999999999998,0.4234,0.5129,-0.08950000000000002,0.3333,0.3333,0.0,1.4803,1.4699,-2.4,0,2,-2,0.0,0,0
2025/2026_Grott_Padov_4Round,1,0.0,0.375,0.3793,-0.004300000000000026,0.4778,0.4658,0.01200000000000001,0.4,0.4,0.0,1.1401,2.5026,1.7,0,0,0,0.5,0,1
2025/2026_Grott_Padov_4Round,2,0.25,0.375,0.3793,-0.004300000000000026,0.4778,0.4658,0.01200000000000001,0.4,0.4,0.0,1.1401,2.5026,1.7,1,0,1,1.0,0,1
2025/2026_Grott_Padov_4Round,3,0.5,0.375,0.3793,-0.004300000000000026,0.4778,0.4658,0.01200000000000001,0.4,0.4,0.0,1.1401,2.5026,1.7,2,0,2,1.0,0,0
2025/2026_Grott_Padov_4Round,4,0.75,0.375,0.3793,-0.004300000000000026,0.4778,0.4658,0.01200000000000001,0.4,0.4,0.0,1.1401,2.5026,1.7,2,1,1,0.0,0,1
2025/2026_Grott_Padov_7Round,1,0.0,0.3235,0.3723,-0.04880000000000001,0.4341,0.4732,-0.039100000000000024,0.3333,0.3333,0.0,1.3145,1.3423,-1.3,0,0,0,0.5,0,0
2025/2026_Grott_Padov_7Round,2,0.25,0.3235,0.3723,-0.04880000000000001,0.4341,0.4732,-0.039100000000000024,0.3333,0.3333,0.0,1.3145,1.3423,-1.3,0,1,-1,0.0,0,1
2025/2026_Grott_Padov_7Round,3,0.5,0.3235,0.3723,-0.04880000000000001,0.4341,0.4732,-0.039100000000000024,0.3333,0.3333,0.0,1.3145,1.3423,-1.3,1,1,0,1.0,0,1
2025/2026_Grott_Padov_7Round,4,0.75,0.3235,0.3723,-0.04880000000000001,0.4341,0.4732,-0.039100000000000024,0.3333,0.3333,0.0,1.3145,1.3423,-1.3,2,1,1,1.0,0,0
2025/2026_Grott_Padov_7Round,5,1.0,0.3235,0.3723,-0.04880000000000001,0.4341,0.4732,-0.039100000000000024,0.3333,0.3333,0.0,1.3145,1.3423,-1.3,2,2,0,0.0,1,0
2025/2026_Grott_Perug_11Round,1,0.0,0.66,0.2558,0.4042,0.5185,0.3999,0.11859999999999998,0.6,0.3333,0.2667,3.1149,1.4982,3.0,0,0,0,0.5,0,1
2025/2026_Grott_Perug_11Round,2,0.25,0.66,0.2558,0.4042,0.5185,0.3999,0.11859999999999998,0.6,0.3333,0.2667,3.1149,1.4982,3.0,1,0,1,1.0,0,1
2025/2026_Grott_Perug_11Round,3,0.5,0.66,0.2558,0.4042,0.5185,0.3999,0.11859999999999998,0.6,0.3333,0.2667,3.1149,1.4982,3.0,2,0,2,1.0,0,1
2025/2026_Grott_Perug_9Round,1,0.0,0.2895,0.6421,-0.3526,0.4174,0.5091,-0.0917,0.3333,0.6667,-0.3334,1.2986,3.4371,-3.0,0,0,0,0.5,0,0
2025/2026_Grott_Perug_9Round,2,0.25,0.2895,0.6421,-0.3526,0.4174,0.5091,-0.0917,0.3333,0.6667,-0.3334,1.2986,3.4371,-3.0,0,1,-1,0.0,0,0
2025/2026_Grott_Perug_9Round,3,0.5,0.2895,0.6421,-0.3526,0.4174,0.5091,-0.0917,0.3333,0.6667,-0.3334,1.2986,3.4371,-3.0,0,2,-2,0.0,0,0
2025/2026_Grott_Piace_6Round,1,0.0,0.5556,0.3333,0.2223,0.5077,0.4407,0.06700000000000006,0.6,0.3333,0.2667,2.9503,1.463,3.0,0,0,0,0.5,0,1
2025/2026_Grott_Piace_6Round,2,0.25,0.5556,0.3333,0.2223,0.5077,0.4407,0.06700000000000006,0.6,0.3333,0.2667,2.9503,1.463,3.0,1,0,1,1.0,0,1
2025/2026_Grott_Piace_6Round,3,0.5,0.5556,0.3333,0.2223,0.5077,0.4407,0.06700000000000006,0.6,0.3333,0.2667,2.9503,1.463,3.0,2,0,2,1.0,0,1
2025/2026_Grott_Piace_7Round,1,0.0,0.3143,0.5541,-0.2398,0.4332,0.5095,-0.07629999999999998,0.3333,0.6,-0.2667,1.6304,2.7494,-3.0,0,0,0,0.5,0,0
2025/2026_Grott_Piace_7Round,2,0.25,0.3143,0.5541,-0.2398,0.4332,0.5095,-0.07629999999999998,0.3333,0.6,-0.2667,1.6304,2.7494,-3.0,0,1,-1,0.0,0,0
2025/2026_Grott_Piace_7Round,3,0.5,0.3143,0.5541,-0.2398,0.4332,0.5095,-0.07629999999999998,0.3333,0.6,-0.2667,1.6304,2.7494,-3.0,0,2,-2,0.0,0,0
2025/2026_Grott_Trent_10Round,1,0.0,0.2683,0.5876,-0.31930000000000003,0.4055,0.5073,-0.10179999999999995,0.3333,0.4667,-0.13340000000000002,1.3039,2.9722,-2.4,0,0,0,0.5,0,0
2025/2026_Grott_Trent_10Round,2,0.25,0.2683,0.5876,-0.31930000000000003,0.4055,0.5073,-0.10179999999999995,0.3333,0.4667,-0.13340000000000002,1.3039,2.9722,-2.4,0,1,-1,0.0,0,0
2025/2026_Grott_Trent_10Round,3,0.5,0.2683,0.5876,-0.31930000000000003,0.4055,0.5073,-0.10179999999999995,0.3333,0.4667,-0.13340000000000002,1.3039,2.9722,-2.4,0,2,-2,0.0,0,0
2025/2026_Grott_Trent_9Round,1,0.0,0.5789,0.2821,0.29679999999999995,0.5044,0.4115,0.09289999999999998,0.6667,0.3333,0.3334,2.8913,1.1641,1.6,0,0,0,0.5,0,0
2025/2026_Grott_Trent_9Round,2,0.25,0.5789,0.2821,0.29679999999999995,0.5044,0.4115,0.09289999999999998,0.6667,0.3333,0.3334,2.8913,1.1641,1.6,0,1,-1,0.0,0,1
2025/2026_Grott_Trent_9Round,3,0.5,0.5789,0.2821,0.29679999999999995,0.5044,0.4115,0.09289999999999998,0.6667,0.3333,0.3334,2.8913,1.1641,1.6,1,1,0,1.0,0,0
2025/2026_Grott_Trent_9Round,4,0.75,0.5789,0.2821,0.29679999999999995,0.5044,0.4115,0.09289999999999998,0.6667,0.3333,0.3334,2.8913,1.1641,1.6,1,2,-1,0.0,0,1
2025/2026_Grott_Trent_9Round,5,1.0,0.5789,0.2821,0.29679999999999995,0.5044,0.4115,0.09289999999999998,0.6667,0.3333,0.3334,2.8913,1.1641,1.6,2,2,0,1.0,1,1
2025/2026_Grott_Veron_2Round,1,0.0,0.4231,0.5301,-0.10700000000000004,0.4759,0.4715,0.004400000000000015,0.4667,0.5333,-0.06659999999999999,2.5967,3.6401,-3.0,0,0,0,0.5,0,0
2025/2026_Grott_Veron_2Round,1,0.0,0.4231,0.5301,-0.10700000000000004,0.4759,0.4715,0.004400000000000015,0.4667,0.5333,-0.06659999999999999,2.5967,3.6401,-3.0,0,1,-1,0.0,0,1
2025/2026_Grott_Veron_2Round,2,0.25,0.4231,0.5301,-0.10700000000000004,0.4759,0.4715,0.004400000000000015,0.4667,0.5333,-0.06659999999999999,2.5967,3.6401,-3.0,1,1,0,1.0,0,0
2025/2026_Grott_Veron_2Round,2,0.25,0.4231,0.5301,-0.10700000000000004,0.4759,0.4715,0.004400000000000015,0.4667,0.5333,-0.06659999999999999,2.5967,3.6401,-3.0,1,2,-1,0.0,0,1
2025/2026_Grott_Veron_2Round,3,0.5,0.4231,0.5301,-0.10700000000000004,0.4759,0.4715,0.004400000000000015,0.4667,0.5333,-0.06659999999999999,2.5967,3.6401,-3.0,2,2,0,1.0,0,0
2025/2026_Grott_Veron_2Round,3,0.5,0.4231,0.5301,-0.10700000000000004,0.4759,0.4715,0.004400000000000015,0.4667,0.5333,-0.06659999999999999,2.5967,3.6401,-3.0,2,3,-1,0.0,0,1
2025/2026_Lagon_Macer_12Round,1,0.0,0.5306,0.5,0.03059999999999996,0.5557,0.5212,0.034499999999999975,0.6,0.4,0.19999999999999996,4.6173,3.844,0.0,0,0,0,0.5,0,1
2025/2026_Lagon_Macer_12Round,1,0.0,0.5306,0.5,0.03059999999999996,0.5557,0.5212,0.034499999999999975,0.6,0.4,0.19999999999999996,4.6173,3.844,0.0,1,0,1,1.0,0,1
2025/2026_Lagon_Macer_12Round,2,0.25,0.5306,0.5,0.03059999999999996,0.5557,0.5212,0.034499999999999975,0.6,0.4,0.19999999999999996,4.6173,3.844,0.0,2,0,2,1.0,0,0
2025/2026_Lagon_Macer_12Round,2,0.25,0.5306,0.5,0.03059999999999996,0.5557,0.5212,0.034499999999999975,0.6,0.4,0.19999999999999996,4.6173,3.844,0.0,2,1,1,0.0,0,1
2025/2026_Lagon_Macer_12Round,3,0.5,0.5306,0.5,0.03059999999999996,0.5557,0.5212,0.034499999999999975,0.6,0.4,0.19999999999999996,4.6173,3.844,0.0,3,1,2,1.0,0,1
2025/2026_Lagon_Macer_12Round,3,0.5,0.5306,0.5,0.03059999999999996,0.5557,0.5212,0.034499999999999975,0.6,0.4,0.19999999999999996,4.6173,3.844,0.0,4,1,3,1.0,0,0
2025/2026_Lagon_Macer_12Round,4,0.75,0.5306,0.5,0.03059999999999996,0.5557,0.5212,0.034499999999999975,0.6,0.4,0.19999999999999996,4.6173,3.844,0.0,4,2,2,0.0,0,1
2025/2026_Lagon_Macer_12Round,4,0.75,0.5306,0.5,0.03059999999999996,0.5557,0.5212,0.034499999999999975,0.6,0.4,0.19999999999999996,4.6173,3.844,0.0,5,2,3,1.0,0,0
2025/2026_Lagon_Macer_12Round,5,1.0,0.5306,0.5,0.03059999999999996,0.5557,0.5212,0.034499999999999975,0.6,0.4,0.19999999999999996,4.6173,3.844,0.0,5,3,2,0.0,1,1
2025/2026_Lagon_Pinet_9Round,1,0.0,0.5217,0.4048,0.11690000000000006,0.5538,0.4365,0.11729999999999996,0.6,0.3333,0.2667,4.7288,2.7683,0.0,0,0,0,0.5,0,1
2025/2026_Lagon_Pinet_9Round,1,0.0,0.5217,0.4048,0.11690000000000006,0.5538,0.4365,0.11729999999999996,0.6,0.3333,0.2667,4.7288,2.7683,0.0,1,0,1,1.0,0,1
2025/2026_Lagon_Pinet_9Round,2,0.25,0.5217,0.4048,0.11690000000000006,0.5538,0.4365,0.11729999999999996,0.6,0.3333,0.2667,4.7288,2.7683,0.0,2,0,2,1.0,0,1
2025/2026_Lagon_Pinet_9Round,2,0.25,0.5217,0.4048,0.11690000000000006,0.5538,0.4365,0.11729999999999996,0.6,0.3333,0.2667,4.7288,2.7683,0.0,3,0,3,1.0,0,1
2025/2026_Lagon_Pinet_9Round,3,0.5,0.5217,0.4048,0.11690000000000006,0.5538,0.4365,0.11729999999999996,0.6,0.3333,0.2667,4.7288,2.7683,0.0,4,0,4,1.0,0,1
2025/2026_Lagon_Pinet_9Round,3,0.5,0.5217,0.4048,0.11690000000000006,0.5538,0.4365,0.11729999999999996,0.6,0.3333,0.2667,4.7288,2.7683,0.0,5,0,5,1.0,0,0
2025/2026_Lagon_Pinet_9Round,4,0.75,0.5217,0.4048,0.11690000000000006,0.5538,0.4365,0.11729999999999996,0.6,0.3333,0.2667,4.7288,2.7683,0.0,5,1,4,0.0,0,0
2025/2026_Lagon_Pinet_9Round,5,1.0,0.5217,0.4048,0.11690000000000006,0.5538,0.4365,0.11729999999999996,0.6,0.3333,0.2667,4.7288,2.7683,0.0,5,2,3,0.0,1,0
2025/2026_Lagon_Porto_4Round,1,0.0,0.5366,0.4773,0.059299999999999964,0.5516,0.5252,0.02639999999999998,0.6,0.4667,0.13329999999999997,4.6717,3.7909,0.0,0,0,0,0.5,0,0
2025/2026_Lagon_Porto_4Round,1,0.0,0.5366,0.4773,0.059299999999999964,0.5516,0.5252,0.02639999999999998,0.6,0.4667,0.13329999999999997,4.6717,3.7909,0.0,0,1,-1,0.0,0,1
2025/2026_Lagon_Porto_4Round,2,0.25,0.5366,0.4773,0.059299999999999964,0.5516,0.5252,0.02639999999999998,0.6,0.4667,0.13329999999999997,4.6717,3.7909,0.0,1,1,0,1.0,0,0
2025/2026_Lagon_Porto_4Round,2,0.25,0.5366,0.4773,0.059299999999999964,0.5516,0.5252,0.02639999999999998,0.6,0.4667,0.13329999999999997,4.6717,3.7909,0.0,1,2,-1,0.0,0,1
2025/2026_Lagon_Porto_4Round,3,0.5,0.5366,0.4773,0.059299999999999964,0.5516,0.5252,0.02639999999999998,0.6,0.4667,0.13329999999999997,4.6717,3.7909,0.0,2,2,0,1.0,0,1
2025/2026_Lagon_Porto_4Round,3,0.5,0.5366,0.4773,0.059299999999999964,0.5516,0.5252,0.02639999999999998,0.6,0.4667,0.13329999999999997,4.6717,3.7909,0.0,3,2,1,1.0,0,1
2025/2026_Lagon_Porto_4Round,4,0.75,0.5366,0.4773,0.059299999999999964,0.5516,0.5252,0.02639999999999998,0.6,0.4667,0.13329999999999997,4.6717,3.7909,0.0,4,2,2,1.0,0,0
2025/2026_Lagon_Porto_4Round,4,0.75,0.5366,0.4773,0.059299999999999964,0.5516,0.5252,0.02639999999999998,0.6,0.4667,0.13329999999999997,4.6717,3.7909,0.0,4,3,1,0.0,0,0
2025/2026_Lagon_Porto_4Round,5,1.0,0.5366,0.4773,0.059299999999999964,0.5516,0.5252,0.02639999999999998,0.6,0.4667,0.13329999999999997,4.6717,3.7909,0.0,4,4,0,0.0,1,0
2025/2026_Lagon_Porto_4Round,5,1.0,0.5366,0.4773,0.059299999999999964,0.5516,0.5252,0.02639999999999998,0.6,0.4667,0.13329999999999997,4.6717,3.7909,0.0,4,5,-1,0.0,1,0
2025/2026_Lagon_Prata_1Round,1,0.0,0.5,0.3902,0.10980000000000001,0.5393,0.4522,0.08710000000000001,0.6,0.4,0.19999999999999996,4.6545,3.4295,0.0,0,0,0,0.5,0,1
2025/2026_Lagon_Prata_1Round,1,0.0,0.5,0.3902,0.10980000000000001,0.5393,0.4522,0.08710000000000001,0.6,0.4,0.19999999999999996,4.6545,3.4295,0.0,1,0,1,1.0,0,1
2025/2026_Lagon_Prata_1Round,2,0.25,0.5,0.3902,0.10980000000000001,0.5393,0.4522,0.08710000000000001,0.6,0.4,0.19999999999999996,4.6545,3.4295,0.0,2,0,2,1.0,0,1
2025/2026_Lagon_Prata_1Round,2,0.25,0.5,0.3902,0.10980000000000001,0.5393,0.4522,0.08710000000000001,0.6,0.4,0.19999999999999996,4.6545,3.4295,0.0,3,0,3,1.0,0,1
2025/2026_Lagon_Prata_1Round,3,0.5,0.5,0.3902,0.10980000000000001,0.5393,0.4522,0.08710000000000001,0.6,0.4,0.19999999999999996,4.6545,3.4295,0.0,4,0,4,1.0,0,1
2025/2026_Lagon_Prata_1Round,3,0.5,0.5,0.3902,0.10980000000000001,0.5393,0.4522,0.08710000000000001,0.6,0.4,0.19999999999999996,4.6545,3.4295,0.0,5,0,5,1.0,0,0
2025/2026_Lagon_Prata_1Round,4,0.75,0.5,0.3902,0.10980000000000001,0.5393,0.4522,0.08710000000000001,0.6,0.4,0.19999999999999996,4.6545,3.4295,0.0,5,1,4,0.0,0,1
2025/2026_Lagon_Raven_6Round,1,0.0,0.5116,0.5641,-0.05249999999999999,0.5419,0.5326,0.009300000000000086,0.5333,0.6,-0.06669999999999998,4.2783,4.0158,0.0,0,0,0,0.5,0,1
2025/2026_Lagon_Raven_6Round,1,0.0,0.5116,0.5641,-0.05249999999999999,0.5419,0.5326,0.009300000000000086,0.5333,0.6,-0.06669999999999998,4.2783,4.0158,0.0,1,0,1,1.0,0,1
2025/2026_Lagon_Raven_6Round,2,0.25,0.5116,0.5641,-0.05249999999999999,0.5419,0.5326,0.009300000000000086,0.5333,0.6,-0.06669999999999998,4.2783,4.0158,0.0,2,0,2,1.0,0,1
2025/2026_Lagon_Raven_6Round,2,0.25,0.5116,0.5641,-0.05249999999999999,0.5419,0.5326,0.009300000000000086,0.5333,0.6,-0.06669999999999998,4.2783,4.0158,0.0,3,0,3,1.0,0,1
2025/2026_Lagon_Raven_6Round,3,0.5,0.5116,0.5641,-0.05249999999999999,0.5419,0.5326,0.009300000000000086,0.5333,0.6,-0.06669999999999998,4.2783,4.0158,0.0,4,0,4,1.0,0,1
2025/2026_Lagon_Raven_6Round,3,0.5,0.5116,0.5641,-0.05249999999999999,0.5419,0.5326,0.009300000000000086,0.5333,0.6,-0.06669999999999998,4.2783,4.0158,0.0,5,0,5,1.0,0,0
2025/2026_Lagon_Raven_6Round,4,0.75,0.5116,0.5641,-0.05249999999999999,0.5419,0.5326,0.009300000000000086,0.5333,0.6,-0.06669999999999998,4.2783,4.0158,0.0,5,1,4,0.0,0,1
2025/2026_Lagon_Siena_10Round,1,0.0,0.5319,0.4528,0.07910000000000006,0.5554,0.4731,0.08229999999999998,0.6,0.6,0.0,4.7194,3.8602,0.0,0,0,0,0.5,0,0
2025/2026_Lagon_Siena_10Round,1,0.0,0.5319,0.4528,0.07910000000000006,0.5554,0.4731,0.08229999999999998,0.6,0.6,0.0,4.7194,3.8602,0.0,0,1,-1,0.0,0,0
2025/2026_Lagon_Siena_10Round,2,0.25,0.5319,0.4528,0.07910000000000006,0.5554,0.4731,0.08229999999999998,0.6,0.6,0.0,4.7194,3.8602,0.0,0,2,-2,0.0,0,0
2025/2026_Lagon_Siena_10Round,2,0.25,0.5319,0.4528,0.07910000000000006,0.5554,0.4731,0.08229999999999998,0.6,0.6,0.0,4.7194,3.8602,0.0,0,3,-3,0.0,0,1
2025/2026_Lagon_Siena_10Round,3,0.5,0.5319,0.4528,0.07910000000000006,0.5554,0.4731,0.08229999999999998,0.6,0.6,0.0,4.7194,3.8602,0.0,1,3,-2,1.0,0,0
2025/2026_Lagon_Siena_10Round,3,0.5,0.5319,0.4528,0.07910000000000006,0.5554,0.4731,0.08229999999999998,0.6,0.6,0.0,4.7194,3.8602,0.0,1,4,-3,0.0,0,1
2025/2026_Lagon_Siena_10Round,4,0.75,0.5319,0.4528,0.07910000000000006,0.5554,0.4731,0.08229999999999998,0.6,0.6,0.0,4.7194,3.8602,0.0,2,4,-2,1.0,0,1
2025/2026_Lagon_Sorre_11Round,1,0.0,0.5208,0.5357,-0.014899999999999913,0.553,0.514,0.039000000000000035,0.5333,0.5333,0.0,4.2396,3.9823,0.0,0,0,0,0.5,0,1
2025/2026_Lagon_Sorre_11Round,1,0.0,0.5208,0.5357,-0.014899999999999913,0.553,0.514,0.039000000000000035,0.5333,0.5333,0.0,4.2396,3.9823,0.0,1,0,1,1.0,0,1
2025/2026_Lagon_Sorre_11Round,2,0.25,0.5208,0.5357,-0.014899999999999913,0.553,0.514,0.039000000000000035,0.5333,0.5333,0.0,4.2396,3.9823,0.0,2,0,2,1.0,0,0
2025/2026_Lagon_Sorre_11Round,2,0.25,0.5208,0.5357,-0.014899999999999913,0.553,0.514,0.039000000000000035,0.5333,0.5333,0.0,4.2396,3.9823,0.0,2,1,1,0.0,0,1
2025/2026_Lagon_Sorre_11Round,3,0.5,0.5208,0.5357,-0.014899999999999913,0.553,0.514,0.039000000000000035,0.5333,0.5333,0.0,4.2396,3.9823,0.0,3,1,2,1.0,0,0
2025/2026_Lagon_Sorre_11Round,3,0.5,0.5208,0.5357,-0.014899999999999913,0.553,0.514,0.039000000000000035,0.5333,0.5333,0.0,4.2396,3.9823,0.0,3,2,1,0.0,0,0
2025/2026_Lagon_Sorre_11Round,4,0.75,0.5208,0.5357,-0.014899999999999913,0.553,0.514,0.039000000000000035,0.5333,0.5333,0.0,4.2396,3.9823,0.0,3,3,0,0.0,0,1
2025/2026_Lagon_Sorre_11Round,4,0.75,0.5208,0.5357,-0.014899999999999913,0.553,0.514,0.039000000000000035,0.5333,0.5333,0.0,4.2396,3.9823,0.0,4,3,1,1.0,0,1
2025/2026_Lagon_Sorre_11Round,5,1.0,0.5208,0.5357,-0.014899999999999913,0.553,0.514,0.039000000000000035,0.5333,0.5333,0.0,4.2396,3.9823,0.0,5,3,2,1.0,1,1
2025/2026_Lagon_Taran_8Round,1,0.0,0.5111,0.4583,0.052800000000000014,0.5458,0.4583,0.08749999999999997,0.6,0.4667,0.13329999999999997,4.4113,3.5359,0.0,0,0,0,0.5,0,1
2025/2026_Lagon_Taran_8Round,1,0.0,0.5111,0.4583,0.052800000000000014,0.5458,0.4583,0.08749999999999997,0.6,0.4667,0.13329999999999997,4.4113,3.5359,0.0,1,0,1,1.0,0,1
2025/2026_Lagon_Taran_8Round,2,0.25,0.5111,0.4583,0.052800000000000014,0.5458,0.4583,0.08749999999999997,0.6,0.4667,0.13329999999999997,4.4113,3.5359,0.0,2,0,2,1.0,0,1
2025/2026_Lagon_Taran_8Round,2,0.25,0.5111,0.4583,0.052800000000000014,0.5458,0.4583,0.08749999999999997,0.6,0.4667,0.13329999999999997,4.4113,3.5359,0.0,3,0,3,1.0,0,1
2025/2026_Lagon_Taran_8Round,3,0.5,0.5111,0.4583,0.052800000000000014,0.5458,0.4583,0.08749999999999997,0.6,0.4667,0.13329999999999997,4.4113,3.5359,0.0,4,0,4,1.0,0,1
2025/2026_Lagon_Taran_8Round,3,0.5,0.5111,0.4583,0.052800000000000014,0.5458,0.4583,0.08749999999999997,0.6,0.4667,0.13329999999999997,4.4113,3.5359,0.0,5,0,5,1.0,0,1
2025/2026_Lube_Milan_11Round,1,0.0,0.5248,0.466,0.05880000000000002,0.5427,0.475,0.06769999999999998,0.5333,0.4667,0.06659999999999999,2.0363,1.6474,0.786,0,0,0,0.5,0,0
2025/2026_Lube_Milan_11Round,2,0.25,0.5248,0.466,0.05880000000000002,0.5427,0.475,0.06769999999999998,0.5333,0.4667,0.06659999999999999,2.0363,1.6474,0.786,0,1,-1,0.0,0,1
2025/2026_Lube_Milan_11Round,3,0.5,0.5248,0.466,0.05880000000000002,0.5427,0.475,0.06769999999999998,0.5333,0.4667,0.06659999999999999,2.0363,1.6474,0.786,1,1,0,1.0,0,1
2025/2026_Lube_Milan_11Round,4,0.75,0.5248,0.466,0.05880000000000002,0.5427,0.475,0.06769999999999998,0.5333,0.4667,0.06659999999999999,2.0363,1.6474,0.786,2,1,1,1.0,0,0
2025/2026_Lube_Milan_11Round,5,1.0,0.5248,0.466,0.05880000000000002,0.5427,0.475,0.06769999999999998,0.5333,0.4667,0.06659999999999999,2.0363,1.6474,0.786,2,2,0,0.0,1,1
2025/2026_Lube_Milan_7Round,1,0.0,0.4737,0.5376,-0.06389999999999996,0.4794,0.5456,-0.06619999999999998,0.6,0.5333,0.06669999999999998,2.0929,2.3917,-0.979,0,0,0,0.5,0,1
2025/2026_Lube_Milan_7Round,2,0.25,0.4737,0.5376,-0.06389999999999996,0.4794,0.5456,-0.06619999999999998,0.6,0.5333,0.06669999999999998,2.0929,2.3917,-0.979,1,0,1,1.0,0,1
2025/2026_Lube_Milan_7Round,3,0.5,0.4737,0.5376,-0.06389999999999996,0.4794,0.5456,-0.06619999999999998,0.6,0.5333,0.06669999999999998,2.0929,2.3917,-0.979,2,0,2,1.0,0,0
2025/2026_Lube_Milan_7Round,4,0.75,0.4737,0.5376,-0.06389999999999996,0.4794,0.5456,-0.06619999999999998,0.6,0.5333,0.06669999999999998,2.0929,2.3917,-0.979,2,1,1,0.0,0,1
2025/2026_Lube_Moden_10Round,1,0.0,0.5253,0.53,-0.0047000000000000375,0.5176,0.5445,-0.026900000000000035,0.6667,0.4667,0.19999999999999996,2.4363,2.3757,-0.645,0,0,0,0.5,0,1
2025/2026_Lube_Moden_10Round,2,0.25,0.5253,0.53,-0.0047000000000000375,0.5176,0.5445,-0.026900000000000035,0.6667,0.4667,0.19999999999999996,2.4363,2.3757,-0.645,1,0,1,1.0,0,1
2025/2026_Lube_Moden_10Round,3,0.5,0.5253,0.53,-0.0047000000000000375,0.5176,0.5445,-0.026900000000000035,0.6667,0.4667,0.19999999999999996,2.4363,2.3757,-0.645,2,0,2,1.0,0,0
2025/2026_Lube_Moden_10Round,4,0.75,0.5253,0.53,-0.0047000000000000375,0.5176,0.5445,-0.026900000000000035,0.6667,0.4667,0.19999999999999996,2.4363,2.3757,-0.645,2,1,1,0.0,0,1
2025/2026_Lube_Moden_9Round,1,0.0,0.5361,0.5208,0.01529999999999998,0.5469,0.5171,0.02980000000000005,0.6,0.5333,0.06669999999999998,2.5753,2.9132,0.226,0,0,0,0.5,0,0
2025/2026_Lube_Moden_9Round,2,0.25,0.5361,0.5208,0.01529999999999998,0.5469,0.5171,0.02980000000000005,0.6,0.5333,0.06669999999999998,2.5753,2.9132,0.226,0,1,-1,0.0,0,0
2025/2026_Lube_Moden_9Round,3,0.5,0.5361,0.5208,0.01529999999999998,0.5469,0.5171,0.02980000000000005,0.6,0.5333,0.06669999999999998,2.5753,2.9132,0.226,0,2,-2,0.0,0,1
2025/2026_Lube_Moden_9Round,4,0.75,0.5361,0.5208,0.01529999999999998,0.5469,0.5171,0.02980000000000005,0.6,0.5333,0.06669999999999998,2.5753,2.9132,0.226,1,2,-1,1.0,0,1
2025/2026_Lube_Moden_9Round,5,1.0,0.5361,0.5208,0.01529999999999998,0.5469,0.5171,0.02980000000000005,0.6,0.5333,0.06669999999999998,2.5753,2.9132,0.226,2,2,0,1.0,1,0
2025/2026_Lube_Monza_11Round,1,0.0,0.5294,0.4706,0.05879999999999996,0.5432,0.5198,0.023399999999999976,0.5333,0.4667,0.06659999999999999,2.339,2.7811,1.157,0,0,0,0.5,0,1
2025/2026_Lube_Monza_11Round,2,0.25,0.5294,0.4706,0.05879999999999996,0.5432,0.5198,0.023399999999999976,0.5333,0.4667,0.06659999999999999,2.339,2.7811,1.157,1,0,1,1.0,0,1
2025/2026_Lube_Monza_11Round,3,0.5,0.5294,0.4706,0.05879999999999996,0.5432,0.5198,0.023399999999999976,0.5333,0.4667,0.06659999999999999,2.339,2.7811,1.157,2,0,2,1.0,0,1
2025/2026_Lube_Monza_9Round,1,0.0,0.4433,0.5306,-0.08729999999999993,0.5128,0.5458,-0.03299999999999992,0.4667,0.4667,0.0,1.4668,2.4478,-2.055,0,0,0,0.5,0,1
2025/2026_Lube_Monza_9Round,2,0.25,0.4433,0.5306,-0.08729999999999993,0.5128,0.5458,-0.03299999999999992,0.4667,0.4667,0.0,1.4668,2.4478,-2.055,1,0,1,1.0,0,1
2025/2026_Lube_Monza_9Round,3,0.5,0.4433,0.5306,-0.08729999999999993,0.5128,0.5458,-0.03299999999999992,0.4667,0.4667,0.0,1.4668,2.4478,-2.055,2,0,2,1.0,0,0
2025/2026_Lube_Monza_9Round,4,0.75,0.4433,0.5306,-0.08729999999999993,0.5128,0.5458,-0.03299999999999992,0.4667,0.4667,0.0,1.4668,2.4478,-2.055,2,1,1,0.0,0,1
2025/2026_Lube_Padov_4Round,1,0.0,0.5341,0.382,0.1521,0.5434,0.4795,0.06390000000000001,0.6667,0.4,0.26669999999999994,3.6862,1.7125,1.8,0,0,0,0.5,0,1
2025/2026_Lube_Padov_4Round,2,0.25,0.5341,0.382,0.1521,0.5434,0.4795,0.06390000000000001,0.6667,0.4,0.26669999999999994,3.6862,1.7125,1.8,1,0,1,1.0,0,1
2025/2026_Lube_Padov_4Round,3,0.5,0.5341,0.382,0.1521,0.5434,0.4795,0.06390000000000001,0.6667,0.4,0.26669999999999994,3.6862,1.7125,1.8,2,0,2,1.0,0,1
2025/2026_Lube_Padov_7Round,1,0.0,0.3789,0.5319,-0.15300000000000002,0.4741,0.5437,-0.06959999999999994,0.4667,0.4667,0.0,1.8535,2.053,-2.412,0,0,0,0.5,0,1
2025/2026_Lube_Padov_7Round,2,0.25,0.3789,0.5319,-0.15300000000000002,0.4741,0.5437,-0.06959999999999994,0.4667,0.4667,0.0,1.8535,2.053,-2.412,1,0,1,1.0,0,0
2025/2026_Lube_Padov_7Round,3,0.5,0.3789,0.5319,-0.15300000000000002,0.4741,0.5437,-0.06959999999999994,0.4667,0.4667,0.0,1.8535,2.053,-2.412,1,1,0,0.0,0,0
2025/2026_Lube_Padov_7Round,4,0.75,0.3789,0.5319,-0.15300000000000002,0.4741,0.5437,-0.06959999999999994,0.4667,0.4667,0.0,1.8535,2.053,-2.412,1,2,-1,0.0,0,1
2025/2026_Lube_Padov_7Round,5,1.0,0.3789,0.5319,-0.15300000000000002,0.4741,0.5437,-0.06959999999999994,0.4667,0.4667,0.0,1.8535,2.053,-2.412,2,2,0,1.0,1,1
2025/2026_Lube_Perug_2Round,1,0.0,0.6071,0.5238,0.08329999999999993,0.4935,0.539,-0.04550000000000004,0.5333,0.6,-0.06669999999999998,3.7064,3.7314,0.614,0,0,0,0.5,0,1
2025/2026_Lube_Perug_2Round,2,0.25,0.6071,0.5238,0.08329999999999993,0.4935,0.539,-0.04550000000000004,0.5333,0.6,-0.06669999999999998,3.7064,3.7314,0.614,1,0,1,1.0,0,0
2025/2026_Lube_Perug_2Round,3,0.5,0.6071,0.5238,0.08329999999999993,0.4935,0.539,-0.04550000000000004,0.5333,0.6,-0.06669999999999998,3.7064,3.7314,0.614,1,1,0,0.0,0,1
2025/2026_Lube_Perug_2Round,4,0.75,0.6071,0.5238,0.08329999999999993,0.4935,0.539,-0.04550000000000004,0.5333,0.6,-0.06669999999999998,3.7064,3.7314,0.614,2,1,1,1.0,0,0
2025/2026_Lube_Perug_2Round,5,1.0,0.6071,0.5238,0.08329999999999993,0.4935,0.539,-0.04550000000000004,0.5333,0.6,-0.06669999999999998,3.7064,3.7314,0.614,2,2,0,0.0,1,1
2025/2026_Lube_Perug_6Round,1,0.0,0.5385,0.6222,-0.0837,0.5452,0.5,0.04520000000000002,0.6667,0.6667,0.0,2.4705,2.9962,-0.727,0,0,0,0.5,0,0
2025/2026_Lube_Perug_6Round,2,0.25,0.5385,0.6222,-0.0837,0.5452,0.5,0.04520000000000002,0.6667,0.6667,0.0,2.4705,2.9962,-0.727,0,1,-1,0.0,0,0
2025/2026_Lube_Perug_6Round,3,0.5,0.5385,0.6222,-0.0837,0.5452,0.5,0.04520000000000002,0.6667,0.6667,0.0,2.4705,2.9962,-0.727,0,2,-2,0.0,0,1
2025/2026_Lube_Perug_6Round,4,0.75,0.5385,0.6222,-0.0837,0.5452,0.5,0.04520000000000002,0.6667,0.6667,0.0,2.4705,2.9962,-0.727,1,2,-1,1.0,0,0
2025/2026_Lube_Piace_2Round,1,0.0,0.5176,0.5312,-0.013600000000000056,0.5379,0.497,0.04090000000000005,0.6,0.6,0.0,3.2652,3.8871,0.5,0,0,0,0.5,0,1
2025/2026_Lube_Piace_2Round,2,0.25,0.5176,0.5312,-0.013600000000000056,0.5379,0.497,0.04090000000000005,0.6,0.6,0.0,3.2652,3.8871,0.5,1,0,1,1.0,0,1
2025/2026_Lube_Piace_2Round,3,0.5,0.5176,0.5312,-0.013600000000000056,0.5379,0.497,0.04090000000000005,0.6,0.6,0.0,3.2652,3.8871,0.5,2,0,2,1.0,0,0
2025/2026_Lube_Piace_2Round,4,0.75,0.5176,0.5312,-0.013600000000000056,0.5379,0.497,0.04090000000000005,0.6,0.6,0.0,3.2652,3.8871,0.5,2,1,1,0.0,0,1
2025/2026_Lube_Piace_5Round,1,0.0,0.5429,0.5444,-0.0014999999999999458,0.5019,0.5478,-0.04589999999999994,0.6,0.6,0.0,2.8295,3.3648,-1.265,0,0,0,0.5,0,1
2025/2026_Lube_Piace_5Round,2,0.25,0.5429,0.5444,-0.0014999999999999458,0.5019,0.5478,-0.04589999999999994,0.6,0.6,0.0,2.8295,3.3648,-1.265,1,0,1,1.0,0,1
2025/2026_Lube_Piace_5Round,3,0.5,0.5429,0.5444,-0.0014999999999999458,0.5019,0.5478,-0.04589999999999994,0.6,0.6,0.0,2.8295,3.3648,-1.265,2,0,2,1.0,0,1
2025/2026_Lube_Trent_3Round,1,0.0,0.5233,0.5698,-0.046499999999999986,0.5393,0.5008,0.03849999999999998,0.6,0.6,0.0,3.2027,3.1737,0.093,0,0,0,0.5,0,1
2025/2026_Lube_Trent_3Round,1,0.0,0.5233,0.5698,-0.046499999999999986,0.5393,0.5008,0.03849999999999998,0.6,0.6,0.0,3.2027,3.1737,0.093,1,0,1,1.0,0,1
2025/2026_Lube_Trent_3Round,2,0.25,0.5233,0.5698,-0.046499999999999986,0.5393,0.5008,0.03849999999999998,0.6,0.6,0.0,3.2027,3.1737,0.093,2,0,2,1.0,0,1
2025/2026_Lube_Trent_3Round,2,0.25,0.5233,0.5698,-0.046499999999999986,0.5393,0.5008,0.03849999999999998,0.6,0.6,0.0,3.2027,3.1737,0.093,3,0,3,1.0,0,1
2025/2026_Lube_Trent_3Round,3,0.5,0.5233,0.5698,-0.046499999999999986,0.5393,0.5008,0.03849999999999998,0.6,0.6,0.0,3.2027,3.1737,0.093,4,0,4,1.0,0,0
2025/2026_Lube_Trent_3Round,3,0.5,0.5233,0.5698,-0.046499999999999986,0.5393,0.5008,0.03849999999999998,0.6,0.6,0.0,3.2027,3.1737,0.093,4,1,3,0.0,0,0
2025/2026_Lube_Trent_3Round,4,0.75,0.5233,0.5698,-0.046499999999999986,0.5393,0.5008,0.03849999999999998,0.6,0.6,0.0,3.2027,3.1737,0.093,4,2,2,0.0,0,1
2025/2026_Lube_Trent_3Round,4,0.75,0.5233,0.5698,-0.046499999999999986,0.5393,0.5008,0.03849999999999998,0.6,0.6,0.0,3.2027,3.1737,0.093,5,2,3,1.0,0,1
2025/2026_Lube_Veron_6Round,1,0.0,0.5326,0.5556,-0.02300000000000002,0.5434,0.4822,0.06119999999999998,0.6,0.5333,0.06669999999999998,2.1099,3.1951,2.657,0,0,0,0.5,0,1
2025/2026_Lube_Veron_6Round,2,0.25,0.5326,0.5556,-0.02300000000000002,0.5434,0.4822,0.06119999999999998,0.6,0.5333,0.06669999999999998,2.1099,3.1951,2.657,1,0,1,1.0,0,1
2025/2026_Lube_Veron_6Round,3,0.5,0.5326,0.5556,-0.02300000000000002,0.5434,0.4822,0.06119999999999998,0.6,0.5333,0.06669999999999998,2.1099,3.1951,2.657,2,0,2,1.0,0,1
2025/2026_Lube_Veron_8Round,1,0.0,0.5591,0.5312,0.027900000000000036,0.4847,0.5448,-0.06009999999999993,0.6,0.4,0.19999999999999996,2.7082,2.3726,-2.79,0,0,0,0.5,0,0
2025/2026_Lube_Veron_8Round,2,0.25,0.5591,0.5312,0.027900000000000036,0.4847,0.5448,-0.06009999999999993,0.6,0.4,0.19999999999999996,2.7082,2.3726,-2.79,0,1,-1,0.0,0,0
2025/2026_Lube_Veron_8Round,3,0.5,0.5591,0.5312,0.027900000000000036,0.4847,0.5448,-0.06009999999999993,0.6,0.4,0.19999999999999996,2.7082,2.3726,-2.79,0,2,-2,0.0,0,0
2025/2026_Macer_Pinet_3Round,1,0.0,0.4857,0.4444,0.0413,0.5017,0.4574,0.04430000000000006,0.5333,0.4667,0.06659999999999999,3.482,3.3248,0.0,0,0,0,0.5,0,1
2025/2026_Macer_Pinet_3Round,1,0.0,0.4857,0.4444,0.0413,0.5017,0.4574,0.04430000000000006,0.5333,0.4667,0.06659999999999999,3.482,3.3248,0.0,1,0,1,1.0,0,1
2025/2026_Macer_Pinet_3Round,2,0.25,0.4857,0.4444,0.0413,0.5017,0.4574,0.04430000000000006,0.5333,0.4667,0.06659999999999999,3.482,3.3248,0.0,2,0,2,1.0,0,1
2025/2026_Macer_Pinet_3Round,2,0.25,0.4857,0.4444,0.0413,0.5017,0.4574,0.04430000000000006,0.5333,0.4667,0.06659999999999999,3.482,3.3248,0.0,3,0,3,1.0,0,1
2025/2026_Macer_Pinet_3Round,3,0.5,0.4857,0.4444,0.0413,0.5017,0.4574,0.04430000000000006,0.5333,0.4667,0.06659999999999999,3.482,3.3248,0.0,4,0,4,1.0,0,1
2025/2026_Macer_Pinet_3Round,3,0.5,0.4857,0.4444,0.0413,0.5017,0.4574,0.04430000000000006,0.5333,0.4667,0.06659999999999999,3.482,3.3248,0.0,5,0,5,1.0,0,1
2025/2026_Macer_Porto_6Round,1,0.0,0.5,0.5,0.0,0.513,0.5319,-0.018900000000000028,0.5333,0.4667,0.06659999999999999,3.7973,4.6421,0.0,0,0,0,0.5,0,1
2025/2026_Macer_Porto_6Round,1,0.0,0.5,0.5,0.0,0.513,0.5319,-0.018900000000000028,0.5333,0.4667,0.06659999999999999,3.7973,4.6421,0.0,1,0,1,1.0,0,0
2025/2026_Macer_Porto_6Round,2,0.25,0.5,0.5,0.0,0.513,0.5319,-0.018900000000000028,0.5333,0.4667,0.06659999999999999,3.7973,4.6421,0.0,1,1,0,0.0,0,1
2025/2026_Macer_Porto_6Round,2,0.25,0.5,0.5,0.0,0.513,0.5319,-0.018900000000000028,0.5333,0.4667,0.06659999999999999,3.7973,4.6421,0.0,2,1,1,1.0,0,1
2025/2026_Macer_Porto_6Round,3,0.5,0.5,0.5,0.0,0.513,0.5319,-0.018900000000000028,0.5333,0.4667,0.06659999999999999,3.7973,4.6421,0.0,3,1,2,1.0,0,1
2025/2026_Macer_Porto_6Round,3,0.5,0.5,0.5,0.0,0.513,0.5319,-0.018900000000000028,0.5333,0.4667,0.06659999999999999,3.7973,4.6421,0.0,4,1,3,1.0,0,1
2025/2026_Macer_Porto_6Round,4,0.75,0.5,0.5,0.0,0.513,0.5319,-0.018900000000000028,0.5333,0.4667,0.06659999999999999,3.7973,4.6421,0.0,5,1,4,1.0,0,1
2025/2026_Macer_Prata_5Round,1,0.0,0.4865,0.3556,0.13089999999999996,0.5117,0.44,0.07170000000000004,0.4667,0.4,0.06669999999999998,3.7644,2.7981,0.0,0,0,0,0.5,0,0
2025/2026_Macer_Prata_5Round,1,0.0,0.4865,0.3556,0.13089999999999996,0.5117,0.44,0.07170000000000004,0.4667,0.4,0.06669999999999998,3.7644,2.7981,0.0,0,1,-1,0.0,0,1
2025/2026_Macer_Prata_5Round,2,0.25,0.4865,0.3556,0.13089999999999996,0.5117,0.44,0.07170000000000004,0.4667,0.4,0.06669999999999998,3.7644,2.7981,0.0,1,1,0,1.0,0,1
2025/2026_Macer_Prata_5Round,2,0.25,0.4865,0.3556,0.13089999999999996,0.5117,0.44,0.07170000000000004,0.4667,0.4,0.06669999999999998,3.7644,2.7981,0.0,2,1,1,1.0,0,1
2025/2026_Macer_Prata_5Round,3,0.5,0.4865,0.3556,0.13089999999999996,0.5117,0.44,0.07170000000000004,0.4667,0.4,0.06669999999999998,3.7644,2.7981,0.0,3,1,2,1.0,0,1
2025/2026_Macer_Prata_5Round,3,0.5,0.4865,0.3556,0.13089999999999996,0.5117,0.44,0.07170000000000004,0.4667,0.4,0.06669999999999998,3.7644,2.7981,0.0,4,1,3,1.0,0,0
2025/2026_Macer_Prata_5Round,4,0.75,0.4865,0.3556,0.13089999999999996,0.5117,0.44,0.07170000000000004,0.4667,0.4,0.06669999999999998,3.7644,2.7981,0.0,4,2,2,0.0,0,0
2025/2026_Macer_Raven_2Round,1,0.0,0.5,0.5143,-0.01429999999999998,0.5053,0.5253,-0.020000000000000018,0.6,0.4,0.19999999999999996,3.626,3.8783,0.0,0,0,0,0.5,0,1
2025/2026_Macer_Raven_2Round,1,0.0,0.5,0.5143,-0.01429999999999998,0.5053,0.5253,-0.020000000000000018,0.6,0.4,0.19999999999999996,3.626,3.8783,0.0,1,0,1,1.0,0,0
2025/2026_Macer_Raven_2Round,2,0.25,0.5,0.5143,-0.01429999999999998,0.5053,0.5253,-0.020000000000000018,0.6,0.4,0.19999999999999996,3.626,3.8783,0.0,1,1,0,0.0,0,0
2025/2026_Macer_Raven_2Round,2,0.25,0.5,0.5143,-0.01429999999999998,0.5053,0.5253,-0.020000000000000018,0.6,0.4,0.19999999999999996,3.626,3.8783,0.0,1,2,-1,0.0,0,0
2025/2026_Macer_Raven_2Round,3,0.5,0.5,0.5143,-0.01429999999999998,0.5053,0.5253,-0.020000000000000018,0.6,0.4,0.19999999999999996,3.626,3.8783,0.0,1,3,-2,0.0,0,0
2025/2026_Macer_Raven_2Round,3,0.5,0.5,0.5143,-0.01429999999999998,0.5053,0.5253,-0.020000000000000018,0.6,0.4,0.19999999999999996,3.626,3.8783,0.0,1,4,-3,0.0,0,0
2025/2026_Macer_Raven_2Round,4,0.75,0.5,0.5143,-0.01429999999999998,0.5053,0.5253,-0.020000000000000018,0.6,0.4,0.19999999999999996,3.626,3.8783,0.0,1,5,-4,0.0,0,1
2025/2026_Macer_Raven_2Round,5,1.0,0.5,0.5143,-0.01429999999999998,0.5053,0.5253,-0.020000000000000018,0.6,0.4,0.19999999999999996,3.626,3.8783,0.0,2,5,-3,1.0,1,1
2025/2026_Macer_Siena_8Round,1,0.0,0.525,0.4314,0.09360000000000002,0.5233,0.4695,0.053800000000000014,0.5333,0.4667,0.06659999999999999,4.3794,3.4658,0.0,0,0,0,0.5,0,1
2025/2026_Macer_Siena_8Round,1,0.0,0.525,0.4314,0.09360000000000002,0.5233,0.4695,0.053800000000000014,0.5333,0.4667,0.06659999999999999,4.3794,3.4658,0.0,1,0,1,1.0,0,1
2025/2026_Macer_Siena_8Round,2,0.25,0.525,0.4314,0.09360000000000002,0.5233,0.4695,0.053800000000000014,0.5333,0.4667,0.06659999999999999,4.3794,3.4658,0.0,2,0,2,1.0,0,0
2025/2026_Macer_Siena_8Round,2,0.25,0.525,0.4314,0.09360000000000002,0.5233,0.4695,0.053800000000000014,0.5333,0.4667,0.06659999999999999,4.3794,3.4658,0.0,2,1,1,0.0,0,0
2025/2026_Macer_Siena_8Round,3,0.5,0.525,0.4314,0.09360000000000002,0.5233,0.4695,0.053800000000000014,0.5333,0.4667,0.06659999999999999,4.3794,3.4658,0.0,2,2,0,0.0,0,0
2025/2026_Macer_Siena_8Round,3,0.5,0.525,0.4314,0.09360000000000002,0.5233,0.4695,0.053800000000000014,0.5333,0.4667,0.06659999999999999,4.3794,3.4658,0.0,2,3,-1,0.0,0,1
2025/2026_Macer_Siena_8Round,4,0.75,0.525,0.4314,0.09360000000000002,0.5233,0.4695,0.053800000000000014,0.5333,0.4667,0.06659999999999999,4.3794,3.4658,0.0,3,3,0,1.0,0,0
2025/2026_Macer_Siena_8Round,4,0.75,0.525,0.4314,0.09360000000000002,0.5233,0.4695,0.053800000000000014,0.5333,0.4667,0.06659999999999999,4.3794,3.4658,0.0,3,4,-1,0.0,0,0
2025/2026_Macer_Siena_8Round,5,1.0,0.525,0.4314,0.09360000000000002,0.5233,0.4695,0.053800000000000014,0.5333,0.4667,0.06659999999999999,4.3794,3.4658,0.0,3,5,-2,0.0,1,1
2025/2026_Macer_Sorre_4Round,1,0.0,0.5,0.5238,-0.023800000000000043,0.5119,0.5216,-0.009699999999999931,0.5333,0.5333,0.0,4.0288,4.0155,0.0,0,0,0,0.5,0,0
2025/2026_Macer_Sorre_4Round,1,0.0,0.5,0.5238,-0.023800000000000043,0.5119,0.5216,-0.009699999999999931,0.5333,0.5333,0.0,4.0288,4.0155,0.0,0,1,-1,0.0,0,1
2025/2026_Macer_Sorre_4Round,2,0.25,0.5,0.5238,-0.023800000000000043,0.5119,0.5216,-0.009699999999999931,0.5333,0.5333,0.0,4.0288,4.0155,0.0,1,1,0,1.0,0,0
2025/2026_Macer_Sorre_4Round,2,0.25,0.5,0.5238,-0.023800000000000043,0.5119,0.5216,-0.009699999999999931,0.5333,0.5333,0.0,4.0288,4.0155,0.0,1,2,-1,0.0,0,1
2025/2026_Macer_Sorre_4Round,3,0.5,0.5,0.5238,-0.023800000000000043,0.5119,0.5216,-0.009699999999999931,0.5333,0.5333,0.0,4.0288,4.0155,0.0,2,2,0,1.0,0,0
2025/2026_Macer_Sorre_4Round,3,0.5,0.5,0.5238,-0.023800000000000043,0.5119,0.5216,-0.009699999999999931,0.5333,0.5333,0.0,4.0288,4.0155,0.0,2,3,-1,0.0,0,1
2025/2026_Macer_Taran_9Round,1,0.0,0.5122,0.44,0.07219999999999999,0.5212,0.4432,0.07800000000000001,0.5333,0.4667,0.06659999999999999,4.2339,2.8957,0.0,0,0,0,0.5,0,1
2025/2026_Macer_Taran_9Round,1,0.0,0.5122,0.44,0.07219999999999999,0.5212,0.4432,0.07800000000000001,0.5333,0.4667,0.06659999999999999,4.2339,2.8957,0.0,1,0,1,1.0,0,1
2025/2026_Macer_Taran_9Round,2,0.25,0.5122,0.44,0.07219999999999999,0.5212,0.4432,0.07800000000000001,0.5333,0.4667,0.06659999999999999,4.2339,2.8957,0.0,2,0,2,1.0,0,1
2025/2026_Macer_Taran_9Round,2,0.25,0.5122,0.44,0.07219999999999999,0.5212,0.4432,0.07800000000000001,0.5333,0.4667,0.06659999999999999,4.2339,2.8957,0.0,3,0,3,1.0,0,1
2025/2026_Macer_Taran_9Round,3,0.5,0.5122,0.44,0.07219999999999999,0.5212,0.4432,0.07800000000000001,0.5333,0.4667,0.06659999999999999,4.2339,2.8957,0.0,4,0,4,1.0,0,1
2025/2026_Macer_Taran_9Round,3,0.5,0.5122,0.44,0.07219999999999999,0.5212,0.4432,0.07800000000000001,0.5333,0.4667,0.06659999999999999,4.2339,2.8957,0.0,5,0,5,1.0,0,0
2025/2026_Macer_Taran_9Round,4,0.75,0.5122,0.44,0.07219999999999999,0.5212,0.4432,0.07800000000000001,0.5333,0.4667,0.06659999999999999,4.2339,2.8957,0.0,5,1,4,0.0,0,1
2025/2026_Milan_Moden_1Round,1,0.0,0.4578,0.4878,-0.030000000000000027,0.4773,0.5049,-0.027600000000000013,0.4,0.5333,-0.13329999999999997,3.0068,3.9345,0.01,0,0,0,0.5,0,0
2025/2026_Milan_Moden_1Round,2,0.25,0.4578,0.4878,-0.030000000000000027,0.4773,0.5049,-0.027600000000000013,0.4,0.5333,-0.13329999999999997,3.0068,3.9345,0.01,0,1,-1,0.0,0,0
2025/2026_Milan_Moden_1Round,3,0.5,0.4578,0.4878,-0.030000000000000027,0.4773,0.5049,-0.027600000000000013,0.4,0.5333,-0.13329999999999997,3.0068,3.9345,0.01,0,2,-2,0.0,0,1
2025/2026_Milan_Moden_1Round,4,0.75,0.4578,0.4878,-0.030000000000000027,0.4773,0.5049,-0.027600000000000013,0.4,0.5333,-0.13329999999999997,3.0068,3.9345,0.01,1,2,-1,1.0,0,1
2025/2026_Milan_Moden_1Round,5,1.0,0.4578,0.4878,-0.030000000000000027,0.4773,0.5049,-0.027600000000000013,0.4,0.5333,-0.13329999999999997,3.0068,3.9345,0.01,2,2,0,1.0,1,1
2025/2026_Milan_Moden_8Round,1,0.0,0.5158,0.4792,0.03660000000000002,0.515,0.4811,0.033899999999999986,0.6,0.4667,0.13329999999999997,2.8546,2.3794,-0.755,0,0,0,0.5,0,1
2025/2026_Milan_Moden_8Round,2,0.25,0.5158,0.4792,0.03660000000000002,0.515,0.4811,0.033899999999999986,0.6,0.4667,0.13329999999999997,2.8546,2.3794,-0.755,1,0,1,1.0,0,1
2025/2026_Milan_Moden_8Round,3,0.5,0.5158,0.4792,0.03660000000000002,0.515,0.4811,0.033899999999999986,0.6,0.4667,0.13329999999999997,2.8546,2.3794,-0.755,2,0,2,1.0,0,1
2025/2026_Milan_Monza_10Round,1,0.0,0.4545,0.47,-0.015499999999999958,0.5164,0.4762,0.04019999999999996,0.5333,0.5333,0.0,2.2721,1.4029,-0.782,0,0,0,0.5,0,0
2025/2026_Milan_Monza_10Round,2,0.25,0.4545,0.47,-0.015499999999999958,0.5164,0.4762,0.04019999999999996,0.5333,0.5333,0.0,2.2721,1.4029,-0.782,0,1,-1,0.0,0,1
2025/2026_Milan_Monza_10Round,3,0.5,0.4545,0.47,-0.015499999999999958,0.5164,0.4762,0.04019999999999996,0.5333,0.5333,0.0,2.2721,1.4029,-0.782,1,1,0,1.0,0,1
2025/2026_Milan_Monza_10Round,4,0.75,0.4545,0.47,-0.015499999999999958,0.5164,0.4762,0.04019999999999996,0.5333,0.5333,0.0,2.2721,1.4029,-0.782,2,1,1,1.0,0,1
2025/2026_Milan_Monza_4Round,1,0.0,0.4607,0.4713,-0.010599999999999998,0.4765,0.523,-0.04650000000000004,0.5333,0.4,0.13329999999999997,2.0468,1.7733,-0.229,0,0,0,0.5,0,0
2025/2026_Milan_Monza_4Round,2,0.25,0.4607,0.4713,-0.010599999999999998,0.4765,0.523,-0.04650000000000004,0.5333,0.4,0.13329999999999997,2.0468,1.7733,-0.229,0,1,-1,0.0,0,1
2025/2026_Milan_Monza_4Round,3,0.5,0.4607,0.4713,-0.010599999999999998,0.4765,0.523,-0.04650000000000004,0.5333,0.4,0.13329999999999997,2.0468,1.7733,-0.229,1,1,0,1.0,0,1
2025/2026_Milan_Monza_4Round,4,0.75,0.4607,0.4713,-0.010599999999999998,0.4765,0.523,-0.04650000000000004,0.5333,0.4,0.13329999999999997,2.0468,1.7733,-0.229,2,1,1,1.0,0,1
2025/2026_Milan_Padov_2Round,1,0.0,0.4643,0.3929,0.07139999999999996,0.4783,0.4855,-0.007199999999999984,0.4667,0.4667,0.0,3.022,2.3422,1.49,0,0,0,0.5,0,1
2025/2026_Milan_Padov_2Round,2,0.25,0.4643,0.3929,0.07139999999999996,0.4783,0.4855,-0.007199999999999984,0.4667,0.4667,0.0,3.022,2.3422,1.49,1,0,1,1.0,0,1
2025/2026_Milan_Padov_2Round,3,0.5,0.4643,0.3929,0.07139999999999996,0.4783,0.4855,-0.007199999999999984,0.4667,0.4667,0.0,3.022,2.3422,1.49,2,0,2,1.0,0,0
2025/2026_Milan_Padov_2Round,4,0.75,0.4643,0.3929,0.07139999999999996,0.4783,0.4855,-0.007199999999999984,0.4667,0.4667,0.0,3.022,2.3422,1.49,2,1,1,0.0,0,1
2025/2026_Milan_Padov_5Round,1,0.0,0.3778,0.4667,-0.08889999999999998,0.4773,0.4782,-0.0009000000000000119,0.4667,0.4667,0.0,1.3136,2.348,-1.51,0,0,0,0.5,0,0
2025/2026_Milan_Padov_5Round,2,0.25,0.3778,0.4667,-0.08889999999999998,0.4773,0.4782,-0.0009000000000000119,0.4667,0.4667,0.0,1.3136,2.348,-1.51,0,1,-1,0.0,0,0
2025/2026_Milan_Padov_5Round,3,0.5,0.3778,0.4667,-0.08889999999999998,0.4773,0.4782,-0.0009000000000000119,0.4667,0.4667,0.0,1.3136,2.348,-1.51,0,2,-2,0.0,0,1
2025/2026_Milan_Padov_5Round,4,0.75,0.3778,0.4667,-0.08889999999999998,0.4773,0.4782,-0.0009000000000000119,0.4667,0.4667,0.0,1.3136,2.348,-1.51,1,2,-1,1.0,0,1
2025/2026_Milan_Padov_5Round,5,1.0,0.3778,0.4667,-0.08889999999999998,0.4773,0.4782,-0.0009000000000000119,0.4667,0.4667,0.0,1.3136,2.348,-1.51,2,2,0,1.0,1,0
2025/2026_Milan_Perug_10Round,1,0.0,0.4653,0.6495,-0.18419999999999997,0.4748,0.512,-0.03720000000000001,0.4667,0.6667,-0.19999999999999996,1.3546,3.2403,-2.147,0,0,0,0.5,0,0
2025/2026_Milan_Perug_10Round,2,0.25,0.4653,0.6495,-0.18419999999999997,0.4748,0.512,-0.03720000000000001,0.4667,0.6667,-0.19999999999999996,1.3546,3.2403,-2.147,0,1,-1,0.0,0,0
2025/2026_Milan_Perug_10Round,3,0.5,0.4653,0.6495,-0.18419999999999997,0.4748,0.512,-0.03720000000000001,0.4667,0.6667,-0.19999999999999996,1.3546,3.2403,-2.147,0,2,-2,0.0,0,0
2025/2026_Milan_Perug_3Round,1,0.0,0.6118,0.4651,0.1467,0.4943,0.4785,0.015800000000000036,0.5333,0.4667,0.06659999999999999,3.5123,2.5094,2.3,0,0,0,0.5,0,1
2025/2026_Milan_Perug_3Round,2,0.25,0.6118,0.4651,0.1467,0.4943,0.4785,0.015800000000000036,0.5333,0.4667,0.06659999999999999,3.5123,2.5094,2.3,1,0,1,1.0,0,0
2025/2026_Milan_Perug_3Round,3,0.5,0.6118,0.4651,0.1467,0.4943,0.4785,0.015800000000000036,0.5333,0.4667,0.06659999999999999,3.5123,2.5094,2.3,1,1,0,0.0,0,1
2025/2026_Milan_Perug_3Round,4,0.75,0.6118,0.4651,0.1467,0.4943,0.4785,0.015800000000000036,0.5333,0.4667,0.06659999999999999,3.5123,2.5094,2.3,2,1,1,1.0,0,1
2025/2026_Milan_Piace_2Round,1,0.0,0.5231,0.4706,0.05249999999999999,0.495,0.48,0.015000000000000013,0.4667,0.4667,0.0,3.137,3.0325,1.957,0,0,0,0.5,0,1
2025/2026_Milan_Piace_2Round,2,0.25,0.5231,0.4706,0.05249999999999999,0.495,0.48,0.015000000000000013,0.4667,0.4667,0.0,3.137,3.0325,1.957,1,0,1,1.0,0,0
2025/2026_Milan_Piace_2Round,3,0.5,0.5231,0.4706,0.05249999999999999,0.495,0.48,0.015000000000000013,0.4667,0.4667,0.0,3.137,3.0325,1.957,1,1,0,0.0,0,1
2025/2026_Milan_Piace_2Round,4,0.75,0.5231,0.4706,0.05249999999999999,0.495,0.48,0.015000000000000013,0.4667,0.4667,0.0,3.137,3.0325,1.957,2,1,1,1.0,0,1
2025/2026_Milan_Piace_5Round,1,0.0,0.4725,0.5493,-0.07680000000000003,0.4791,0.5048,-0.0257,0.6,0.5333,0.06669999999999998,2.5589,2.9006,-1.937,0,0,0,0.5,0,0
2025/2026_Milan_Piace_5Round,2,0.25,0.4725,0.5493,-0.07680000000000003,0.4791,0.5048,-0.0257,0.6,0.5333,0.06669999999999998,2.5589,2.9006,-1.937,0,1,-1,0.0,0,0
2025/2026_Milan_Piace_5Round,3,0.5,0.4725,0.5493,-0.07680000000000003,0.4791,0.5048,-0.0257,0.6,0.5333,0.06669999999999998,2.5589,2.9006,-1.937,0,2,-2,0.0,0,0
2025/2026_Milan_Trent_6Round,1,0.0,0.5714,0.4731,0.0983,0.5008,0.4793,0.02150000000000002,0.5333,0.4667,0.06659999999999999,2.9318,2.2477,1.74,0,0,0,0.5,0,1
2025/2026_Milan_Trent_6Round,2,0.25,0.5714,0.4731,0.0983,0.5008,0.4793,0.02150000000000002,0.5333,0.4667,0.06659999999999999,2.9318,2.2477,1.74,1,0,1,1.0,0,1
2025/2026_Milan_Trent_6Round,3,0.5,0.5714,0.4731,0.0983,0.5008,0.4793,0.02150000000000002,0.5333,0.4667,0.06659999999999999,2.9318,2.2477,1.74,2,0,2,1.0,0,1
2025/2026_Milan_Trent_8Round,1,0.0,0.4742,0.5745,-0.1003,0.4789,0.5022,-0.023299999999999987,0.6,0.4667,0.13329999999999997,1.7729,2.823,-0.942,0,0,0,0.5,0,0
2025/2026_Milan_Trent_8Round,2,0.25,0.4742,0.5745,-0.1003,0.4789,0.5022,-0.023299999999999987,0.6,0.4667,0.13329999999999997,1.7729,2.823,-0.942,0,1,-1,0.0,0,0
2025/2026_Milan_Trent_8Round,3,0.5,0.4742,0.5745,-0.1003,0.4789,0.5022,-0.023299999999999987,0.6,0.4667,0.13329999999999997,1.7729,2.823,-0.942,0,2,-2,0.0,0,0
2025/2026_Milan_Veron_3Round,1,0.0,0.5357,0.4598,0.07589999999999997,0.4718,0.477,-0.005199999999999982,0.4545,0.4667,-0.012199999999999989,3.466,2.1417,1.607,0,0,0,0.5,0,1
2025/2026_Milan_Veron_3Round,2,0.25,0.5357,0.4598,0.07589999999999997,0.4718,0.477,-0.005199999999999982,0.4545,0.4667,-0.012199999999999989,3.466,2.1417,1.607,1,0,1,1.0,0,1
2025/2026_Milan_Veron_3Round,3,0.5,0.5357,0.4598,0.07589999999999997,0.4718,0.477,-0.005199999999999982,0.4545,0.4667,-0.012199999999999989,3.466,2.1417,1.607,2,0,2,1.0,0,1
2025/2026_Milan_Veron_9Round,1,0.0,0.4747,0.5625,-0.08779999999999999,0.4783,0.4864,-0.008099999999999996,0.5333,0.5333,0.0,1.8561,2.5379,-1.075,0,0,0,0.5,0,0
2025/2026_Milan_Veron_9Round,2,0.25,0.4747,0.5625,-0.08779999999999999,0.4783,0.4864,-0.008099999999999996,0.5333,0.5333,0.0,1.8561,2.5379,-1.075,0,1,-1,0.0,0,0
2025/2026_Milan_Veron_9Round,3,0.5,0.4747,0.5625,-0.08779999999999999,0.4783,0.4864,-0.008099999999999996,0.5333,0.5333,0.0,1.8561,2.5379,-1.075,0,2,-2,0.0,0,0
2025/2026_Moden_Monza_2Round,1,0.0,0.4881,0.4819,0.006199999999999983,0.5064,0.529,-0.022600000000000064,0.5333,0.4,0.13329999999999997,3.3039,3.789,-1.565,0,0,0,0.5,0,1
2025/2026_Moden_Monza_2Round,2,0.25,0.4881,0.4819,0.006199999999999983,0.5064,0.529,-0.022600000000000064,0.5333,0.4,0.13329999999999997,3.3039,3.789,-1.565,1,0,1,1.0,0,1
2025/2026_Moden_Monza_2Round,3,0.5,0.4881,0.4819,0.006199999999999983,0.5064,0.529,-0.022600000000000064,0.5333,0.4,0.13329999999999997,3.3039,3.789,-1.565,2,0,2,1.0,0,1
2025/2026_Moden_Monza_6Round,1,0.0,0.4457,0.5,-0.054300000000000015,0.5139,0.5123,0.0016000000000000458,0.4,0.5333,-0.13329999999999997,1.3424,3.0284,0.647,0,0,0,0.5,0,1
2025/2026_Moden_Monza_6Round,2,0.25,0.4457,0.5,-0.054300000000000015,0.5139,0.5123,0.0016000000000000458,0.4,0.5333,-0.13329999999999997,1.3424,3.0284,0.647,1,0,1,1.0,0,1
2025/2026_Moden_Monza_6Round,3,0.5,0.4457,0.5,-0.054300000000000015,0.5139,0.5123,0.0016000000000000458,0.4,0.5333,-0.13329999999999997,1.3424,3.0284,0.647,2,0,2,1.0,0,1
2025/2026_Moden_Padov_3Round,1,0.0,0.3837,0.4941,-0.1104,0.4816,0.5088,-0.027200000000000057,0.4,0.5333,-0.13329999999999997,1.539,3.2301,-2.51,0,0,0,0.5,0,1
2025/2026_Moden_Padov_3Round,2,0.25,0.3837,0.4941,-0.1104,0.4816,0.5088,-0.027200000000000057,0.4,0.5333,-0.13329999999999997,1.539,3.2301,-2.51,1,0,1,1.0,0,0
2025/2026_Moden_Padov_3Round,3,0.5,0.3837,0.4941,-0.1104,0.4816,0.5088,-0.027200000000000057,0.4,0.5333,-0.13329999999999997,1.539,3.2301,-2.51,1,1,0,0.0,0,0
2025/2026_Moden_Padov_3Round,4,0.75,0.3837,0.4941,-0.1104,0.4816,0.5088,-0.027200000000000057,0.4,0.5333,-0.13329999999999997,1.539,3.2301,-2.51,1,2,-1,0.0,0,0
2025/2026_Moden_Padov_6Round,1,0.0,0.4945,0.3763,0.11819999999999997,0.51,0.4754,0.03460000000000002,0.6,0.3333,0.2667,2.2348,1.7603,2.49,0,0,0,0.5,0,1
2025/2026_Moden_Padov_6Round,2,0.25,0.4945,0.3763,0.11819999999999997,0.51,0.4754,0.03460000000000002,0.6,0.3333,0.2667,2.2348,1.7603,2.49,1,0,1,1.0,0,1
2025/2026_Moden_Padov_6Round,3,0.5,0.4945,0.3763,0.11819999999999997,0.51,0.4754,0.03460000000000002,0.6,0.3333,0.2667,2.2348,1.7603,2.49,2,0,2,1.0,0,1
2025/2026_Moden_Perug_4Round,1,0.0,0.5057,0.6207,-0.11499999999999999,0.5118,0.4984,0.013400000000000023,0.6,0.6667,-0.06669999999999998,3.1416,3.2803,-2.21,0,0,0,0.5,0,0
2025/2026_Moden_Perug_4Round,1,0.0,0.5057,0.6207,-0.11499999999999999,0.5118,0.4984,0.013400000000000023,0.6,0.6667,-0.06669999999999998,3.1416,3.2803,-2.21,0,1,-1,0.0,0,1
2025/2026_Moden_Perug_4Round,2,0.25,0.5057,0.6207,-0.11499999999999999,0.5118,0.4984,0.013400000000000023,0.6,0.6667,-0.06669999999999998,3.1416,3.2803,-2.21,1,1,0,1.0,0,0
2025/2026_Moden_Perug_4Round,2,0.25,0.5057,0.6207,-0.11499999999999999,0.5118,0.4984,0.013400000000000023,0.6,0.6667,-0.06669999999999998,3.1416,3.2803,-2.21,1,2,-1,0.0,0,1
2025/2026_Moden_Perug_4Round,3,0.5,0.5057,0.6207,-0.11499999999999999,0.5118,0.4984,0.013400000000000023,0.6,0.6667,-0.06669999999999998,3.1416,3.2803,-2.21,2,2,0,1.0,0,1
2025/2026_Moden_Perug_4Round,3,0.5,0.5057,0.6207,-0.11499999999999999,0.5118,0.4984,0.013400000000000023,0.6,0.6667,-0.06669999999999998,3.1416,3.2803,-2.21,3,2,1,1.0,0,0
2025/2026_Moden_Perug_4Round,4,0.75,0.5057,0.6207,-0.11499999999999999,0.5118,0.4984,0.013400000000000023,0.6,0.6667,-0.06669999999999998,3.1416,3.2803,-2.21,3,3,0,0.0,0,0
2025/2026_Moden_Perug_4Round,4,0.75,0.5057,0.6207,-0.11499999999999999,0.5118,0.4984,0.013400000000000023,0.6,0.6667,-0.06669999999999998,3.1416,3.2803,-2.21,3,4,-1,0.0,0,1
2025/2026_Moden_Piace_3Round,1,0.0,0.5373,0.5,0.0373,0.5,0.5103,-0.010299999999999976,0.5333,0.5333,0.0,3.1041,3.1782,-2.253,0,0,0,0.5,0,0
2025/2026_Moden_Piace_3Round,2,0.25,0.5373,0.5,0.0373,0.5,0.5103,-0.010299999999999976,0.5333,0.5333,0.0,3.1041,3.1782,-2.253,0,1,-1,0.0,0,0
2025/2026_Moden_Piace_3Round,3,0.5,0.5373,0.5,0.0373,0.5,0.5103,-0.010299999999999976,0.5333,0.5333,0.0,3.1041,3.1782,-2.253,0,2,-2,0.0,0,1
2025/2026_Moden_Piace_3Round,4,0.75,0.5373,0.5,0.0373,0.5,0.5103,-0.010299999999999976,0.5333,0.5333,0.0,3.1041,3.1782,-2.253,1,2,-1,1.0,0,0
2025/2026_Moden_Piace_7Round,1,0.0,0.5054,0.56,-0.05460000000000009,0.5129,0.5123,0.0006000000000000449,0.6,0.6,0.0,2.6507,2.8434,2.406,0,0,0,0.5,0,0
2025/2026_Moden_Piace_7Round,2,0.25,0.5054,0.56,-0.05460000000000009,0.5129,0.5123,0.0006000000000000449,0.6,0.6,0.0,2.6507,2.8434,2.406,0,1,-1,0.0,0,1
2025/2026_Moden_Piace_7Round,3,0.5,0.5054,0.56,-0.05460000000000009,0.5129,0.5123,0.0006000000000000449,0.6,0.6,0.0,2.6507,2.8434,2.406,1,1,0,1.0,0,0
2025/2026_Moden_Piace_7Round,4,0.75,0.5054,0.56,-0.05460000000000009,0.5129,0.5123,0.0006000000000000449,0.6,0.6,0.0,2.6507,2.8434,2.406,1,2,-1,0.0,0,1
2025/2026_Moden_Piace_7Round,5,1.0,0.5054,0.56,-0.05460000000000009,0.5129,0.5123,0.0006000000000000449,0.6,0.6,0.0,2.6507,2.8434,2.406,2,2,0,1.0,1,1
2025/2026_Moden_Trent_5Round,1,0.0,0.4944,0.5682,-0.07380000000000003,0.5108,0.4985,0.012300000000000033,0.6,0.6,0.0,3.0175,3.4592,-1.922,0,0,0,0.5,0,1
2025/2026_Moden_Trent_5Round,2,0.25,0.4944,0.5682,-0.07380000000000003,0.5108,0.4985,0.012300000000000033,0.6,0.6,0.0,3.0175,3.4592,-1.922,1,0,1,1.0,0,0
2025/2026_Moden_Trent_5Round,3,0.5,0.4944,0.5682,-0.07380000000000003,0.5108,0.4985,0.012300000000000033,0.6,0.6,0.0,3.0175,3.4592,-1.922,1,1,0,0.0,0,1
2025/2026_Moden_Trent_5Round,4,0.75,0.4944,0.5682,-0.07380000000000003,0.5108,0.4985,0.012300000000000033,0.6,0.6,0.0,3.0175,3.4592,-1.922,2,1,1,1.0,0,1
2025/2026_Moden_Trent_9Round,1,0.0,0.5833,0.5258,0.057499999999999996,0.5051,0.5178,-0.012700000000000045,0.6667,0.5333,0.13339999999999996,2.9389,2.9542,1.29,0,0,0,0.5,0,1
2025/2026_Moden_Trent_9Round,2,0.25,0.5833,0.5258,0.057499999999999996,0.5051,0.5178,-0.012700000000000045,0.6667,0.5333,0.13339999999999996,2.9389,2.9542,1.29,1,0,1,1.0,0,1
2025/2026_Moden_Trent_9Round,3,0.5,0.5833,0.5258,0.057499999999999996,0.5051,0.5178,-0.012700000000000045,0.6667,0.5333,0.13339999999999996,2.9389,2.9542,1.29,2,0,2,1.0,0,1
2025/2026_Moden_Veron_11Round,1,0.0,0.53,0.5657,-0.035699999999999954,0.519,0.4888,0.030200000000000005,0.6667,0.6,0.06669999999999998,2.6195,2.0643,2.0,0,0,0,0.5,0,1
2025/2026_Moden_Veron_11Round,1,0.0,0.53,0.5657,-0.035699999999999954,0.519,0.4888,0.030200000000000005,0.6667,0.6,0.06669999999999998,2.6195,2.0643,2.0,1,0,1,1.0,0,0
2025/2026_Moden_Veron_11Round,2,0.25,0.53,0.5657,-0.035699999999999954,0.519,0.4888,0.030200000000000005,0.6667,0.6,0.06669999999999998,2.6195,2.0643,2.0,1,1,0,0.0,0,0
2025/2026_Moden_Veron_11Round,2,0.25,0.53,0.5657,-0.035699999999999954,0.519,0.4888,0.030200000000000005,0.6667,0.6,0.06669999999999998,2.6195,2.0643,2.0,1,2,-1,0.0,0,0
2025/2026_Moden_Veron_11Round,3,0.5,0.53,0.5657,-0.035699999999999954,0.519,0.4888,0.030200000000000005,0.6667,0.6,0.06669999999999998,2.6195,2.0643,2.0,1,3,-2,0.0,0,1
2025/2026_Moden_Veron_11Round,3,0.5,0.53,0.5657,-0.035699999999999954,0.519,0.4888,0.030200000000000005,0.6667,0.6,0.06669999999999998,2.6195,2.0643,2.0,2,3,-1,1.0,0,1
2025/2026_Moden_Veron_11Round,4,0.75,0.53,0.5657,-0.035699999999999954,0.519,0.4888,0.030200000000000005,0.6667,0.6,0.06669999999999998,2.6195,2.0643,2.0,3,3,0,1.0,0,1
2025/2026_Moden_Veron_11Round,4,0.75,0.53,0.5657,-0.035699999999999954,0.519,0.4888,0.030200000000000005,0.6667,0.6,0.06669999999999998,2.6195,2.0643,2.0,4,3,1,1.0,0,0
2025/2026_Monza_Padov_10Round,1,0.0,0.3762,0.46,-0.08380000000000004,0.4691,0.5178,-0.04870000000000002,0.4667,0.4,0.06669999999999998,1.6271,2.5045,-1.747,0,0,0,0.5,0,0
2025/2026_Monza_Padov_10Round,2,0.25,0.3762,0.46,-0.08380000000000004,0.4691,0.5178,-0.04870000000000002,0.4667,0.4,0.06669999999999998,1.6271,2.5045,-1.747,0,1,-1,0.0,0,1
2025/2026_Monza_Padov_10Round,3,0.5,0.3762,0.46,-0.08380000000000004,0.4691,0.5178,-0.04870000000000002,0.4667,0.4,0.06669999999999998,1.6271,2.5045,-1.747,1,1,0,1.0,0,0
2025/2026_Monza_Padov_10Round,4,0.75,0.3762,0.46,-0.08380000000000004,0.4691,0.5178,-0.04870000000000002,0.4667,0.4,0.06669999999999998,1.6271,2.5045,-1.747,1,2,-1,0.0,0,0
2025/2026_Monza_Padov_9Round,1,0.0,0.449,0.3776,0.07140000000000002,0.5142,0.4724,0.041800000000000004,0.4667,0.4,0.06669999999999998,1.9404,1.7222,1.594,0,0,0,0.5,0,1
2025/2026_Monza_Padov_9Round,2,0.25,0.449,0.3776,0.07140000000000002,0.5142,0.4724,0.041800000000000004,0.4667,0.4,0.06669999999999998,1.9404,1.7222,1.594,1,0,1,1.0,0,1
2025/2026_Monza_Padov_9Round,3,0.5,0.449,0.3776,0.07140000000000002,0.5142,0.4724,0.041800000000000004,0.4667,0.4,0.06669999999999998,1.9404,1.7222,1.594,2,0,2,1.0,0,1
2025/2026_Monza_Perug_1Round,1,0.0,0.4878,0.5976,-0.10980000000000001,0.5294,0.4909,0.03849999999999998,0.4667,0.5333,-0.06659999999999999,3.7241,4.0007,0.765,0,0,0,0.5,0,1
2025/2026_Monza_Perug_1Round,1,0.0,0.4878,0.5976,-0.10980000000000001,0.5294,0.4909,0.03849999999999998,0.4667,0.5333,-0.06659999999999999,3.7241,4.0007,0.765,1,0,1,1.0,0,1
2025/2026_Monza_Perug_1Round,2,0.25,0.4878,0.5976,-0.10980000000000001,0.5294,0.4909,0.03849999999999998,0.4667,0.5333,-0.06659999999999999,3.7241,4.0007,0.765,2,0,2,1.0,0,0
2025/2026_Monza_Perug_1Round,2,0.25,0.4878,0.5976,-0.10980000000000001,0.5294,0.4909,0.03849999999999998,0.4667,0.5333,-0.06659999999999999,3.7241,4.0007,0.765,2,1,1,0.0,0,0
2025/2026_Monza_Perug_1Round,3,0.5,0.4878,0.5976,-0.10980000000000001,0.5294,0.4909,0.03849999999999998,0.4667,0.5333,-0.06659999999999999,3.7241,4.0007,0.765,2,2,0,0.0,0,1
2025/2026_Monza_Perug_1Round,3,0.5,0.4878,0.5976,-0.10980000000000001,0.5294,0.4909,0.03849999999999998,0.4667,0.5333,-0.06659999999999999,3.7241,4.0007,0.765,3,2,1,1.0,0,0
2025/2026_Monza_Perug_1Round,4,0.75,0.4878,0.5976,-0.10980000000000001,0.5294,0.4909,0.03849999999999998,0.4667,0.5333,-0.06659999999999999,3.7241,4.0007,0.765,3,3,0,0.0,0,0
2025/2026_Monza_Perug_1Round,4,0.75,0.4878,0.5976,-0.10980000000000001,0.5294,0.4909,0.03849999999999998,0.4667,0.5333,-0.06659999999999999,3.7241,4.0007,0.765,3,4,-1,0.0,0,1
2025/2026_Monza_Piace_4Round,1,0.0,0.5362,0.4659,0.07030000000000003,0.499,0.5213,-0.022299999999999986,0.5333,0.3333,0.2,2.7278,1.6247,1.285,0,0,0,0.5,0,1
2025/2026_Monza_Piace_4Round,2,0.25,0.5362,0.4659,0.07030000000000003,0.499,0.5213,-0.022299999999999986,0.5333,0.3333,0.2,2.7278,1.6247,1.285,1,0,1,1.0,0,1
2025/2026_Monza_Piace_4Round,3,0.5,0.5362,0.4659,0.07030000000000003,0.499,0.5213,-0.022299999999999986,0.5333,0.3333,0.2,2.7278,1.6247,1.285,2,0,2,1.0,0,1
2025/2026_Monza_Piace_8Round,1,0.0,0.4479,0.5584,-0.11049999999999999,0.5151,0.514,0.0010999999999999899,0.4667,0.5333,-0.06659999999999999,1.9428,2.7723,-1.95,0,0,0,0.5,0,0
2025/2026_Monza_Piace_8Round,2,0.25,0.4479,0.5584,-0.11049999999999999,0.5151,0.514,0.0010999999999999899,0.4667,0.5333,-0.06659999999999999,1.9428,2.7723,-1.95,0,1,-1,0.0,0,0
2025/2026_Monza_Piace_8Round,3,0.5,0.4479,0.5584,-0.11049999999999999,0.5151,0.514,0.0010999999999999899,0.4667,0.5333,-0.06659999999999999,1.9428,2.7723,-1.95,0,2,-2,0.0,0,0
2025/2026_Monza_Trent_2Round,1,0.0,0.4762,0.5595,-0.08329999999999999,0.5265,0.496,0.03049999999999997,0.4667,0.6,-0.13329999999999997,2.7776,3.2948,-1.208,0,0,0,0.5,0,0
2025/2026_Monza_Trent_2Round,2,0.25,0.4762,0.5595,-0.08329999999999999,0.5265,0.496,0.03049999999999997,0.4667,0.6,-0.13329999999999997,2.7776,3.2948,-1.208,0,1,-1,0.0,0,0
2025/2026_Monza_Trent_2Round,3,0.5,0.4762,0.5595,-0.08329999999999999,0.5265,0.496,0.03049999999999997,0.4667,0.6,-0.13329999999999997,2.7776,3.2948,-1.208,0,2,-2,0.0,0,0
2025/2026_Monza_Trent_5Round,1,0.0,0.5618,0.4556,0.10619999999999996,0.4969,0.5172,-0.020299999999999985,0.5333,0.3333,0.2,2.8056,1.2584,1.474,0,0,0,0.5,0,1
2025/2026_Monza_Trent_5Round,2,0.25,0.5618,0.4556,0.10619999999999996,0.4969,0.5172,-0.020299999999999985,0.5333,0.3333,0.2,2.8056,1.2584,1.474,1,0,1,1.0,0,1
2025/2026_Monza_Trent_5Round,3,0.5,0.5618,0.4556,0.10619999999999996,0.4969,0.5172,-0.020299999999999985,0.5333,0.3333,0.2,2.8056,1.2584,1.474,2,0,2,1.0,0,1
2025/2026_Monza_Veron_3Round,1,0.0,0.4767,0.5412,-0.0645,0.5254,0.4743,0.05109999999999998,0.4,0.5333,-0.13329999999999997,2.3627,3.3438,-0.732,0,0,0,0.5,0,0
2025/2026_Monza_Veron_3Round,2,0.25,0.4767,0.5412,-0.0645,0.5254,0.4743,0.05109999999999998,0.4,0.5333,-0.13329999999999997,2.3627,3.3438,-0.732,0,1,-1,0.0,0,0
2025/2026_Monza_Veron_3Round,3,0.5,0.4767,0.5412,-0.0645,0.5254,0.4743,0.05109999999999998,0.4,0.5333,-0.13329999999999997,2.3627,3.3438,-0.732,0,2,-2,0.0,0,0
2025/2026_Monza_Veron_7Round,1,0.0,0.5543,0.4468,0.10750000000000004,0.4823,0.5152,-0.032899999999999985,0.5714,0.3333,0.23810000000000003,2.5613,1.944,1.397,0,0,0,0.5,0,1
2025/2026_Monza_Veron_7Round,2,0.25,0.5543,0.4468,0.10750000000000004,0.4823,0.5152,-0.032899999999999985,0.5714,0.3333,0.23810000000000003,2.5613,1.944,1.397,1,0,1,1.0,0,1
2025/2026_Monza_Veron_7Round,3,0.5,0.5543,0.4468,0.10750000000000004,0.4823,0.5152,-0.032899999999999985,0.5714,0.3333,0.23810000000000003,2.5613,1.944,1.397,2,0,2,1.0,0,1
2025/2026_Padov_Perug_3Round,1,0.0,0.6163,0.3793,0.23699999999999993,0.496,0.4801,0.01589999999999997,0.6,0.4,0.19999999999999996,3.376,1.4614,2.7,0,0,0,0.5,0,1
2025/2026_Padov_Perug_3Round,2,0.25,0.6163,0.3793,0.23699999999999993,0.496,0.4801,0.01589999999999997,0.6,0.4,0.19999999999999996,3.376,1.4614,2.7,1,0,1,1.0,0,1
2025/2026_Padov_Perug_3Round,3,0.5,0.6163,0.3793,0.23699999999999993,0.496,0.4801,0.01589999999999997,0.6,0.4,0.19999999999999996,3.376,1.4614,2.7,2,0,2,1.0,0,1
2025/2026_Padov_Perug_8Round,1,0.0,0.3854,0.6383,-0.25289999999999996,0.4751,0.5076,-0.03250000000000003,0.5333,0.6667,-0.13339999999999996,2.2116,3.6017,-2.853,0,0,0,0.5,0,0
2025/2026_Padov_Perug_8Round,2,0.25,0.3854,0.6383,-0.25289999999999996,0.4751,0.5076,-0.03250000000000003,0.5333,0.6667,-0.13339999999999996,2.2116,3.6017,-2.853,0,1,-1,0.0,0,0
2025/2026_Padov_Perug_8Round,3,0.5,0.3854,0.6383,-0.25289999999999996,0.4751,0.5076,-0.03250000000000003,0.5333,0.6667,-0.13339999999999996,2.2116,3.6017,-2.853,0,2,-2,0.0,0,1
2025/2026_Padov_Perug_8Round,4,0.75,0.3854,0.6383,-0.25289999999999996,0.4751,0.5076,-0.03250000000000003,0.5333,0.6667,-0.13339999999999996,2.2116,3.6017,-2.853,1,2,-1,1.0,0,0
2025/2026_Padov_Piace_11Round,1,0.0,0.3786,0.5732,-0.19460000000000005,0.4694,0.5218,-0.05240000000000006,0.4667,0.5333,-0.06659999999999999,1.9708,2.8821,-1.516,0,0,0,0.5,0,0
2025/2026_Padov_Piace_11Round,2,0.25,0.3786,0.5732,-0.19460000000000005,0.4694,0.5218,-0.05240000000000006,0.4667,0.5333,-0.06659999999999999,1.9708,2.8821,-1.516,0,1,-1,0.0,0,0
2025/2026_Padov_Piace_11Round,3,0.5,0.3786,0.5732,-0.19460000000000005,0.4694,0.5218,-0.05240000000000006,0.4667,0.5333,-0.06659999999999999,1.9708,2.8821,-1.516,0,2,-2,0.0,0,1
2025/2026_Padov_Piace_11Round,4,0.75,0.3786,0.5732,-0.19460000000000005,0.4694,0.5218,-0.05240000000000006,0.4667,0.5333,-0.06659999999999999,1.9708,2.8821,-1.516,1,2,-1,1.0,0,1
2025/2026_Padov_Piace_11Round,5,1.0,0.3786,0.5732,-0.19460000000000005,0.4694,0.5218,-0.05240000000000006,0.4667,0.5333,-0.06659999999999999,1.9708,2.8821,-1.516,2,2,0,1.0,1,1
2025/2026_Padov_Piace_9Round,1,0.0,0.5641,0.3737,0.19040000000000007,0.5168,0.4702,0.04660000000000003,0.6,0.4,0.19999999999999996,2.8588,1.3101,1.037,0,0,0,0.5,0,1
2025/2026_Padov_Piace_9Round,2,0.25,0.5641,0.3737,0.19040000000000007,0.5168,0.4702,0.04660000000000003,0.6,0.4,0.19999999999999996,2.8588,1.3101,1.037,1,0,1,1.0,0,1
2025/2026_Padov_Piace_9Round,3,0.5,0.5641,0.3737,0.19040000000000007,0.5168,0.4702,0.04660000000000003,0.6,0.4,0.19999999999999996,2.8588,1.3101,1.037,2,0,2,1.0,0,1
2025/2026_Padov_Trent_1Round,1,0.0,0.3976,0.5542,-0.15660000000000002,0.4879,0.4936,-0.005699999999999983,0.4667,0.6,-0.13329999999999997,3.1681,3.3958,-3.0,0,0,0,0.5,0,0
2025/2026_Padov_Trent_1Round,2,0.25,0.3976,0.5542,-0.15660000000000002,0.4879,0.4936,-0.005699999999999983,0.4667,0.6,-0.13329999999999997,3.1681,3.3958,-3.0,0,1,-1,0.0,0,0
2025/2026_Padov_Trent_1Round,3,0.5,0.3976,0.5542,-0.15660000000000002,0.4879,0.4936,-0.005699999999999983,0.4667,0.6,-0.13329999999999997,3.1681,3.3958,-3.0,0,2,-2,0.0,0,0
2025/2026_Padov_Trent_2Round,1,0.0,0.5647,0.3882,0.1765,0.4984,0.484,0.014400000000000024,0.4667,0.4,0.06669999999999998,3.2237,2.0265,3.0,0,0,0,0.5,0,1
2025/2026_Padov_Trent_2Round,2,0.25,0.5647,0.3882,0.1765,0.4984,0.484,0.014400000000000024,0.4667,0.4,0.06669999999999998,3.2237,2.0265,3.0,1,0,1,1.0,0,1
2025/2026_Padov_Trent_2Round,3,0.5,0.5647,0.3882,0.1765,0.4984,0.484,0.014400000000000024,0.4667,0.4,0.06669999999999998,3.2237,2.0265,3.0,2,0,2,1.0,0,1
2025/2026_Padov_Veron_5Round,1,0.0,0.5402,0.3736,0.16660000000000003,0.4764,0.4767,-0.00030000000000002247,0.5,0.3333,0.16670000000000001,3.463,1.5668,0.145,0,0,0,0.5,0,1
2025/2026_Padov_Veron_5Round,2,0.25,0.5402,0.3736,0.16660000000000003,0.4764,0.4767,-0.00030000000000002247,0.5,0.3333,0.16670000000000001,3.463,1.5668,0.145,1,0,1,1.0,0,1
2025/2026_Padov_Veron_5Round,3,0.5,0.5402,0.3736,0.16660000000000003,0.4764,0.4767,-0.00030000000000002247,0.5,0.3333,0.16670000000000001,3.463,1.5668,0.145,2,0,2,1.0,0,1
2025/2026_Padov_Veron_8Round,1,0.0,0.3814,0.5532,-0.1718,0.4737,0.4824,-0.008699999999999986,0.5333,0.5333,0.0,1.9243,2.0067,-0.431,0,0,0,0.5,0,0
2025/2026_Padov_Veron_8Round,2,0.25,0.3814,0.5532,-0.1718,0.4737,0.4824,-0.008699999999999986,0.5333,0.5333,0.0,1.9243,2.0067,-0.431,0,1,-1,0.0,0,1
2025/2026_Padov_Veron_8Round,3,0.5,0.3814,0.5532,-0.1718,0.4737,0.4824,-0.008699999999999986,0.5333,0.5333,0.0,1.9243,2.0067,-0.431,1,1,0,1.0,0,0
2025/2026_Padov_Veron_8Round,4,0.75,0.3814,0.5532,-0.1718,0.4737,0.4824,-0.008699999999999986,0.5333,0.5333,0.0,1.9243,2.0067,-0.431,1,2,-1,0.0,0,0
2025/2026_Perug_Piace_6Round,1,0.0,0.5616,0.6264,-0.06479999999999997,0.5106,0.5016,0.009000000000000008,0.6,0.6667,-0.06669999999999998,2.9848,3.0133,-1.763,0,0,0,0.5,0,1
2025/2026_Perug_Piace_6Round,2,0.25,0.5616,0.6264,-0.06479999999999997,0.5106,0.5016,0.009000000000000008,0.6,0.6667,-0.06669999999999998,2.9848,3.0133,-1.763,1,0,1,1.0,0,1
2025/2026_Perug_Piace_6Round,3,0.5,0.5616,0.6264,-0.06479999999999997,0.5106,0.5016,0.009000000000000008,0.6,0.6667,-0.06669999999999998,2.9848,3.0133,-1.763,2,0,2,1.0,0,0
2025/2026_Perug_Piace_6Round,4,0.75,0.5616,0.6264,-0.06479999999999997,0.5106,0.5016,0.009000000000000008,0.6,0.6667,-0.06669999999999998,2.9848,3.0133,-1.763,2,1,1,0.0,0,0
2025/2026_Perug_Piace_6Round,5,1.0,0.5616,0.6264,-0.06479999999999997,0.5106,0.5016,0.009000000000000008,0.6,0.6667,-0.06669999999999998,2.9848,3.0133,-1.763,2,2,0,0.0,1,0
2025/2026_Perug_Piace_9Round,1,0.0,0.6458,0.5696,0.07620000000000005,0.5113,0.5195,-0.008199999999999985,0.6,0.6,0.0,3.3215,2.9193,1.896,0,0,0,0.5,0,0
2025/2026_Perug_Piace_9Round,2,0.25,0.6458,0.5696,0.07620000000000005,0.5113,0.5195,-0.008199999999999985,0.6,0.6,0.0,3.3215,2.9193,1.896,0,1,-1,0.0,0,1
2025/2026_Perug_Piace_9Round,3,0.5,0.6458,0.5696,0.07620000000000005,0.5113,0.5195,-0.008199999999999985,0.6,0.6,0.0,3.3215,2.9193,1.896,1,1,0,1.0,0,1
2025/2026_Perug_Piace_9Round,4,0.75,0.6458,0.5696,0.07620000000000005,0.5113,0.5195,-0.008199999999999985,0.6,0.6,0.0,3.3215,2.9193,1.896,2,1,1,1.0,0,0
2025/2026_Perug_Piace_9Round,5,1.0,0.6458,0.5696,0.07620000000000005,0.5113,0.5195,-0.008199999999999985,0.6,0.6,0.0,3.3215,2.9193,1.896,2,2,0,0.0,1,1
2025/2026_Perug_Trent_7Round,1,0.0,0.6304,0.5761,0.054300000000000015,0.5023,0.503,-0.0007000000000000339,0.5333,0.5333,0.0,3.0251,2.968,-0.572,0,0,0,0.5,0,0
2025/2026_Perug_Trent_7Round,1,0.0,0.6304,0.5761,0.054300000000000015,0.5023,0.503,-0.0007000000000000339,0.5333,0.5333,0.0,3.0251,2.968,-0.572,0,1,-1,0.0,0,1
2025/2026_Perug_Trent_7Round,2,0.25,0.6304,0.5761,0.054300000000000015,0.5023,0.503,-0.0007000000000000339,0.5333,0.5333,0.0,3.0251,2.968,-0.572,1,1,0,1.0,0,1
2025/2026_Perug_Trent_7Round,2,0.25,0.6304,0.5761,0.054300000000000015,0.5023,0.503,-0.0007000000000000339,0.5333,0.5333,0.0,3.0251,2.968,-0.572,2,1,1,1.0,0,1
2025/2026_Perug_Trent_7Round,3,0.5,0.6304,0.5761,0.054300000000000015,0.5023,0.503,-0.0007000000000000339,0.5333,0.5333,0.0,3.0251,2.968,-0.572,3,1,2,1.0,0,0
2025/2026_Perug_Trent_7Round,3,0.5,0.6304,0.5761,0.054300000000000015,0.5023,0.503,-0.0007000000000000339,0.5333,0.5333,0.0,3.0251,2.968,-0.572,3,2,1,0.0,0,1
2025/2026_Perug_Trent_7Round,4,0.75,0.6304,0.5761,0.054300000000000015,0.5023,0.503,-0.0007000000000000339,0.5333,0.5333,0.0,3.0251,2.968,-0.572,4,2,2,1.0,0,1
2025/2026_Perug_Trent_7Round,4,0.75,0.6304,0.5761,0.054300000000000015,0.5023,0.503,-0.0007000000000000339,0.5333,0.5333,0.0,3.0251,2.968,-0.572,5,2,3,1.0,0,1
2025/2026_Perug_Veron_10Round,1,0.0,0.5714,0.6531,-0.0817,0.491,0.5141,-0.02310000000000001,0.6,0.6667,-0.06669999999999998,2.7984,3.1833,-1.59,0,0,0,0.5,0,0
2025/2026_Perug_Veron_10Round,2,0.25,0.5714,0.6531,-0.0817,0.491,0.5141,-0.02310000000000001,0.6,0.6667,-0.06669999999999998,2.7984,3.1833,-1.59,0,1,-1,0.0,0,0
2025/2026_Perug_Veron_10Round,3,0.5,0.5714,0.6531,-0.0817,0.491,0.5141,-0.02310000000000001,0.6,0.6667,-0.06669999999999998,2.7984,3.1833,-1.59,0,2,-2,0.0,0,0
2025/2026_Perug_Veron_5Round,1,0.0,0.6292,0.5455,0.0837,0.5008,0.4788,0.02200000000000002,0.6,0.5333,0.06669999999999998,3.352,3.341,2.069,0,0,0,0.5,0,0
2025/2026_Perug_Veron_5Round,2,0.25,0.6292,0.5455,0.0837,0.5008,0.4788,0.02200000000000002,0.6,0.5333,0.06669999999999998,3.352,3.341,2.069,0,1,-1,0.0,0,1
2025/2026_Perug_Veron_5Round,3,0.5,0.6292,0.5455,0.0837,0.5008,0.4788,0.02200000000000002,0.6,0.5333,0.06669999999999998,3.352,3.341,2.069,1,1,0,1.0,0,0
2025/2026_Perug_Veron_5Round,4,0.75,0.6292,0.5455,0.0837,0.5008,0.4788,0.02200000000000002,0.6,0.5333,0.06669999999999998,3.352,3.341,2.069,1,2,-1,0.0,0,1
2025/2026_Perug_Veron_5Round,5,1.0,0.6292,0.5455,0.0837,0.5008,0.4788,0.02200000000000002,0.6,0.5333,0.06669999999999998,3.352,3.341,2.069,2,2,0,1.0,1,0
2025/2026_Piace_Trent_10Round,1,0.0,0.5679,0.5918,-0.023900000000000032,0.5201,0.5095,0.010600000000000054,0.6,0.5333,0.06669999999999998,2.8067,2.9954,-1.665,0,0,0,0.5,0,0
2025/2026_Piace_Trent_10Round,2,0.25,0.5679,0.5918,-0.023900000000000032,0.5201,0.5095,0.010600000000000054,0.6,0.5333,0.06669999999999998,2.8067,2.9954,-1.665,0,1,-1,0.0,0,1
2025/2026_Piace_Trent_10Round,3,0.5,0.5679,0.5918,-0.023900000000000032,0.5201,0.5095,0.010600000000000054,0.6,0.5333,0.06669999999999998,2.8067,2.9954,-1.665,1,1,0,1.0,0,1
2025/2026_Piace_Trent_10Round,4,0.75,0.5679,0.5918,-0.023900000000000032,0.5201,0.5095,0.010600000000000054,0.6,0.5333,0.06669999999999998,2.8067,2.9954,-1.665,2,1,1,1.0,0,1
2025/2026_Piace_Trent_11Round,1,0.0,0.59,0.5663,0.023699999999999943,0.5101,0.5207,-0.010600000000000054,0.6667,0.4667,0.19999999999999996,2.6446,2.6709,1.206,0,0,0,0.5,0,0
2025/2026_Piace_Trent_11Round,2,0.25,0.59,0.5663,0.023699999999999943,0.5101,0.5207,-0.010600000000000054,0.6667,0.4667,0.19999999999999996,2.6446,2.6709,1.206,0,1,-1,0.0,0,1
2025/2026_Piace_Trent_11Round,3,0.5,0.59,0.5663,0.023699999999999943,0.5101,0.5207,-0.010600000000000054,0.6667,0.4667,0.19999999999999996,2.6446,2.6709,1.206,1,1,0,1.0,0,0
2025/2026_Piace_Trent_11Round,4,0.75,0.59,0.5663,0.023699999999999943,0.5101,0.5207,-0.010600000000000054,0.6667,0.4667,0.19999999999999996,2.6446,2.6709,1.206,1,2,-1,0.0,0,1
2025/2026_Piace_Trent_11Round,5,1.0,0.59,0.5663,0.023699999999999943,0.5101,0.5207,-0.010600000000000054,0.6667,0.4667,0.19999999999999996,2.6446,2.6709,1.206,2,2,0,1.0,1,1
2025/2026_Piace_Veron_1Round,1,0.0,0.5238,0.5366,-0.012799999999999923,0.4959,0.4719,0.02400000000000002,0.4667,0.6,-0.13329999999999997,3.5106,3.5117,0.359,0,0,0,0.5,0,0
2025/2026_Piace_Veron_1Round,1,0.0,0.5238,0.5366,-0.012799999999999923,0.4959,0.4719,0.02400000000000002,0.4667,0.6,-0.13329999999999997,3.5106,3.5117,0.359,0,1,-1,0.0,0,1
2025/2026_Piace_Veron_1Round,2,0.25,0.5238,0.5366,-0.012799999999999923,0.4959,0.4719,0.02400000000000002,0.4667,0.6,-0.13329999999999997,3.5106,3.5117,0.359,1,1,0,1.0,0,0
2025/2026_Piace_Veron_1Round,2,0.25,0.5238,0.5366,-0.012799999999999923,0.4959,0.4719,0.02400000000000002,0.4667,0.6,-0.13329999999999997,3.5106,3.5117,0.359,1,2,-1,0.0,0,1
2025/2026_Piace_Veron_1Round,3,0.5,0.5238,0.5366,-0.012799999999999923,0.4959,0.4719,0.02400000000000002,0.4667,0.6,-0.13329999999999997,3.5106,3.5117,0.359,2,2,0,1.0,0,1
2025/2026_Piace_Veron_1Round,3,0.5,0.5238,0.5366,-0.012799999999999923,0.4959,0.4719,0.02400000000000002,0.4667,0.6,-0.13329999999999997,3.5106,3.5117,0.359,3,2,1,1.0,0,0
2025/2026_Piace_Veron_1Round,4,0.75,0.5238,0.5366,-0.012799999999999923,0.4959,0.4719,0.02400000000000002,0.4667,0.6,-0.13329999999999997,3.5106,3.5117,0.359,3,3,0,0.0,0,1
2025/2026_Piace_Veron_1Round,4,0.75,0.5238,0.5366,-0.012799999999999923,0.4959,0.4719,0.02400000000000002,0.4667,0.6,-0.13329999999999997,3.5106,3.5117,0.359,4,3,1,1.0,0,1
2025/2026_Piace_Veron_1Round,5,1.0,0.5238,0.5366,-0.012799999999999923,0.4959,0.4719,0.02400000000000002,0.4667,0.6,-0.13329999999999997,3.5106,3.5117,0.359,5,3,2,1.0,1,0
2025/2026_Pinet_Porto_2Round,1,0.0,0.4571,0.4762,-0.019100000000000006,0.4599,0.525,-0.06510000000000005,0.6,0.4667,0.13329999999999997,3.4057,3.3627,0.0,0,0,0,0.5,0,0
2025/2026_Pinet_Porto_2Round,1,0.0,0.4571,0.4762,-0.019100000000000006,0.4599,0.525,-0.06510000000000005,0.6,0.4667,0.13329999999999997,3.4057,3.3627,0.0,0,1,-1,0.0,0,0
2025/2026_Pinet_Porto_2Round,2,0.25,0.4571,0.4762,-0.019100000000000006,0.4599,0.525,-0.06510000000000005,0.6,0.4667,0.13329999999999997,3.4057,3.3627,0.0,0,2,-2,0.0,0,0
2025/2026_Pinet_Porto_2Round,2,0.25,0.4571,0.4762,-0.019100000000000006,0.4599,0.525,-0.06510000000000005,0.6,0.4667,0.13329999999999997,3.4057,3.3627,0.0,0,3,-3,0.0,0,0
2025/2026_Pinet_Porto_2Round,3,0.5,0.4571,0.4762,-0.019100000000000006,0.4599,0.525,-0.06510000000000005,0.6,0.4667,0.13329999999999997,3.4057,3.3627,0.0,0,4,-4,0.0,0,0
2025/2026_Pinet_Porto_2Round,3,0.5,0.4571,0.4762,-0.019100000000000006,0.4599,0.525,-0.06510000000000005,0.6,0.4667,0.13329999999999997,3.4057,3.3627,0.0,0,5,-5,0.0,0,1
2025/2026_Pinet_Porto_2Round,4,0.75,0.4571,0.4762,-0.019100000000000006,0.4599,0.525,-0.06510000000000005,0.6,0.4667,0.13329999999999997,3.4057,3.3627,0.0,1,5,-4,1.0,0,1
2025/2026_Pinet_Porto_2Round,5,1.0,0.4571,0.4762,-0.019100000000000006,0.4599,0.525,-0.06510000000000005,0.6,0.4667,0.13329999999999997,3.4057,3.3627,0.0,2,5,-3,1.0,1,1
2025/2026_Pinet_Prata_7Round,1,0.0,0.4,0.3617,0.0383,0.4378,0.4406,-0.002799999999999969,0.6,0.4667,0.13329999999999997,2.3748,2.951,0.0,0,0,0,0.5,0,0
2025/2026_Pinet_Prata_7Round,1,0.0,0.4,0.3617,0.0383,0.4378,0.4406,-0.002799999999999969,0.6,0.4667,0.13329999999999997,2.3748,2.951,0.0,0,1,-1,0.0,0,0
2025/2026_Pinet_Prata_7Round,2,0.25,0.4,0.3617,0.0383,0.4378,0.4406,-0.002799999999999969,0.6,0.4667,0.13329999999999997,2.3748,2.951,0.0,0,2,-2,0.0,0,1
2025/2026_Pinet_Prata_7Round,2,0.25,0.4,0.3617,0.0383,0.4378,0.4406,-0.002799999999999969,0.6,0.4667,0.13329999999999997,2.3748,2.951,0.0,1,2,-1,1.0,0,1
2025/2026_Pinet_Prata_7Round,3,0.5,0.4,0.3617,0.0383,0.4378,0.4406,-0.002799999999999969,0.6,0.4667,0.13329999999999997,2.3748,2.951,0.0,2,2,0,1.0,0,0
2025/2026_Pinet_Prata_7Round,3,0.5,0.4,0.3617,0.0383,0.4378,0.4406,-0.002799999999999969,0.6,0.4667,0.13329999999999997,2.3748,2.951,0.0,2,3,-1,0.0,0,1
2025/2026_Pinet_Prata_7Round,4,0.75,0.4,0.3617,0.0383,0.4378,0.4406,-0.002799999999999969,0.6,0.4667,0.13329999999999997,2.3748,2.951,0.0,3,3,0,1.0,0,0
2025/2026_Pinet_Prata_7Round,4,0.75,0.4,0.3617,0.0383,0.4378,0.4406,-0.002799999999999969,0.6,0.4667,0.13329999999999997,2.3748,2.951,0.0,3,4,-1,0.0,0,1
2025/2026_Pinet_Prata_7Round,5,1.0,0.4,0.3617,0.0383,0.4378,0.4406,-0.002799999999999969,0.6,0.4667,0.13329999999999997,2.3748,2.951,0.0,4,4,0,1.0,1,1
2025/2026_Pinet_Prata_7Round,5,1.0,0.4,0.3617,0.0383,0.4378,0.4406,-0.002799999999999969,0.6,0.4667,0.13329999999999997,2.3748,2.951,0.0,5,4,1,1.0,1,1
2025/2026_Pinet_Raven_13Round,1,0.0,0.413,0.5217,-0.10870000000000007,0.442,0.5084,-0.06639999999999996,0.6,0.4,0.19999999999999996,3.5855,3.3245,0.0,0,0,0,0.5,0,1
2025/2026_Pinet_Raven_13Round,1,0.0,0.413,0.5217,-0.10870000000000007,0.442,0.5084,-0.06639999999999996,0.6,0.4,0.19999999999999996,3.5855,3.3245,0.0,1,0,1,1.0,0,0
2025/2026_Pinet_Raven_13Round,2,0.25,0.413,0.5217,-0.10870000000000007,0.442,0.5084,-0.06639999999999996,0.6,0.4,0.19999999999999996,3.5855,3.3245,0.0,1,1,0,0.0,0,0
2025/2026_Pinet_Raven_13Round,2,0.25,0.413,0.5217,-0.10870000000000007,0.442,0.5084,-0.06639999999999996,0.6,0.4,0.19999999999999996,3.5855,3.3245,0.0,1,2,-1,0.0,0,0
2025/2026_Pinet_Raven_13Round,3,0.5,0.413,0.5217,-0.10870000000000007,0.442,0.5084,-0.06639999999999996,0.6,0.4,0.19999999999999996,3.5855,3.3245,0.0,1,3,-2,0.0,0,1
2025/2026_Pinet_Raven_13Round,3,0.5,0.413,0.5217,-0.10870000000000007,0.442,0.5084,-0.06639999999999996,0.6,0.4,0.19999999999999996,3.5855,3.3245,0.0,2,3,-1,1.0,0,1
2025/2026_Pinet_Raven_13Round,4,0.75,0.413,0.5217,-0.10870000000000007,0.442,0.5084,-0.06639999999999996,0.6,0.4,0.19999999999999996,3.5855,3.3245,0.0,3,3,0,1.0,0,1
2025/2026_Pinet_Raven_13Round,4,0.75,0.413,0.5217,-0.10870000000000007,0.442,0.5084,-0.06639999999999996,0.6,0.4,0.19999999999999996,3.5855,3.3245,0.0,4,3,1,1.0,0,0
2025/2026_Pinet_Siena_1Round,1,0.0,0.4412,0.4545,-0.013300000000000034,0.4569,0.4792,-0.022300000000000042,0.5333,0.4,0.13329999999999997,3.2157,3.7439,0.0,0,0,0,0.5,0,1
2025/2026_Pinet_Siena_1Round,1,0.0,0.4412,0.4545,-0.013300000000000034,0.4569,0.4792,-0.022300000000000042,0.5333,0.4,0.13329999999999997,3.2157,3.7439,0.0,1,0,1,1.0,0,0
2025/2026_Pinet_Siena_1Round,2,0.25,0.4412,0.4545,-0.013300000000000034,0.4569,0.4792,-0.022300000000000042,0.5333,0.4,0.13329999999999997,3.2157,3.7439,0.0,1,1,0,0.0,0,1
2025/2026_Pinet_Siena_1Round,2,0.25,0.4412,0.4545,-0.013300000000000034,0.4569,0.4792,-0.022300000000000042,0.5333,0.4,0.13329999999999997,3.2157,3.7439,0.0,2,1,1,1.0,0,0
2025/2026_Pinet_Siena_1Round,3,0.5,0.4412,0.4545,-0.013300000000000034,0.4569,0.4792,-0.022300000000000042,0.5333,0.4,0.13329999999999997,3.2157,3.7439,0.0,2,2,0,0.0,0,1
2025/2026_Pinet_Siena_1Round,3,0.5,0.4412,0.4545,-0.013300000000000034,0.4569,0.4792,-0.022300000000000042,0.5333,0.4,0.13329999999999997,3.2157,3.7439,0.0,3,2,1,1.0,0,1
2025/2026_Pinet_Siena_1Round,4,0.75,0.4412,0.4545,-0.013300000000000034,0.4569,0.4792,-0.022300000000000042,0.5333,0.4,0.13329999999999997,3.2157,3.7439,0.0,4,2,2,1.0,0,0
2025/2026_Pinet_Sorre_12Round,1,0.0,0.4,0.5172,-0.11719999999999997,0.4394,0.5067,-0.06730000000000003,0.6,0.4667,0.13329999999999997,3.4548,3.7457,0.0,0,0,0,0.5,0,1
2025/2026_Pinet_Sorre_12Round,1,0.0,0.4,0.5172,-0.11719999999999997,0.4394,0.5067,-0.06730000000000003,0.6,0.4667,0.13329999999999997,3.4548,3.7457,0.0,1,0,1,1.0,0,0
2025/2026_Pinet_Sorre_12Round,2,0.25,0.4,0.5172,-0.11719999999999997,0.4394,0.5067,-0.06730000000000003,0.6,0.4667,0.13329999999999997,3.4548,3.7457,0.0,1,1,0,0.0,0,1
2025/2026_Pinet_Sorre_12Round,2,0.25,0.4,0.5172,-0.11719999999999997,0.4394,0.5067,-0.06730000000000003,0.6,0.4667,0.13329999999999997,3.4548,3.7457,0.0,2,1,1,1.0,0,0
2025/2026_Pinet_Sorre_12Round,3,0.5,0.4,0.5172,-0.11719999999999997,0.4394,0.5067,-0.06730000000000003,0.6,0.4667,0.13329999999999997,3.4548,3.7457,0.0,2,2,0,0.0,0,1
2025/2026_Pinet_Sorre_12Round,3,0.5,0.4,0.5172,-0.11719999999999997,0.4394,0.5067,-0.06730000000000003,0.6,0.4667,0.13329999999999997,3.4548,3.7457,0.0,3,2,1,1.0,0,1
2025/2026_Pinet_Sorre_12Round,4,0.75,0.4,0.5172,-0.11719999999999997,0.4394,0.5067,-0.06730000000000003,0.6,0.4667,0.13329999999999997,3.4548,3.7457,0.0,4,2,2,1.0,0,0
2025/2026_Pinet_Taran_11Round,1,0.0,0.3864,0.4074,-0.020999999999999963,0.4348,0.425,0.009800000000000031,0.6,0.4,0.19999999999999996,2.9392,2.5751,0.0,0,0,0,0.5,0,1
2025/2026_Pinet_Taran_11Round,1,0.0,0.3864,0.4074,-0.020999999999999963,0.4348,0.425,0.009800000000000031,0.6,0.4,0.19999999999999996,2.9392,2.5751,0.0,1,0,1,1.0,0,0
2025/2026_Pinet_Taran_11Round,2,0.25,0.3864,0.4074,-0.020999999999999963,0.4348,0.425,0.009800000000000031,0.6,0.4,0.19999999999999996,2.9392,2.5751,0.0,1,1,0,0.0,0,1
2025/2026_Pinet_Taran_11Round,2,0.25,0.3864,0.4074,-0.020999999999999963,0.4348,0.425,0.009800000000000031,0.6,0.4,0.19999999999999996,2.9392,2.5751,0.0,2,1,1,1.0,0,1
2025/2026_Pinet_Taran_11Round,3,0.5,0.3864,0.4074,-0.020999999999999963,0.4348,0.425,0.009800000000000031,0.6,0.4,0.19999999999999996,2.9392,2.5751,0.0,3,1,2,1.0,0,1
2025/2026_Pinet_Taran_11Round,3,0.5,0.3864,0.4074,-0.020999999999999963,0.4348,0.425,0.009800000000000031,0.6,0.4,0.19999999999999996,2.9392,2.5751,0.0,4,1,3,1.0,0,1
2025/2026_Pinet_Taran_11Round,4,0.75,0.3864,0.4074,-0.020999999999999963,0.4348,0.425,0.009800000000000031,0.6,0.4,0.19999999999999996,2.9392,2.5751,0.0,5,1,4,1.0,0,0
2025/2026_Pinet_Taran_11Round,5,1.0,0.3864,0.4074,-0.020999999999999963,0.4348,0.425,0.009800000000000031,0.6,0.4,0.19999999999999996,2.9392,2.5751,0.0,5,2,3,0.0,1,0
2025/2026_Porto_Prata_8Round,1,0.0,0.4792,0.3542,0.125,0.5192,0.4396,0.0796,0.6,0.4,0.19999999999999996,3.2941,3.2322,0.0,0,0,0,0.5,0,1
2025/2026_Porto_Prata_8Round,1,0.0,0.4792,0.3542,0.125,0.5192,0.4396,0.0796,0.6,0.4,0.19999999999999996,3.2941,3.2322,0.0,1,0,1,1.0,0,1
2025/2026_Porto_Prata_8Round,2,0.25,0.4792,0.3542,0.125,0.5192,0.4396,0.0796,0.6,0.4,0.19999999999999996,3.2941,3.2322,0.0,2,0,2,1.0,0,1
2025/2026_Porto_Prata_8Round,2,0.25,0.4792,0.3542,0.125,0.5192,0.4396,0.0796,0.6,0.4,0.19999999999999996,3.2941,3.2322,0.0,3,0,3,1.0,0,1
2025/2026_Porto_Prata_8Round,3,0.5,0.4792,0.3542,0.125,0.5192,0.4396,0.0796,0.6,0.4,0.19999999999999996,3.2941,3.2322,0.0,4,0,4,1.0,0,1
2025/2026_Porto_Prata_8Round,3,0.5,0.4792,0.3542,0.125,0.5192,0.4396,0.0796,0.6,0.4,0.19999999999999996,3.2941,3.2322,0.0,5,0,5,1.0,0,0
2025/2026_Porto_Prata_8Round,4,0.75,0.4792,0.3542,0.125,0.5192,0.4396,0.0796,0.6,0.4,0.19999999999999996,3.2941,3.2322,0.0,5,1,4,0.0,0,1
2025/2026_Porto_Raven_1Round,1,0.0,0.4878,0.5,-0.012199999999999989,0.5286,0.5223,0.006299999999999972,0.5333,0.4,0.13329999999999997,3.4674,3.5805,0.0,0,0,0,0.5,0,0
2025/2026_Porto_Raven_1Round,1,0.0,0.4878,0.5,-0.012199999999999989,0.5286,0.5223,0.006299999999999972,0.5333,0.4,0.13329999999999997,3.4674,3.5805,0.0,0,1,-1,0.0,0,0
2025/2026_Porto_Raven_1Round,2,0.25,0.4878,0.5,-0.012199999999999989,0.5286,0.5223,0.006299999999999972,0.5333,0.4,0.13329999999999997,3.4674,3.5805,0.0,0,2,-2,0.0,0,0
2025/2026_Porto_Raven_1Round,2,0.25,0.4878,0.5,-0.012199999999999989,0.5286,0.5223,0.006299999999999972,0.5333,0.4,0.13329999999999997,3.4674,3.5805,0.0,0,3,-3,0.0,0,0
2025/2026_Porto_Raven_1Round,3,0.5,0.4878,0.5,-0.012199999999999989,0.5286,0.5223,0.006299999999999972,0.5333,0.4,0.13329999999999997,3.4674,3.5805,0.0,0,4,-4,0.0,0,0
2025/2026_Porto_Raven_1Round,3,0.5,0.4878,0.5,-0.012199999999999989,0.5286,0.5223,0.006299999999999972,0.5333,0.4,0.13329999999999997,3.4674,3.5805,0.0,0,5,-5,0.0,0,1
2025/2026_Porto_Raven_1Round,4,0.75,0.4878,0.5,-0.012199999999999989,0.5286,0.5223,0.006299999999999972,0.5333,0.4,0.13329999999999997,3.4674,3.5805,0.0,1,5,-4,1.0,0,1
2025/2026_Porto_Raven_1Round,5,1.0,0.4878,0.5,-0.012199999999999989,0.5286,0.5223,0.006299999999999972,0.5333,0.4,0.13329999999999997,3.4674,3.5805,0.0,2,5,-3,1.0,1,1
2025/2026_Porto_Siena_11Round,1,0.0,0.5098,0.463,0.04680000000000001,0.5352,0.4748,0.06040000000000001,0.6,0.6,0.0,4.7485,3.8754,0.0,0,0,0,0.5,0,1
2025/2026_Porto_Siena_11Round,1,0.0,0.5098,0.463,0.04680000000000001,0.5352,0.4748,0.06040000000000001,0.6,0.6,0.0,4.7485,3.8754,0.0,1,0,1,1.0,0,1
2025/2026_Porto_Siena_11Round,2,0.25,0.5098,0.463,0.04680000000000001,0.5352,0.4748,0.06040000000000001,0.6,0.6,0.0,4.7485,3.8754,0.0,2,0,2,1.0,0,1
2025/2026_Porto_Siena_11Round,2,0.25,0.5098,0.463,0.04680000000000001,0.5352,0.4748,0.06040000000000001,0.6,0.6,0.0,4.7485,3.8754,0.0,3,0,3,1.0,0,1
2025/2026_Porto_Siena_11Round,3,0.5,0.5098,0.463,0.04680000000000001,0.5352,0.4748,0.06040000000000001,0.6,0.6,0.0,4.7485,3.8754,0.0,4,0,4,1.0,0,1
2025/2026_Porto_Siena_11Round,3,0.5,0.5098,0.463,0.04680000000000001,0.5352,0.4748,0.06040000000000001,0.6,0.6,0.0,4.7485,3.8754,0.0,5,0,5,1.0,0,0
2025/2026_Porto_Siena_11Round,4,0.75,0.5098,0.463,0.04680000000000001,0.5352,0.4748,0.06040000000000001,0.6,0.6,0.0,4.7485,3.8754,0.0,5,1,4,0.0,0,1
2025/2026_Porto_Sorre_5Round,1,0.0,0.4889,0.5455,-0.056599999999999984,0.5272,0.521,0.006199999999999983,0.5333,0.5333,0.0,4.2882,3.7938,0.0,0,0,0,0.5,0,1
2025/2026_Porto_Sorre_5Round,1,0.0,0.4889,0.5455,-0.056599999999999984,0.5272,0.521,0.006199999999999983,0.5333,0.5333,0.0,4.2882,3.7938,0.0,1,0,1,1.0,0,1
2025/2026_Porto_Sorre_5Round,2,0.25,0.4889,0.5455,-0.056599999999999984,0.5272,0.521,0.006199999999999983,0.5333,0.5333,0.0,4.2882,3.7938,0.0,2,0,2,1.0,0,1
2025/2026_Porto_Sorre_5Round,2,0.25,0.4889,0.5455,-0.056599999999999984,0.5272,0.521,0.006199999999999983,0.5333,0.5333,0.0,4.2882,3.7938,0.0,3,0,3,1.0,0,0
2025/2026_Porto_Sorre_5Round,3,0.5,0.4889,0.5455,-0.056599999999999984,0.5272,0.521,0.006199999999999983,0.5333,0.5333,0.0,4.2882,3.7938,0.0,3,1,2,0.0,0,0
2025/2026_Porto_Sorre_5Round,3,0.5,0.4889,0.5455,-0.056599999999999984,0.5272,0.521,0.006199999999999983,0.5333,0.5333,0.0,4.2882,3.7938,0.0,3,2,1,0.0,0,1
2025/2026_Porto_Sorre_5Round,4,0.75,0.4889,0.5455,-0.056599999999999984,0.5272,0.521,0.006199999999999983,0.5333,0.5333,0.0,4.2882,3.7938,0.0,4,2,2,1.0,0,1
2025/2026_Porto_Sorre_5Round,4,0.75,0.4889,0.5455,-0.056599999999999984,0.5272,0.521,0.006199999999999983,0.5333,0.5333,0.0,4.2882,3.7938,0.0,5,2,3,1.0,0,1
2025/2026_Porto_Taran_10Round,1,0.0,0.5,0.4231,0.07690000000000002,0.531,0.4322,0.09880000000000005,0.6,0.4,0.19999999999999996,4.4179,2.6045,0.0,0,0,0,0.5,0,1
2025/2026_Porto_Taran_10Round,1,0.0,0.5,0.4231,0.07690000000000002,0.531,0.4322,0.09880000000000005,0.6,0.4,0.19999999999999996,4.4179,2.6045,0.0,1,0,1,1.0,0,1
2025/2026_Porto_Taran_10Round,2,0.25,0.5,0.4231,0.07690000000000002,0.531,0.4322,0.09880000000000005,0.6,0.4,0.19999999999999996,4.4179,2.6045,0.0,2,0,2,1.0,0,1
2025/2026_Porto_Taran_10Round,2,0.25,0.5,0.4231,0.07690000000000002,0.531,0.4322,0.09880000000000005,0.6,0.4,0.19999999999999996,4.4179,2.6045,0.0,3,0,3,1.0,0,1
2025/2026_Porto_Taran_10Round,3,0.5,0.5,0.4231,0.07690000000000002,0.531,0.4322,0.09880000000000005,0.6,0.4,0.19999999999999996,4.4179,2.6045,0.0,4,0,4,1.0,0,1
2025/2026_Porto_Taran_10Round,3,0.5,0.5,0.4231,0.07690000000000002,0.531,0.4322,0.09880000000000005,0.6,0.4,0.19999999999999996,4.4179,2.6045,0.0,5,0,5,1.0,0,0
2025/2026_Porto_Taran_10Round,4,0.75,0.5,0.4231,0.07690000000000002,0.531,0.4322,0.09880000000000005,0.6,0.4,0.19999999999999996,4.4179,2.6045,0.0,5,1,4,0.0,0,0
2025/2026_Porto_Taran_10Round,5,1.0,0.5,0.4231,0.07690000000000002,0.531,0.4322,0.09880000000000005,0.6,0.4,0.19999999999999996,4.4179,2.6045,0.0,5,2,3,0.0,1,1
2025/2026_Prata_Raven_11Round,1,0.0,0.3529,0.5227,-0.16980000000000006,0.4379,0.5146,-0.07669999999999993,0.4667,0.4667,0.0,3.1714,3.123,0.0,0,0,0,0.5,0,1
2025/2026_Prata_Raven_11Round,1,0.0,0.3529,0.5227,-0.16980000000000006,0.4379,0.5146,-0.07669999999999993,0.4667,0.4667,0.0,3.1714,3.123,0.0,1,0,1,1.0,0,1
2025/2026_Prata_Raven_11Round,2,0.25,0.3529,0.5227,-0.16980000000000006,0.4379,0.5146,-0.07669999999999993,0.4667,0.4667,0.0,3.1714,3.123,0.0,2,0,2,1.0,0,1
2025/2026_Prata_Raven_11Round,2,0.25,0.3529,0.5227,-0.16980000000000006,0.4379,0.5146,-0.07669999999999993,0.4667,0.4667,0.0,3.1714,3.123,0.0,3,0,3,1.0,0,1
2025/2026_Prata_Raven_11Round,3,0.5,0.3529,0.5227,-0.16980000000000006,0.4379,0.5146,-0.07669999999999993,0.4667,0.4667,0.0,3.1714,3.123,0.0,4,0,4,1.0,0,1
2025/2026_Prata_Raven_11Round,3,0.5,0.3529,0.5227,-0.16980000000000006,0.4379,0.5146,-0.07669999999999993,0.4667,0.4667,0.0,3.1714,3.123,0.0,5,0,5,1.0,0,1
2025/2026_Prata_Siena_3Round,1,0.0,0.3721,0.4348,-0.06270000000000003,0.4393,0.473,-0.03369999999999995,0.4667,0.3333,0.13340000000000002,2.4863,3.1866,0.0,0,0,0,0.5,0,1
2025/2026_Prata_Siena_3Round,1,0.0,0.3721,0.4348,-0.06270000000000003,0.4393,0.473,-0.03369999999999995,0.4667,0.3333,0.13340000000000002,2.4863,3.1866,0.0,1,0,1,1.0,0,0
2025/2026_Prata_Siena_3Round,2,0.25,0.3721,0.4348,-0.06270000000000003,0.4393,0.473,-0.03369999999999995,0.4667,0.3333,0.13340000000000002,2.4863,3.1866,0.0,1,1,0,0.0,0,1
2025/2026_Prata_Siena_3Round,2,0.25,0.3721,0.4348,-0.06270000000000003,0.4393,0.473,-0.03369999999999995,0.4667,0.3333,0.13340000000000002,2.4863,3.1866,0.0,2,1,1,1.0,0,0
2025/2026_Prata_Siena_3Round,3,0.5,0.3721,0.4348,-0.06270000000000003,0.4393,0.473,-0.03369999999999995,0.4667,0.3333,0.13340000000000002,2.4863,3.1866,0.0,2,2,0,0.0,0,1
2025/2026_Prata_Siena_3Round,3,0.5,0.3721,0.4348,-0.06270000000000003,0.4393,0.473,-0.03369999999999995,0.4667,0.3333,0.13340000000000002,2.4863,3.1866,0.0,3,2,1,1.0,0,0
2025/2026_Prata_Sorre_13Round,1,0.0,0.3585,0.5,-0.14150000000000001,0.4424,0.5043,-0.061899999999999955,0.4667,0.4667,0.0,3.3982,3.5749,0.0,0,0,0,0.5,0,1
2025/2026_Prata_Sorre_13Round,1,0.0,0.3585,0.5,-0.14150000000000001,0.4424,0.5043,-0.061899999999999955,0.4667,0.4667,0.0,3.3982,3.5749,0.0,1,0,1,1.0,0,0
2025/2026_Prata_Sorre_13Round,2,0.25,0.3585,0.5,-0.14150000000000001,0.4424,0.5043,-0.061899999999999955,0.4667,0.4667,0.0,3.3982,3.5749,0.0,1,1,0,0.0,0,1
2025/2026_Prata_Sorre_13Round,2,0.25,0.3585,0.5,-0.14150000000000001,0.4424,0.5043,-0.061899999999999955,0.4667,0.4667,0.0,3.3982,3.5749,0.0,2,1,1,1.0,0,0
2025/2026_Prata_Sorre_13Round,3,0.5,0.3585,0.5,-0.14150000000000001,0.4424,0.5043,-0.061899999999999955,0.4667,0.4667,0.0,3.3982,3.5749,0.0,2,2,0,0.0,0,1
2025/2026_Prata_Sorre_13Round,3,0.5,0.3585,0.5,-0.14150000000000001,0.4424,0.5043,-0.061899999999999955,0.4667,0.4667,0.0,3.3982,3.5749,0.0,3,2,1,1.0,0,1
2025/2026_Prata_Sorre_13Round,4,0.75,0.3585,0.5,-0.14150000000000001,0.4424,0.5043,-0.061899999999999955,0.4667,0.4667,0.0,3.3982,3.5749,0.0,4,2,2,1.0,0,1
2025/2026_Prata_Sorre_13Round,5,1.0,0.3585,0.5,-0.14150000000000001,0.4424,0.5043,-0.061899999999999955,0.4667,0.4667,0.0,3.3982,3.5749,0.0,5,2,3,1.0,1,1
2025/2026_Prata_Taran_4Round,1,0.0,0.3636,0.45,-0.08640000000000003,0.4402,0.4567,-0.016500000000000015,0.4667,0.4,0.06669999999999998,2.6695,2.9444,0.0,0,0,0,0.5,0,1
2025/2026_Prata_Taran_4Round,1,0.0,0.3636,0.45,-0.08640000000000003,0.4402,0.4567,-0.016500000000000015,0.4667,0.4,0.06669999999999998,2.6695,2.9444,0.0,1,0,1,1.0,0,0
2025/2026_Prata_Taran_4Round,2,0.25,0.3636,0.45,-0.08640000000000003,0.4402,0.4567,-0.016500000000000015,0.4667,0.4,0.06669999999999998,2.6695,2.9444,0.0,1,1,0,0.0,0,0
2025/2026_Prata_Taran_4Round,2,0.25,0.3636,0.45,-0.08640000000000003,0.4402,0.4567,-0.016500000000000015,0.4667,0.4,0.06669999999999998,2.6695,2.9444,0.0,1,2,-1,0.0,0,1
2025/2026_Prata_Taran_4Round,3,0.5,0.3636,0.45,-0.08640000000000003,0.4402,0.4567,-0.016500000000000015,0.4667,0.4,0.06669999999999998,2.6695,2.9444,0.0,2,2,0,1.0,0,0
2025/2026_Prata_Taran_4Round,3,0.5,0.3636,0.45,-0.08640000000000003,0.4402,0.4567,-0.016500000000000015,0.4667,0.4,0.06669999999999998,2.6695,2.9444,0.0,2,3,-1,0.0,0,0
2025/2026_Prata_Taran_4Round,4,0.75,0.3636,0.45,-0.08640000000000003,0.4402,0.4567,-0.016500000000000015,0.4667,0.4,0.06669999999999998,2.6695,2.9444,0.0,2,4,-2,0.0,0,1
2025/2026_Raven_Siena_9Round,1,0.0,0.5476,0.4423,0.10529999999999995,0.5183,0.4714,0.0469,0.6,0.5333,0.06669999999999998,3.1382,3.8393,0.0,0,0,0,0.5,0,1
2025/2026_Raven_Siena_9Round,1,0.0,0.5476,0.4423,0.10529999999999995,0.5183,0.4714,0.0469,0.6,0.5333,0.06669999999999998,3.1382,3.8393,0.0,1,0,1,1.0,0,0
2025/2026_Raven_Siena_9Round,2,0.25,0.5476,0.4423,0.10529999999999995,0.5183,0.4714,0.0469,0.6,0.5333,0.06669999999999998,3.1382,3.8393,0.0,1,1,0,0.0,0,0
2025/2026_Raven_Siena_9Round,2,0.25,0.5476,0.4423,0.10529999999999995,0.5183,0.4714,0.0469,0.6,0.5333,0.06669999999999998,3.1382,3.8393,0.0,1,2,-1,0.0,0,1
2025/2026_Raven_Siena_9Round,3,0.5,0.5476,0.4423,0.10529999999999995,0.5183,0.4714,0.0469,0.6,0.5333,0.06669999999999998,3.1382,3.8393,0.0,2,2,0,1.0,0,0
2025/2026_Raven_Siena_9Round,3,0.5,0.5476,0.4423,0.10529999999999995,0.5183,0.4714,0.0469,0.6,0.5333,0.06669999999999998,3.1382,3.8393,0.0,2,3,-1,0.0,0,0
2025/2026_Raven_Siena_9Round,4,0.75,0.5476,0.4423,0.10529999999999995,0.5183,0.4714,0.0469,0.6,0.5333,0.06669999999999998,3.1382,3.8393,0.0,2,4,-2,0.0,0,1
2025/2026_Raven_Sorre_7Round,1,0.0,0.55,0.5417,0.008300000000000085,0.5239,0.5162,0.00770000000000004,0.5333,0.5333,0.0,3.3016,3.9075,0.0,0,0,0,0.5,0,1
2025/2026_Raven_Sorre_7Round,1,0.0,0.55,0.5417,0.008300000000000085,0.5239,0.5162,0.00770000000000004,0.5333,0.5333,0.0,3.3016,3.9075,0.0,1,0,1,1.0,0,0
2025/2026_Raven_Sorre_7Round,2,0.25,0.55,0.5417,0.008300000000000085,0.5239,0.5162,0.00770000000000004,0.5333,0.5333,0.0,3.3016,3.9075,0.0,1,1,0,0.0,0,1
2025/2026_Raven_Sorre_7Round,2,0.25,0.55,0.5417,0.008300000000000085,0.5239,0.5162,0.00770000000000004,0.5333,0.5333,0.0,3.3016,3.9075,0.0,2,1,1,1.0,0,1
2025/2026_Raven_Sorre_7Round,3,0.5,0.55,0.5417,0.008300000000000085,0.5239,0.5162,0.00770000000000004,0.5333,0.5333,0.0,3.3016,3.9075,0.0,3,1,2,1.0,0,1
2025/2026_Raven_Sorre_7Round,3,0.5,0.55,0.5417,0.008300000000000085,0.5239,0.5162,0.00770000000000004,0.5333,0.5333,0.0,3.3016,3.9075,0.0,4,1,3,1.0,0,0
2025/2026_Raven_Sorre_7Round,4,0.75,0.55,0.5417,0.008300000000000085,0.5239,0.5162,0.00770000000000004,0.5333,0.5333,0.0,3.3016,3.9075,0.0,4,2,2,0.0,0,0
2025/2026_Raven_Taran_3Round,1,0.0,0.5278,0.4737,0.05410000000000004,0.528,0.4682,0.05980000000000002,0.5333,0.4667,0.06659999999999999,4.0927,3.0528,0.0,0,0,0,0.5,0,1
2025/2026_Raven_Taran_3Round,1,0.0,0.5278,0.4737,0.05410000000000004,0.528,0.4682,0.05980000000000002,0.5333,0.4667,0.06659999999999999,4.0927,3.0528,0.0,1,0,1,1.0,0,0
2025/2026_Raven_Taran_3Round,2,0.25,0.5278,0.4737,0.05410000000000004,0.528,0.4682,0.05980000000000002,0.5333,0.4667,0.06659999999999999,4.0927,3.0528,0.0,1,1,0,0.0,0,1
2025/2026_Raven_Taran_3Round,2,0.25,0.5278,0.4737,0.05410000000000004,0.528,0.4682,0.05980000000000002,0.5333,0.4667,0.06659999999999999,4.0927,3.0528,0.0,2,1,1,1.0,0,0
2025/2026_Raven_Taran_3Round,3,0.5,0.5278,0.4737,0.05410000000000004,0.528,0.4682,0.05980000000000002,0.5333,0.4667,0.06659999999999999,4.0927,3.0528,0.0,2,2,0,0.0,0,1
2025/2026_Raven_Taran_3Round,3,0.5,0.5278,0.4737,0.05410000000000004,0.528,0.4682,0.05980000000000002,0.5333,0.4667,0.06659999999999999,4.0927,3.0528,0.0,3,2,1,1.0,0,1
2025/2026_Raven_Taran_3Round,4,0.75,0.5278,0.4737,0.05410000000000004,0.528,0.4682,0.05980000000000002,0.5333,0.4667,0.06659999999999999,4.0927,3.0528,0.0,4,2,2,1.0,0,1
2025/2026_Raven_Taran_3Round,5,1.0,0.5278,0.4737,0.05410000000000004,0.528,0.4682,0.05980000000000002,0.5333,0.4667,0.06659999999999999,4.0927,3.0528,0.0,5,2,3,1.0,1,1
2025/2026_Siena_Sorre_6Round,1,0.0,0.449,0.5217,-0.07270000000000004,0.476,0.5086,-0.03260000000000007,0.6,0.4667,0.13329999999999997,3.8453,3.4586,0.0,0,0,0,0.5,0,1
2025/2026_Siena_Sorre_6Round,1,0.0,0.449,0.5217,-0.07270000000000004,0.476,0.5086,-0.03260000000000007,0.6,0.4667,0.13329999999999997,3.8453,3.4586,0.0,1,0,1,1.0,0,1
2025/2026_Siena_Sorre_6Round,2,0.25,0.449,0.5217,-0.07270000000000004,0.476,0.5086,-0.03260000000000007,0.6,0.4667,0.13329999999999997,3.8453,3.4586,0.0,2,0,2,1.0,0,0
2025/2026_Siena_Sorre_6Round,2,0.25,0.449,0.5217,-0.07270000000000004,0.476,0.5086,-0.03260000000000007,0.6,0.4667,0.13329999999999997,3.8453,3.4586,0.0,2,1,1,0.0,0,1
2025/2026_Siena_Sorre_6Round,3,0.5,0.449,0.5217,-0.07270000000000004,0.476,0.5086,-0.03260000000000007,0.6,0.4667,0.13329999999999997,3.8453,3.4586,0.0,3,1,2,1.0,0,0
2025/2026_Siena_Sorre_6Round,3,0.5,0.449,0.5217,-0.07270000000000004,0.476,0.5086,-0.03260000000000007,0.6,0.4667,0.13329999999999997,3.8453,3.4586,0.0,3,2,1,0.0,0,0
2025/2026_Siena_Sorre_6Round,4,0.75,0.449,0.5217,-0.07270000000000004,0.476,0.5086,-0.03260000000000007,0.6,0.4667,0.13329999999999997,3.8453,3.4586,0.0,3,3,0,0.0,0,0
2025/2026_Siena_Sorre_6Round,4,0.75,0.449,0.5217,-0.07270000000000004,0.476,0.5086,-0.03260000000000007,0.6,0.4667,0.13329999999999997,3.8453,3.4586,0.0,3,4,-1,0.0,0,0
2025/2026_Siena_Sorre_6Round,5,1.0,0.449,0.5217,-0.07270000000000004,0.476,0.5086,-0.03260000000000007,0.6,0.4667,0.13329999999999997,3.8453,3.4586,0.0,3,5,-2,0.0,1,0
2025/2026_Siena_Taran_7Round,1,0.0,0.44,0.4348,0.005199999999999982,0.4726,0.447,0.02560000000000001,0.5333,0.4,0.13329999999999997,3.6229,2.9443,0.0,0,0,0,0.5,0,1
2025/2026_Siena_Taran_7Round,1,0.0,0.44,0.4348,0.005199999999999982,0.4726,0.447,0.02560000000000001,0.5333,0.4,0.13329999999999997,3.6229,2.9443,0.0,1,0,1,1.0,0,1
2025/2026_Siena_Taran_7Round,2,0.25,0.44,0.4348,0.005199999999999982,0.4726,0.447,0.02560000000000001,0.5333,0.4,0.13329999999999997,3.6229,2.9443,0.0,2,0,2,1.0,0,0
2025/2026_Siena_Taran_7Round,2,0.25,0.44,0.4348,0.005199999999999982,0.4726,0.447,0.02560000000000001,0.5333,0.4,0.13329999999999997,3.6229,2.9443,0.0,2,1,1,0.0,0,1
2025/2026_Siena_Taran_7Round,3,0.5,0.44,0.4348,0.005199999999999982,0.4726,0.447,0.02560000000000001,0.5333,0.4,0.13329999999999997,3.6229,2.9443,0.0,3,1,2,1.0,0,0
2025/2026_Siena_Taran_7Round,3,0.5,0.44,0.4348,0.005199999999999982,0.4726,0.447,0.02560000000000001,0.5333,0.4,0.13329999999999997,3.6229,2.9443,0.0,3,2,1,0.0,0,0
2025/2026_Siena_Taran_7Round,4,0.75,0.44,0.4348,0.005199999999999982,0.4726,0.447,0.02560000000000001,0.5333,0.4,0.13329999999999997,3.6229,2.9443,0.0,3,3,0,0.0,0,0
2025/2026_Siena_Taran_7Round,4,0.75,0.44,0.4348,0.005199999999999982,0.4726,0.447,0.02560000000000001,0.5333,0.4,0.13329999999999997,3.6229,2.9443,0.0,3,4,-1,0.0,0,0
2025/2026_Siena_Taran_7Round,5,1.0,0.44,0.4348,0.005199999999999982,0.4726,0.447,0.02560000000000001,0.5333,0.4,0.13329999999999997,3.6229,2.9443,0.0,3,5,-2,0.0,1,0
2025/2026_Sorre_Taran_2Round,1,0.0,0.4737,0.5,-0.02629999999999999,0.5,0.4852,0.01479999999999998,0.4286,0.5333,-0.10470000000000002,3.5094,3.377,0.0,0,0,0,0.5,0,1
2025/2026_Sorre_Taran_2Round,1,0.0,0.4737,0.5,-0.02629999999999999,0.5,0.4852,0.01479999999999998,0.4286,0.5333,-0.10470000000000002,3.5094,3.377,0.0,1,0,1,1.0,0,1
2025/2026_Sorre_Taran_2Round,2,0.25,0.4737,0.5,-0.02629999999999999,0.5,0.4852,0.01479999999999998,0.4286,0.5333,-0.10470000000000002,3.5094,3.377,0.0,2,0,2,1.0,0,1
2025/2026_Sorre_Taran_2Round,2,0.25,0.4737,0.5,-0.02629999999999999,0.5,0.4852,0.01479999999999998,0.4286,0.5333,-0.10470000000000002,3.5094,3.377,0.0,3,0,3,1.0,0,1
2025/2026_Sorre_Taran_2Round,3,0.5,0.4737,0.5,-0.02629999999999999,0.5,0.4852,0.01479999999999998,0.4286,0.5333,-0.10470000000000002,3.5094,3.377,0.0,4,0,4,1.0,0,1
2025/2026_Sorre_Taran_2Round,3,0.5,0.4737,0.5,-0.02629999999999999,0.5,0.4852,0.01479999999999998,0.4286,0.5333,-0.10470000000000002,3.5094,3.377,0.0,5,0,5,1.0,0,0
2025/2026_Sorre_Taran_2Round,4,0.75,0.4737,0.5,-0.02629999999999999,0.5,0.4852,0.01479999999999998,0.4286,0.5333,-0.10470000000000002,3.5094,3.377,0.0,5,1,4,0.0,0,1
2025/2026_Trent_Veron_4Round,1,0.0,0.5632,0.5465,0.016700000000000048,0.4977,0.4768,0.020899999999999974,0.5333,0.6,-0.06669999999999998,2.8729,3.2579,-1.566,0,0,0,0.5,0,1
2025/2026_Trent_Veron_4Round,1,0.0,0.5632,0.5465,0.016700000000000048,0.4977,0.4768,0.020899999999999974,0.5333,0.6,-0.06669999999999998,2.8729,3.2579,-1.566,1,0,1,1.0,0,0
2025/2026_Trent_Veron_4Round,2,0.25,0.5632,0.5465,0.016700000000000048,0.4977,0.4768,0.020899999999999974,0.5333,0.6,-0.06669999999999998,2.8729,3.2579,-1.566,1,1,0,0.0,0,1
2025/2026_Trent_Veron_4Round,2,0.25,0.5632,0.5465,0.016700000000000048,0.4977,0.4768,0.020899999999999974,0.5333,0.6,-0.06669999999999998,2.8729,3.2579,-1.566,2,1,1,1.0,0,1
2025/2026_Trent_Veron_4Round,3,0.5,0.5632,0.5465,0.016700000000000048,0.4977,0.4768,0.020899999999999974,0.5333,0.6,-0.06669999999999998,2.8729,3.2579,-1.566,3,1,2,1.0,0,1
2025/2026_Trent_Veron_4Round,3,0.5,0.5632,0.5465,0.016700000000000048,0.4977,0.4768,0.020899999999999974,0.5333,0.6,-0.06669999999999998,2.8729,3.2579,-1.566,4,1,3,1.0,0,0
2025/2026_Trent_Veron_4Round,4,0.75,0.5632,0.5465,0.016700000000000048,0.4977,0.4768,0.020899999999999974,0.5333,0.6,-0.06669999999999998,2.8729,3.2579,-1.566,4,2,2,0.0,0,0
2025/2026_Trent_Veron_4Round,4,0.75,0.5632,0.5465,0.016700000000000048,0.4977,0.4768,0.020899999999999974,0.5333,0.6,-0.06669999999999998,2.8729,3.2579,-1.566,4,3,1,0.0,0,1
2025/2026_Trent_Veron_4Round,5,1.0,0.5632,0.5465,0.016700000000000048,0.4977,0.4768,0.020899999999999974,0.5333,0.6,-0.06669999999999998,2.8729,3.2579,-1.566,5,3,2,1.0,1,0
